email_opens,website_visits,brochure_downloads,contact_attempts,home_age,home_size_sqft,current_heating_age,estimated_income,credit_score,heating_degree_days,electricity_rate,referral,previous_customer,homeowner,time_in_home,converted,conversion_probability,predicted_conversion,lead_priority
10,5,3,5,27,2459,23,63491,844,6285,0.2095857417644485,1,1,1,19,1,0.999977485920655,1,High
10,5,4,8,29,2744,23,63823,792,6932,0.1318347209429074,1,0,1,16,1,0.999977485920655,1,High
6,5,6,6,19,1707,24,63311,745,6861,0.2491528578218124,1,0,1,19,1,0.999977485920655,1,High
9,10,4,4,18,2771,24,67166,797,6803,0.1347979854629704,1,0,1,11,1,0.9999699165638402,1,High
6,7,4,6,46,2525,26,65611,761,4913,0.1746045118662266,1,0,1,6,1,0.9999699165638402,1,High
5,7,2,5,31,3146,20,106434,797,6282,0.2019341286509304,1,0,1,17,1,0.9999664521605837,1,High
7,8,9,4,45,2285,20,91016,772,6726,0.1274665752453427,1,0,1,9,1,0.9999664521605837,1,High
10,5,3,4,23,3815,22,70352,815,5715,0.1274032333307982,1,0,1,13,1,0.9999664521605837,1,High
13,7,6,4,37,3068,24,125229,762,6861,0.2130817733212696,1,0,1,16,1,0.9999664521605837,1,High
9,5,3,4,18,2464,25,123389,824,5808,0.2040409076561014,1,0,1,16,1,0.9999664521605837,1,High
5,6,2,9,42,2312,26,138709,790,6544,0.2419510837371,1,1,1,15,1,0.9999664521605837,1,High
8,5,2,6,31,3709,27,146732,746,4400,0.1298748373054392,1,0,1,6,1,0.9999664521605837,1,High
8,8,4,5,35,2783,20,125783,776,5546,0.1721122133332294,1,0,1,6,1,0.9999664521605837,1,High
8,8,5,4,18,3512,20,82658,825,5218,0.1985467123822295,1,0,1,18,1,0.9999664521605837,1,High
9,6,3,6,24,2708,25,142018,771,6580,0.2484906842231821,1,0,1,17,1,0.9999664521605837,1,High
14,5,5,5,46,2382,25,111084,817,5078,0.2101691172828986,1,0,1,13,1,0.9999664521605837,1,High
10,8,5,5,46,2033,20,110809,778,6893,0.1379673916969752,1,0,1,8,1,0.9999664521605837,1,High
7,8,3,4,21,3167,29,125140,813,4823,0.2079866056719061,1,0,1,18,1,0.9999664521605837,1,High
10,10,5,4,47,2054,27,96104,828,6293,0.202031845155589,1,0,1,14,1,0.9999664521605837,1,High
11,5,6,5,31,3974,24,81114,816,5120,0.1283267023913527,1,0,1,11,1,0.9999664521605837,1,High
9,8,3,9,18,1790,19,145799,770,5928,0.1762613833936573,1,0,1,8,1,0.9999664521605837,1,High
10,12,2,4,15,2936,21,98619,770,6038,0.1533660196864688,1,1,1,11,1,0.9999664521605837,1,High
9,13,4,4,45,2685,23,110607,805,4346,0.2102292252995334,1,1,1,15,1,0.9999664521605837,1,High
8,6,8,5,32,3506,23,129157,836,6456,0.1647298141381462,1,0,1,10,1,0.9999664521605837,1,High
6,5,4,4,26,2915,20,131168,782,4862,0.2075079336301892,1,0,1,10,1,0.9999664521605837,1,High
7,10,2,5,16,2234,26,96077,764,5073,0.1948125341401766,1,0,1,9,1,0.9999664521605837,1,High
11,5,4,5,45,3893,18,115052,831,6084,0.127491039618941,1,0,1,7,1,0.9999664521605837,1,High
9,5,5,5,23,2984,17,140989,828,5484,0.1904778762098016,1,0,1,8,1,0.9999664521605837,1,High
8,7,4,4,29,1802,25,89945,816,5326,0.1254658234898728,1,1,1,16,1,0.9999664521605837,1,High
9,9,4,5,48,3319,19,103420,749,6132,0.1727112914753072,1,0,1,16,1,0.9999664521605837,1,High
7,7,4,7,44,1868,26,77829,791,5744,0.191191984679423,1,0,1,11,1,0.9999664521605837,1,High
10,5,9,7,44,3546,27,66644,684,5645,0.121869587989371,1,0,1,6,1,0.999962811768103,1,High
10,9,3,6,46,2874,20,127560,785,3442,0.2042353596377031,1,0,1,8,1,0.9999608593194204,1,High
9,5,3,10,49,2547,19,138890,819,3339,0.1732377491438246,1,0,1,7,1,0.9999608593194204,1,High
8,5,5,9,18,1632,25,70547,787,4197,0.1962750985606677,1,0,1,18,1,0.9999608593194204,1,High
8,7,5,4,16,3030,21,129093,836,3923,0.138842338793202,1,0,1,18,1,0.9999608593194204,1,High
7,8,2,6,35,2466,28,106163,754,3688,0.1924496979557062,1,0,1,10,1,0.9999608593194204,1,High
7,9,3,4,36,2549,23,72651,760,4083,0.1242225718646663,1,0,1,18,1,0.9999608593194204,1,High
5,6,6,6,39,2476,17,96836,817,3871,0.1794399527452074,1,0,1,16,1,0.9999608593194204,1,High
9,5,6,4,36,3513,29,142410,774,3891,0.2008575027122036,1,1,1,10,1,0.9999608593194204,1,High
5,10,3,4,34,2635,19,83331,755,3459,0.1858691528110203,1,0,1,14,1,0.9999608593194204,1,High
9,7,2,4,44,2418,21,133251,774,4246,0.1704356233398971,1,0,1,8,1,0.9999608593194204,1,High
8,11,7,6,28,1589,25,105254,810,3537,0.1234927950258415,1,0,1,6,1,0.9999608593194204,1,High
9,7,5,5,48,3236,21,129166,776,3146,0.1636375982950777,1,0,1,13,1,0.9999608593194204,1,High
10,9,4,4,36,2669,23,90806,828,3108,0.2344712845040644,1,0,1,16,1,0.9999608593194204,1,High
5,5,7,6,17,1622,26,112479,849,3496,0.2150162270312703,1,0,1,9,1,0.9999608593194204,1,High
12,6,5,4,35,2321,19,119796,687,5989,0.1662140913573764,1,0,1,9,1,0.9999593473648466,1,High
7,8,2,9,31,3930,25,121217,697,5364,0.1892735782909959,1,0,1,6,1,0.9999593473648466,1,High
11,6,6,8,26,3213,19,142946,731,4286,0.22597668655151,1,0,1,15,1,0.9999593473648466,1,High
6,8,4,4,40,2218,24,144647,735,6450,0.1601824135309622,1,0,1,18,1,0.9999593473648466,1,High
8,5,4,6,17,2544,25,145838,700,5409,0.1639259787971498,1,0,1,12,1,0.9999593473648466,1,High
8,5,3,4,33,3305,26,144482,686,6956,0.1913637263765175,1,0,1,9,1,0.9999593473648466,1,High
7,5,2,6,23,2716,26,115305,695,6430,0.2136879266820273,1,0,1,19,1,0.9999593473648466,1,High
10,6,3,4,32,3736,23,67913,661,5151,0.1917325415438655,1,0,1,18,1,0.9999593473648466,1,High
8,9,5,4,33,2909,21,140587,695,5769,0.1466606059389897,1,0,1,16,1,0.9999593473648466,1,High
9,8,5,5,20,3675,21,98243,690,5981,0.1287328019890423,1,0,1,14,1,0.9999593473648466,1,High
11,11,5,5,20,2588,27,143187,664,5273,0.139903325623844,1,0,1,19,1,0.9999593473648466,1,High
9,6,7,5,45,3676,22,93654,734,5051,0.1984149815299067,1,0,1,19,1,0.9999593473648466,1,High
9,7,3,7,22,3635,27,101845,740,5497,0.1369811579352655,1,1,1,15,1,0.9999593473648466,1,High
7,9,4,4,39,2507,17,126982,668,6966,0.2040636067575227,1,0,1,11,1,0.9999593473648466,1,High
11,8,2,4,49,1943,24,120973,721,5283,0.2149225489303879,1,0,1,11,1,0.9999593473648466,1,High
7,8,7,5,17,1743,19,135085,721,5762,0.1572326339714738,1,0,1,17,1,0.9999593473648466,1,High
8,5,3,5,35,2244,18,73727,665,6276,0.2399019979922269,1,0,1,15,1,0.9999593473648466,1,High
7,6,3,8,21,1659,29,142924,724,5185,0.1893004719002437,1,0,1,16,1,0.9999593473648466,1,High
8,6,6,6,27,2081,17,126899,701,5292,0.2313498390872305,1,0,1,17,1,0.9999593473648466,1,High
11,7,5,4,27,3845,26,118958,667,5865,0.1871916083198512,1,0,1,17,1,0.9999593473648466,1,High
11,7,6,5,17,3990,16,85518,838,5334,0.2154238691366098,1,1,1,13,1,0.9999587834489272,1,High
7,10,2,4,39,2243,16,118314,786,6850,0.1542995896280972,1,1,1,10,1,0.9999587834489272,1,High
7,7,2,5,43,1675,15,115003,785,5948,0.1314184609516042,1,0,1,12,1,0.9999587834489272,1,High
7,3,3,4,26,2188,29,137869,820,6201,0.1691163768998376,1,0,1,5,1,0.9999586457593347,1,High
11,4,3,4,44,2766,29,117683,747,4768,0.2097605726915799,1,0,1,18,1,0.9999586457593347,1,High
5,4,5,4,26,2701,20,131468,752,6689,0.1536745687334351,1,0,1,14,1,0.9999586457593347,1,High
10,3,3,4,27,3802,21,102311,755,4397,0.1641357679453396,1,0,1,12,1,0.9999586457593347,1,High
6,4,3,4,37,2490,21,90134,755,5228,0.1744189457393828,1,0,1,18,1,0.9999586457593347,1,High
6,4,5,7,36,3411,20,117924,826,5401,0.1874819249441646,1,0,1,15,1,0.9999586457593347,1,High
12,4,3,4,37,3463,21,126520,842,6954,0.2002929465706608,1,0,1,17,1,0.9999586457593347,1,High
5,4,2,6,17,2030,19,122444,784,4896,0.2154808901637919,1,0,1,17,1,0.9999586457593347,1,High
11,4,4,6,40,2613,24,66533,719,6115,0.1252371174411398,1,0,1,7,1,0.999955005366854,1,High
11,7,2,5,20,2374,27,116683,696,3470,0.2056259761421697,1,1,1,10,1,0.9999537545236832,1,High
7,7,3,6,25,2338,25,146679,716,3175,0.1990111026102967,1,0,1,8,1,0.9999537545236832,1,High
7,6,3,5,20,1878,21,111423,672,4007,0.1388051372609069,1,1,1,14,1,0.9999537545236832,1,High
9,5,4,6,42,3039,21,140562,667,3814,0.229518173805002,1,0,1,18,1,0.9999537545236832,1,High
11,8,3,5,22,2292,28,91915,732,3554,0.1345804816125628,1,1,1,17,1,0.9999537545236832,1,High
9,5,4,7,28,2068,25,94713,740,3407,0.1234258785898411,1,0,1,8,1,0.9999537545236832,1,High
9,6,3,4,26,3992,20,84466,725,3264,0.1615107728867539,1,1,1,17,1,0.9999537545236832,1,High
8,5,5,5,32,2378,29,99040,682,3454,0.1430068318826346,1,0,1,19,1,0.9999537545236832,1,High
8,6,5,7,24,2444,24,73487,722,3983,0.2463663654208428,1,0,1,18,1,0.9999537545236832,1,High
11,5,4,5,28,1946,27,71516,710,3414,0.138459253715771,1,0,1,16,1,0.9999537545236832,1,High
6,5,4,6,28,2982,25,121240,720,3599,0.1952333212071829,1,0,1,14,1,0.9999537545236832,1,High
6,7,2,4,37,1594,15,121631,793,3521,0.1829909647220991,1,1,1,10,1,0.9999531906077638,1,High
11,9,2,6,20,3972,16,126877,807,3504,0.2301791604500623,1,0,1,19,1,0.9999531906077638,1,High
9,4,2,4,44,3926,27,143084,755,3764,0.1506621526862326,1,0,1,7,1,0.9999530529181713,1,High
7,4,2,4,23,2117,27,127967,779,3315,0.2100135546622443,1,0,1,13,1,0.9999530529181713,1,High
12,6,3,5,47,2546,26,69184,802,5192,0.2369446945256939,1,0,1,10,1,0.9999521664462979,1,High
7,11,4,8,39,2969,19,94184,801,6871,0.2307091310611388,1,0,1,9,1,0.9999521664462979,1,High
5,7,2,4,30,2105,27,106117,801,6299,0.2352804261105154,1,0,1,7,1,0.9999521664462979,1,High
5,8,4,5,24,2398,24,145786,772,4452,0.2194551910765843,1,0,1,14,1,0.9999521664462979,1,High
8,14,2,7,40,2240,21,119538,807,4437,0.2367754463840319,1,0,1,5,1,0.9999521664462979,1,High
7,12,3,5,21,1716,24,95909,808,4810,0.2210290990705667,1,0,1,9,1,0.9999521664462979,1,High
13,6,11,4,48,1954,24,136939,839,5655,0.2456205415685331,1,0,1,6,1,0.9999521664462979,1,High
10,9,4,5,43,1743,17,133474,834,6265,0.2226447432702088,1,0,1,12,1,0.9999521664462979,1,High
5,11,3,8,46,2829,28,128865,831,6371,0.2259445357740773,1,0,1,8,1,0.9999521664462979,1,High
5,6,4,5,30,3131,16,130035,695,6073,0.1508292495207452,1,0,1,9,1,0.99995167865319,1,High
10,9,4,4,40,3334,16,131315,660,6325,0.2380985729733716,1,0,1,17,1,0.99995167865319,1,High
7,4,4,5,49,3758,25,115061,715,5405,0.207165497575985,1,0,1,19,1,0.9999515409635975,1,High
9,4,3,5,41,1960,21,112861,725,4688,0.1999527155739615,1,0,1,11,1,0.9999515409635975,1,High
8,3,4,6,40,2481,20,123328,736,6810,0.12838903257397,1,0,1,15,1,0.9999515409635975,1,High
9,3,2,5,43,2898,25,129603,703,5935,0.1431891450886736,1,0,1,13,1,0.9999515409635975,1,High
8,4,2,4,46,3495,27,102281,676,4609,0.1856384886625181,1,0,1,13,1,0.9999515409635975,1,High
12,3,3,4,21,2683,15,116980,809,5295,0.1348045389999511,1,1,1,5,1,0.9999509770476781,1,High
6,4,4,5,34,1523,15,99238,835,5542,0.180093181569733,1,0,1,7,1,0.9999509770476781,1,High
5,6,3,2,24,1525,27,73146,763,6085,0.1863488028617521,1,0,1,10,1,0.9999508065610072,1,High
9,6,6,2,42,2763,26,135801,802,6148,0.2488861199025514,1,0,1,16,1,0.9999508065610072,1,High
12,5,8,2,49,3735,24,138945,780,5852,0.188934467242537,1,0,1,9,1,0.9999508065610072,1,High
14,5,4,2,18,2083,22,107632,763,5388,0.2220593420032566,1,0,1,18,1,0.9999508065610072,1,High
7,9,4,2,20,1581,29,132257,745,6216,0.1582840529504602,1,0,1,12,1,0.9999508065610072,1,High
7,9,2,2,38,1867,29,76549,752,6047,0.2398031385582655,1,0,1,8,1,0.9999508065610072,1,High
6,7,3,2,26,1761,19,145371,755,6520,0.1785604892155163,1,0,1,16,1,0.9999508065610072,1,High
9,5,5,2,38,2567,29,132445,818,4948,0.1373446719180074,1,0,1,7,1,0.9999508065610072,1,High
6,6,3,6,37,3458,26,103604,766,3361,0.2341638432844905,1,0,1,11,1,0.9999465736051346,1,High
6,4,2,4,39,2481,27,139782,696,3221,0.2072778411565834,1,1,1,13,1,0.9999459481224342,1,High
9,4,2,4,31,2877,21,125651,679,3322,0.1394643233390047,1,0,1,14,1,0.9999459481224342,1,High
12,4,6,4,20,2972,23,83225,727,3389,0.1733671632471315,1,0,1,12,1,0.9999459481224342,1,High
6,4,3,4,31,2168,28,140995,732,3217,0.1703070000594968,1,0,1,19,1,0.9999459481224342,1,High
5,4,2,6,26,2160,22,109892,697,4085,0.2389411472301385,1,1,1,18,1,0.9999459481224342,1,High
8,3,5,5,48,3189,16,126252,765,3528,0.1575961153738306,1,0,1,14,1,0.9999453842065148,1,High
13,10,2,2,37,3671,21,122125,840,3651,0.1445923422682222,1,0,1,15,1,0.999945213719844,1,High
7,5,3,2,17,3596,22,127996,827,4025,0.2242105331776643,1,0,1,19,1,0.999945213719844,1,High
8,6,3,2,18,1750,17,107303,795,4074,0.2382818450736832,1,1,1,19,1,0.999945213719844,1,High
9,11,2,2,27,2404,28,112499,741,3619,0.2066499991886995,1,1,1,18,1,0.999945213719844,1,High
8,5,5,7,27,3487,18,82061,658,6542,0.2445985463388195,1,0,1,12,1,0.9999450616505609,1,High
7,5,4,7,23,2827,29,118408,697,5220,0.2236646720124163,1,0,1,9,1,0.9999450616505609,1,High
10,8,2,4,22,1806,28,135954,677,6823,0.2303271908536382,1,0,1,9,1,0.9999450616505609,1,High
6,6,4,4,42,2551,23,129163,733,6869,0.2348264336594528,1,0,1,9,1,0.9999450616505609,1,High
12,7,4,5,37,2760,29,69840,714,4269,0.2352978741709828,1,0,1,7,1,0.9999450616505609,1,High
7,5,4,5,16,2628,29,148392,721,4696,0.2251828998568333,1,0,1,13,1,0.9999450616505609,1,High
9,6,4,5,28,1980,29,144328,734,5817,0.2418045169940381,1,0,1,6,1,0.9999450616505609,1,High
10,6,3,4,17,2282,15,115958,804,5406,0.2415233136078686,1,1,1,10,1,0.9999444977346414,1,High
11,9,6,4,20,3520,16,94296,810,6071,0.2413259336092786,1,0,1,11,1,0.9999444977346414,1,High
5,4,5,6,47,3459,16,78782,720,5512,0.1553554640111507,1,0,1,17,1,0.999943872251941,1,High
9,6,4,2,40,3399,20,105485,687,6950,0.1452507785408643,1,0,1,5,1,0.9999437017652701,1,High
13,8,4,2,32,2253,28,83723,724,4293,0.2473744595995219,1,0,1,8,1,0.9999437017652701,1,High
7,5,3,2,46,1830,24,141083,717,4468,0.1257211070002776,1,0,1,16,1,0.9999437017652701,1,High
17,6,3,2,31,2906,27,90011,689,5768,0.2305274276082584,1,0,1,6,1,0.9999437017652701,1,High
6,8,5,2,43,3779,16,121586,695,5151,0.2013787605489346,1,0,1,3,1,0.9999437017652701,1,High
8,8,2,2,25,3477,25,121005,715,4717,0.129314579850093,1,0,1,18,1,0.9999437017652701,1,High
9,9,5,2,43,1996,27,119247,695,5234,0.1684308646139994,1,0,1,18,1,0.9999437017652701,1,High
8,8,5,3,40,3753,20,143911,762,4334,0.2145415015440972,1,0,1,8,1,0.9999434636548366,1,High
5,6,4,3,22,3464,21,101457,786,4917,0.1636203224842496,1,1,1,13,1,0.9999434636548366,1,High
5,11,4,3,33,3147,29,128124,788,5024,0.2309316914053877,1,0,1,18,1,0.9999434636548366,1,High
10,8,2,3,35,3198,18,137393,804,4851,0.1611704040101765,1,0,1,12,1,0.9999434636548366,1,High
6,8,3,3,40,2244,28,136455,792,6560,0.2091438738143342,1,0,1,5,1,0.9999434636548366,1,High
6,5,4,2,46,2801,15,87716,814,6560,0.1919824930965414,1,0,1,5,1,0.9999431378493508,1,High
5,4,6,2,40,3649,17,101347,812,6680,0.2441669000110207,1,0,1,15,1,0.9999430001597582,1,High
8,3,2,2,33,3994,21,121606,797,6428,0.1994943308534958,1,0,1,16,1,0.9999430001597582,1,High
7,5,3,4,20,2283,29,128120,728,4241,0.2243703839084765,1,0,1,9,1,0.9999394688093974,1,High
8,9,4,7,18,3590,20,134979,712,3170,0.2193923622290339,1,0,1,13,1,0.9999394688093974,1,High
11,4,2,5,19,1945,16,122643,735,3132,0.1603750120216023,1,0,1,12,1,0.9999382794107777,1,High
7,8,3,2,17,1893,22,96498,663,3148,0.2278280631690163,1,0,1,8,1,0.999938108924107,1,High
7,6,4,2,28,3456,27,89134,717,3807,0.1403856516911847,1,0,1,15,1,0.999938108924107,1,High
10,7,3,3,25,3239,28,149678,834,3990,0.1445751382145791,1,0,1,8,1,0.9999378708136731,1,High
10,5,5,3,30,2208,23,145189,770,4185,0.1539092294453259,1,1,1,13,1,0.9999378708136731,1,High
9,9,5,3,34,1982,26,146113,770,3663,0.1831804482709694,1,0,1,11,1,0.9999378708136731,1,High
12,7,2,3,26,1594,24,140636,799,4046,0.1530049214249388,1,0,1,15,1,0.9999378708136731,1,High
6,7,5,3,26,2332,21,128226,764,4241,0.1857551989370028,1,0,1,16,1,0.9999378708136731,1,High
6,9,8,2,41,3795,16,117439,777,3281,0.1841590079302407,1,0,1,6,1,0.9999375450081875,1,High
8,4,2,2,39,3438,19,134860,827,3248,0.1718407576130985,1,0,1,7,1,0.999937407318595,1,High
5,3,7,7,45,3096,23,102923,738,5142,0.2290950045733,1,0,1,13,1,0.9999372552493118,1,High
11,5,3,3,32,3678,20,144579,698,6984,0.1811421262318368,1,0,1,7,1,0.9999363588590994,1,High
6,5,3,3,38,2369,24,105630,678,5404,0.1574070466316817,1,0,1,15,1,0.9999363588590994,1,High
9,7,4,3,27,2800,20,112249,658,4806,0.1994275285506289,1,1,1,10,1,0.9999363588590994,1,High
9,6,2,2,31,3391,15,123021,709,6464,0.2457431009282437,1,1,1,10,1,0.9999360330536138,1,High
10,4,5,2,31,3364,17,121040,670,6206,0.1379435891619266,1,0,1,11,1,0.9999358953640212,1,High
9,4,3,2,31,3042,24,65495,715,6075,0.1316435831611203,1,0,1,7,1,0.9999358953640212,1,High
10,8,4,3,25,3308,15,114040,743,4736,0.1336974398926113,1,0,1,12,1,0.99993579494318,1,High
13,10,6,3,22,3941,16,114979,826,6001,0.2329937723174663,1,0,1,18,1,0.99993579494318,1,High
8,6,2,3,47,3113,16,133466,772,5262,0.1776980956879684,1,1,1,16,1,0.99993579494318,1,High
8,6,3,3,44,3197,16,141029,784,4759,0.1581301194014734,1,0,1,14,1,0.99993579494318,1,High
7,6,3,3,27,3350,16,145366,741,5228,0.13678120536852,1,0,1,15,1,0.99993579494318,1,High
11,3,4,3,23,2583,18,148399,805,6195,0.2072276902100805,1,0,1,5,1,0.9999356572535875,1,High
10,4,4,3,19,3686,27,148294,829,4942,0.2306569601078167,1,1,1,15,1,0.9999356572535875,1,High
8,4,2,3,42,3913,26,111277,835,5300,0.2446025774266516,1,0,1,17,1,0.9999356572535875,1,High
8,7,3,2,16,2515,20,129513,830,6544,0.1794811397842024,1,1,1,8,1,0.9999350333122454,1,High
13,5,5,5,48,2615,15,94799,736,3233,0.2270646560556699,1,0,1,6,1,0.9999318000977411,1,High
11,4,3,5,39,3276,22,146123,723,3179,0.229221618414142,1,1,1,10,1,0.9999316624081485,1,High
9,4,3,7,36,3331,16,93546,797,3627,0.2304258661632941,1,0,1,6,1,0.9999310984922292,1,High
5,5,2,3,31,3589,17,105040,677,3806,0.1728565792138681,1,0,1,10,1,0.9999307660179361,1,High
13,7,3,3,49,2247,27,101713,698,3582,0.1610932056317671,1,0,1,19,1,0.9999307660179361,1,High
8,9,3,3,35,3669,18,136272,661,4256,0.1907221552937577,1,0,1,10,1,0.9999307660179361,1,High
8,8,4,7,45,3996,13,63488,753,5908,0.2118050052787601,1,0,1,17,1,0.999930291517299,1,High
8,7,3,4,37,3880,21,62693,825,6274,0.1276168154023176,0,1,1,17,1,0.9999297337951883,1,High
8,4,2,6,42,2222,16,130102,693,6215,0.2339587070256377,1,1,1,13,1,0.9999295865376553,1,High
12,7,2,3,39,3943,18,110726,794,4580,0.232801272729501,1,0,1,8,1,0.9999291779405507,1,High
8,6,4,3,19,3794,16,126323,728,4681,0.2351688194146652,1,0,1,15,1,0.9999286901474429,1,High
7,13,5,3,39,2323,15,124532,740,5057,0.1944567701820987,1,0,1,6,1,0.9999286901474429,1,High
9,4,6,3,32,2677,15,107367,814,5540,0.2078337283024355,1,0,1,16,1,0.999927988541931,1,High
11,4,3,3,39,3695,15,133110,778,6828,0.190969429748754,1,1,1,11,1,0.999927988541931,1,High
8,7,5,2,38,2037,13,105485,751,6140,0.1429788297831364,1,0,1,12,1,0.9999276795463397,1,High
9,7,2,5,19,1720,29,144644,835,6575,0.1611452781883378,1,1,1,8,1,0.9999266115231334,1,High
13,7,2,10,38,2139,29,63465,801,5407,0.1867185968576164,1,0,1,6,1,0.9999258063340918,1,High
12,6,6,4,46,3506,12,145314,777,5065,0.1923841641195855,1,0,1,10,1,0.9999253183632882,1,High
7,9,2,3,27,2295,16,146988,730,4137,0.1843690485118166,1,0,1,5,1,0.9999230973062797,1,High
7,5,5,3,40,2123,16,146488,700,3993,0.1378229930838483,1,0,1,7,1,0.9999230973062797,1,High
8,5,5,4,42,2206,21,66615,756,4447,0.1224545142149105,0,0,1,14,1,0.9999221644383733,1,High
10,6,3,3,29,3540,19,114567,705,4942,0.2237781156371942,1,0,1,12,1,0.9999220731448136,1,High
6,5,3,4,27,2348,28,126788,783,3978,0.2157111753173983,1,1,1,6,1,0.9999210186819701,1,High
8,9,10,5,23,1832,22,146314,784,3271,0.1728319808710846,1,1,1,8,1,0.9999210186819701,1,High
9,6,4,6,23,2078,18,125658,838,4000,0.2035446083004738,1,1,1,8,1,0.9999210186819701,1,High
6,6,3,4,19,1949,20,101819,770,3301,0.2021894704503123,1,1,1,8,1,0.9999210186819701,1,High
7,11,1,6,19,3659,23,113520,815,5312,0.1466013114326725,1,0,1,19,1,0.9999200573284264,1,High
6,8,1,4,40,2360,23,133711,759,4514,0.1658940219401216,1,0,1,12,1,0.9999200573284264,1,High
5,8,1,6,23,3428,22,113420,779,5445,0.1627694507094359,1,0,1,14,1,0.9999200573284264,1,High
7,8,1,7,21,2357,29,113788,763,6809,0.226666676981935,1,0,1,19,1,0.9999200573284264,1,High
7,6,3,5,33,3983,12,129716,752,3785,0.1573306044063642,1,0,1,8,1,0.9999197255221248,1,High
8,6,6,6,32,2822,20,136251,721,5164,0.1459966359494479,1,1,1,7,1,0.9999195067273964,1,High
8,5,4,4,49,2583,17,73269,707,6888,0.1746989562295703,1,1,1,8,1,0.9999195067273964,1,High
7,6,3,6,40,2056,13,71682,743,5815,0.1314037007517569,1,0,1,18,1,0.9999192577572277,1,High
14,11,2,6,17,3057,13,148860,820,5601,0.1852964168049086,1,0,1,6,1,0.9999192577572277,1,High
6,5,3,4,29,3378,13,123656,818,6734,0.2169432966066223,1,0,1,13,1,0.9999192577572277,1,High
9,8,5,4,30,3687,13,106900,785,4553,0.238664104053022,1,0,1,15,1,0.9999192577572277,1,High
12,8,4,5,45,1952,13,86004,764,4851,0.2038034608588254,1,0,1,9,1,0.9999192577572277,1,High
5,5,5,4,39,1857,16,77565,811,5065,0.1692376882972875,1,1,1,9,1,0.999918942811477,1,High
12,6,2,4,20,2620,19,64527,844,3379,0.2155310411455926,1,0,1,5,1,0.9999187047421743,1,High
11,6,3,4,19,1899,28,124618,766,6890,0.1758075635391237,0,1,1,15,1,0.9999187000351167,1,High
7,7,4,5,46,2779,27,122071,843,6539,0.1858801052933124,0,0,1,14,1,0.9999187000351167,1,High
15,9,7,7,22,3497,21,124450,815,4564,0.1430726385488315,0,1,1,12,1,0.9999187000351167,1,High
6,6,6,5,35,1806,24,90846,821,5752,0.2489719843137466,0,0,1,17,1,0.9999187000351167,1,High
5,8,3,7,36,3625,17,91757,797,4685,0.173125233897048,0,0,1,16,1,0.9999187000351167,1,High
6,8,6,4,20,2881,26,126758,820,4501,0.18084850985541,0,0,1,10,1,0.9999187000351167,1,High
11,4,3,5,42,3881,29,61833,690,3453,0.1718040242555013,1,1,1,6,1,0.9999171412450555,1,High
11,6,5,3,30,1598,21,116501,684,3302,0.2202782012533891,1,0,1,10,1,0.9999164803036503,1,High
7,7,5,6,28,1606,26,66533,722,5916,0.2158182572937427,0,1,1,11,1,0.9999150596426363,1,High
5,11,2,5,42,2435,28,76715,771,6826,0.1661202679386779,1,0,1,11,1,0.9999147725740204,1,High
7,5,2,6,20,2423,29,90373,807,5029,0.1268060785241538,1,1,1,16,1,0.9999147725740204,1,High
12,10,2,5,19,2948,20,89877,799,4874,0.2172132654687184,1,0,1,10,1,0.9999147725740204,1,High
9,8,2,4,25,3273,28,94262,841,4547,0.2092336046863514,1,1,1,10,1,0.9999147725740204,1,High
7,6,2,4,39,2165,18,82995,810,5317,0.1420249122721221,1,1,1,16,1,0.9999147725740204,1,High
10,6,1,4,22,3133,17,121804,830,3733,0.14963124545383,1,0,1,19,1,0.9999144644872631,1,High
6,4,2,3,29,2143,26,121407,711,5922,0.2290053282920728,1,0,1,7,1,0.9999142667435647,1,High
10,5,4,7,31,3878,13,73386,815,4212,0.1378490042530241,1,0,1,9,1,0.9999136649160643,1,High
4,5,3,7,45,2692,21,127891,834,3333,0.2236067212564557,1,0,1,18,1,0.9999135875823698,1,High
11,9,4,4,23,3272,27,110486,794,3667,0.1972519806955526,0,0,1,15,1,0.9999131071939534,1,High
7,8,5,5,27,3136,27,112236,771,3143,0.1932398862866015,0,0,1,15,1,0.9999131071939534,1,High
11,5,4,6,20,3487,27,90934,761,3854,0.2057812329594412,0,0,1,10,1,0.9999131071939534,1,High
6,6,4,4,28,3678,29,136380,773,3821,0.1975380123568498,0,0,1,15,1,0.9999131071939534,1,High
7,5,1,6,36,2945,25,99103,688,5741,0.1935323486868756,1,0,1,10,1,0.9999129525326893,1,High
8,5,1,6,18,3496,29,120156,737,5753,0.1385699679869501,1,0,1,5,1,0.9999129525326893,1,High
8,4,1,5,19,3051,16,104597,790,6451,0.195825786194183,1,0,1,8,1,0.99991238861677,1,High
8,6,1,9,26,2051,14,103601,830,5546,0.1727555719860353,1,0,1,18,1,0.99991238861677,1,High
13,9,8,5,24,3696,13,85822,709,5217,0.2437324538411195,1,0,1,17,1,0.9999121529614905,1,High
7,6,4,4,37,1930,14,107883,672,5414,0.1262365921900369,1,0,1,16,1,0.9999121529614905,1,High
6,5,5,4,33,3881,14,80827,666,6010,0.1787261318775876,1,0,1,17,1,0.9999121529614905,1,High
11,6,4,5,34,1584,22,145441,733,5583,0.1623737007140765,0,0,1,17,1,0.9999115952393797,1,High
9,7,4,7,38,1958,19,81310,670,5151,0.1608907842900599,0,0,1,16,1,0.9999115952393797,1,High
10,5,4,4,27,3756,24,147960,707,4921,0.1307070771350764,0,0,1,12,1,0.9999115952393797,1,High
11,8,4,7,36,1590,22,112418,671,5745,0.2193871529346971,0,1,1,19,1,0.9999115952393797,1,High
7,8,3,6,44,1604,26,133474,695,5870,0.142865736844426,0,0,1,15,1,0.9999115952393797,1,High
6,5,6,4,48,1609,28,148648,733,4588,0.1517902575879589,0,0,1,11,1,0.9999115952393797,1,High
10,5,3,4,30,1814,27,134628,685,6295,0.1352979466438888,0,0,1,14,1,0.9999115952393797,1,High
6,6,3,4,22,2688,21,74810,734,4372,0.2462825489084226,0,0,1,17,1,0.9999115952393797,1,High
9,9,3,6,44,3245,23,121686,709,5627,0.1523053025752955,0,0,1,9,1,0.9999115952393797,1,High
10,8,6,5,27,1755,18,114122,703,5135,0.2405243817515955,0,0,1,16,1,0.9999115952393797,1,High
10,3,4,5,28,2933,14,125063,845,6747,0.1348858055409675,1,0,1,9,1,0.9999114513559786,1,High
9,3,5,4,38,2304,14,144651,753,5773,0.2353376565349224,1,0,1,16,1,0.9999114513559786,1,High
9,4,4,5,18,3836,24,106163,831,5438,0.2021966799728931,0,0,1,12,1,0.9999108936338678,1,High
11,4,3,6,37,2252,26,71075,821,5916,0.1764143613396913,0,0,1,12,1,0.9999108936338678,1,High
7,4,3,5,36,3328,27,126299,767,4973,0.2129807909527423,0,0,1,16,1,0.9999108936338678,1,High
10,8,2,6,31,3191,17,69449,825,4077,0.2413888888924194,1,0,1,15,1,0.9999091797328571,1,High
10,4,3,5,20,2231,23,67025,795,3835,0.1665193506233993,0,1,1,13,1,0.999908765195961,1,High
8,7,2,4,31,2038,28,86378,713,6062,0.1470513379305143,1,0,1,15,1,0.9999076677782832,1,High
7,7,2,4,42,2567,28,88325,679,5369,0.142143112468083,1,0,1,13,1,0.9999076677782832,1,High
7,8,2,4,43,3691,23,77040,713,4882,0.176944375370694,1,0,1,11,1,0.9999076677782832,1,High
7,4,2,6,28,2741,29,76035,829,5838,0.1748509819951313,1,0,1,8,1,0.9999069661727714,1,High
10,4,3,5,26,2332,15,65744,758,4457,0.1831266609557217,0,0,1,13,1,0.9999066893254678,1,High
7,4,3,7,18,3232,25,69429,695,3404,0.1768846808975677,1,1,1,8,1,0.999906107484984,1,High
8,9,4,5,39,2576,28,104312,682,3798,0.1722752601342344,0,0,1,19,1,0.9999060023982164,1,High
8,6,5,4,44,2409,21,84587,666,3487,0.1664437393891367,0,0,1,13,1,0.9999060023982164,1,High
8,12,3,4,17,3462,27,68802,722,3546,0.1649967102093064,0,0,1,12,1,0.9999060023982164,1,High
8,5,3,6,49,1944,26,90027,698,5909,0.244901471693307,1,1,1,7,1,0.9999052210131105,1,High
6,7,3,6,45,2926,14,70588,836,5880,0.2260843552992689,1,0,1,8,1,0.9999049720429418,1,High
9,8,4,3,46,3432,24,84717,783,4679,0.1444417245506206,1,1,1,14,1,0.9999046287033803,1,High
17,7,3,3,36,2750,28,84561,763,6255,0.1231754947822823,1,0,1,7,1,0.9999046287033803,1,High
12,7,4,3,46,2829,29,81711,784,4867,0.216763789566821,1,0,1,15,1,0.9999046287033803,1,High
11,5,3,4,42,1732,22,71955,802,6102,0.2213542667472357,0,0,1,10,1,0.999904414320831,1,High
8,12,6,5,39,1676,24,125250,776,6420,0.2366898210845101,0,1,1,13,1,0.999904414320831,1,High
10,6,4,7,37,3705,20,136819,824,6730,0.2485390779057615,0,0,1,11,1,0.999904414320831,1,High
7,6,3,7,21,2187,25,137870,830,5666,0.2256396430814623,0,0,1,13,1,0.999904414320831,1,High
11,10,4,6,29,2730,15,84031,672,5934,0.1444039127399927,0,0,1,14,1,0.9999039265277232,1,High
9,3,4,7,29,3043,29,101876,714,5140,0.1442554051341062,0,0,1,18,1,0.9999037888381307,1,High
9,6,3,2,25,3066,18,141365,782,6492,0.1817744579375147,0,1,1,19,1,0.9999030544355405,1,High
12,8,4,3,29,3032,27,64650,742,4249,0.1851062156021992,1,0,1,14,1,0.9999025002654734,1,High
15,7,2,4,18,1924,29,94750,838,6632,0.242095666267349,1,1,1,14,1,0.9999004868597346,1,High
9,7,3,5,22,2229,22,140488,797,5555,0.1624414548764206,0,0,1,4,1,0.9999001815165982,1,High
10,6,2,4,25,3211,16,93092,713,4529,0.1575931730013376,1,0,1,18,1,0.9998999990666267,1,High
8,9,3,3,34,3198,20,72135,787,3508,0.1237956778625325,1,1,1,18,1,0.9998990358622168,1,High
19,6,3,3,31,3679,28,98723,828,3600,0.1503091494703512,1,0,1,9,1,0.9998990358622168,1,High
6,9,3,3,23,3769,19,69743,763,3775,0.2220978749845659,1,0,1,16,1,0.9998990358622168,1,High
7,9,4,3,49,1874,20,96788,771,4053,0.1780345371322056,1,1,1,14,1,0.9998990358622168,1,High
12,4,3,6,30,3333,20,87087,679,3793,0.2033292350964002,0,1,1,11,1,0.9998981959969673,1,High
7,10,3,3,19,1856,23,80129,710,5518,0.133924626990966,1,1,1,17,1,0.9998975239076431,1,High
10,6,3,3,34,3673,25,84346,733,6514,0.1844770706700563,1,0,1,16,1,0.9998975239076431,1,High
7,5,6,3,28,2539,18,92769,659,5481,0.1603401026735911,1,0,1,11,1,0.9998975239076431,1,High
11,9,4,3,49,2154,17,87039,678,4470,0.1524378414861998,1,0,1,11,1,0.9998975239076431,1,High
8,8,4,2,42,2894,27,94890,755,3135,0.1259416272030163,0,0,1,13,1,0.9998974615943772,1,High
9,3,5,3,42,2826,22,76184,767,4836,0.1425524096545744,1,0,1,17,1,0.9998968223021312,1,High
6,4,4,3,40,2665,17,85185,785,5531,0.2377737494953037,1,1,1,16,1,0.9998968223021312,1,High
8,5,8,3,34,2538,14,112357,770,5366,0.2415851211356513,1,0,1,15,1,0.9998962692514805,1,High
9,6,4,3,41,2740,13,147714,765,4863,0.2487249722114022,1,1,1,16,1,0.9998962692514805,1,High
7,11,3,3,27,3333,14,115612,772,6391,0.2239599420603628,1,0,1,15,1,0.9998962692514805,1,High
10,4,3,6,32,2084,15,71697,712,4476,0.1451299462419126,0,1,1,17,1,0.9998961201264741,1,High
9,7,4,2,49,2739,28,142215,694,5542,0.234173629887089,0,0,1,11,1,0.9998959496398033,1,High
11,7,3,3,37,2395,28,132516,757,4674,0.2296858524328741,0,0,1,18,1,0.9998957115293697,1,High
8,7,7,3,28,1875,29,115619,795,4981,0.1965841094812163,0,1,1,17,1,0.9998957115293697,1,High
10,5,4,3,28,1939,20,126186,824,6717,0.1978792963435812,0,0,1,16,1,0.9998957115293697,1,High
8,6,6,4,45,2959,27,144463,741,4172,0.208718554624752,0,0,1,5,1,0.9998945886754349,1,High
11,5,5,5,37,3717,29,128422,682,4538,0.2163626521931432,0,0,1,7,1,0.9998930767208611,1,High
5,5,7,6,35,3978,15,102926,792,4963,0.1631197327175401,0,0,1,4,1,0.9998925128049417,1,High
12,4,5,5,28,2094,25,81832,751,4872,0.1679072955189895,0,0,1,6,1,0.9998923751153492,1,High
9,6,6,3,42,1970,15,83664,783,3650,0.2195061881768203,1,1,1,16,1,0.9998913671505605,1,High
12,5,4,3,39,3102,21,110248,675,3915,0.2180028507522887,1,1,1,7,1,0.9998909253804859,1,High
11,5,3,2,40,2323,19,82912,705,3117,0.1798925822752758,0,0,1,15,1,0.99989035679864,1,High
9,8,6,3,41,2381,25,122894,771,3324,0.1363999025174161,0,0,1,12,1,0.9998901186882064,1,High
6,8,1,3,47,2249,24,125836,737,6982,0.1390999935230788,1,1,1,16,1,0.9998899640269421,1,High
9,4,3,2,49,2292,28,65474,796,3488,0.2216592571164378,0,0,1,17,1,0.9998896551931281,1,High
7,4,3,6,45,1597,19,130162,690,5585,0.2465942409267898,0,1,1,12,1,0.9998895031238448,1,High
10,8,1,3,37,3044,14,122483,771,4776,0.1426063823985333,1,0,1,19,1,0.9998894001110229,1,High
11,4,4,2,31,3718,14,100142,678,6700,0.1488470599019684,1,1,1,11,1,0.9998887009606651,1,High
6,6,3,3,34,3648,24,138929,666,5120,0.2357307608334502,0,0,1,17,1,0.9998886067336327,1,High
6,3,3,3,40,2536,26,128487,769,6965,0.1546018416270198,0,0,1,9,1,0.9998879051281208,1,High
9,11,4,4,45,2282,27,113319,719,3219,0.1444764453566518,0,0,1,8,1,0.9998874838796978,1,High
6,6,9,3,46,3581,19,74489,811,3437,0.2204013909256331,1,1,1,14,1,0.9998847501479311,1,High
7,7,7,3,21,2689,16,98057,735,3644,0.1478532064646139,1,0,1,17,1,0.9998842623548234,1,High
5,6,3,3,32,3706,14,113158,687,3462,0.1825015843333847,1,0,1,15,1,0.99988357161458,1,High
14,7,1,5,40,3686,17,135113,806,5907,0.2032284266048676,0,0,1,18,1,0.9998830985111086,1,High
16,6,1,4,32,2412,18,122734,840,6228,0.194499185607201,0,1,1,18,1,0.9998830985111086,1,High
6,7,5,3,26,1833,29,146426,677,3465,0.2148488644005945,0,0,1,11,1,0.9998830138924693,1,High
6,7,1,3,33,3216,25,138671,833,5245,0.2397777623509374,1,0,1,13,1,0.9998827831083936,1,High
8,8,4,3,20,1898,15,96036,784,5082,0.2210512909658703,1,0,1,7,1,0.999882674277438,1,High
11,11,2,3,20,2127,14,102232,847,5896,0.2385375443256539,1,0,1,5,1,0.9998819835371947,1,High
8,5,3,6,17,2365,19,93368,774,3961,0.2353083190380315,0,0,1,8,1,0.9998803029611493,1,High
13,4,1,7,37,3396,26,105017,789,6537,0.1859612744771655,1,1,1,8,1,0.9998802166909762,1,High
6,6,1,4,42,2475,26,125725,839,5734,0.2003901812133013,1,1,1,5,1,0.9998802166909762,1,High
6,6,3,4,19,2261,14,129110,750,6654,0.2174479273456991,1,1,1,8,1,0.9998794171197773,1,High
5,12,2,5,44,3721,20,133058,803,4782,0.1345278904835561,1,0,1,6,1,0.9998791159160422,1,High
6,11,5,5,28,3331,22,132559,835,4538,0.1315527618999393,1,0,1,17,1,0.9998791159160422,1,High
6,5,2,4,40,1838,21,106096,761,5756,0.1294880464416315,1,0,1,8,1,0.9998791159160422,1,High
5,8,4,6,34,2808,28,115113,754,4941,0.1431572376095709,1,0,1,14,1,0.9998791159160422,1,High
7,7,3,4,35,2757,26,131609,754,5367,0.1786579907261915,0,1,1,9,1,0.9998788593976665,1,High
13,8,1,3,21,3182,19,147440,842,4004,0.2361589002363568,1,0,1,11,1,0.9998771902672303,1,High
7,4,5,3,23,2510,16,122580,659,3861,0.1495195311684396,1,1,1,6,1,0.9998754502675804,1,High
9,7,1,8,19,2964,15,114034,751,5515,0.1668982155163793,0,0,1,17,1,0.9998754297994522,1,High
7,7,5,3,43,2116,15,145435,725,3502,0.1714870820666106,0,0,1,14,1,0.9998753451808128,1,High
6,9,1,3,17,1929,15,104722,790,5790,0.2482029836468803,1,0,1,11,1,0.9998751143967372,1,High
8,10,3,3,30,2760,29,119754,676,4576,0.2495981984166161,0,0,1,14,1,0.9998743210193468,1,High
5,8,6,5,23,3825,20,94161,759,3211,0.1407277403069697,1,0,1,6,1,0.9998735230748789,1,High
5,5,2,7,40,2017,23,140373,707,4360,0.133627360437924,1,0,1,8,1,0.999872011120305,1,High
5,6,3,6,38,2499,17,132847,709,5915,0.1379892131304493,1,0,1,7,1,0.999872011120305,1,High
11,10,2,5,43,3194,13,65334,824,6658,0.1622012141171978,1,0,1,17,1,0.9998710425739208,1,High
6,5,3,2,41,3041,26,62590,830,5821,0.1424361532264053,1,0,1,6,1,0.9998710396732807,1,High
12,4,3,3,22,1722,19,77748,710,3923,0.245814032076591,1,0,1,6,1,0.999869838950945,1,High
11,10,1,6,34,1836,15,105536,778,3910,0.1459356909408491,0,0,1,15,1,0.9998698369582888,1,High
9,5,1,8,31,2137,20,100503,743,6966,0.2410479281950409,0,0,1,9,1,0.9998688127968229,1,High
11,6,1,6,19,1805,20,95677,816,6384,0.13690090418026,1,1,1,17,1,0.9998683777418631,1,High
10,4,1,5,20,1915,20,92121,799,6337,0.1564711130274034,1,0,1,11,1,0.9998683777418631,1,High
10,5,2,5,42,1915,14,68446,792,6823,0.1401314846302467,1,0,1,14,1,0.9998675781706643,1,High
5,5,1,7,36,3777,20,143230,804,5212,0.2363128336182297,1,1,1,6,1,0.9998659309766904,1,High
5,6,3,8,23,1801,14,71004,820,3256,0.1976048372899186,0,0,1,11,1,0.9998659127905973,1,High
8,6,1,4,32,3264,27,87933,739,4398,0.151689125026787,1,0,1,17,1,0.999861272946126,1,High
5,8,2,4,44,2183,22,144044,827,6303,0.1588011663965328,0,0,1,18,1,0.9998595466143004,1,High
11,7,2,7,21,1808,23,135952,820,5787,0.2072422283375857,0,0,1,11,1,0.9998595466143004,1,High
8,9,2,5,17,2197,20,116848,759,5436,0.156742282349777,0,0,1,11,1,0.9998595466143004,1,High
7,8,2,4,38,2983,21,146415,749,5146,0.1791248693987457,0,1,1,12,1,0.9998595466143004,1,High
12,8,1,4,47,3344,16,126904,828,6496,0.1840211809421905,0,0,1,6,1,0.9998569112809337,1,High
6,8,3,3,31,2170,17,81091,782,4646,0.2322668320521162,0,1,1,16,1,0.9998568765779134,1,High
8,7,4,3,30,3365,28,73503,809,5111,0.1589295041114531,0,1,1,10,1,0.9998568765779134,1,High
15,11,4,3,24,3136,21,79710,820,4751,0.2250503067062579,0,0,1,18,1,0.9998568765779134,1,High
6,9,5,3,19,2710,15,108866,811,4986,0.2186889332698712,0,0,1,7,1,0.9998552385849091,1,High
10,5,2,5,43,3075,23,75040,749,4238,0.2369743533285137,1,1,1,7,1,0.999855053381121,1,High
15,7,1,3,49,2010,27,103919,768,3882,0.1960664379488825,0,0,1,11,1,0.9998545171641982,1,High
4,7,2,6,18,3339,27,75704,775,4356,0.236587552781303,1,1,1,13,1,0.9998532151226841,1,High
10,6,3,6,35,1891,15,99384,765,4399,0.2000134945145454,0,1,1,7,1,0.9998526721674915,1,High
11,6,2,6,48,1754,25,131899,681,6983,0.1803380963086504,0,0,1,12,1,0.9998524418185633,1,High
10,7,6,3,37,2164,24,86708,758,4054,0.2432100456641792,0,0,1,15,1,0.9998512837367501,1,High
8,2,7,4,42,2944,23,101170,804,4777,0.2011254792197827,1,0,1,17,1,0.9998510700017589,1,High
10,7,3,3,23,3217,26,79456,693,5786,0.2179854291556406,0,0,1,14,1,0.9998497717821764,1,High
6,4,5,3,48,2479,29,135265,714,6859,0.242742667255736,0,0,1,8,1,0.9998479960995793,1,High
12,8,3,4,30,2652,24,102870,670,3669,0.2025072655230124,0,1,1,7,1,0.9998476432422475,1,High
13,11,2,3,46,3325,18,73394,784,4070,0.1372340224348675,1,0,1,8,1,0.9998473562756536,1,High
12,8,2,3,33,1802,27,80243,795,3779,0.1976180627225753,1,0,1,16,1,0.9998473562756536,1,High
5,8,2,4,34,3053,17,119056,725,3912,0.1810226620116832,0,0,1,14,1,0.9998468489774001,1,High
9,5,4,4,26,2055,13,122820,706,4592,0.2148253922177529,1,0,1,5,1,0.9998459277959276,1,High
9,7,2,3,34,2984,24,77600,717,5327,0.1451606385211444,1,0,1,17,1,0.9998458443210798,1,High
10,10,5,2,41,3209,29,90707,848,5434,0.2235837176223236,0,1,1,5,1,0.9998446952795718,1,High
11,6,2,2,49,1762,29,92117,774,6238,0.2141871906818203,0,0,1,16,1,0.9998439010147241,1,High
9,10,2,6,47,2229,19,113075,794,6588,0.1491397686032164,0,0,1,7,1,0.9998410280957819,1,High
7,6,2,6,32,1861,29,123026,818,4892,0.1775181028456288,0,0,1,8,1,0.9998410280957819,1,High
5,5,4,4,21,3560,26,80056,837,6861,0.1293960031845129,1,1,1,7,1,0.999839275278592,1,High
9,6,1,3,24,3840,27,138711,718,5103,0.2206422950029807,0,0,1,11,1,0.9998387194953386,1,High
7,6,4,3,38,3226,29,86393,786,5555,0.1789644652499727,0,0,1,5,1,0.9998383580593949,1,High
6,4,4,4,42,1887,13,105814,719,5489,0.2098746094336016,1,0,1,5,1,0.9998381213946785,1,High
8,7,2,2,24,2347,22,122751,694,5876,0.1708890552032812,0,0,1,14,1,0.999836796218987,1,High
7,5,2,3,22,3482,20,101574,835,5004,0.1512091962633836,0,0,1,14,1,0.9998365581085534,1,High
8,5,2,3,42,3483,17,114478,821,4789,0.1507052665778519,0,0,1,15,1,0.9998365581085534,1,High
6,5,2,4,19,2449,27,126909,820,3956,0.1525667515113059,0,0,1,7,1,0.9998354352546187,1,High
6,5,5,3,25,1921,19,94409,774,3546,0.1598148253105999,0,0,1,8,1,0.9998327652182316,1,High
5,7,7,5,46,2662,14,134804,824,6181,0.1424584513765413,1,1,1,10,1,0.9998319215126861,1,High
5,6,1,4,49,3658,16,140758,725,6229,0.1470701351190678,0,1,1,9,1,0.9998284843662648,1,High
9,7,1,4,22,3827,20,95552,823,3803,0.2372584522581103,0,0,1,18,1,0.9998258260833819,1,High
11,6,4,3,29,1550,25,75162,732,3817,0.166700048280824,0,0,1,7,1,0.9998256604224944,1,High
6,5,8,4,44,2091,18,149826,665,4447,0.1306613963570644,0,0,1,13,1,0.9998242589948382,1,High
8,5,3,3,27,2983,24,87226,815,5208,0.2453848082323123,0,0,1,7,1,0.9998240723451092,1,High
15,4,2,3,46,3048,25,135418,762,4256,0.2021357585121669,0,0,1,15,1,0.999823158866141,1,High
9,5,2,4,21,3763,28,127799,820,4158,0.2480746596580605,0,0,1,8,1,0.999821149540333,1,High
5,6,2,4,41,1701,26,87655,732,5306,0.1396926746938945,1,0,1,18,1,0.9998203315337417,1,High
7,11,4,3,27,2102,19,87209,849,3447,0.2470652554196248,0,0,1,4,1,0.9998184795039458,1,High
7,7,3,3,22,1767,13,99208,799,6710,0.1307053207747069,1,1,1,7,1,0.999817593662574,1,High
4,4,3,8,18,3988,25,121086,737,4542,0.1241413791286738,1,1,1,14,1,0.9998169329820056,1,High
5,4,4,7,30,2681,25,72366,725,4892,0.1311834000052931,0,0,1,19,1,0.9998164525935891,1,High
14,4,2,3,21,1591,23,135205,674,4000,0.2440649737110291,0,0,1,19,1,0.9998160540704039,1,High
5,10,5,2,24,1953,28,96288,836,6277,0.1411790936194878,0,0,1,19,1,0.999815718190999,1,High
13,9,2,9,17,3357,17,77443,780,6304,0.1980328942813556,0,0,1,14,1,0.9998078670277372,1,High
7,7,2,4,44,3606,17,85223,772,5483,0.16086093423421,0,0,1,18,1,0.9998078670277372,1,High
10,8,4,10,44,2074,14,136610,705,5855,0.1885611568314201,0,1,1,8,1,0.9998060416800548,1,High
10,5,2,3,41,1696,28,72093,818,5039,0.2403462340089404,1,1,1,8,1,0.9997988227650809,1,High
9,4,3,3,18,3241,23,105047,691,6231,0.2080288418527912,0,0,1,5,1,0.9997960566483022,1,High
13,4,2,4,18,3428,13,124930,772,4317,0.2190519107708513,0,0,1,11,1,0.9997902600954097,1,High
11,6,2,6,34,3489,22,84604,755,4655,0.1333924952774867,0,0,1,8,1,0.9997893485092186,1,High
4,6,6,6,35,3562,29,128582,697,6558,0.1348578671587913,1,1,1,6,1,0.9997848987458043,1,High
7,8,2,5,39,2500,21,143238,665,6259,0.1712703229664132,1,1,1,15,1,0.9997839087683553,1,High
7,6,2,6,28,2506,17,97879,675,3397,0.1491843333842619,1,0,1,15,1,0.999778315927192,1,High
9,9,2,7,31,1915,24,148444,661,3838,0.2108381225547304,1,0,1,17,1,0.999778315927192,1,High
9,7,2,5,43,3628,27,81305,735,3743,0.2137825737399141,0,0,1,4,1,0.9997766508723182,1,High
13,5,2,2,33,1626,24,137518,673,5198,0.1932232596973388,1,0,1,19,1,0.9997682631687789,1,High
10,7,2,2,22,2950,27,149217,671,5939,0.174014537919789,1,0,1,5,1,0.9997682631687789,1,High
11,14,2,7,38,1548,26,90837,731,6334,0.2390122183730629,0,0,1,4,1,0.9997679579991957,1,High
7,5,1,5,43,3538,14,80802,812,6321,0.1453270761178411,0,1,1,5,1,0.9997653910569201,1,High
7,9,2,3,42,1946,24,121756,817,4835,0.2219563759440939,1,0,1,3,1,0.9997604824358407,1,High
9,5,2,5,24,1991,13,110684,785,4977,0.1760356439775385,1,0,1,3,1,0.9997582309641738,1,High
7,11,2,4,37,3883,19,66167,766,4465,0.2369134793753075,0,1,1,9,1,0.9997572050792577,1,High
5,4,2,3,21,1613,21,118117,784,5219,0.2435811810051411,0,1,1,6,1,0.9997561068370499,1,High
7,4,2,7,20,3062,14,91995,760,4800,0.149993729279044,0,0,1,18,1,0.9997528662231321,1,High
9,7,2,6,28,2942,21,94245,837,4593,0.2098994492600069,0,1,1,7,1,0.9997495078717684,1,High
6,9,2,3,27,2948,23,126097,706,6320,0.1322805953319703,0,0,1,11,1,0.9997421170682748,1,High
9,11,2,6,47,2841,15,92518,672,3557,0.2123360036753586,1,0,1,18,1,0.9997189676289722,1,High
3,6,2,7,46,2391,21,116478,839,3695,0.1904167306503791,1,0,1,15,1,0.9997133512000549,1,High
12,7,2,6,37,2984,26,117235,662,3446,0.1985513253326228,1,0,1,5,1,0.999712090761629,1,High
8,8,2,3,33,2581,16,92217,766,4853,0.2286774156665867,1,0,1,3,1,0.999669967897821,1,High
9,3,2,5,22,2720,20,135348,677,5349,0.1974648728969713,1,0,1,19,1,0.9996658266778832,1,High
16,3,4,7,27,2482,24,129843,682,5657,0.178387842559161,1,0,1,13,1,0.9996658266778832,1,High
7,8,2,4,43,2570,14,103734,656,3695,0.1954684600181978,1,0,1,5,1,0.999664896358273,1,High
9,7,1,6,20,2893,23,65634,816,6682,0.1861396839076586,1,0,1,12,1,0.9996635088117864,1,High
5,6,1,4,43,3621,21,70934,755,6772,0.2074852022472931,1,0,1,6,1,0.9996600444085298,1,High
10,6,2,5,36,1676,28,127169,847,4517,0.1795790833987253,1,0,1,4,1,0.9995742952978385,1,High
17,8,4,12,37,2149,28,87554,748,6390,0.1517884360896499,1,0,1,4,1,0.9995742952978385,1,High
6,4,5,8,42,3016,29,98886,843,5364,0.1594853015815109,1,0,1,4,1,0.9995664888965895,1,High
7,11,2,5,39,3441,25,109504,750,6188,0.2231215876601604,1,0,1,4,1,0.9995600095835527,1,High
10,5,2,2,35,2707,27,82486,847,4394,0.1536324231640324,1,0,1,4,1,0.9995586496982621,1,High
9,4,5,5,44,2124,16,66393,784,3720,0.1584238060033143,1,0,1,4,1,0.9995566917470262,1,High
8,8,2,3,35,3475,20,146593,836,4798,0.1633378189551531,1,0,1,4,1,0.9995513067920914,1,High
13,5,4,3,20,2825,17,100655,840,6930,0.1815205386104151,1,0,1,4,1,0.9995513067920914,1,High
12,3,3,8,31,3992,25,87033,811,6673,0.2150567257309143,0,1,1,4,1,0.9995405232634974,1,High
7,4,5,2,47,2793,15,104484,673,6003,0.1371222395768261,1,0,1,4,1,0.9995360697896196,1,High
8,9,2,6,23,3314,21,110258,774,6246,0.1745803306992213,1,1,1,4,1,0.9995344546603883,1,High
7,7,1,5,16,2586,19,94642,752,3667,0.197648014645951,1,0,1,4,1,0.9995223076245179,1,High
9,8,5,5,16,2376,22,140366,812,4581,0.2074861525108861,0,0,1,10,1,0.9995112144079902,1,High
7,7,5,3,37,2377,15,128595,745,6627,0.1704635301359383,1,1,1,4,1,0.9995037974429846,1,High
11,4,4,9,46,2044,19,116553,675,6625,0.1766197116444916,1,0,1,4,1,0.9994931589352894,1,High
6,6,6,8,36,3127,20,87394,770,5124,0.1375797250353468,1,0,1,4,1,0.999486959053297,1,High
11,6,5,8,32,2423,21,141993,690,5878,0.2389601922362121,1,0,1,4,1,0.9994866796222527,1,High
7,5,4,6,16,1863,26,112184,697,6162,0.2094947750116115,0,0,1,7,1,0.9994855910937345,1,High
7,5,1,5,35,3727,18,97301,788,4725,0.2481664177198282,1,1,1,4,1,0.9994737741139452,1,High
10,6,1,4,16,2289,20,79806,765,3631,0.2271335361011788,0,0,1,17,1,0.9994700200428187,1,High
12,4,1,7,30,2321,25,74716,829,5946,0.2438636785881682,1,0,1,4,1,0.9994619351648322,1,High
5,6,2,5,16,3928,27,68187,834,3302,0.149187734567827,0,0,1,7,1,0.999427949627492,1,High
9,5,4,6,35,3616,12,117398,734,4880,0.1521020301409389,1,0,1,16,1,0.9993299782734334,1,High
8,4,2,4,17,3048,22,78260,734,5950,0.1385202092513241,1,0,1,13,1,0.9993116260829166,1,High
7,5,3,3,42,3142,12,133633,730,4380,0.2094268239122798,1,0,1,9,1,0.9993069897676863,1,High
8,9,2,6,17,3491,23,83648,691,4011,0.2237847444691627,1,0,1,13,1,0.9992995539287165,1,High
5,5,2,9,18,1556,20,137424,672,6827,0.2419638097657862,0,1,1,17,1,0.9992642065244456,1,High
13,7,1,4,34,2130,13,76830,768,6735,0.2016674776710652,1,0,1,18,1,0.9992357090302068,1,High
12,9,2,8,18,2732,20,107083,675,5910,0.1584206174502757,1,0,1,16,1,0.9991956734742377,1,High
11,10,2,1,23,2863,24,112703,715,6615,0.1543910172093854,1,0,1,3,1,0.9990959818121138,1,High
10,6,2,1,21,2356,16,134279,817,3042,0.2173485871665732,1,0,1,19,1,0.9990954178961945,1,High
12,6,4,6,32,1818,12,73336,823,3142,0.1510960053520129,1,0,1,13,1,0.9990863921887915,1,High
6,8,4,6,41,2511,12,88032,831,3455,0.2410633996124278,1,1,1,11,1,0.9990721064745058,1,High
7,8,4,2,18,3064,14,117824,807,5275,0.1227986140080354,1,0,1,8,1,0.9990702788243179,1,High
8,6,2,1,31,2754,23,64632,794,6596,0.1971670189620263,1,0,1,15,1,0.998966100306481,1,High
10,7,6,1,41,2547,28,123576,823,6647,0.2228448353661871,1,0,1,7,1,0.998966100306481,1,High
7,5,4,1,38,3237,25,110374,800,6242,0.1263215713125861,1,0,1,9,1,0.998966100306481,1,High
12,8,2,1,22,1584,20,144690,747,4574,0.1347790475648803,1,0,1,9,1,0.998966100306481,1,High
8,8,6,1,44,3716,25,75993,792,5635,0.2143450416171992,1,0,1,9,1,0.998966100306481,1,High
5,6,4,6,29,3425,23,143194,838,4939,0.1550674494972086,0,0,1,3,1,0.9989622552426574,1,High
9,6,2,1,28,3807,26,92036,697,5425,0.1959230226581257,1,0,1,11,1,0.998958995510744,1,High
14,5,3,1,44,3228,23,85456,720,3751,0.2463503535672402,1,0,1,18,1,0.998958995510744,1,High
7,5,3,1,44,2618,25,128524,686,4416,0.1770835781629057,1,0,1,19,1,0.998958995510744,1,High
8,9,4,1,27,1999,17,139265,690,4937,0.1631422693563369,1,0,1,19,1,0.998958995510744,1,High
7,9,4,1,44,2139,27,85517,711,4770,0.147460138091481,1,1,1,18,1,0.998958995510744,1,High
8,5,2,4,35,1975,23,136064,826,3020,0.1223120683641228,0,0,1,12,1,0.9989483272673028,1,High
6,6,2,5,43,3248,12,65362,811,4195,0.2360192095591664,0,0,1,19,1,0.9989312714592016,1,High
8,6,2,1,39,2049,25,113639,740,5357,0.1816208145732978,1,1,1,5,1,0.9989191548732937,1,High
4,10,3,4,34,2923,29,92857,753,6777,0.1575670095122441,1,0,1,10,1,0.9988846976649124,1,High
7,6,4,4,23,3471,13,118847,769,6249,0.1391688912046033,0,1,1,3,1,0.9988828889135075,1,High
9,2,3,5,26,3026,17,101911,765,6336,0.2170801578005257,1,0,1,6,1,0.9988391652398542,1,High
12,9,6,6,19,3201,14,149854,719,6891,0.201245257222118,0,1,1,3,1,0.9988095589522075,1,High
4,5,1,4,32,3186,24,143710,786,5928,0.1601429638740774,1,0,1,16,1,0.998808069312422,1,High
6,9,2,4,16,1770,14,71586,705,5878,0.1846788110835688,0,0,1,8,1,0.9987910079754445,1,High
13,4,5,6,47,1660,18,63199,800,3443,0.1594563162341545,0,0,1,15,1,0.998666334552776,1,High
12,4,4,3,20,1957,21,145930,659,6160,0.2489312143295851,1,0,1,13,1,0.9986642667435646,1,High
11,6,2,3,16,1531,19,134039,783,4752,0.2048780537075817,1,0,1,13,1,0.9986331188272503,1,High
9,6,1,5,15,2315,27,77854,756,6287,0.1659090570459116,1,1,1,13,1,0.9985807716141407,1,High
11,5,2,1,27,2697,18,111489,707,6917,0.2037215805702784,1,0,1,4,1,0.9985668386479988,1,High
10,10,0,4,26,3990,19,79703,791,5449,0.2213890512837033,1,0,1,14,1,0.9985619035621114,1,High
6,8,1,7,28,2761,29,110734,672,4759,0.231048176422778,1,0,1,4,1,0.9985385970263825,1,High
7,3,5,4,31,1710,15,138743,816,3951,0.2304587625179894,1,0,1,13,1,0.9985025270636578,1,High
12,6,1,2,19,2824,17,145211,846,6504,0.1843912941014081,1,1,1,10,1,0.998499907688967,1,High
3,5,2,7,39,2635,25,149272,775,3495,0.2372522255773895,1,1,1,10,1,0.9984250928830296,1,High
8,3,2,5,34,3767,24,113719,741,6035,0.2098387832136914,1,0,1,12,1,0.9984201842208731,1,High
7,9,3,4,32,2334,18,85277,787,5995,0.2174384591450282,1,1,1,3,1,0.9983293445898519,1,High
10,8,3,4,28,2003,18,107064,733,3129,0.1323839960341014,1,0,1,4,1,0.998311597660938,1,High
9,4,2,2,20,1566,27,67645,712,3813,0.1513341259274694,1,1,1,16,1,0.9982636358561912,1,High
5,8,2,4,32,3827,19,144085,702,6527,0.1516586840569397,1,0,1,4,1,0.9982509653365385,1,High
7,10,3,6,25,3780,12,143227,770,6838,0.2296409140227792,1,0,1,14,1,0.9982443659823358,1,High
12,9,3,4,16,2753,19,115673,805,5468,0.2197403412406989,0,0,1,5,1,0.9982284101751859,1,High
12,7,3,7,27,2114,19,88395,838,4441,0.2085270649501186,1,0,1,3,1,0.9981310899892069,1,High
7,6,6,5,47,1926,12,125254,760,6728,0.1471042817440538,0,0,1,4,1,0.9981166234768786,1,High
13,4,2,1,42,1966,24,103744,718,6191,0.1979060773170669,1,0,1,15,1,0.998072919561377,1,High
7,6,3,8,48,3369,18,134916,685,4353,0.1998796603765371,1,0,1,3,1,0.9980577600279068,1,High
11,6,1,5,49,3937,21,63044,839,6288,0.1670896873120258,0,1,1,10,1,0.9979674526846167,1,High
7,7,0,6,35,2311,15,120172,771,5249,0.2001743602763008,1,0,1,16,1,0.9979071416573495,1,High
7,6,4,2,49,2158,23,112815,772,6626,0.2324884486581586,0,0,1,4,1,0.997884535917022,1,High
9,8,1,3,23,1859,24,121281,732,3333,0.247580405782031,1,0,1,19,1,0.9978843711857789,1,High
8,7,4,2,24,3905,23,103835,709,5524,0.165233611986029,0,0,1,4,1,0.9978774311212848,1,High
7,10,5,3,27,3463,19,149716,697,6676,0.1225651724368926,0,1,1,5,1,0.9978337119809203,1,High
11,6,2,2,23,2266,25,112018,788,5125,0.2319829336020435,0,0,1,4,1,0.9978253824962056,1,High
8,11,1,2,24,3858,17,128207,772,5545,0.1753150583371062,1,0,1,12,1,0.9977545660740603,1,High
8,3,5,4,40,2808,27,97397,660,3808,0.1483794291534404,1,0,1,13,1,0.99766023383672,1,High
7,7,4,3,39,1571,13,74184,781,5315,0.1906805266017684,0,0,1,6,1,0.9975689414338166,1,High
8,4,1,3,23,2191,26,86273,669,6789,0.22635016201706,1,0,1,16,1,0.9974691902966382,1,High
10,6,2,9,29,3333,12,121291,818,4398,0.1479003967071299,1,0,1,9,1,0.9974253183632881,1,High
5,9,4,2,25,3704,13,132723,682,6911,0.1658498456220655,1,0,1,7,1,0.9974205747506025,1,High
10,9,1,2,29,3165,18,102932,822,6687,0.1521652935620554,0,0,1,12,1,0.9973915203002206,1,High
8,5,6,4,45,3561,12,108632,722,6320,0.1975250446745808,0,0,1,19,1,0.9972822261479665,1,High
12,9,1,1,48,3843,22,133788,827,6010,0.1479947695797318,1,0,1,18,1,0.9972771061963458,1,High
4,4,1,5,26,2032,16,109094,841,6651,0.2346720872373692,1,0,1,11,1,0.9971776219819748,1,High
5,5,1,6,17,1841,17,65249,821,5817,0.1671827553399789,1,0,1,10,1,0.9971635088117864,1,High
10,5,5,2,17,3029,17,74436,756,3856,0.1450272128855974,1,0,1,5,1,0.9970880708627011,1,High
11,5,4,5,17,2725,19,63685,735,4677,0.1280184385129024,0,0,1,17,1,0.9970654861423083,1,High
10,7,5,5,39,2541,28,64174,708,4434,0.1256459031667635,0,1,1,15,1,0.997063977391554,1,High
5,8,3,3,23,3826,24,99814,808,4083,0.1791183905181038,1,0,1,6,1,0.9970418930050741,1,High
6,8,2,2,19,3029,15,138414,666,5667,0.1602521353003699,1,0,1,3,1,0.9970409904415063,1,High
5,6,6,3,34,1902,14,86990,715,4437,0.2034121481475561,1,0,1,12,1,0.9969931866471441,1,High
7,5,6,3,23,1578,13,99832,662,3225,0.2123548359516135,1,0,1,12,1,0.9969875938059809,1,High
6,5,6,5,35,3642,15,127015,836,5431,0.1714648635265504,0,0,1,3,1,0.9969622552426572,1,High
7,3,1,6,30,3109,22,88415,661,5939,0.2112531360155748,1,0,1,19,1,0.996959585182413,1,High
8,3,3,6,18,3185,24,138777,821,3824,0.2150033436989188,1,0,1,9,1,0.9969530529181712,1,High
15,5,5,2,46,1994,21,66866,778,3702,0.1217607621101722,1,0,1,12,1,0.9969452137198441,1,High
8,5,2,5,36,2156,12,140632,824,6159,0.209851674871498,1,1,1,4,1,0.9969175632873352,1,High
7,5,2,8,42,1606,29,101057,761,6553,0.1523567900751149,0,0,1,3,1,0.996903101821841,1,High
5,6,5,1,45,2375,21,100957,799,5621,0.123605680330126,1,1,1,13,1,0.9968946370778126,1,High
12,9,5,6,29,1517,18,67749,768,6722,0.1345861776795335,1,0,1,5,1,0.9968895290836606,1,High
5,6,6,4,40,3400,21,72602,690,3104,0.1497302732220474,1,0,1,15,1,0.9966204211903498,1,High
9,5,5,4,33,2595,21,140746,745,6468,0.1562027192855625,0,0,1,12,1,0.9965853667017835,1,High
6,4,5,4,37,3225,26,60947,672,4128,0.2077746240165111,1,0,1,15,1,0.9965284104539343,1,High
7,4,6,5,33,3372,13,107697,835,5214,0.2473857419212567,0,0,1,13,1,0.9965160801828926,1,High
16,10,4,5,27,3011,22,95927,736,4054,0.1759569408464924,0,1,1,5,1,0.9965143099089143,1,High
7,5,4,3,33,3877,16,133301,746,6854,0.1543730028272736,0,1,1,8,1,0.996496350328411,1,High
10,7,2,8,33,3944,20,85426,758,4354,0.1688373927446244,0,0,1,17,1,0.9964745336944039,1,High
6,10,2,8,16,3601,23,97752,749,6006,0.1342006623458374,0,0,1,7,1,0.996450278622304,1,High
8,8,4,4,44,1764,12,137175,701,5136,0.2271895250513141,0,0,1,16,1,0.9964488928146332,1,High
9,6,3,5,20,3205,13,83557,697,4637,0.1834194136521111,1,0,1,3,1,0.9964381477561206,1,High
8,10,2,7,30,3338,26,116088,685,3714,0.1694096861618367,0,0,1,4,1,0.9964287719599852,1,High
8,8,4,3,24,2643,19,62953,791,4837,0.2187996305830259,1,0,1,3,1,0.996333226866262,1,High
6,6,3,6,33,2888,24,81882,809,3099,0.2186854824259538,1,0,1,4,1,0.996221083409056,1,High
9,5,4,3,28,3520,20,70719,781,6073,0.1898563326204753,1,0,1,3,1,0.9961645046272415,1,High
13,4,1,3,44,2253,22,142607,680,3746,0.2051802229949247,1,0,1,15,1,0.9961255405649229,1,High
6,6,1,3,16,3913,15,82416,761,6652,0.17913916996435,0,0,1,19,1,0.9960957758875358,1,High
10,5,5,4,15,3684,19,112203,837,6089,0.2370571427477788,1,1,1,15,1,0.9959920931862247,1,High
4,5,1,4,40,2928,15,130592,781,4347,0.1794939300843602,0,0,1,15,1,0.9959627481257661,1,High
5,6,2,4,44,1544,13,124140,820,3829,0.2468842508180265,1,0,1,17,1,0.9959136649160643,1,High
8,7,1,7,28,1538,16,99601,811,6402,0.2009088710915126,1,0,1,14,1,0.99591238861677,1,High
5,7,3,4,42,1586,14,104700,658,6848,0.2117083528018238,1,0,1,8,1,0.9959121529614905,1,High
8,5,4,3,33,2896,12,68095,834,6987,0.212721089762626,1,0,1,7,1,0.9958634949060848,1,High
6,8,2,2,17,2242,21,77144,773,6952,0.2000295928038477,1,0,1,10,1,0.9958482424584432,1,High
12,9,5,1,27,3946,14,123107,696,6505,0.1220462794451733,1,0,1,11,1,0.9958459818121139,1,High
9,6,5,2,19,1925,29,108123,815,4499,0.1859330308999149,1,0,1,3,1,0.9957841398943406,1,High
4,4,5,6,47,2085,26,81446,685,6469,0.2337772745782433,1,0,1,16,1,0.9957376025598803,1,High
3,6,3,6,28,3007,20,118897,775,4868,0.1818539913950267,0,0,1,7,1,0.995677481282298,1,High
9,7,2,6,31,1581,12,113326,799,6944,0.1268452487286404,0,0,1,12,1,0.9956517461503384,1,High
12,10,1,4,15,2135,13,106809,760,6533,0.140136699113646,1,1,1,13,1,0.9956404105947921,1,High
3,5,4,4,36,1659,29,79462,831,5917,0.1271536028164077,1,0,1,16,1,0.9956095377351969,1,High
7,6,3,7,32,2128,18,104874,691,3394,0.1709023832759129,1,0,1,3,1,0.9955521671867434,1,High
10,7,4,2,27,3473,29,104617,695,3053,0.1935027485973389,0,0,1,10,1,0.9954141663224495,1,High
5,3,8,6,41,3621,16,148060,717,3238,0.1300134705282601,1,1,1,17,1,0.9954064987217918,1,High
4,7,4,3,46,3071,25,126736,755,3313,0.2423457056293775,1,0,1,11,1,0.9953308588168823,1,High
8,8,1,3,21,3220,23,74953,782,4643,0.1449935294008519,1,1,1,4,1,0.9952569097256407,1,High
9,7,1,5,22,3503,17,62545,827,5159,0.2055058202683714,1,0,1,12,1,0.995087744835268,1,High
10,3,2,5,26,3498,23,87690,828,4133,0.2399410093867839,0,0,1,11,1,0.9950764783673356,1,High
7,5,1,5,37,3846,15,128148,689,3443,0.1290307138235873,1,0,1,12,1,0.9950108020909806,1,High
9,9,1,3,43,2680,22,139133,802,3335,0.1480551698655625,1,0,1,7,1,0.9948914759815161,1,High
11,6,1,4,21,1870,28,84556,671,3721,0.1803541940008778,0,1,1,6,1,0.9945729600822487,1,High
9,3,6,4,49,3758,26,145358,714,5213,0.1587223833392614,0,0,1,8,1,0.9944492433835852,1,High
8,5,2,3,39,3644,26,94831,693,4977,0.1209454650002212,0,0,1,6,1,0.9943905513262012,1,High
3,8,4,4,22,2848,29,114437,772,4162,0.1407213350202822,1,1,1,12,1,0.9943432247511613,1,High
9,3,3,3,33,2903,18,93872,842,3548,0.1659613510465638,1,0,1,18,1,0.9943356739054123,1,High
11,3,3,6,48,1804,23,113343,715,5568,0.1209538912790074,0,1,1,17,1,0.994312015146149,1,High
4,9,2,5,24,2011,25,83148,834,4826,0.1228406790370112,1,1,1,17,1,0.994244450306714,1,High
6,6,3,2,30,1835,15,129778,771,3080,0.2429507132110999,0,1,1,3,1,0.9940698716691776,1,High
5,4,4,3,17,1655,20,95837,821,3498,0.234555773807283,0,0,1,7,1,0.9939773397693635,1,High
12,8,1,3,18,1692,26,143000,746,3197,0.2118865278513187,1,0,1,15,1,0.9939620835348822,1,High
4,7,2,7,17,2704,14,98593,841,4602,0.2158648182208598,1,0,1,10,1,0.9936134209655998,1,High
11,9,2,3,33,2682,20,100403,814,3154,0.2479414447328179,0,0,1,3,1,0.9935498899330587,1,High
9,6,4,4,28,1588,29,83063,812,3285,0.1220952495834093,0,0,1,3,1,0.9935368629027471,1,High
4,8,4,6,38,3149,12,128398,747,5558,0.1336375702254104,1,0,1,12,1,0.9935126648076382,1,High
8,4,1,3,30,3765,27,122752,750,5070,0.1262476601456144,1,1,1,12,1,0.9933508503352845,1,High
8,5,2,5,29,2530,18,63762,656,4675,0.1343877472852423,1,1,1,3,1,0.9932119043988034,1,High
8,5,3,6,42,1527,20,111137,674,3057,0.1208403665126623,1,0,1,8,1,0.993040552260273,1,High
12,6,1,2,29,2577,25,72029,761,6757,0.2256995312770438,1,0,1,5,1,0.9930058600699193,1,High
6,3,1,4,26,1961,27,132649,810,4490,0.2349190315094131,0,0,1,16,1,0.9929942096222196,1,High
9,7,0,4,30,3654,14,101575,847,6166,0.186506240001916,1,0,1,7,1,0.9928476178478257,1,High
5,8,4,5,40,2230,12,122507,701,6224,0.1838784424001428,1,1,1,15,1,0.9927823592258143,1,High
8,9,1,2,30,2444,29,99794,703,6150,0.1537318344443364,1,0,1,11,1,0.992778517178944,1,High
6,4,2,3,38,3703,16,62208,779,4508,0.125077303246137,1,1,1,5,1,0.9927213308819912,1,High
8,9,1,5,41,1539,15,122433,673,5583,0.205104589292574,0,1,1,15,1,0.9926809229542876,1,High
8,2,6,6,33,2417,20,88398,839,5603,0.1324599002690281,1,0,1,6,1,0.9926724985731874,1,High
9,6,1,6,15,3066,27,87025,771,3272,0.1609017581615758,1,1,1,5,1,0.9926227978205965,1,High
9,6,2,7,25,1726,28,67081,710,4922,0.213206997138304,1,0,1,3,1,0.9925267571330728,1,High
4,4,7,3,31,3325,18,131633,662,3644,0.1570458745458419,1,0,1,18,1,0.9925185450224936,1,High
2,8,5,5,42,2687,27,106993,826,5285,0.2433565843946065,1,0,1,17,1,0.9925069793506788,1,High
6,5,5,4,24,3391,26,94407,664,3781,0.1995742450751115,0,1,1,5,1,0.9922814180766847,1,High
5,5,1,4,36,2536,28,67432,737,6533,0.1361648912675133,0,0,1,16,1,0.992238492817779,1,High
8,4,4,3,45,3840,12,129592,712,3567,0.1296324271490758,1,1,1,6,1,0.9921466070306808,1,High
7,5,2,2,21,3183,17,95915,806,6651,0.1978548744441378,1,0,1,7,1,0.9920387186489193,1,High
5,9,2,3,35,3595,26,64934,814,4750,0.1460968433920388,1,0,1,11,1,0.9919992706629306,1,High
13,7,4,5,27,1807,12,121295,707,4191,0.1953440167446729,1,0,1,4,1,0.9918205488585073,1,High
5,8,3,5,15,2603,16,116929,821,6160,0.1909939436303743,1,0,1,6,1,0.9918177578079016,1,High
8,7,1,3,29,2998,18,142542,849,6037,0.1248334955423644,1,0,1,13,1,0.991674846600457,1,High
4,9,5,5,35,3508,12,141254,702,6471,0.1332470032359131,1,0,1,9,1,0.9916673247177834,1,High
10,4,3,2,24,1760,21,62219,779,5060,0.2089943012243783,0,0,1,11,1,0.9915694840577731,1,High
7,6,2,5,44,2130,15,60877,808,4278,0.1240563234385085,1,0,1,16,1,0.991489566193864,1,High
6,5,3,1,26,2011,15,109543,736,6444,0.211735775461807,0,0,1,7,1,0.9914165207724153,1,High
10,7,3,3,32,3217,12,147228,752,5946,0.1904288415923319,0,0,1,10,1,0.9913839894967801,1,High
8,3,1,6,42,2613,29,145620,759,3888,0.171559344467202,1,0,1,7,1,0.991352193424992,1,High
11,5,3,1,40,3213,19,89107,746,4711,0.1543809477458759,0,1,1,12,1,0.9913128264969575,1,High
10,7,4,1,23,1894,23,106157,833,4435,0.2083963223116189,0,0,1,17,1,0.9913128264969575,1,High
11,6,4,3,47,1900,12,73028,743,3493,0.2463285240584796,0,1,1,8,1,0.9911898860215811,1,High
16,3,2,4,42,1716,18,130461,759,3284,0.1450538665468496,0,0,1,12,1,0.9910582685840094,1,High
9,9,2,1,24,1818,13,137859,767,3254,0.2108868240752466,1,0,1,4,1,0.9910252007625633,1,High
5,5,2,4,49,3919,17,64474,672,6814,0.2183379119277791,1,0,1,4,1,0.9910190864485152,1,High
8,6,2,5,28,2082,12,124732,701,6038,0.1715956211015751,1,0,1,4,1,0.9909928083663374,1,High
9,5,2,6,16,2576,20,67236,689,4719,0.1342372739525066,1,1,1,7,1,0.9906680691698685,1,High
7,6,1,6,28,3460,20,92811,705,4501,0.1265669653361316,0,0,1,15,1,0.990602091906586,1,High
10,9,1,3,44,3397,22,148284,666,4177,0.133253831445436,1,0,1,15,1,0.9904906199300022,1,High
8,5,2,6,32,2328,12,80543,725,3218,0.1419948979630411,1,0,1,8,1,0.9904631820361829,1,High
7,6,2,1,38,3100,27,111337,662,6811,0.1630181158001434,1,1,1,5,1,0.9904103829434693,1,High
8,7,4,3,15,2911,26,101971,842,3563,0.1253083608958982,1,1,1,9,1,0.9903674527260138,1,High
8,4,2,2,19,3141,17,120666,663,5757,0.124561389458119,1,0,1,14,1,0.9903160123230854,1,High
9,5,4,6,38,2216,12,90084,673,3226,0.1572524131388665,0,0,1,12,1,0.9902290142591842,1,High
4,11,4,6,45,2439,29,89052,712,3127,0.2129981701567843,0,0,1,9,1,0.9902105414520009,1,High
5,7,1,2,43,3906,23,100300,806,5924,0.2355500191723185,1,0,1,17,1,0.9901732343622937,1,High
9,3,3,6,35,1918,16,89448,667,5268,0.1568471470491874,1,1,1,12,1,0.9900748246328933,1,High
10,7,2,2,32,2456,20,98467,682,3397,0.1623019607607048,1,0,1,9,1,0.9900279677174316,1,High
10,9,5,4,15,1681,25,136023,757,6953,0.1944579237022611,0,0,1,11,1,0.9899416173383934,1,High
7,6,1,3,49,1970,15,98377,791,4012,0.228395210153472,1,0,1,4,1,0.9898930751959177,1,High
6,6,2,4,44,3330,23,69496,777,6300,0.1408093125440944,1,0,1,3,1,0.9898373122533402,1,High
7,2,2,6,18,2667,16,98698,763,5904,0.2313538655436868,1,0,1,19,1,0.9897640362107373,1,High
3,6,5,6,32,2032,18,98095,800,4500,0.1588054407711163,1,1,1,15,1,0.9897189440412181,1,High
13,7,5,2,28,3053,15,114079,745,3027,0.1913768821814969,0,0,1,3,1,0.9896930456399611,1,High
5,7,4,1,30,1769,26,81686,792,6922,0.1704528355947404,0,1,1,19,1,0.9896461598302908,1,High
4,5,2,3,40,1722,29,78344,843,3792,0.1260363752127656,0,1,1,6,1,0.989645114654327,1,High
11,11,2,2,19,3488,20,68168,747,3390,0.2310442444532752,1,1,1,14,1,0.9896118803865106,1,High
11,11,3,1,22,3997,21,68757,793,5179,0.182738920477004,0,0,1,15,1,0.9895481206146046,1,High
6,6,3,1,30,3469,21,142811,768,6079,0.2460885659939451,0,0,1,8,1,0.9895296020960861,1,High
12,4,4,7,34,3144,20,139526,653,3242,0.1849946689554225,1,0,1,15,1,0.9895031994247186,1,High
4,8,2,6,29,2321,13,110724,746,3870,0.1937630315894576,0,0,1,19,1,0.9894587939750491,1,High
8,5,3,1,38,1567,19,118086,707,6598,0.1255260955530416,0,0,1,5,1,0.9892872031827017,1,High
10,5,3,8,15,1864,15,80102,782,6095,0.1241450233771169,0,0,1,5,1,0.9891516938444819,1,High
8,11,3,1,39,3296,19,87912,664,4507,0.1975301043924198,1,0,1,17,1,0.9891018526536013,1,High
7,6,1,5,33,1578,16,122188,681,4720,0.1519092127393749,1,0,1,10,1,0.9890035960573198,1,High
10,8,2,3,15,3760,29,116532,830,5385,0.1284001683797312,0,0,1,19,1,0.988977702012815,1,High
7,9,3,1,42,2131,20,93089,828,3573,0.2360069405013603,1,0,1,12,1,0.988966100306481,1,High
11,2,3,6,40,1607,16,101384,840,5965,0.1592829750836454,1,0,1,13,1,0.9887557389524401,1,High
7,9,0,4,30,2118,27,76664,715,6377,0.1541981477944173,1,0,1,11,1,0.9887152224654304,1,High
9,8,2,0,29,1581,19,144958,798,6585,0.1210660922255939,1,0,1,3,1,0.9887083333333332,1,High
12,4,3,1,28,3257,19,86098,790,6007,0.2350643375840549,0,0,1,16,1,0.9886620446652374,1,High
5,7,2,3,36,3327,17,134678,812,3024,0.2117652603696348,0,0,1,14,1,0.9886573725765561,1,High
4,5,3,5,22,2451,28,143144,719,3032,0.1426794853203795,0,1,1,15,1,0.988557438430325,1,High
4,9,2,5,35,3151,13,147142,656,5409,0.2283088895021153,1,0,1,8,1,0.9884447303872241,1,High
7,2,4,6,44,2197,24,115361,828,3778,0.1790958557247772,1,0,1,10,1,0.9884417293424183,1,High
8,5,1,7,46,2649,28,62039,769,6857,0.1823397378555934,1,0,1,18,1,0.9884210781686014,1,High
8,5,6,3,18,1901,12,68255,789,5933,0.1778456653755615,1,0,1,6,1,0.9884111139537037,1,High
14,2,3,3,26,3019,28,82995,778,5361,0.173231196445541,1,1,1,15,1,0.9883852061405151,1,High
3,4,3,2,36,2669,27,141837,809,6098,0.2119043214041449,1,1,1,14,1,0.9883754138748703,1,High
5,3,6,8,19,3910,24,89602,714,5659,0.1850967990663287,1,0,1,14,1,0.988272969535026,1,High
9,9,3,2,36,1846,19,73997,711,6504,0.1273703277661811,1,1,1,14,1,0.9879437017652701,1,High
7,3,1,4,24,2865,18,120566,660,5011,0.2364319960549702,1,0,1,18,1,0.9878049155626271,1,High
4,8,1,7,36,3955,28,101300,700,6249,0.1787715063440664,1,0,1,14,1,0.9877875335032539,1,High
6,9,2,9,48,2136,13,62292,706,4067,0.1386863632825635,0,0,1,4,1,0.9877687470007475,1,High
5,3,6,10,31,1618,25,70652,717,6455,0.2399875472554392,1,1,1,17,1,0.9876788136908702,1,High
11,4,4,5,15,3464,29,149294,784,3446,0.1516265394720875,1,0,1,6,1,0.9874271066422249,1,High
7,9,0,3,34,2816,20,63683,829,6600,0.1953202126228616,1,0,1,9,1,0.987366747971368,1,High
2,5,5,3,16,2048,25,126411,784,5725,0.1624202326370371,0,0,1,9,1,0.98724019058389,1,High
3,5,5,6,35,2748,16,120245,771,4753,0.1469789176036642,0,0,1,18,1,0.9872199724035563,1,High
12,6,2,2,40,2704,12,84331,801,6583,0.2303763160620983,1,0,1,7,1,0.9871458613645214,1,High
4,4,4,4,19,2805,16,95790,662,6483,0.2070048779276085,1,0,1,18,1,0.9871078817060216,1,High
6,3,3,5,43,2883,24,77270,787,6532,0.2072986124158288,0,0,1,14,1,0.9868738565968307,1,High
14,8,8,4,21,2122,12,143883,675,4724,0.2387921582281094,1,0,1,15,1,0.9868602813037363,1,High
8,5,0,4,46,2755,19,143577,691,3332,0.1950955394885809,1,0,1,15,1,0.9868445502591876,1,High
11,3,2,5,22,2890,26,88223,689,3743,0.1517377867048978,0,0,1,14,1,0.9868324277587902,1,High
4,6,4,4,47,3237,13,76619,832,3711,0.1532366090331358,1,1,1,14,1,0.9867971388137471,1,High
8,3,1,6,21,1695,23,148911,832,5697,0.1879883500649222,0,0,1,18,1,0.9866608762888863,1,High
8,6,1,1,31,3805,17,140875,771,4354,0.1237750417457706,0,0,1,16,1,0.986501983647326,1,High
10,6,1,6,24,2394,23,104630,682,6720,0.1231738609268888,0,0,1,18,1,0.9863025472776874,1,High
9,6,4,3,16,3577,21,94838,746,3038,0.1723737480841667,1,0,1,9,1,0.9862809987269384,1,High
7,5,0,5,27,1647,29,144817,715,5038,0.1346073826533681,1,0,1,15,1,0.9861611099113178,1,High
7,4,3,2,35,1720,18,86506,796,5122,0.1299323604869101,1,0,1,4,1,0.985448279194449,1,High
12,9,3,6,15,2317,12,96551,834,5191,0.1887101818463174,0,0,1,14,1,0.9854224615630757,1,High
4,10,3,2,49,2327,20,124744,764,4275,0.1921905024473174,0,0,1,18,1,0.9852891785709104,1,High
6,10,2,5,16,3310,15,77733,762,6896,0.245752654475951,0,0,1,3,1,0.9849099019090002,1,High
5,5,1,2,21,3433,22,116843,759,3132,0.1915995444283799,0,0,1,17,1,0.9848859274590573,1,High
7,6,3,1,32,3079,13,97065,839,3995,0.197726997245441,1,0,1,10,1,0.9848300560380069,1,High
8,5,4,5,26,2182,29,74756,757,6966,0.1205939521368008,1,0,1,12,1,0.9847946238237933,1,High
10,3,2,5,32,3762,14,136400,746,3818,0.1483091404113723,0,0,1,7,1,0.9844656196351987,1,High
7,3,3,3,19,3844,25,133204,694,3634,0.1312887346572014,1,0,1,10,1,0.9841134358071632,1,High
11,3,1,3,47,1548,21,142833,802,6177,0.1994312022990446,0,0,1,5,1,0.9840902687355202,1,High
8,1,6,4,24,3734,25,104895,821,3203,0.1927464583369406,1,0,1,16,1,0.9840837585470075,1,High
7,7,1,3,29,3296,25,89134,660,5817,0.1995065281222844,1,0,1,14,1,0.9840658289521003,1,High
8,5,0,6,48,3273,29,109245,714,3342,0.1305700495294314,1,0,1,18,1,0.9839874074020449,1,High
11,5,0,6,25,3626,22,89241,675,6553,0.1555714666166165,1,0,1,15,1,0.9838793638795716,1,High
3,8,4,6,33,3094,15,64714,844,5472,0.2143008620006627,1,0,1,12,1,0.9833872791307862,1,High
13,4,7,4,15,2827,29,69153,783,6007,0.2009156597690554,0,0,1,4,1,0.9831952069485402,1,High
7,6,2,3,24,1655,12,125549,669,5803,0.2441517527877361,1,0,1,19,1,0.9828285208681646,1,High
8,7,0,3,49,2911,28,117981,830,5260,0.2414390339559946,0,0,1,4,1,0.9826327883698786,1,High
8,4,4,2,23,3318,28,71179,694,4031,0.1488706844671686,1,0,1,14,1,0.9825969691895244,1,High
5,3,3,3,35,3032,18,107556,713,3769,0.2379922938423327,1,0,1,7,1,0.9825940995878271,1,High
10,10,4,2,28,2591,12,111363,807,3319,0.1280274615418111,0,0,1,12,1,0.9825167588221337,1,High
5,3,2,9,39,3800,16,128881,755,3231,0.2224445559542726,1,0,1,10,1,0.9822139267750575,1,High
4,8,4,7,15,1946,14,87938,808,6483,0.2477227354781622,1,0,1,5,1,0.9822133919295952,1,High
14,13,2,1,34,1855,18,145312,800,5270,0.2398924611625488,0,0,1,17,1,0.9819378264969575,1,High
4,6,2,7,31,2645,24,61475,733,5921,0.1978067003306807,1,0,1,19,1,0.9817288954095241,1,High
14,5,2,2,42,1528,26,133762,655,4419,0.1717131473207827,1,0,1,10,1,0.9816515762659027,1,High
7,4,2,5,32,3298,15,95929,846,3059,0.1575877733944389,1,0,1,16,1,0.9810048157310627,1,High
4,10,1,5,32,3735,16,129609,728,5234,0.1356375171453425,1,0,1,8,1,0.9809819779476983,1,High
6,8,1,6,35,3511,25,65156,676,4687,0.1848662763931565,1,0,1,6,1,0.9809769384745585,1,High
6,6,4,5,39,3820,29,70111,655,4437,0.1433333573451135,0,1,1,16,1,0.9807681876285886,1,High
10,5,0,2,17,1986,17,128322,785,5943,0.1333582075016766,1,0,1,13,1,0.9807112282857807,1,High
8,3,1,4,34,3553,22,131348,666,3360,0.1398245603109462,1,0,1,17,1,0.9806975911197321,1,High
6,5,2,4,24,2212,12,71447,844,3553,0.1342259526286773,0,0,1,4,1,0.9805331822394091,1,High
5,4,1,6,32,3554,21,76032,800,6156,0.1234491865035965,0,0,1,4,1,0.9802995111404251,1,High
6,3,3,4,29,1713,21,62108,835,6614,0.1445880305224762,1,0,1,11,1,0.9802196795194061,1,High
5,12,2,4,15,2319,22,73273,725,4421,0.1702002694171967,1,1,1,12,1,0.9801711120707288,1,High
9,6,0,2,17,3034,18,143763,810,4959,0.1702755950190698,1,0,1,12,1,0.9799969425714949,1,High
9,3,0,7,38,3621,26,120262,723,5467,0.2081868116717772,0,0,1,16,1,0.9799916724615213,1,High
3,9,4,5,38,3261,19,120523,682,4046,0.1749586410214709,1,0,1,18,1,0.9799897961878675,1,High
7,5,3,5,15,2009,20,117647,793,4438,0.2061474730553666,0,0,1,4,1,0.9799230988198747,1,High
6,4,2,5,42,1830,12,85530,846,6017,0.1730062321008635,1,0,1,15,1,0.9797376272472706,1,High
5,11,6,2,38,2172,18,96445,823,4700,0.2477718153212046,1,0,1,4,1,0.9795586496982621,1,High
5,5,1,5,19,1650,13,78043,760,6103,0.1695975818397787,0,0,1,14,1,0.9793440493581879,1,High
14,5,7,6,15,1911,21,123942,752,3898,0.2291880831620892,0,0,1,15,1,0.9793407864019916,1,High
9,3,6,3,28,3819,22,79923,712,6563,0.1829528973099028,1,0,1,5,1,0.979141674159013,1,High
5,3,5,6,18,1524,27,83123,763,6806,0.1468063530672312,1,0,1,3,1,0.9790756645403388,1,High
6,10,4,5,24,2896,27,146991,732,3954,0.1204740713620079,1,0,1,18,1,0.9783255423233038,1,High
6,11,0,1,42,2597,28,108217,716,5502,0.1966312044021221,1,0,1,11,1,0.978287986245433,1,High
3,4,2,2,23,2710,15,101589,807,4502,0.2016622489738311,1,0,1,13,1,0.9781908012238398,1,High
13,8,1,2,19,2517,29,79389,832,3025,0.1658696265856351,1,0,1,18,1,0.9781014577049466,1,High
6,10,5,5,29,1634,19,77066,653,3123,0.1570663679179098,1,0,1,15,1,0.9779871963021581,1,High
7,3,2,5,45,2817,29,78668,714,3099,0.1655896457299449,1,0,1,17,1,0.9777843784259806,1,High
9,7,0,4,42,3100,14,139079,721,4466,0.1376394813129963,1,0,1,9,1,0.9774706337208415,1,High
14,4,1,3,17,3326,29,118813,701,3373,0.2254328196079895,0,0,1,9,1,0.9772003427713913,1,High
10,6,6,1,49,3875,13,88283,802,4278,0.1387546188360672,0,0,1,18,1,0.9771003880344419,1,High
9,4,5,1,30,2677,22,66458,700,4527,0.2378339672432571,1,0,1,12,1,0.977058267546725,1,High
4,6,3,3,48,1515,25,84647,663,3286,0.1833877969464429,1,0,1,16,1,0.9769739859415145,1,High
11,3,3,2,47,2477,18,93743,845,6209,0.1459545014957894,1,1,1,12,1,0.9768660770828353,1,High
3,6,5,5,29,1565,15,145330,815,3497,0.2434953086688141,1,0,1,4,1,0.976845605396978,1,High
8,6,2,1,23,2847,14,69168,714,4031,0.1872680257281553,1,0,1,14,1,0.9767931340013695,1,High
11,7,0,5,16,1750,15,122759,672,4945,0.2482887209304486,1,0,1,19,1,0.9763744619187874,1,High
4,6,4,2,49,1547,20,125133,837,5078,0.1410437907853313,0,0,1,5,1,0.9762388793634058,1,High
7,6,0,7,17,1627,19,105788,820,4928,0.2003293733889388,0,0,1,15,1,0.9760622505762171,1,High
9,2,4,4,32,3593,16,145096,758,6388,0.1225245605056613,1,0,1,17,1,0.9759615843080774,1,High
6,12,1,2,17,2447,26,126060,769,3207,0.1797094794676995,0,0,1,8,1,0.9758912184643482,1,High
10,5,2,5,20,3041,12,78781,759,6554,0.2056625632115165,0,1,1,6,1,0.9756802355463344,1,High
4,6,1,5,36,2453,21,102585,728,3165,0.1847387166081199,1,0,1,6,1,0.975035451040601,1,High
7,2,2,7,24,2845,22,101495,748,6542,0.201704405911578,0,0,1,4,1,0.9749475771258144,1,High
7,3,3,5,19,2280,18,135856,655,4298,0.1955583373274405,1,0,1,17,1,0.9748206597421791,1,High
10,7,0,7,31,1619,20,121503,707,5852,0.1928433712157375,0,0,1,19,1,0.9746544541243028,1,High
4,4,3,3,29,1605,19,140863,695,5764,0.1575650921547511,1,0,1,10,1,0.9740955664350857,1,High
7,6,0,6,24,2487,23,66771,741,6932,0.1375996656302292,1,1,1,11,1,0.9740559884559886,1,High
6,11,0,5,31,2665,29,133150,823,5358,0.2208929908596977,1,1,1,8,1,0.9734744438770422,1,High
11,3,2,1,24,3963,23,122860,734,3751,0.2389267161662069,1,0,1,18,1,0.9732625374416941,1,High
9,2,2,7,34,2072,15,98789,728,3195,0.2454562269666365,1,1,1,10,1,0.9725735600202612,1,High
6,4,1,5,25,2908,21,99612,741,6555,0.221615568521358,0,0,1,5,1,0.9725407704687805,1,High
7,3,4,2,43,1554,18,108770,681,3777,0.155196807508662,1,0,1,9,1,0.9724854140779694,1,High
10,4,3,4,15,2081,22,104802,744,3027,0.1576687482637253,0,0,1,18,1,0.9723885355562983,1,High
5,4,2,2,31,1875,15,120372,657,4860,0.1316891118317613,0,0,1,17,1,0.9721755283850883,1,High
10,3,3,6,32,2957,15,87703,654,6664,0.2357126146011798,1,0,1,3,1,0.9719047866909537,1,High
7,11,1,0,49,1589,19,148668,803,6017,0.1230253516456573,1,0,1,6,1,0.9718662482032735,1,High
9,7,1,5,43,2590,21,149939,843,4178,0.1936066270559289,0,1,1,3,1,0.9715854049442201,1,High
3,4,2,9,48,2557,14,96368,727,5765,0.1235921382712709,1,0,1,6,1,0.9714874162643138,1,High
6,5,0,4,42,1598,16,87105,759,6297,0.2176850312790693,1,0,1,16,1,0.971180951181159,1,High
7,3,3,3,34,3797,22,75892,845,3689,0.1734424283380918,1,1,1,13,1,0.9706055151752535,1,High
7,2,2,3,40,1972,15,139627,833,5050,0.2046798122502818,0,0,1,15,1,0.9701517683932593,1,High
9,7,3,1,44,1975,15,61049,683,5311,0.2264839524030994,1,0,1,16,1,0.9701152247837888,1,High
6,9,2,4,15,2587,25,131500,662,5376,0.240421606338536,1,0,1,16,1,0.9697469555255196,1,High
6,5,3,1,37,3301,28,64544,678,4978,0.1925909751227275,0,0,1,13,1,0.9696444437148485,1,High
4,8,3,4,17,2196,25,126349,796,5427,0.176992563435731,0,0,1,3,1,0.9694161449457929,1,High
9,2,4,8,15,1715,15,71523,774,6153,0.1294904670769515,1,0,1,12,1,0.969164829861531,1,High
4,4,2,4,38,3539,13,127635,655,6017,0.1745603400549476,1,0,1,7,1,0.9690471469564153,1,High
13,2,0,4,36,3897,28,106996,749,6380,0.1975619692064283,0,0,1,19,1,0.9687835306033794,1,High
11,4,0,4,20,2699,15,86007,808,6922,0.2385315848255868,1,0,1,13,1,0.9685619035621115,1,High
3,7,1,2,24,2879,20,148427,789,4725,0.1544457180022075,1,0,1,14,1,0.9682739570650591,1,High
6,3,1,3,38,3507,29,135927,796,4574,0.137616378324329,1,0,1,13,1,0.9679540249384588,1,High
11,8,2,4,15,2360,28,134781,684,6646,0.2460506443548857,0,0,1,7,1,0.9679466272872256,1,High
3,4,3,1,20,2977,23,125277,793,5071,0.1790029205994717,1,0,1,7,1,0.967567686257198,1,High
8,9,1,2,22,3771,12,140386,714,4806,0.2302939926945429,1,0,1,7,1,0.96738253559588,1,High
9,4,3,1,23,1535,21,62353,704,6055,0.2118529058619897,1,0,1,5,1,0.9673167450970013,1,High
8,10,1,7,38,2939,23,123936,736,5148,0.1262180066512337,0,0,1,3,1,0.9670404002937633,1,High
7,7,5,6,27,3157,18,60731,755,6446,0.1855792724170162,1,0,1,7,1,0.9668660140591833,1,High
3,6,2,2,19,3024,23,146641,658,6882,0.1973494074749464,0,0,1,18,1,0.9667198078237215,1,High
7,4,4,3,15,1872,15,82169,817,3514,0.1411232006555384,1,0,1,8,1,0.966667606428737,1,High
9,3,4,3,48,2249,19,75685,741,4026,0.1412635471537173,0,1,1,5,1,0.966625704367728,1,High
5,6,3,2,18,2045,13,99236,704,3777,0.1793749770751592,1,0,1,12,1,0.9657300002244575,1,High
4,7,4,9,20,3561,15,78261,832,5790,0.146345399858756,1,0,1,3,1,0.9655909320732945,1,High
7,4,3,2,32,3310,18,88562,728,3168,0.1899652683189723,1,0,1,6,1,0.965533620773235,1,High
6,4,3,0,34,2324,14,126652,765,6915,0.1386388372388711,1,0,1,3,1,0.9652913059163059,1,High
6,6,4,1,25,2570,15,95507,665,5017,0.1928975449263701,1,1,1,10,1,0.9648877358998803,1,High
5,4,2,4,35,1540,14,82821,737,6338,0.2332733670042367,1,0,1,3,1,0.9637987830377673,1,High
9,5,0,1,26,3822,16,129626,698,6004,0.2227017626429412,1,0,1,14,1,0.9635152589727056,1,High
13,7,7,2,15,3530,27,77926,809,4613,0.2215980096380413,1,0,1,15,1,0.9634470961719179,1,High
9,6,1,6,15,2165,24,106340,684,4404,0.1733953315624719,0,0,1,7,1,0.9633298952126066,1,High
10,4,1,5,34,3899,12,144880,801,6229,0.1391119441369712,1,1,1,18,1,0.9630224841996531,1,High
4,4,4,2,32,2517,29,105167,697,6663,0.1917879588471018,1,0,1,5,1,0.9629906147929862,1,High
8,6,0,5,31,3764,24,124912,675,4275,0.2419503172259125,1,1,1,6,1,0.9627735059261042,1,High
10,9,7,2,34,1803,12,83267,737,4033,0.1395449637151296,1,0,1,6,1,0.9626491358699024,1,High
8,4,4,1,24,1513,25,131778,682,4459,0.2415385332869771,0,0,1,6,1,0.9624184432506507,1,High
9,10,1,5,47,2980,12,132742,758,6022,0.2150274682686196,0,1,1,14,1,0.9622712396680497,1,High
5,3,5,4,27,2104,24,75335,692,5183,0.2256663562934011,1,0,1,9,1,0.9621496262116827,1,High
6,9,2,1,41,3747,12,91051,684,6937,0.1763392192915398,1,0,1,19,1,0.9620080161773348,1,High
4,4,4,3,43,3290,21,133590,652,6417,0.121470129268413,1,1,1,15,1,0.961847558589882,1,High
5,5,4,1,16,2953,12,125841,754,6349,0.1538921230691875,1,0,1,9,1,0.9616540098619608,1,High
2,5,4,3,18,2905,20,124179,680,5457,0.1282993792685831,0,0,1,18,1,0.9613073179010175,1,High
7,3,4,4,43,2315,23,79733,676,3084,0.2383395699551272,1,0,1,7,1,0.960908935135421,1,High
3,5,1,3,35,2203,29,88154,791,6540,0.2185868418978212,0,0,1,7,1,0.9607095809901103,1,High
12,7,5,1,24,2915,27,91708,775,3156,0.1204371091819817,1,0,1,8,1,0.9603470526874335,1,High
11,3,1,6,39,2541,23,94162,703,6650,0.1388556253169943,0,0,1,7,1,0.9603243141288081,1,High
7,2,5,4,39,1737,14,68922,712,4994,0.2186857637409831,1,0,1,17,1,0.9599820862766134,1,High
10,5,1,2,38,1513,16,119305,706,3722,0.1994744153122044,1,0,1,5,1,0.9598128746737433,1,High
9,5,2,2,49,3521,21,60693,795,3561,0.219909952611484,1,1,1,7,1,0.9596880920789793,1,High
3,3,3,3,27,2377,18,143276,824,6467,0.1635064512979908,1,0,1,10,1,0.9594533433034077,1,High
11,0,3,5,22,2765,26,140174,814,5785,0.2253500232135824,1,1,1,14,1,0.9591494289876781,1,High
8,5,0,3,43,3335,16,80534,807,6612,0.1746436005954148,1,1,1,5,1,0.9588992726564909,1,High
3,8,4,4,27,2196,26,73237,780,6963,0.247263156261106,1,0,1,3,1,0.9588489031675427,1,High
12,3,2,1,42,2706,25,84791,742,6651,0.2413474378687878,1,0,1,17,1,0.9587418644596534,1,High
10,7,2,2,15,3671,17,83409,747,6131,0.1875376060104978,1,1,1,12,1,0.9586951079640474,1,High
6,3,3,1,20,3117,16,110990,802,5497,0.1307572946045898,1,0,1,7,1,0.9581746372812333,1,High
6,4,6,3,15,3293,25,65703,789,5457,0.1327019458002786,0,0,1,3,1,0.9581350655662315,1,High
4,6,6,3,31,3711,13,84842,703,4708,0.1796006351940035,0,0,1,9,1,0.9561991174785938,1,High
11,7,4,2,15,2896,14,79087,834,6018,0.1565252146469899,1,1,1,14,1,0.9558999017685621,1,High
6,10,0,3,15,1630,19,91848,780,6729,0.1750650601256236,1,1,1,18,1,0.9558367635060891,1,High
6,8,0,5,47,1599,20,105477,780,3693,0.1671557928557139,1,0,1,5,1,0.9557969312115686,1,High
10,2,2,3,32,3506,26,131708,828,5088,0.2057565711197972,0,0,1,3,1,0.955543262608609,1,High
7,8,1,5,16,2079,24,118391,761,5789,0.1203389702410423,1,0,1,6,1,0.9553898619190313,1,High
4,5,2,3,40,1792,26,103944,653,5804,0.1435341655088801,0,0,1,9,1,0.9548446232356029,1,High
7,4,2,4,32,3033,13,94765,653,6932,0.199067478979638,1,0,1,12,1,0.953961303024712,1,High
6,4,1,4,17,2751,26,88878,711,4818,0.1468888243801591,1,0,1,14,1,0.9534922253270784,1,High
10,3,2,1,43,2321,28,116655,837,3670,0.1382769493625375,1,0,1,4,1,0.9531880914352924,1,High
6,4,4,2,19,2136,26,139958,652,4003,0.2140258722638002,1,0,1,10,1,0.9529104783024147,1,High
7,2,3,8,31,2853,28,79963,733,6031,0.1259619646326022,1,0,1,13,1,0.950308862209551,1,High
9,6,1,0,26,2139,15,121896,755,5375,0.1471809463828371,1,0,1,17,1,0.9502162175554553,1,High
6,4,1,3,17,1895,15,60769,792,3406,0.1860077797421463,1,0,1,16,1,0.9497614514866578,1,High
3,4,1,8,39,1805,23,86299,803,4517,0.1874130195265454,0,0,1,13,1,0.9494504570677457,1,High
5,4,3,4,38,2262,12,67537,837,5234,0.1927239188154098,0,0,1,14,1,0.9493517702036689,1,High
4,5,3,2,38,2042,21,136810,731,3993,0.1261681717318065,0,1,1,14,1,0.949058192308516,1,High
5,9,4,0,43,1697,27,106578,827,4348,0.240466262721281,1,0,1,9,1,0.9483780525030525,1,High
6,6,5,5,23,2101,28,79713,655,5588,0.1527674007107261,0,1,1,12,1,0.9478335458511522,1,High
2,7,4,3,25,2189,26,85032,732,6976,0.1384924179293355,0,0,1,9,1,0.9473485649681266,1,High
8,5,6,6,21,2417,17,61935,652,4416,0.1711524715765214,1,0,1,12,1,0.9468127386274926,1,High
2,5,3,3,26,2050,20,110939,726,6278,0.1538372914835803,1,0,1,4,1,0.9461314659751653,1,High
11,7,1,7,20,3903,23,70794,768,3022,0.1312773226151796,1,0,1,3,1,0.9458665280684282,1,High
11,3,3,6,17,1628,12,112342,829,4960,0.1763919722869584,1,0,1,19,1,0.9457984643429915,1,High
7,3,4,5,36,1650,12,108514,710,6935,0.1218656702460881,1,0,1,11,1,0.9456120164716911,1,High
12,2,2,1,41,1614,29,149871,779,3494,0.1847675192725916,1,1,1,12,1,0.9451497656601079,1,High
14,4,1,4,19,1508,28,78001,716,6716,0.1378167649077675,1,1,1,11,1,0.944334711819357,1,High
5,4,1,3,23,2966,29,67645,758,3058,0.1868883689784973,1,0,1,18,1,0.9441035592288529,1,High
6,6,0,2,40,3448,27,80234,783,3890,0.1729626853094753,1,0,1,7,1,0.943962372526802,1,High
9,2,2,1,26,1534,15,143683,834,5700,0.2310870066683974,1,0,1,18,1,0.9438239151302696,1,High
3,5,1,1,39,2122,12,130323,812,3630,0.2144864233237907,1,0,1,16,1,0.9429397290850001,1,High
4,4,3,3,49,1559,24,72363,710,6841,0.1870961959463232,1,0,1,10,1,0.9429169373696973,1,High
2,5,2,5,18,3053,23,104978,800,5667,0.2402363139237379,1,0,1,14,1,0.9421662145599141,1,High
14,9,2,2,38,2845,12,89564,663,6608,0.127221140353394,0,0,1,3,1,0.9421589563977117,1,High
10,7,1,7,32,3755,12,106940,752,3123,0.1570094090007553,1,0,1,5,1,0.940866458458057,1,High
5,4,1,3,15,1800,15,138854,698,6208,0.1785330519985757,1,0,1,15,1,0.9407662423069912,1,High
9,2,0,4,28,3913,29,141664,702,6349,0.1823943441502306,1,0,1,8,1,0.940222726072934,1,High
4,9,1,5,15,1817,18,75675,695,4796,0.1326036810414729,1,1,1,18,1,0.9396736196393399,1,High
11,9,1,7,32,3849,24,104254,652,3989,0.2323150054955513,1,1,1,14,1,0.9392589549761293,1,High
10,3,1,3,35,2308,22,84524,667,6897,0.2245463779487115,0,0,1,10,1,0.9375608029078917,1,High
6,3,1,6,25,2283,28,115026,667,3482,0.123724815585095,1,0,1,14,1,0.9369104338325747,1,High
11,6,4,2,36,3786,22,79262,697,6644,0.120337353169874,1,0,1,5,1,0.9368603684319368,1,High
2,5,5,11,26,3195,26,134319,703,4109,0.1473454453894529,1,0,1,3,1,0.9366807819597274,1,High
8,4,4,1,15,3928,13,121174,740,4068,0.1861874865040469,1,1,1,9,1,0.9366519380079654,1,High
6,6,0,3,17,1695,17,145195,711,5304,0.1290859355454331,1,1,1,11,1,0.9359481120685025,1,High
4,5,3,1,26,3404,22,135764,652,3255,0.2149396860075369,1,0,1,16,1,0.9358245249173508,1,High
4,6,2,2,46,2052,29,86289,741,6389,0.2218449543724099,1,0,1,13,1,0.93536186815729,1,High
10,7,4,2,48,1506,26,113424,692,4823,0.2460561431361589,1,0,1,4,1,0.9352687166196968,1,High
5,2,3,6,33,1543,18,95931,658,5942,0.2357532372385127,1,1,1,5,1,0.9350807258557612,1,High
7,4,1,1,43,1922,13,97034,775,5220,0.2055471479019587,0,1,1,16,1,0.9339241908151292,1,High
2,10,2,3,49,2833,13,113302,760,5711,0.2417878661122185,1,0,1,6,1,0.9338881037818032,1,High
6,4,0,2,17,3292,28,143654,711,6119,0.1679542819157058,1,0,1,5,1,0.9329493548934725,1,High
9,3,3,6,19,3247,24,62853,838,3080,0.1383001595102577,0,0,1,10,1,0.9328026691632485,1,High
9,9,5,0,15,2531,25,143031,809,3984,0.1865866593387922,1,1,1,6,1,0.9313099261849263,1,High
10,5,3,0,49,3888,12,124758,728,3696,0.1435830552497206,1,0,1,4,1,0.931161185247553,1,High
4,4,3,2,17,1564,12,130246,670,5028,0.1210148702835557,1,0,1,16,1,0.9309020670897733,1,High
6,4,1,2,24,2123,16,137078,676,4093,0.239900010812866,1,1,1,3,1,0.9308013977657743,1,High
3,8,1,2,17,3434,15,144716,687,4043,0.2024941661094507,1,0,1,7,1,0.929906000108536,1,High
8,3,2,6,39,3224,14,64696,741,4867,0.1813063186396898,0,0,1,12,1,0.9287440027058329,1,High
9,8,5,0,18,2826,27,68483,826,6230,0.2351517065295517,1,0,1,5,1,0.9278715867465867,1,High
7,1,1,4,41,1793,14,126874,776,3467,0.162458374434057,1,1,1,8,1,0.9272658061143051,1,High
6,5,1,1,21,3888,14,77912,686,3689,0.1340686550637627,1,1,1,15,1,0.9269063613853389,1,High
6,4,1,1,42,2422,25,71106,676,6604,0.1766295415168891,1,0,1,14,1,0.9249891119562235,1,High
7,6,3,7,17,1588,22,130704,792,3895,0.1200399197543882,1,0,1,17,1,0.9248509549902062,1,High
5,4,5,0,16,1776,23,100760,771,3432,0.174613394082747,1,0,1,15,1,0.9247528998778999,1,High
3,3,2,4,38,3392,29,119095,791,3673,0.2392448486550984,1,0,1,6,1,0.9213449421594363,1,High
8,4,0,0,44,1860,15,112776,822,5377,0.1934775365944409,1,0,1,15,1,0.9212801087801088,1,High
5,5,4,1,27,2159,28,64642,672,4129,0.224651468880624,0,0,1,5,1,0.9212370588825575,1,High
8,6,6,5,32,1839,24,113533,650,4109,0.2484367917270581,0,0,1,18,1,0.9210788838464903,1,High
9,5,2,3,23,1714,17,96537,653,3669,0.2050283756949225,1,0,1,14,1,0.9189190338826795,1,High
5,3,3,3,34,3311,29,91969,750,5786,0.2124977584060593,1,0,1,9,1,0.9182680344233434,1,High
10,10,2,3,43,3513,12,63065,696,3540,0.1203927132763009,0,1,1,17,1,0.9179570421357306,1,High
8,10,0,5,42,2321,12,134083,670,6323,0.1255909037427021,1,1,1,12,1,0.9178706018899273,1,High
2,4,5,7,41,1978,23,94393,738,6651,0.1985937186687573,1,0,1,5,1,0.9176785947181372,1,High
4,2,3,9,43,2082,17,73015,776,3583,0.2068377429178212,1,1,1,16,1,0.9169661636770736,1,High
4,5,5,3,27,2720,29,60589,790,6871,0.244665755000442,1,0,1,18,1,0.9165830223802705,1,High
8,5,1,1,41,2878,29,147463,651,4757,0.1812738412416798,1,0,1,15,1,0.9164890303579902,1,High
10,9,0,4,37,2601,14,79290,834,3448,0.1464108049873471,0,0,1,8,1,0.9163154076996863,1,High
9,2,2,3,39,1589,15,94019,728,3607,0.2138020047371499,1,0,1,17,1,0.9157782387946763,1,High
7,8,4,3,49,2243,20,111253,650,5028,0.1469335913462771,0,0,1,19,1,0.9143892286740766,1,High
3,3,2,5,30,3688,27,75615,763,4847,0.2118101215504795,0,0,1,9,1,0.9134173074821349,1,High
3,3,3,7,34,3739,16,93822,723,6729,0.2439280115276176,1,0,1,14,1,0.908034516895949,1,High
10,0,5,2,43,2965,25,78595,813,5804,0.2345686809298319,1,0,1,6,1,0.9073671137360528,1,High
4,7,2,3,16,1679,13,73107,741,3170,0.2326102731347971,1,0,1,5,1,0.9067026387956502,1,High
5,4,1,7,22,2632,12,136245,743,3774,0.1490379767155253,0,0,1,19,1,0.9057486915599309,1,High
12,0,0,2,27,3267,19,68068,837,6199,0.225193812248074,1,0,1,10,1,0.9048931751083454,1,High
7,2,1,4,29,3625,23,80897,721,3274,0.1413486893697442,0,0,1,15,1,0.9048905098336362,1,High
5,8,0,5,43,3222,16,71674,681,6119,0.1802353749451588,1,0,1,10,1,0.9028848583850662,1,High
10,6,3,4,17,3375,25,108091,815,3003,0.1207594080157963,0,0,1,11,1,0.8994502849265755,1,High
2,7,1,4,40,2015,19,84968,768,6716,0.1889958561872886,1,0,1,11,1,0.8992552955350953,1,High
10,0,4,6,43,3189,23,73057,794,4826,0.2120430919197285,0,1,1,17,1,0.8983957604095327,1,High
7,1,5,6,44,2971,12,88336,745,5476,0.2442253841566881,1,0,1,16,1,0.8980686709257584,1,High
12,3,3,3,49,3498,26,77702,652,3530,0.1599568755684669,0,0,1,7,1,0.8945363750151587,1,High
6,3,7,1,22,2306,22,130192,695,3037,0.1935284586072456,1,0,1,4,1,0.8930927700899709,1,High
7,3,3,1,36,2930,12,136589,750,6476,0.1415176663477476,0,1,1,3,1,0.8919439103979175,1,High
4,9,7,5,40,1718,29,99819,651,4536,0.1388013662607589,1,0,1,9,1,0.8915390582577905,1,High
4,5,0,4,35,2257,13,147974,715,6430,0.1772222245185465,1,0,1,18,1,0.8884551255163089,1,High
8,2,0,4,49,1580,18,130773,735,6565,0.1293648002524076,1,0,1,14,1,0.8872663768665848,1,High
12,6,2,2,29,2031,21,86946,732,3002,0.165567669457201,1,0,1,6,1,0.8867687346433649,1,High
5,6,2,0,34,3868,19,66655,793,5701,0.2357006944362836,1,0,1,4,1,0.8865449134199133,1,High
3,4,1,3,31,2400,14,104552,771,3113,0.144704300378621,0,0,1,7,1,0.8848295903961924,1,High
6,9,0,0,45,1942,15,60972,754,5632,0.2493623555397135,0,0,1,14,1,0.8821383616383615,1,High
5,3,1,4,35,2815,19,89493,796,5072,0.1417403918375898,1,1,1,13,1,0.8821351930521567,1,High
4,2,2,6,22,1895,27,105262,742,5668,0.1953648203259906,0,0,1,13,1,0.8819934859209688,1,High
4,1,2,4,48,1844,27,125756,796,4942,0.1758575372361692,1,1,1,3,1,0.8816015714339339,1,High
7,5,4,0,22,3430,23,70482,840,3532,0.1328659210431318,0,1,1,12,1,0.8806021062271063,1,High
2,7,1,3,46,3915,28,77630,785,6839,0.1496195142806043,1,0,1,5,1,0.8787256862554862,1,High
8,2,4,1,48,2055,19,68067,829,5870,0.161487767638479,0,0,1,5,1,0.8779416577957501,1,High
10,4,3,3,35,1501,21,105832,816,4782,0.2278790498530192,1,0,1,12,1,0.8776297758302569,1,High
2,8,2,3,37,2285,15,130483,703,3827,0.1779377472254643,0,0,1,7,1,0.8776144370964738,1,High
5,3,2,1,21,3206,29,86347,815,4444,0.2377200489307571,1,0,1,13,1,0.8772169536979006,1,High
3,3,2,4,38,3177,26,87268,774,4588,0.1716985475688544,1,1,1,11,1,0.8737115588026018,1,High
13,2,4,7,28,2346,22,60864,680,4378,0.1663575028782067,0,0,1,10,1,0.8710622680553197,1,High
11,2,3,4,16,3506,19,95276,746,3223,0.1459676816792835,1,0,1,11,1,0.8705233601299315,1,High
10,1,0,9,28,2965,26,137355,661,4543,0.1315921620342298,0,1,1,18,1,0.8690681378090395,1,High
6,3,1,8,31,3364,29,92827,747,5890,0.1201616470525932,1,0,1,9,1,0.8652374079273458,1,High
10,4,7,6,35,3320,20,60188,839,4222,0.2414060270510881,0,0,1,7,1,0.8623542803380774,1,High
11,1,4,3,34,3299,13,144343,702,4890,0.147251885433675,1,0,1,3,1,0.858559231051533,1,High
4,3,4,1,48,2325,15,102818,720,5295,0.1616941881797944,1,0,1,3,1,0.8558625136553738,1,High
11,2,2,3,23,2258,14,84818,680,4063,0.2106049901076347,1,1,1,13,1,0.8552392841512048,1,High
1,15,4,6,37,2584,28,90513,695,4495,0.1361178336599189,1,0,1,18,1,0.8543784010073466,1,High
8,3,2,2,31,2948,12,124935,654,5013,0.2472053098287046,0,0,1,7,1,0.8534683577637225,1,High
8,1,3,2,47,1945,22,145936,685,4401,0.1526135513230943,1,1,1,9,1,0.8492929656619052,1,High
5,5,0,1,37,3914,20,62775,704,4908,0.2126940893287635,0,0,1,19,1,0.8474090647914175,1,High
4,3,5,3,16,3648,13,88536,688,5258,0.1577323757151416,1,0,1,15,1,0.842643795515736,1,High
6,3,7,4,38,1631,20,121920,650,5675,0.1362072891718662,0,0,1,12,1,0.8368138277807862,1,High
11,12,4,8,40,2687,16,64192,650,5356,0.2392494089103266,1,0,1,7,1,0.8336152194799736,1,High
3,4,1,6,21,2555,19,74141,669,4169,0.1700387903488135,0,0,1,6,1,0.8323146910107033,1,High
6,3,1,2,18,1503,16,61662,792,6493,0.217114503259281,1,0,1,6,1,0.8289122557900512,1,High
4,2,5,6,27,2563,21,101862,666,4142,0.165063256155215,0,1,1,3,1,0.8281086011495651,1,High
5,8,4,1,41,3979,12,60434,656,6740,0.1739107553796666,0,0,1,10,1,0.8238512022458692,1,High
4,1,6,3,22,3025,29,74450,798,6312,0.165823014587748,1,0,1,18,1,0.8183761780236339,1,High
4,3,4,1,23,2784,15,97487,793,3767,0.2173126681371879,1,0,1,5,1,0.8180627205297553,1,High
1,7,2,1,38,1510,26,111977,690,5458,0.1318216084886953,1,0,1,19,1,0.8128565565873643,1,High
5,4,0,4,15,2462,29,116241,679,4405,0.2038861081920631,1,0,1,12,1,0.8065116898868978,1,High
1,3,3,2,44,3072,26,67512,822,5800,0.1317421378171874,0,0,1,13,1,0.8056144004995138,1,High
6,6,1,2,15,3484,16,73223,667,5723,0.1630369782074285,1,0,1,6,1,0.7971542131920931,1,High
10,0,0,5,17,2706,23,67489,749,3077,0.1945632264034723,1,0,1,8,1,0.7681755593907298,1,High
7,3,5,1,25,2979,21,70913,737,5349,0.1769944524112485,0,1,1,7,1,0.7386876944606012,1,High
11,1,2,4,33,2303,16,98682,651,3021,0.2071829070224379,1,0,1,16,1,0.7300908080498876,1,High
2,7,1,2,41,2319,12,65867,830,4211,0.141145905963713,1,0,1,6,1,0.7104768794259467,1,High
8,1,3,5,35,2203,16,86201,653,3637,0.2146321099065894,1,0,1,6,1,0.709379170180022,1,High
2,8,1,6,22,2118,22,89603,709,3265,0.2108661839875124,0,0,1,8,1,0.7076862469044702,1,High
3,3,4,2,39,3867,19,99237,724,3256,0.2052055751434035,1,0,1,6,1,0.6520695099589616,1,High
4,1,0,3,23,2867,16,130448,690,6600,0.1347989911519581,1,0,1,11,1,0.6396573132661504,1,High
3,6,1,3,26,3136,28,86736,651,3641,0.17343481173137,0,0,1,3,1,0.6088403203560989,1,High
3,4,1,3,17,3224,24,56213,667,5297,0.2041370598871453,0,0,1,14,0,0.39869224069796877,0,Medium
5,3,2,5,30,2323,8,93089,728,4745,0.1433982956118111,1,0,0,6,0,0.37194485859097864,0,Medium
3,5,2,1,0,2233,14,85000,666,4211,0.1416678970484613,0,0,1,6,0,0.3669689242782699,0,Medium
5,5,1,1,33,2864,23,39711,722,5063,0.1001762792698784,0,0,1,5,0,0.33988863043774264,0,Medium
4,5,2,3,35,2445,1,36675,728,5185,0.115856189891578,0,0,1,6,0,0.24338751226251232,0,Low
4,5,0,3,27,2212,7,54313,747,3168,0.2146517515747924,1,0,1,6,0,0.23595445649122118,0,Low
2,4,2,1,36,1778,18,94562,740,5856,0.18658913851982,0,0,1,2,0,0.23590387718499448,0,Low
6,1,0,4,25,2169,19,78225,660,4538,0.1471517664308265,0,0,1,0,0,0.23067975566222143,0,Low
3,0,1,7,22,2592,11,35996,674,2563,0.1333874194917113,0,0,1,14,0,0.2224010411178133,0,Low
5,5,0,4,25,2479,18,78220,539,4692,0.190792592041522,0,0,1,3,0,0.218353493582441,0,Low
3,4,0,3,20,1769,12,47460,653,5859,0.1732883597455143,0,0,1,8,0,0.217483460983461,0,Low
11,1,1,2,34,1783,20,65970,505,4344,0.1597730942848013,0,1,1,3,0,0.21573737432127513,0,Low
2,3,4,1,0,2330,19,98417,713,5123,0.109460021357495,0,0,1,13,0,0.21360608783570026,0,Low
3,2,3,4,7,2685,14,88477,693,4689,0.1410356714493909,0,0,1,8,0,0.21344860008016592,0,Low
2,0,0,6,29,1840,0,87978,692,4273,0.1249882616133241,0,0,1,12,0,0.20822744996600107,0,Low
3,1,0,1,10,1510,5,99982,643,3576,0.1539410670946115,0,0,1,7,0,0.20308714667891883,0,Low
5,1,1,3,23,2258,14,88867,655,4210,0.132673719436632,1,1,1,6,0,0.19955262524687054,0,Low
8,1,2,0,29,3066,24,57063,739,4111,0.1281216109137685,0,0,1,5,0,0.19683576120450672,0,Low
7,1,0,3,24,2175,0,83426,677,4607,0.1931989611654926,0,0,1,12,0,0.1944944893362615,0,Low
1,5,0,1,32,2883,24,96881,725,3987,0.1924323183092113,0,0,1,2,0,0.19088411383020482,0,Low
2,3,1,6,7,2784,19,98301,529,2650,0.1200881355537664,0,0,1,10,0,0.1900426070311581,0,Low
4,0,4,0,34,2948,16,62181,680,5596,0.2189076036406703,0,0,0,9,0,0.18779520622561863,0,Low
3,3,1,3,33,2542,19,97224,741,4265,0.1253503243485397,0,0,0,2,0,0.18350957674048385,0,Low
6,1,1,3,34,902,21,79165,730,4686,0.2035359167048015,1,0,1,2,0,0.1805991333102198,0,Low
0,6,0,0,4,2820,12,67071,743,5636,0.1837357866018319,0,1,1,12,0,0.18007894677503777,0,Low
2,2,2,6,15,951,4,47997,740,5062,0.0861892524073325,0,0,1,0,0,0.17514833549010767,0,Low
7,0,1,2,28,2152,18,93614,703,4306,0.115716734981077,0,0,1,8,0,0.1720861482618212,0,Low
1,1,4,1,7,854,21,94764,717,4689,0.1791192113979902,0,0,1,5,0,0.1669539861320151,0,Low
1,5,0,1,27,1148,21,72191,666,5188,0.1872921131818526,0,0,1,5,0,0.16533340065449167,0,Low
5,1,0,4,18,2844,23,60010,697,5699,0.135738199122983,0,0,1,8,0,0.1639367137784859,0,Low
5,3,1,1,32,815,13,96211,687,3654,0.1777643055125134,1,0,1,13,0,0.15622292391565576,0,Low
9,0,1,1,20,902,8,95082,732,4232,0.0885746738740516,0,0,1,12,0,0.1538914120875031,0,Low
2,1,0,6,10,836,17,42963,553,5411,0.210633275416997,0,0,1,14,0,0.1521387062304784,0,Low
4,5,0,1,24,3484,8,53874,735,4307,0.1809641945872258,0,0,1,8,0,0.14977264196873297,0,Low
4,0,4,1,37,2939,15,37036,745,5711,0.1476874288102053,0,0,0,7,0,0.14317219035260273,0,Low
2,2,2,1,19,3477,7,99967,710,2362,0.15607401032121,1,0,1,6,0,0.1420066692563698,0,Low
5,2,0,3,30,2521,24,51532,665,4411,0.1969926470286798,1,0,0,13,0,0.14166401583185287,0,Low
4,3,2,0,36,2583,24,82135,741,5181,0.0938919433198451,0,0,1,11,0,0.1401606219405145,0,Low
2,0,4,1,7,1504,5,93619,696,2544,0.1938748014072564,1,0,1,7,0,0.13849929237429237,0,Low
3,4,0,0,18,2569,21,87781,692,4357,0.1422953171936925,0,0,1,8,0,0.13843474172502282,0,Low
9,0,1,2,30,2211,2,71412,708,3624,0.1093950044657685,0,0,1,3,0,0.1364323496358156,0,Low
3,3,4,0,36,2532,16,56250,645,5272,0.1358998346320566,1,0,1,8,0,0.13387423034738383,0,Low
1,3,3,2,32,3449,13,72203,545,3807,0.1817036933415565,0,1,1,7,0,0.1337073403465573,0,Low
9,3,0,0,24,2694,1,44685,545,5070,0.1177954879907389,0,0,0,12,0,0.1315507804968715,0,Low
2,6,1,1,37,1531,18,76966,571,4284,0.1805372238491372,0,0,1,11,0,0.1299570096105474,0,Low
3,4,0,0,39,1336,24,60469,718,5651,0.0902165894439528,0,0,1,9,0,0.12948696059220652,0,Low
4,0,3,5,20,2129,9,35430,743,3014,0.1742940694860779,0,1,1,4,0,0.12859501381178595,0,Low
6,3,0,0,33,3157,19,68259,656,1862,0.2002659338987579,0,0,1,3,0,0.12848798946090914,0,Low
7,0,1,0,17,2318,13,63984,681,3428,0.2155437844759172,0,0,1,0,0,0.1282186768587524,0,Low
2,5,1,2,14,2017,22,74062,660,5749,0.1313607215531217,1,0,1,0,0,0.12740795164818233,0,Low
0,3,1,4,26,1149,14,75305,726,5589,0.1874036908692967,0,0,1,3,0,0.12661007548992076,0,Low
3,4,1,1,15,3430,22,78395,673,1813,0.1779507788994694,0,0,1,7,0,0.12600475199675723,0,Low
5,4,1,1,35,3085,20,49848,627,4497,0.0827779898768906,0,0,1,2,0,0.12551613054506067,0,Low
7,4,0,0,17,1817,8,46956,557,3891,0.2110451148216294,1,0,1,10,0,0.12504350959875551,0,Low
2,0,0,1,17,3402,1,99963,647,1368,0.0944357355190343,0,0,1,14,0,0.1233587639505361,0,Low
8,0,0,1,17,3420,20,95345,546,4797,0.1459731199236749,0,0,1,11,0,0.12325619417449209,0,Low
1,1,0,2,5,3402,16,99966,745,2431,0.0851280911309214,1,0,1,1,0,0.12077812706887238,0,Low
3,4,0,0,16,2992,17,81982,697,4517,0.1430305357094466,0,0,1,1,0,0.12017795221823331,0,Low
2,4,0,3,28,1362,14,73848,511,3990,0.1756790924662271,0,0,1,13,0,0.11994768009768011,0,Low
2,0,5,1,34,2679,1,76744,668,3706,0.1852143161484973,0,0,1,10,0,0.11991827531505424,0,Low
5,0,0,5,27,3052,8,94242,728,5125,0.1160553640399851,0,0,0,0,0,0.11896857081034294,0,Low
4,4,2,1,21,857,24,70134,501,2358,0.1179618511059317,0,1,1,3,0,0.11873495442181695,0,Low
3,4,0,0,22,1752,23,30614,725,1484,0.2146054274715083,1,0,1,12,0,0.11763063472236585,0,Low
8,0,2,1,19,1824,24,53258,650,1755,0.1603318146076425,0,0,1,2,0,0.11755630660396107,0,Low
1,0,6,0,4,3392,5,44656,657,4347,0.1864696990808155,0,0,1,12,0,0.11661116661116662,0,Low
4,6,0,0,8,3375,3,79406,572,1241,0.2188737671896719,0,0,1,3,0,0.11605414030414032,0,Low
6,0,0,3,24,3375,19,69926,662,5611,0.09370263534658,0,0,1,9,0,0.11604351186516018,0,Low
0,1,3,1,34,1117,15,99959,558,2995,0.1849949152217554,0,0,1,9,0,0.11555537289714506,0,Low
2,1,2,3,27,3363,22,81805,685,3376,0.2126847883969284,1,1,0,13,0,0.11552134629252044,0,Low
7,1,0,3,31,2139,11,82291,731,2233,0.151287574078337,0,0,0,7,0,0.11531736090913305,0,Low
2,2,3,0,39,1134,22,99372,670,5326,0.2159754736596557,1,0,1,7,0,0.11444486505178647,0,Low
3,5,0,3,35,1860,6,53703,677,3013,0.0816381031699458,0,0,1,4,0,0.11426845376845378,0,Low
6,1,0,2,37,3354,15,83631,748,3110,0.2072899978548529,0,0,0,1,0,0.11325354718947894,0,Low
3,4,1,3,29,1519,1,79810,742,1282,0.1834408377022269,0,1,1,8,0,0.11269173388263046,0,Low
3,3,4,1,16,1046,9,84859,690,3019,0.1192874381665826,0,0,0,1,0,0.1113823561502249,0,Low
6,2,0,1,19,2961,20,32990,732,5477,0.2063119366605281,0,0,1,7,0,0.11122328968641801,0,Low
2,5,1,0,28,3236,3,97480,697,2915,0.1109417775601913,1,0,1,2,0,0.11062363219332529,0,Low
2,4,2,1,13,2770,2,91320,718,5840,0.2105628059113319,1,0,1,7,0,0.11028832516278982,0,Low
2,3,0,3,37,829,21,80299,694,4687,0.1808849042529817,1,0,1,6,0,0.10982151907007076,0,Low
2,4,1,0,18,2275,22,64017,704,4128,0.139235717150776,0,1,1,9,0,0.10807835822186039,0,Low
5,1,2,2,27,1387,19,94981,666,4516,0.191992457669178,1,0,0,1,0,0.10766090102307001,0,Low
8,1,2,0,25,1697,7,72468,553,4975,0.212382271716493,0,0,1,14,0,0.10620340744715294,0,Low
2,0,3,2,5,2934,15,91230,735,4217,0.2198095148357561,1,0,1,8,0,0.10596754293273601,0,Low
7,1,0,1,32,870,8,75244,744,3959,0.1395989175685069,1,0,1,12,0,0.10529418758205072,0,Low
6,2,2,2,12,1208,23,83175,681,2485,0.1643610834448595,0,0,1,12,0,0.1049786897763443,0,Low
1,1,3,4,27,970,19,60908,733,5482,0.1902797862335905,0,0,0,8,0,0.10260199201099107,0,Low
7,0,2,2,18,3181,16,88361,697,1185,0.0923607409511103,0,0,0,1,0,0.10190019474196686,0,Low
1,1,1,0,39,1448,12,99929,632,3255,0.0887212271393044,0,0,1,1,0,0.10148061226847542,0,Low
6,0,2,4,14,2135,17,96258,531,3957,0.2147507124587745,1,0,1,6,0,0.10123789065363561,0,Low
3,5,1,0,18,2901,15,67105,644,1625,0.1074026522529539,0,0,1,13,0,0.10043580322405946,0,Low
2,4,2,1,29,1025,11,95723,664,3136,0.187604200525568,0,0,1,10,0,0.09853219656622597,0,Low
1,4,0,0,39,2012,24,50504,709,3143,0.1270377287025261,1,0,0,6,0,0.09850460194538604,0,Low
3,0,1,1,5,1937,18,99932,688,5643,0.1744386632581111,0,0,1,5,0,0.09794722551633868,0,Low
2,6,2,1,17,1778,10,79242,507,1529,0.1890247540250529,0,0,0,0,0,0.09620962257988337,0,Low
4,4,1,1,3,2933,16,55050,735,2548,0.1362306809642561,0,0,1,11,0,0.09600309536960325,0,Low
1,5,1,4,39,1792,1,68288,608,4577,0.2191531940571675,0,0,0,8,0,0.09538023088023087,0,Low
2,3,2,3,36,1777,11,89341,703,5931,0.1008220942767995,0,0,1,9,0,0.0943097291311138,0,Low
3,4,1,2,8,2960,12,95478,674,2478,0.2158799468082964,1,0,1,3,0,0.09383329476681417,0,Low
6,3,0,1,19,1461,6,93716,738,2308,0.1312607068181135,0,0,1,0,0,0.09372745081922298,0,Low
1,4,3,1,25,2094,8,64235,522,5600,0.1906381289521518,0,0,1,1,0,0.09243820068820068,0,Low
3,4,0,1,29,2857,2,70496,748,4126,0.190882994997954,0,1,1,9,0,0.0919263851340215,0,Low
2,3,0,3,29,2448,18,94388,731,5407,0.1618063589081904,0,0,1,4,0,0.09165463928068923,0,Low
4,0,0,5,31,1452,16,79109,590,1489,0.0884595217756263,0,0,1,11,0,0.09056305880160988,0,Low
5,2,2,0,27,1602,0,72345,662,5218,0.1254614374380038,1,0,1,1,0,0.08946080897235634,0,Low
2,4,0,3,9,2755,22,99294,613,4703,0.1916998529944765,0,0,1,8,0,0.0893021073300338,0,Low
2,1,0,1,15,960,1,99950,705,2582,0.1151851160946286,0,0,1,12,0,0.08861095620272835,0,Low
3,1,1,5,3,2944,1,39079,745,3756,0.0868068964301198,0,0,0,5,0,0.0886100265767987,0,Low
3,5,0,0,2,2694,22,97207,670,1953,0.1097410186523992,0,0,1,13,0,0.08770437895437895,0,Low
7,2,1,0,30,1197,10,72242,672,4861,0.1657089160879415,0,0,0,11,0,0.08743082871869186,0,Low
1,5,1,0,12,2456,2,86905,679,5536,0.2158348338865088,0,0,1,11,0,0.08591658136267234,0,Low
3,1,0,5,19,890,6,48853,685,4558,0.2076391667838502,1,0,1,13,0,0.085897183863956,0,Low
3,1,1,5,13,1714,9,99714,693,1086,0.1692189494629933,0,0,1,5,0,0.08487528823883932,0,Low
6,1,0,3,28,1107,24,66440,722,2913,0.1586475408471482,0,0,1,3,0,0.08434358468535683,0,Low
2,4,1,1,36,1029,13,92982,681,4644,0.1046432827531356,1,0,1,4,0,0.08402298594792496,0,Low
5,3,2,0,36,3133,24,89879,591,4575,0.1756040016295695,0,0,1,6,0,0.08388867873268438,0,Low
1,6,0,0,16,3103,1,75263,599,4037,0.1564852208913067,0,0,1,13,0,0.08368849292284017,0,Low
7,3,2,3,11,1803,4,89258,697,1346,0.1426622955475264,0,0,1,5,0,0.0828961327120428,0,Low
2,1,1,4,29,3013,21,74932,636,5646,0.1887880900292074,1,0,1,1,0,0.08236119691808533,0,Low
4,2,3,0,0,3059,15,79716,711,4066,0.163257119558111,0,0,0,7,0,0.08089014980911324,0,Low
0,5,1,0,13,1231,14,67156,736,2841,0.1829362898359025,0,0,0,4,0,0.08061507936507935,0,Low
2,5,2,1,25,2761,11,54322,604,3492,0.1659448135111013,0,1,0,3,0,0.0800963836244792,0,Low
0,5,1,1,22,2821,11,64134,691,4712,0.0917334334932946,0,0,1,2,0,0.08001674800109523,0,Low
7,1,0,0,29,1686,2,94139,741,3729,0.2142313133310324,0,0,1,7,0,0.07997624338219698,0,Low
4,5,0,1,8,1838,5,65655,671,5327,0.1692076468160426,0,1,1,6,0,0.07996113403222503,0,Low
3,4,0,0,20,3042,20,94347,732,2597,0.1473670517538788,1,0,1,1,0,0.07990598996413899,0,Low
4,2,0,3,31,1387,13,95630,724,4072,0.1762764172362517,0,0,1,5,0,0.07973866811531342,0,Low
4,3,3,1,3,2681,16,84816,566,5080,0.1586545423403122,0,0,0,4,0,0.07945675896485248,0,Low
4,0,0,4,1,3253,18,66766,717,4692,0.1259511786286141,0,0,1,7,0,0.07923344625563078,0,Low
2,3,1,4,33,2057,10,88463,662,3974,0.1338865005697276,0,0,1,7,0,0.07914073112928219,0,Low
6,1,0,2,35,1382,13,92302,749,5825,0.1074082491163626,0,0,1,11,0,0.07898384361127353,0,Low
3,4,0,1,3,1297,18,65959,675,5601,0.1511202197879405,1,0,1,11,0,0.07850484805544078,0,Low
3,4,1,0,3,3125,19,77451,672,5014,0.2083083774812347,0,0,1,2,0,0.07830125734572006,0,Low
5,1,1,2,15,2351,23,83659,666,4358,0.2152105436684642,0,0,1,2,0,0.07766905660969937,0,Low
0,1,4,2,21,1905,11,56977,544,3651,0.1590007873158832,0,0,1,10,0,0.0764282829665392,0,Low
3,0,3,1,30,2137,24,68672,695,4609,0.088829641331193,1,0,1,14,0,0.07623541507718723,0,Low
4,4,1,1,35,1701,22,89048,599,3438,0.1999777409286858,0,0,1,2,0,0.07614529437552559,0,Low
4,0,1,5,5,1635,13,88464,631,1156,0.1853695212520345,0,1,1,1,0,0.07513051911907018,0,Low
4,2,1,4,1,2597,22,79740,596,5489,0.1053655099231493,1,0,1,11,0,0.07471013480190694,0,Low
2,6,1,2,6,2372,1,82228,636,1424,0.1147100354886628,0,0,0,4,0,0.07450796425796426,0,Low
0,2,1,5,37,2547,9,62699,717,2133,0.1818629317677872,0,0,0,14,0,0.07433678989284774,0,Low
1,4,0,0,36,2865,19,68276,709,5706,0.1588955840168573,0,0,1,5,0,0.07422318270342862,0,Low
2,4,0,2,38,2455,13,88077,728,3391,0.1036176704886001,0,0,1,1,0,0.07341509950669112,0,Low
6,1,3,1,35,2232,22,66272,511,5615,0.0825693040185498,0,0,1,12,0,0.07322907136952064,0,Low
0,4,0,0,31,3499,21,83692,624,3152,0.1138501254175068,0,0,0,10,0,0.07319594003880997,0,Low
1,2,1,4,34,1756,24,75963,720,5486,0.0816462038813915,1,1,1,11,0,0.07304005488182702,0,Low
3,1,4,1,20,1678,2,64334,558,4813,0.1468519146138176,0,0,1,6,0,0.07245101023926645,0,Low
3,0,0,5,32,2913,5,79481,649,3800,0.175531704259611,0,0,0,2,0,0.07167272691127798,0,Low
0,1,3,3,35,3097,11,99797,540,5226,0.1223923415997992,0,0,1,5,0,0.07146364432719539,0,Low
4,3,0,3,35,1674,23,52785,700,3224,0.1025633835438191,0,0,1,12,0,0.07127968866056884,0,Low
7,3,0,1,8,3485,2,79155,553,4521,0.1788918468890513,0,0,1,14,0,0.07097592251378566,0,Low
3,2,0,4,27,3388,10,88134,671,5016,0.164929723931592,1,1,0,4,0,0.07084174611359226,0,Low
5,5,1,0,22,2454,6,65954,505,1233,0.1062342591016489,0,0,0,5,0,0.07022418151243774,0,Low
3,2,4,1,23,2228,1,95207,574,1843,0.0982890686753292,0,0,0,9,0,0.06985350675028566,0,Low
4,1,3,3,18,2795,18,52869,555,4794,0.1940005436306725,1,0,1,10,0,0.06972340170741524,0,Low
0,0,0,4,12,3489,17,90839,749,4764,0.1635060547707979,1,0,1,11,0,0.06899207508384723,0,Low
1,0,0,0,7,2216,23,56351,557,3805,0.2199779714646638,1,0,1,5,0,0.0689592352092352,0,Low
1,0,0,2,23,1580,1,40684,654,2108,0.2199778527585961,0,0,1,8,0,0.06838347763347764,0,Low
3,3,2,0,39,1871,13,35183,691,3588,0.1853834370945071,0,1,1,8,0,0.06788470332463437,0,Low
0,0,3,2,1,2796,23,65322,730,5304,0.1619976365125093,0,0,1,5,0,0.06748022582199799,0,Low
7,2,0,1,20,2652,23,97462,614,3799,0.0930244495630906,0,0,0,11,0,0.06694126272912587,0,Low
2,1,1,1,17,810,7,99902,664,4254,0.1270795836804569,0,0,1,14,0,0.0667670480549112,0,Low
2,0,4,0,12,2834,7,93394,593,4844,0.0854718716979337,0,0,1,14,0,0.06671492311170202,0,Low
3,1,1,2,10,1270,2,45586,702,3620,0.2199961006315175,1,0,1,14,0,0.06628744072895121,0,Low
5,3,1,1,29,2171,14,47396,743,2854,0.1914385993196246,1,0,1,7,0,0.06619689598111955,0,Low
3,2,1,4,2,1271,19,93153,717,5277,0.1574722285695126,0,0,1,12,0,0.06585238401216795,0,Low
3,4,0,2,12,1296,18,84399,666,3776,0.1572003308356452,0,1,1,1,0,0.06576643652583636,0,Low
5,0,0,0,18,3499,2,50868,568,4498,0.108297374601007,0,0,0,5,0,0.06564913818700134,0,Low
2,3,0,4,23,1345,6,49870,737,3493,0.2051969778497773,1,0,1,10,0,0.06526148151118975,0,Low
6,1,1,4,13,1023,4,36875,741,1651,0.1800806975246281,1,0,1,8,0,0.0644227832645554,0,Low
2,1,3,3,31,2261,16,49033,743,5713,0.1176405631714917,0,0,0,5,0,0.06389970911648127,0,Low
3,4,2,0,8,1323,4,89563,679,2729,0.1551720195991175,1,0,1,0,0,0.06367995853911347,0,Low
5,3,2,0,38,2395,22,64962,509,1608,0.207134232445992,0,0,1,4,0,0.06335867294373998,0,Low
4,4,1,1,20,1927,16,58526,520,5637,0.1297243029596443,0,0,1,13,0,0.06316135300485516,0,Low
5,2,1,1,28,1044,14,67476,745,2764,0.1412495196993305,0,0,1,13,0,0.06285465139642356,0,Low
1,1,0,1,21,3498,21,99123,725,2806,0.1613678973515583,0,0,1,10,0,0.06284666408521516,0,Low
5,2,0,0,16,3490,15,97663,696,3095,0.0860343049662958,0,0,0,4,0,0.06260550623553461,0,Low
3,0,0,5,12,2235,19,82412,651,1009,0.1124595105643969,0,0,1,10,0,0.061846442084993146,0,Low
2,5,0,1,37,2660,22,60426,637,5449,0.1908500944820265,0,0,1,0,0,0.06139998684607784,0,Low
2,6,0,1,28,2642,1,65429,521,1910,0.192745823118117,0,0,1,4,0,0.061388528138528145,0,Low
3,0,0,1,37,3498,22,83918,693,2431,0.1285758880914977,0,0,1,6,0,0.06109666408521516,0,Low
1,3,0,3,2,1677,24,72604,749,2858,0.1220887439257534,0,0,1,2,0,0.061077833528301324,0,Low
2,0,1,0,19,3498,7,96624,712,3419,0.1974878201498222,0,0,1,2,0,0.06086930605394813,0,Low
7,1,0,0,25,1477,22,85597,731,2886,0.1379777121616254,1,0,1,12,0,0.060753064094836245,0,Low
8,0,0,0,33,1815,6,75382,700,1747,0.0858367451030601,0,0,1,10,0,0.0604103512521234,0,Low
6,2,1,3,14,1768,11,99309,566,5776,0.1988148762276264,1,0,1,2,0,0.060370307962080115,0,Low
4,0,2,0,21,2249,12,96823,710,4502,0.1513739556843484,1,0,1,10,0,0.060081062348692205,0,Low
2,5,0,2,30,3132,23,93584,613,1254,0.2088302380216393,0,0,1,10,0,0.06004112554112555,0,Low
5,1,0,0,31,3395,15,98681,747,5698,0.1485348064677103,1,0,0,11,0,0.059182140402558814,0,Low
5,2,1,3,39,846,15,86985,609,4104,0.1746240239676593,1,0,1,13,0,0.05861164995342211,0,Low
0,3,0,4,24,1012,18,88441,744,2893,0.1692661550356501,0,0,1,6,0,0.05843526992382099,0,Low
0,1,1,5,38,2831,11,34074,556,5904,0.2017238570639742,0,1,1,4,0,0.05819642628819844,0,Low
2,3,2,0,13,1632,12,78638,669,5577,0.2135944414733967,1,0,1,1,0,0.05795030695156127,0,Low
1,3,0,4,35,1104,19,89291,725,2679,0.1800270211829402,0,0,1,6,0,0.057944674778659104,0,Low
1,0,3,3,6,3043,6,82190,701,4041,0.1104384996618117,0,1,1,2,0,0.057478435091986156,0,Low
4,2,0,3,13,829,23,97811,726,4058,0.2178835548965803,1,0,1,0,0,0.05744856621384119,0,Low
1,0,0,0,30,2277,8,85553,623,5998,0.2024013709544132,0,0,1,14,0,0.05735433665706917,0,Low
2,1,4,0,33,912,21,43736,501,4515,0.0938990213733135,0,0,0,5,0,0.056764097014096994,0,Low
6,1,1,4,26,1261,22,35257,523,4137,0.102554512117071,0,0,1,3,0,0.05668865628042842,0,Low
2,4,1,1,22,1971,19,84395,703,2360,0.0973777029935718,1,0,0,14,0,0.05644790544409007,0,Low
6,0,2,1,38,2049,22,88572,627,3627,0.1443189846556384,0,0,1,8,0,0.05622679381333407,0,Low
0,3,2,4,30,2761,6,98657,590,4719,0.1227607683896367,0,0,1,5,0,0.05587245808514708,0,Low
1,1,4,1,13,3339,14,79671,571,3139,0.1002361380091364,0,0,1,9,0,0.05577261541939433,0,Low
3,0,1,0,4,2559,20,77419,593,5998,0.1750479565474824,0,0,1,2,0,0.05573793105372066,0,Low
3,3,1,3,20,2027,16,81656,630,3007,0.1359867547694714,0,0,1,11,0,0.05565410846647146,0,Low
3,2,4,0,4,893,0,81391,646,2476,0.0886898911315391,0,0,1,3,0,0.05553382643060534,0,Low
7,2,2,2,15,3332,4,31703,736,2778,0.0945098772276812,1,0,1,9,0,0.053706073503728004,0,Low
0,0,0,0,39,3249,3,75973,565,5998,0.1289096663972911,0,0,0,8,0,0.05353691622155829,0,Low
5,1,1,4,18,2598,16,66194,635,3175,0.1005275345354599,0,0,1,4,0,0.05346968081145296,0,Low
5,4,0,0,26,3392,7,59696,560,5895,0.1766174466437828,0,0,1,7,0,0.0527848515900975,0,Low
1,0,2,3,8,1809,24,62056,736,5432,0.2090112648213914,1,0,1,10,0,0.0527241525302104,0,Low
5,0,3,3,10,1663,4,53723,535,5487,0.1445817735759037,1,0,1,4,0,0.05230355527032742,0,Low
2,1,3,1,17,2100,14,76774,710,3157,0.1898594509134371,1,0,1,0,0,0.05196756084758923,0,Low
2,4,0,2,3,1476,5,68155,737,4391,0.124926513423157,1,0,1,13,0,0.05185555002890881,0,Low
4,0,4,1,22,3266,4,59838,560,3954,0.1227822329044128,1,1,1,5,0,0.05162378191203813,0,Low
5,4,1,0,0,1010,7,39106,682,1505,0.2127102209768073,0,1,1,9,0,0.05149601076645602,0,Low
2,2,4,0,35,2815,12,42805,505,3138,0.0910871763197283,0,0,1,9,0,0.05127910977910977,0,Low
5,2,0,3,25,3395,23,75606,567,5736,0.1481914389156279,0,1,1,6,0,0.050958170476215404,0,Low
3,5,0,2,31,2084,6,63808,586,4361,0.1286437725504592,0,0,0,14,0,0.050761936715402696,0,Low
8,0,1,1,7,1674,6,91319,691,1768,0.1210735251402668,0,0,1,3,0,0.050438129029901184,0,Low
2,1,2,3,27,3299,2,92635,668,5778,0.1629028217809467,0,1,1,10,0,0.04972533796388903,0,Low
4,3,2,0,13,2895,15,83594,713,4974,0.1711613339933512,0,0,1,14,0,0.049675090579983164,0,Low
3,2,0,2,20,1277,15,44302,512,5997,0.204153724113805,0,0,1,4,0,0.04922117255466692,0,Low
3,1,2,2,7,1379,23,93287,749,5600,0.194938957320792,1,0,1,10,0,0.04856494505077287,0,Low
8,1,1,1,21,3270,11,36557,603,2961,0.1805147881908699,0,0,1,1,0,0.04841035125212341,0,Low
3,0,0,4,37,2618,24,90765,664,2667,0.2151498511921512,0,0,1,3,0,0.048360159847948905,0,Low
2,4,0,0,29,1900,21,79445,738,1029,0.1926207167736142,0,0,1,12,0,0.048332554269635654,0,Low
3,3,0,1,18,2660,21,30733,534,5997,0.1679804975328768,1,0,1,7,0,0.047863394841688126,0,Low
7,2,1,3,18,1087,13,30502,617,1794,0.1493812864439054,0,0,1,6,0,0.04778228487405703,0,Low
2,4,0,2,0,3293,10,60652,718,4249,0.1348816420606449,1,0,1,9,0,0.04713806602038002,0,Low
0,1,0,5,4,3286,22,67850,552,1233,0.1304119373028257,0,0,1,4,0,0.04709219718396934,0,Low
7,1,0,2,13,2783,23,91390,555,2798,0.1958422293782017,1,0,1,0,0,0.047059235048066014,0,Low
1,2,1,0,5,3288,12,99866,604,4134,0.0933756257088754,0,0,1,13,0,0.04697681051467366,0,Low
0,1,5,0,30,3310,13,39094,548,1406,0.122780450699905,0,0,1,3,0,0.046881007881007866,0,Low
7,1,1,2,5,2649,0,38951,727,4811,0.1522369688540938,0,0,1,0,0,0.046705893251131385,0,Low
3,2,0,5,9,1768,17,30887,626,1744,0.1026982194805444,0,0,1,4,0,0.04629274663451879,0,Low
0,2,0,4,22,2881,17,61146,675,5890,0.1116589020158094,1,0,1,11,0,0.04603103612280826,0,Low
5,1,2,1,27,3177,19,47829,668,5822,0.0979887249619331,0,0,1,11,0,0.04602915989902761,0,Low
6,1,1,1,36,1180,15,86532,556,5999,0.1873936671858933,0,0,1,13,0,0.045684075471938625,0,Low
0,0,0,5,13,2313,19,31977,513,4277,0.1590249638801234,1,0,1,9,0,0.04551352585529801,0,Low
5,1,0,1,39,2886,15,80584,655,5347,0.1725746131850535,0,0,1,1,0,0.04537779841566156,0,Low
5,4,0,0,20,2973,12,39993,508,1037,0.0953078660925177,0,0,0,5,0,0.045330325368581594,0,Low
4,2,2,1,38,2904,1,74068,658,3720,0.2187125364373739,0,0,1,5,0,0.04495167145651369,0,Low
3,5,0,0,35,1102,11,90016,610,3616,0.1250604538591256,0,0,1,11,0,0.04494652364261464,0,Low
5,2,0,4,29,3026,10,69352,512,5822,0.0883125898703532,0,0,1,7,0,0.0444998173415895,0,Low
1,0,0,5,15,2460,10,88415,615,4325,0.0842742242851914,0,0,1,11,0,0.04441082214937322,0,Low
5,0,0,4,30,1210,21,77188,583,1481,0.2170084534653571,0,0,1,0,0,0.04431086103378072,0,Low
1,4,0,3,35,3118,1,36773,574,5992,0.1065908799481336,0,0,0,8,0,0.04409054834054833,0,Low
2,5,0,0,13,2429,5,75638,703,3239,0.1236906491336029,0,0,1,1,0,0.04387545582154682,0,Low
1,4,0,0,31,1224,22,74125,689,2587,0.1540302150609205,1,0,1,8,0,0.04357940380825183,0,Low
1,3,2,1,14,2940,17,93037,690,5748,0.2035806207612979,0,0,1,4,0,0.04297039724704753,0,Low
2,3,2,2,16,3276,19,75174,641,3093,0.1595034420084523,0,0,1,14,0,0.04264401284221566,0,Low
3,4,1,1,36,2708,15,64096,527,2311,0.1774410935362728,0,0,1,3,0,0.04251798162713656,0,Low
3,1,0,0,39,2512,10,99862,597,1721,0.1687783775251077,0,0,1,12,0,0.042483222824994976,0,Low
1,0,0,0,18,1703,4,99866,626,2800,0.1712999790892447,0,0,0,6,0,0.042483222824994976,0,Low
1,4,2,0,9,3337,9,66088,585,5559,0.1494167830827855,0,0,1,13,0,0.042406933794184275,0,Low
0,1,0,1,30,2280,12,93607,694,1169,0.2199656616213975,1,0,1,0,0,0.04231436559038443,0,Low
0,4,0,0,29,2868,18,91988,699,4404,0.1934488464680694,0,0,1,11,0,0.04213631528539895,0,Low
2,1,1,5,7,1814,15,63300,640,5311,0.1413230448482538,0,0,1,1,0,0.04201860411037626,0,Low
1,3,0,4,11,3044,2,90870,701,5874,0.1337894090010725,0,0,0,11,0,0.04195599919455026,0,Low
1,4,0,4,0,1990,4,68673,699,3181,0.1868909392377441,0,0,1,2,0,0.041578592042877754,0,Low
1,3,0,4,14,887,23,42386,739,2640,0.2036877513283234,0,0,1,2,0,0.04144789067081035,0,Low
7,0,1,3,10,926,7,65246,610,1105,0.1455548818603557,0,0,1,5,0,0.04142097951275166,0,Low
6,0,0,3,12,2731,4,98491,709,3357,0.1200382293667484,0,0,1,3,0,0.04113401647578863,0,Low
6,0,0,4,20,815,18,32345,643,1940,0.1932888504531812,0,0,1,12,0,0.04110082744259959,0,Low
1,1,0,5,14,3465,23,39183,563,3475,0.1459823934755394,0,0,1,10,0,0.04102074086251301,0,Low
1,3,2,2,32,3048,20,64065,573,4831,0.2159090919284068,0,0,1,11,0,0.04082417591667164,0,Low
7,0,0,2,15,2856,22,98041,667,1811,0.0834249125566701,0,0,1,3,0,0.04058534292711508,0,Low
5,2,0,0,35,2224,12,99811,563,4084,0.1667526452339216,0,0,1,14,0,0.04035989964776279,0,Low
2,3,1,1,36,2423,15,88719,683,5552,0.1798540818645195,1,0,1,14,0,0.040086638444008525,0,Low
0,3,1,1,36,3495,13,64173,565,3547,0.213268845072738,0,0,1,14,0,0.040018363164921966,0,Low
2,2,1,4,14,1451,24,85954,700,5524,0.122077207840427,1,0,0,9,0,0.03999207508384724,0,Low
2,0,2,3,29,3418,11,83902,700,5702,0.2162818811700482,0,0,1,13,0,0.03968452163735842,0,Low
2,1,3,1,32,3278,19,99551,643,3486,0.1829743277211345,0,0,1,5,0,0.03968388242243349,0,Low
5,3,0,0,21,909,24,41881,688,2807,0.1386937531212639,0,0,1,7,0,0.03957761745764584,0,Low
7,0,0,0,7,3134,6,73249,582,3252,0.2076699664486559,1,0,1,8,0,0.039281838819701966,0,Low
4,4,0,0,0,1441,8,99659,660,4667,0.1289001132956009,0,0,1,9,0,0.03913666558869043,0,Low
5,0,1,1,22,2649,24,74582,672,4484,0.0835946426485109,1,0,1,14,0,0.038990791187179956,0,Low
5,1,3,0,6,2086,4,63786,678,5607,0.1459638775575069,0,0,1,14,0,0.038923699015471165,0,Low
5,2,0,1,21,2507,23,34394,678,4761,0.1982766779916106,0,0,0,10,0,0.038818590275857184,0,Low
0,2,3,0,14,1120,19,52403,708,5827,0.1391489348037345,0,0,1,13,0,0.03874013258190473,0,Low
5,3,0,0,28,3465,7,83308,712,3144,0.1874578612638289,1,0,0,12,0,0.03866392813678002,0,Low
3,2,3,2,10,2347,15,77934,526,5386,0.1522137404387368,0,0,1,14,0,0.038591299686408134,0,Low
2,4,1,2,5,3239,11,74615,664,5464,0.18440324127884,0,0,1,6,0,0.038564789363474905,0,Low
5,3,0,2,32,2418,5,78270,668,4441,0.2095977990218808,0,0,1,4,0,0.038408579453817586,0,Low
4,1,3,4,36,1304,9,83497,569,5607,0.0850340269877944,0,0,1,8,0,0.03838085211940319,0,Low
6,1,1,1,24,2034,16,76831,720,2942,0.0872992594053806,0,0,0,10,0,0.038191098282870435,0,Low
6,3,0,1,1,1246,8,89627,534,5067,0.1599534975589246,0,0,1,5,0,0.03808703362489678,0,Low
5,2,1,0,17,1264,12,30619,666,4035,0.1927323035085621,0,0,1,9,0,0.03797868655480593,0,Low
3,2,2,1,38,1767,9,57914,654,5869,0.2149918799940312,0,0,1,13,0,0.03787836624823395,0,Low
7,1,1,0,10,1379,21,91801,502,5858,0.1733230162118566,1,0,0,10,0,0.03787380241166555,0,Low
0,3,2,2,7,3053,22,76104,660,4984,0.1080684369644878,0,0,1,10,0,0.03782502598675922,0,Low
1,5,1,0,23,1600,16,68354,606,3222,0.1574285027607844,0,0,1,10,0,0.03777508397117497,0,Low
1,1,2,1,19,1648,19,86092,675,3719,0.1550559034554409,1,1,1,12,0,0.037177797020363765,0,Low
3,4,0,0,9,1156,17,61630,745,5095,0.1432751819606892,0,0,1,12,0,0.03712970673495266,0,Low
2,1,3,0,37,1107,3,99472,643,4962,0.0805836233078846,0,1,1,10,0,0.036825657314208386,0,Low
5,2,0,1,21,2405,8,62146,739,3556,0.2126215014202786,1,0,1,11,0,0.03644594895462359,0,Low
6,1,1,0,31,3294,21,90328,707,1523,0.1932494860032758,0,0,1,7,0,0.03634845334343186,0,Low
5,0,1,3,34,1390,5,30236,744,5833,0.1328216045489069,0,0,1,0,0,0.03632595786773002,0,Low
2,3,2,1,21,2673,20,55051,724,5788,0.1113198905471345,0,0,1,12,0,0.03625186799282551,0,Low
5,3,2,0,4,884,13,60954,655,3604,0.1791385599900213,1,0,1,9,0,0.03623133376919692,0,Low
3,0,0,3,32,3454,13,99748,608,3073,0.2173405843987746,0,0,1,14,0,0.03615720251384404,0,Low
2,1,1,3,22,1080,12,75959,709,5085,0.1144286778273083,1,0,1,14,0,0.0360550121467843,0,Low
2,4,2,0,28,2057,24,94699,535,4298,0.1118539350257084,0,0,1,1,0,0.035900494934524324,0,Low
7,0,0,1,29,2883,17,59589,624,5139,0.1957508533124617,0,0,1,13,0,0.03572841639671433,0,Low
6,1,2,0,14,1125,20,69547,682,4920,0.1390702440802244,1,0,1,11,0,0.035617548861294354,0,Low
1,3,1,1,34,2225,19,93134,739,5490,0.1688435085896079,1,0,1,9,0,0.035494102685070736,0,Low
0,3,0,4,32,860,7,87825,614,5078,0.1616084499896037,1,0,1,3,0,0.035422459422167665,0,Low
3,5,0,0,3,3210,16,64221,509,5516,0.0870904127198288,0,0,1,1,0,0.03540503735112834,0,Low
3,0,3,2,15,3103,13,68682,562,1387,0.2195803913216311,0,0,1,7,0,0.03535330327726721,0,Low
2,0,2,2,29,2623,23,77986,685,1169,0.1518755367672782,1,0,0,4,0,0.03534127909097963,0,Low
4,2,0,3,2,1634,2,68691,748,4563,0.2168927106013661,0,0,0,6,0,0.035209413301185453,0,Low
4,0,2,3,18,2176,24,83759,574,1982,0.132416909125706,0,0,1,10,0,0.03518396702272595,0,Low
0,1,3,0,0,2839,16,70017,676,2783,0.1270157417643304,1,0,1,5,0,0.035136153227925376,0,Low
1,4,0,0,39,3366,18,57093,640,5928,0.1466419984492215,0,0,1,14,0,0.03502183721792821,0,Low
2,0,2,2,22,2719,17,41399,745,4289,0.1778886198852563,1,0,1,12,0,0.0348704814770163,0,Low
6,0,0,1,36,2022,19,30083,699,4045,0.0912779684229151,1,0,1,9,0,0.03484516730408309,0,Low
4,3,0,0,39,3453,20,84973,729,5054,0.2077638925111646,0,0,1,6,0,0.03483404168893932,0,Low
0,1,3,0,33,1579,15,46804,686,4990,0.2108814446802487,1,0,1,10,0,0.03439914024091239,0,Low
2,0,1,5,10,2567,9,84944,626,3085,0.1384639803777659,0,1,1,4,0,0.034260028498579564,0,Low
4,3,1,3,25,1354,22,65371,577,3155,0.1618053564593422,0,0,1,0,0,0.03376470221517002,0,Low
4,4,0,1,8,1288,18,79551,532,5909,0.1483348692485099,0,0,1,9,0,0.03372973918176402,0,Low
1,1,0,0,21,2282,10,62691,562,5996,0.1647605969236446,0,0,1,5,0,0.033618241444360826,0,Low
1,3,2,2,15,1456,7,99237,710,5538,0.1097528973336507,0,0,0,5,0,0.03350233888505614,0,Low
5,2,0,3,28,2860,22,32137,651,1691,0.1269399538197575,1,0,1,11,0,0.03349945659122874,0,Low
2,2,1,4,30,806,12,54067,681,4537,0.139029258687422,0,0,1,8,0,0.033418407834247287,0,Low
2,3,0,3,28,2002,18,70730,619,3693,0.1530851116936802,0,0,1,12,0,0.03336578446625227,0,Low
5,1,2,2,18,3436,23,66790,600,5902,0.0865889956904392,0,0,0,4,0,0.033331790090083774,0,Low
2,1,3,2,10,2914,20,88780,677,3786,0.2142437031450031,0,0,1,6,0,0.03326954348752954,0,Low
2,1,0,0,26,3496,17,52408,655,2976,0.1945758190488457,0,0,1,0,0,0.033164458256230406,0,Low
4,1,0,3,25,1451,10,99657,684,1591,0.1649539966190262,0,0,1,14,0,0.03310956784811891,0,Low
2,2,2,2,5,3498,11,87751,662,3765,0.1471748401752683,0,0,1,8,0,0.033047868821890425,0,Low
2,1,0,4,27,994,22,70841,632,3305,0.0842989597307896,1,0,0,14,0,0.032801765393537546,0,Low
3,4,1,0,25,2561,5,84586,710,1122,0.1482048393499982,0,0,1,5,0,0.03263612651706036,0,Low
4,2,0,4,19,2696,0,88133,507,2793,0.2124261628632656,0,0,1,12,0,0.03246306331970484,0,Low
1,1,1,3,37,1751,22,75694,660,5533,0.1279349470813453,0,0,1,7,0,0.032423943054618876,0,Low
2,0,1,0,22,3068,11,79175,696,1136,0.2199677684633388,0,0,1,10,0,0.032317781502816646,0,Low
0,4,0,2,16,972,9,34240,749,4522,0.2094688690760469,0,0,1,0,0,0.032199900786072044,0,Low
2,1,3,1,38,1033,15,76000,697,2203,0.2052440019700859,1,0,1,14,0,0.031909962751734904,0,Low
5,3,0,1,37,2460,19,38741,665,1480,0.1989702566158927,1,0,1,12,0,0.03170817162700413,0,Low
1,3,0,3,32,1662,24,91424,562,2770,0.0886152842453241,0,0,0,2,0,0.03170345705070377,0,Low
4,0,2,2,2,3134,20,88488,685,4490,0.1976327246879731,0,0,1,7,0,0.031586176895874035,0,Low
3,1,0,4,23,996,5,62699,682,4352,0.1874659961413523,1,0,1,12,0,0.03157629641806856,0,Low
2,2,3,3,33,2444,8,42195,678,4578,0.1094097506713242,0,0,1,12,0,0.03154424513601729,0,Low
6,0,1,0,35,2158,12,79328,665,3566,0.0853626183994582,1,0,0,10,0,0.031469789757652904,0,Low
2,2,1,3,8,2693,24,97876,666,4974,0.2007735654334871,0,0,1,14,0,0.03146787380823209,0,Low
4,1,1,3,31,1387,5,65151,678,4735,0.1992078825184068,0,1,1,13,0,0.031450158846278824,0,Low
4,0,2,0,20,2504,14,60403,666,2510,0.1911698274618575,0,0,0,3,0,0.03142292231536762,0,Low
3,2,3,1,37,1846,24,31232,534,2262,0.1389583648108374,0,1,1,7,0,0.03109119818297033,0,Low
6,0,0,0,27,3107,17,87857,683,1127,0.2170010819354248,0,0,1,4,0,0.03089984960971222,0,Low
4,5,0,0,15,2722,11,51880,557,3238,0.0961853986371013,0,0,1,4,0,0.030892771838862836,0,Low
1,4,1,2,20,1915,17,41808,592,4294,0.1270015599256442,1,0,1,5,0,0.030668388181030026,0,Low
5,2,1,0,36,1410,8,83972,708,5301,0.1767308206177552,0,0,1,3,0,0.030622964360827506,0,Low
1,4,2,0,31,2146,0,93591,507,3274,0.0986880184499314,0,0,1,11,0,0.030532196566225966,0,Low
1,3,0,1,18,3169,15,99269,743,4735,0.1571965113549807,1,1,1,7,0,0.030514769518237575,0,Low
5,3,1,0,32,2961,8,77020,675,2394,0.0984508078244693,0,0,1,6,0,0.030461577803349956,0,Low
4,1,2,0,26,2370,23,86799,703,1470,0.0939640686120332,0,0,0,13,0,0.030072116573084565,0,Low
3,3,0,1,39,2347,22,63074,710,5913,0.1768422516795808,0,0,1,0,0,0.030000706250889658,0,Low
0,1,2,1,37,2206,13,61449,700,4567,0.1882542066688085,1,0,1,3,0,0.02986689725018879,0,Low
1,3,1,3,25,1729,13,32985,664,2698,0.2183077415460503,0,0,1,4,0,0.029812465562933363,0,Low
7,0,2,2,12,1737,3,41603,511,5313,0.1819313978007631,1,0,1,0,0,0.029720840721961204,0,Low
2,5,0,1,12,2850,9,49302,653,5833,0.1718993552314233,0,1,1,7,0,0.029669828115919113,0,Low
2,4,0,2,1,1549,18,78139,707,3763,0.2093192382846834,0,0,1,11,0,0.029569776043461588,0,Low
2,4,2,0,10,2980,5,43041,530,1922,0.1546056326185285,0,0,1,14,0,0.029256281338285898,0,Low
5,1,0,3,19,1047,4,68758,713,4821,0.0957643098176422,0,0,1,4,0,0.02905955760132975,0,Low
2,4,0,0,22,2472,13,44033,623,5377,0.0974463030930822,1,0,1,10,0,0.029001604256871115,0,Low
2,4,1,1,15,1828,10,50991,599,5447,0.1730126901420181,1,0,1,14,0,0.028911530857621853,0,Low
6,0,0,1,12,1498,21,62467,743,4440,0.1629227407178912,0,0,1,12,0,0.028866975904839057,0,Low
7,2,1,1,10,1183,2,73771,690,1966,0.1649663704928779,0,0,1,12,0,0.028818720660492816,0,Low
3,1,0,3,26,917,10,69288,747,4564,0.2181002648584216,0,0,0,2,0,0.028797075638847786,0,Low
3,0,3,0,29,1797,23,98844,634,2436,0.1338174072095234,0,0,1,1,0,0.028725340963892038,0,Low
2,3,2,1,19,3100,14,52418,743,5607,0.1552585634114608,0,0,0,13,0,0.02866853465949218,0,Low
4,2,0,4,39,2142,9,36214,584,1276,0.1507572639961007,0,0,1,10,0,0.028619586461358617,0,Low
1,4,0,3,6,3491,11,87158,673,1837,0.1581661708731646,0,0,1,3,0,0.028550948197727112,0,Low
4,0,2,2,37,1885,22,47250,681,4405,0.1312558501994813,0,0,1,2,0,0.028541059203977422,0,Low
2,2,2,1,18,2732,23,57442,664,5852,0.2093075195059382,0,0,1,5,0,0.02852211499777925,0,Low
1,0,2,4,29,1804,19,38621,664,5166,0.1665130821366944,0,0,0,7,0,0.0284066852484574,0,Low
7,1,0,1,20,1176,8,71563,581,2289,0.1456901342446264,1,0,1,1,0,0.02838798472975688,0,Low
1,1,2,3,37,3102,24,68862,594,2763,0.1811011402480719,1,0,0,4,0,0.02835903241592085,0,Low
5,0,1,2,16,1068,16,62555,712,3222,0.0803022251454483,0,0,1,7,0,0.028274835558329922,0,Low
0,1,3,3,26,2760,11,86414,626,4074,0.1334425475630623,1,0,1,0,0,0.0281807336475058,0,Low
6,0,0,1,27,3300,23,34551,650,4872,0.1997671501889382,1,0,0,8,0,0.02810867864654179,0,Low
1,2,0,0,22,1125,18,48499,548,5996,0.128790816919208,0,0,1,12,0,0.028082527158646536,0,Low
3,2,2,3,2,1327,3,90694,721,5197,0.1152114054962585,0,0,1,0,0,0.027934382344166283,0,Low
3,4,0,2,39,1080,7,66550,527,4411,0.1577958654306946,1,0,0,8,0,0.027889706004936694,0,Low
5,3,1,2,28,955,21,52226,620,4611,0.0824113435340868,0,0,1,7,0,0.02785122014645828,0,Low
3,4,1,1,20,3186,19,78320,516,1012,0.1443270120931448,0,0,1,2,0,0.027528043072233145,0,Low
2,4,0,1,11,2859,20,34203,671,1038,0.2156060927418907,0,0,1,0,0,0.02748032402062649,0,Low
6,2,1,3,17,1515,3,58748,574,5175,0.1526987120168917,0,0,1,12,0,0.027411072752844906,0,Low
1,4,1,2,29,1767,20,59140,705,2766,0.1022607047532508,0,0,1,0,0,0.02718376584292077,0,Low
5,3,1,2,2,2936,12,77055,665,1202,0.1476784415714871,1,0,0,3,0,0.027106118698560895,0,Low
1,3,2,3,8,1018,6,99330,543,1287,0.1027084736749247,0,0,0,3,0,0.02708435093159765,0,Low
3,0,0,2,36,2653,20,71546,668,3869,0.1530530568947478,1,0,1,3,0,0.026988124908363043,0,Low
4,1,2,2,30,3422,17,36823,658,3648,0.1198959298751738,0,0,1,12,0,0.0269288482365033,0,Low
1,1,2,1,21,2744,23,66102,648,5160,0.2186070896074773,0,0,0,13,0,0.026917868325992255,0,Low
6,2,0,3,30,2233,10,94069,504,1545,0.1621945353015101,0,0,1,9,0,0.026760279102051258,0,Low
3,1,3,2,35,2255,11,87473,728,3353,0.1853228497190577,0,0,1,13,0,0.02667342066197173,0,Low
1,3,2,3,11,1322,19,50961,538,3359,0.1725681051520817,0,0,1,1,0,0.026587005261610997,0,Low
2,3,0,0,20,2375,10,47319,532,4165,0.2199584923315038,0,0,1,14,0,0.02656616755489159,0,Low
6,1,2,0,32,1738,4,33554,584,3227,0.127401336628477,0,1,1,10,0,0.02634770759145309,0,Low
2,0,2,0,16,2492,18,35942,669,4664,0.2193713928295151,0,1,1,2,0,0.02627558722000147,0,Low
4,1,0,3,25,3250,12,75355,580,3577,0.1759388658679815,1,0,1,3,0,0.026226354164315065,0,Low
0,0,1,1,12,3496,4,81109,723,4677,0.1237130718037834,0,0,1,8,0,0.026184268868910933,0,Low
6,1,0,2,18,1300,18,47293,741,1739,0.0993478675872596,0,0,1,10,0,0.02613523747700963,0,Low
1,0,2,3,33,3370,0,76127,655,1830,0.1921414412997218,0,0,1,11,0,0.02610012983868091,0,Low
2,2,1,4,23,3356,14,87787,588,4504,0.1130553858362032,0,0,1,12,0,0.02596310320165427,0,Low
0,0,3,0,18,2246,3,98275,745,1688,0.1300701689473914,0,0,0,10,0,0.025896242423049717,0,Low
3,2,3,0,30,3376,20,55986,646,2242,0.12779994116393,0,0,1,0,0,0.025690016031788186,0,Low
5,1,3,1,14,1462,2,56104,700,5373,0.1029566478916638,0,1,1,6,0,0.025673699015471164,0,Low
2,3,1,2,34,1407,24,42331,693,4853,0.2198374422257424,1,0,1,10,0,0.025621216550624284,0,Low
1,0,3,2,11,3282,23,92976,513,5062,0.1601098905500211,0,0,1,8,0,0.02530539979395086,0,Low
0,4,1,1,20,1512,7,45842,749,2448,0.1953977143648019,0,0,0,1,0,0.025286144059694406,0,Low
2,5,0,1,7,1271,12,62637,655,4784,0.1102367631858313,0,0,1,1,0,0.025239092185183182,0,Low
2,2,0,3,18,3143,22,99247,731,3756,0.1538391853991402,0,0,1,7,0,0.025210833328187642,0,Low
1,3,0,4,12,2949,12,93605,540,4190,0.1000985601380171,0,0,1,8,0,0.02520275244130351,0,Low
1,0,0,3,7,3496,13,57410,585,4219,0.2095819221606795,0,0,0,7,0,0.02519650953828169,0,Low
0,1,1,4,19,1542,15,65026,651,2272,0.1919494288602929,0,0,0,1,0,0.02517055422744266,0,Low
0,1,2,4,33,865,11,64645,520,3635,0.1718293615259268,1,0,1,2,0,0.02487716221893437,0,Low
1,1,2,2,30,3358,19,64441,659,5378,0.1664138231063821,0,0,1,12,0,0.024800327459841783,0,Low
4,1,0,3,26,3340,24,93524,718,2004,0.1000716464539403,1,0,1,7,0,0.024760724532909055,0,Low
2,4,0,1,3,2375,23,98328,719,4835,0.1124931190476953,0,0,1,13,0,0.024759909011933853,0,Low
6,2,0,1,36,1005,19,68089,516,3111,0.136906689408298,0,0,1,11,0,0.02475370029156344,0,Low
2,1,1,3,7,3475,23,36238,712,4317,0.1131604610253251,0,0,1,14,0,0.02473322282499497,0,Low
7,0,1,2,26,1710,7,32230,612,5984,0.1210768839871492,0,0,1,1,0,0.024551436596674726,0,Low
3,2,2,0,27,3423,5,75289,681,4671,0.1158751644433245,1,0,1,8,0,0.024541576737368277,0,Low
3,1,2,0,22,1402,18,98943,703,4890,0.1569941781277716,0,0,1,5,0,0.024457069635480964,0,Low
2,0,0,4,18,1272,11,30032,656,3004,0.2190384118436704,0,0,1,12,0,0.024380408972181123,0,Low
3,4,0,0,36,2981,15,30248,560,2832,0.2145732712221285,0,0,0,10,0,0.024287878787878792,0,Low
2,4,1,0,37,2011,1,81316,659,1965,0.124998410660728,1,0,1,12,0,0.02413673215765179,0,Low
1,1,2,2,2,2934,23,51586,731,3429,0.1794450926386541,0,0,1,3,0,0.024055151787657637,0,Low
0,1,2,3,20,3014,7,89566,693,3326,0.124761617360831,0,0,1,2,0,0.023808671297222368,0,Low
7,0,0,1,23,1107,0,78614,530,5422,0.0978506972718291,0,0,1,10,0,0.023795186583049733,0,Low
5,1,0,3,16,2755,18,84074,588,3266,0.1892473813829809,0,0,1,11,0,0.023670234612214628,0,Low
1,0,1,4,29,2399,21,70588,730,1509,0.1279228842201341,0,0,1,5,0,0.0236587417505139,0,Low
5,1,1,0,39,1794,2,97933,571,1841,0.1892251136554057,1,0,1,1,0,0.02361814345991561,0,Low
5,1,2,2,8,1330,24,33264,734,1835,0.1996193081943908,0,0,1,11,0,0.02361499440006143,0,Low
6,0,1,1,39,3199,23,70893,567,3323,0.0882577556117809,0,0,1,1,0,0.023481694519557665,0,Low
1,1,1,3,29,2422,17,84792,572,1625,0.1986922403517052,1,0,0,11,0,0.023440201247089676,0,Low
1,3,0,3,21,3251,20,66308,521,1160,0.1933256933874125,0,0,1,10,0,0.02342819900981435,0,Low
2,0,1,3,22,2958,15,38087,712,3348,0.1767307807174247,0,0,1,8,0,0.023335764066357612,0,Low
5,2,0,1,4,3045,8,99833,714,5923,0.1961192165093743,1,0,1,5,0,0.023314353960145494,0,Low
2,4,1,1,19,956,1,99545,663,2270,0.1755206869617711,0,0,1,5,0,0.02328547716641101,0,Low
0,3,0,3,9,2568,24,90406,585,4687,0.1844579186623821,0,0,1,8,0,0.02280995528834955,0,Low
1,3,1,2,39,1718,7,59324,671,5984,0.1972398506220236,1,0,1,14,0,0.02272139778326766,0,Low
1,5,1,1,33,1236,24,53567,632,2782,0.0849563439209374,0,0,0,11,0,0.022694444444444448,0,Low
0,2,3,0,14,1057,23,62716,650,2440,0.1721143681526724,0,0,1,9,0,0.022664375006147156,0,Low
4,1,0,3,7,2120,17,74665,720,2771,0.2078392138580882,0,0,1,4,0,0.022649168568132004,0,Low
5,2,1,2,13,1520,16,42486,650,4640,0.1405070885823267,0,0,1,6,0,0.022596891142129278,0,Low
4,0,2,1,38,1785,24,60530,570,3261,0.1967023351966438,0,0,1,8,0,0.022501742871610574,0,Low
5,1,1,1,2,3121,12,50325,749,2044,0.2164612939745211,0,0,1,2,0,0.022489797928154517,0,Low
2,3,0,4,5,3308,6,74532,647,1251,0.0827983333010119,0,0,1,9,0,0.022340115078666147,0,Low
6,1,0,1,29,3314,10,79875,652,5773,0.1705703651438547,0,0,1,9,0,0.02229374358160673,0,Low
4,2,0,3,25,3258,21,58751,692,3602,0.0997535303781604,0,0,1,12,0,0.022280205052389576,0,Low
7,1,0,2,3,2558,24,55709,529,4062,0.1387613390923051,0,0,1,7,0,0.022127194172432304,0,Low
3,4,0,0,34,3450,16,35380,551,5691,0.0963115728706238,0,0,1,2,0,0.022073812629058557,0,Low
4,2,2,1,35,2952,11,53729,684,5435,0.1844912874645388,0,0,1,12,0,0.02203887963243155,0,Low
2,0,1,5,14,1880,3,76352,538,2373,0.1355181020684778,0,0,1,4,0,0.02193679617534724,0,Low
3,3,1,3,36,2948,19,53755,520,1467,0.1607558371661513,0,0,1,11,0,0.021933533384001187,0,Low
2,0,2,1,10,3438,7,33482,524,5819,0.2199109823913742,0,0,1,0,0,0.021738096073163106,0,Low
4,2,1,3,10,3158,24,59264,681,2135,0.1556933869921993,0,0,1,9,0,0.021657744179928703,0,Low
5,0,2,0,26,2911,11,66158,651,3863,0.1408920318537916,0,1,1,7,0,0.021568842438710142,0,Low
4,2,2,1,39,3289,0,32446,596,2720,0.0892037439814908,1,0,1,7,0,0.021535351252123403,0,Low
4,4,1,2,3,2825,8,78754,592,2089,0.0801201513358864,0,0,1,11,0,0.021385668641602486,0,Low
6,2,1,0,10,3305,23,63236,565,5186,0.1487192342219555,0,0,1,14,0,0.021306369844232995,0,Low
0,2,0,3,31,2837,16,99593,700,1326,0.1629423556000815,0,0,1,6,0,0.021268298006849075,0,Low
4,1,2,1,18,894,19,34041,737,3381,0.2096994190745872,0,0,1,5,0,0.02095655698763361,0,Low
5,2,0,3,24,1270,24,67577,540,1758,0.1913055847573793,1,0,0,4,0,0.0209561665479387,0,Low
1,0,1,3,32,3320,19,69278,580,1255,0.1920802811543613,1,0,1,8,0,0.020910712002484157,0,Low
1,4,0,1,19,1900,24,51944,569,3067,0.0916546714777618,1,0,1,11,0,0.020888053197229056,0,Low
0,1,0,3,36,983,13,36123,584,2536,0.2186983310477142,1,0,1,9,0,0.020872833214605365,0,Low
1,0,3,1,17,1648,3,69926,717,5728,0.1966195809523242,0,0,0,14,0,0.020865496245524626,0,Low
2,2,2,3,36,3024,20,95220,532,2251,0.1700515148015413,0,1,1,8,0,0.020827729531396878,0,Low
0,0,2,1,32,2087,20,94376,659,5738,0.1272615808628023,0,0,1,8,0,0.020806888729785353,0,Low
2,3,2,0,24,2768,13,75440,559,5501,0.2144630821101438,0,0,1,5,0,0.020786527823160417,0,Low
2,0,2,2,37,2536,15,38677,707,3247,0.1969071914221296,0,0,1,3,0,0.0207433645499377,0,Low
6,0,0,1,22,2391,7,68875,685,4358,0.2182139097730179,0,0,0,3,0,0.02072925251711567,0,Low
6,1,1,4,6,2363,8,41211,556,2505,0.1834712494907676,0,0,1,8,0,0.02052595786773002,0,Low
1,1,3,0,22,928,19,77775,597,3741,0.1931668461922201,0,0,1,14,0,0.02048787301468031,0,Low
2,1,0,3,28,2735,13,37619,669,1575,0.2191293433178227,0,0,1,4,0,0.020471318063090216,0,Low
3,1,0,3,12,1621,11,48991,738,1714,0.2193118644610765,0,0,0,9,0,0.020471318063090216,0,Low
6,1,0,0,15,873,15,46453,737,4758,0.1405063880625893,1,0,1,2,0,0.020395228354144136,0,Low
1,1,1,0,29,2698,1,93903,749,3571,0.1163720021891402,0,0,1,12,0,0.02030908608224335,0,Low
2,1,2,2,30,2516,12,36197,684,5203,0.1637566918217119,0,0,1,11,0,0.020288988677753608,0,Low
3,0,2,1,38,2445,23,68810,608,5772,0.2055916049085538,0,1,1,2,0,0.02028208081323884,0,Low
3,2,0,4,21,1362,22,58372,628,1456,0.1347004943089451,0,0,1,9,0,0.02024512758689974,0,Low
0,1,3,2,35,2186,24,33445,612,5843,0.1433540001969903,1,0,1,9,0,0.020164652506424657,0,Low
7,0,1,2,17,1166,1,75793,500,1919,0.1940289744429399,0,0,1,9,0,0.02015854750031965,0,Low
5,2,0,2,26,2939,8,59996,677,4795,0.1869342978830421,1,0,1,8,0,0.02009689114212928,0,Low
3,1,0,0,16,3250,18,80370,749,3528,0.1811534368105023,0,0,1,13,0,0.02001781409393347,0,Low
0,3,0,3,30,2524,8,47266,721,4782,0.1951547128040101,0,0,1,5,0,0.019953013903481708,0,Low
1,3,0,3,29,1880,0,42120,714,4352,0.1313485906915914,0,0,1,13,0,0.019953013903481708,0,Low
1,2,0,2,18,1112,12,97426,691,4618,0.1638883051170826,1,0,1,11,0,0.019932458923881673,0,Low
3,4,1,0,3,1019,1,78306,637,3038,0.1996836064807322,0,0,0,5,0,0.01992540707218599,0,Low
2,1,2,1,35,2468,16,99792,612,2363,0.1403151189071525,0,0,1,0,0,0.01978717785773348,0,Low
5,1,0,0,39,2375,13,52370,679,2786,0.2148773888213001,0,0,1,2,0,0.019784810126582276,0,Low
1,0,3,1,38,2008,13,94789,604,5023,0.1900910171640746,0,0,1,8,0,0.01977659526514633,0,Low
2,1,3,0,32,1040,6,74241,671,5059,0.1681028823684592,1,0,1,1,0,0.01974620983798199,0,Low
1,2,1,4,31,1637,22,60630,707,1656,0.1156266666741741,0,0,1,11,0,0.01971429730606946,0,Low
3,1,1,2,16,1814,20,65335,702,4911,0.1558291434973281,0,0,1,4,0,0.019660020567582228,0,Low
6,1,1,1,18,1174,7,84733,659,5678,0.2019650540241098,0,0,0,5,0,0.019588880744834346,0,Low
1,1,3,2,29,1459,23,95496,526,4834,0.1338674719423318,1,0,1,5,0,0.019524653616425768,0,Low
3,4,1,1,9,1243,6,75908,679,5547,0.1959948096395117,0,0,1,2,0,0.01949380844583329,0,Low
2,0,0,3,2,1276,24,98308,544,5167,0.1984790219504564,1,0,0,14,0,0.01944330685860842,0,Low
2,1,3,1,14,2164,21,75655,685,3638,0.122584052770363,0,1,1,11,0,0.01939469591449698,0,Low
1,0,0,3,31,3416,18,62183,707,5971,0.0818009994267657,0,0,1,8,0,0.01938834548011763,0,Low
7,2,1,1,28,2717,2,42203,588,1556,0.1879596909519103,0,0,1,12,0,0.019379326721098874,0,Low
3,2,3,2,7,3482,6,53463,652,5941,0.1136519918221515,1,0,1,2,0,0.0193526034443756,0,Low
0,0,0,1,24,1368,21,99841,584,4978,0.1404149539906718,0,0,1,3,0,0.019351102888966035,0,Low
1,4,0,1,0,2884,22,50893,706,2943,0.1851523219564744,0,0,0,9,0,0.01919863387978142,0,Low
0,2,0,3,4,2511,24,38494,689,5867,0.2162878876549139,1,0,1,12,0,0.019194261786033937,0,Low
4,0,1,3,16,2548,23,34306,720,3905,0.0952955368017526,0,0,1,3,0,0.01917397794616247,0,Low
4,2,1,3,27,1669,17,53218,518,3633,0.1489380568169154,0,0,1,12,0,0.01909118670020023,0,Low
0,3,2,0,5,1834,2,97452,607,5974,0.2110911964613037,0,0,1,11,0,0.019061384686726957,0,Low
3,1,2,1,30,1537,10,97577,749,2062,0.1359424534674238,0,0,1,11,0,0.01903417844324927,0,Low
2,1,0,0,8,1361,12,88568,525,5994,0.1945337430282364,0,0,0,14,0,0.01896121414585621,0,Low
2,0,1,4,14,1676,24,79853,633,5923,0.1866884005639318,0,0,1,4,0,0.018875156994855605,0,Low
7,0,0,2,18,1375,18,57169,622,3267,0.1757579200627315,0,0,1,0,0,0.018844365889604024,0,Low
2,1,0,3,34,923,10,34924,733,5941,0.2107934768751577,0,1,1,5,0,0.018832789924562075,0,Low
1,1,0,4,21,2045,12,90167,713,2208,0.2062404599206905,0,0,1,10,0,0.018827008897936134,0,Low
6,1,2,1,32,3310,8,34685,589,1701,0.15953419300055,0,0,1,1,0,0.018785743833398337,0,Low
0,0,2,2,20,1182,17,80909,691,3971,0.1330794981123841,0,0,1,14,0,0.018678034417320726,0,Low
1,3,0,1,23,1734,18,99658,615,2317,0.1318884826230904,0,0,1,3,0,0.01864368349093021,0,Low
1,3,0,3,37,2805,22,91961,599,3916,0.1131190134544233,0,0,1,8,0,0.01856240365965038,0,Low
0,0,3,1,24,911,24,68787,659,4076,0.0885687246977231,0,0,1,9,0,0.01849584908762124,0,Low
1,1,3,1,30,1913,24,74269,697,2434,0.1291171083985139,0,0,1,3,0,0.018470734459285525,0,Low
4,0,2,2,15,1848,16,66059,530,3758,0.1372926572649963,1,1,1,9,0,0.01846734710538,0,Low
2,1,1,3,3,1532,12,83403,683,3148,0.1973625621880212,1,0,1,9,0,0.018439127809939775,0,Low
2,3,2,2,31,2235,8,34953,700,4022,0.1856129823521852,0,0,1,13,0,0.018358939852090056,0,Low
4,0,1,3,37,3356,8,35893,569,1307,0.2191671811076355,0,0,1,2,0,0.017971318063090217,0,Low
1,4,1,1,12,3467,0,40871,726,3988,0.1221733014723457,0,0,1,13,0,0.01793961349485942,0,Low
4,2,1,3,7,1816,17,93554,584,4133,0.1909806756568062,0,0,1,0,0,0.017868947357498426,0,Low
4,1,2,0,34,2778,10,96873,745,5044,0.1251905120528531,0,0,1,7,0,0.017737697504344126,0,Low
0,1,2,1,39,2211,12,91763,653,4968,0.2176637388018193,0,0,1,1,0,0.01765044944647684,0,Low
2,4,1,1,5,3281,23,91295,555,5838,0.1313003461857657,0,0,1,9,0,0.01763591633794118,0,Low
5,0,0,0,1,1874,23,93819,747,4126,0.1468191766118067,0,0,1,12,0,0.017621132858996007,0,Low
4,1,3,0,28,2856,8,82365,672,1782,0.1987866197494715,0,0,1,11,0,0.017605599594150662,0,Low
1,1,2,3,38,2582,2,77449,650,2067,0.1551281886515014,0,0,1,2,0,0.01747464721319828,0,Low
0,3,2,2,30,1743,15,82095,631,4220,0.1109766829252873,0,1,1,1,0,0.01741864480136206,0,Low
6,0,0,3,11,1769,0,55955,521,1359,0.0844549237992872,1,0,1,13,0,0.01727687361864577,0,Low
2,0,0,3,24,2032,18,94411,715,5221,0.2165516962751154,0,0,1,3,0,0.017253310453040932,0,Low
2,0,1,4,19,1325,12,60899,538,4348,0.1376160996453989,0,0,1,11,0,0.017213742305514455,0,Low
3,0,0,1,35,3470,6,85449,663,1206,0.1349290921283592,0,0,1,14,0,0.01718069116924224,0,Low
4,0,0,3,27,1175,8,55835,731,3999,0.1815926776129776,1,0,1,12,0,0.017144478236250385,0,Low
1,0,1,2,34,1214,16,77338,680,5141,0.1419599835129366,1,0,1,9,0,0.01710747297677841,0,Low
3,0,1,3,19,1764,5,81938,726,3808,0.1517856639853422,0,0,1,11,0,0.01703200652055759,0,Low
2,2,2,0,39,2529,20,66325,747,4205,0.1791484274661032,0,0,1,12,0,0.016978849098716803,0,Low
3,2,1,3,11,1581,3,58437,662,5389,0.1081445915368149,0,0,1,13,0,0.016938850530622683,0,Low
2,3,0,1,38,1903,0,39070,693,2668,0.1772346572611385,1,0,1,10,0,0.016911090427422712,0,Low
2,0,2,1,29,2133,15,98168,706,4661,0.2092649972446446,0,1,1,12,0,0.01689489968588676,0,Low
1,0,0,4,36,2089,22,69861,738,4724,0.0981442051453129,0,0,1,9,0,0.01684316843494059,0,Low
2,0,0,3,17,1894,24,86094,739,5950,0.1192719321629411,0,0,1,8,0,0.016821073662565907,0,Low
6,1,1,2,12,2777,8,97724,500,5045,0.0830517870206937,1,0,1,9,0,0.016723875269113404,0,Low
5,0,0,2,17,1988,16,30395,664,4679,0.2145150448506811,0,0,1,10,0,0.016647995731490096,0,Low
0,2,1,2,25,3403,24,73098,739,4152,0.1277933730749036,1,0,1,1,0,0.016545808040019337,0,Low
2,4,0,0,10,2703,19,49387,584,4736,0.2115137171637441,0,0,1,9,0,0.01653348546987894,0,Low
2,3,1,3,16,1608,21,30098,565,3776,0.210162942677293,0,0,1,8,0,0.016501431333046677,0,Low
2,4,0,1,30,1580,21,90370,538,5327,0.1554615733339434,0,0,0,10,0,0.01636496545783537,0,Low
0,2,0,0,39,1721,7,99702,623,3603,0.1191644006884885,1,0,1,11,0,0.016348355636218784,0,Low
3,1,2,0,3,3001,19,74379,693,3852,0.1269847313199981,1,0,1,10,0,0.0163416460710197,0,Low
6,1,0,1,37,2275,18,40931,668,1091,0.1073566349385747,0,0,0,4,0,0.016290304632076785,0,Low
0,0,3,3,17,862,6,40278,536,1037,0.1426891372407551,0,0,1,7,0,0.01627687361864577,0,Low
5,0,0,3,27,1162,22,61591,531,2342,0.1225344400725867,1,0,1,5,0,0.016229976071748222,0,Low
1,0,0,4,17,1163,21,34669,669,4278,0.2141097087051015,0,0,0,5,0,0.016225557448477142,0,Low
5,1,1,1,18,3338,7,97549,517,1982,0.1394095307619297,1,0,1,12,0,0.016105126018736485,0,Low
1,1,0,3,18,2023,13,97544,665,2090,0.2099646590855542,0,0,1,12,0,0.0160925211634484,0,Low
3,1,0,3,29,1543,22,56726,716,5632,0.2123426527365557,0,0,1,4,0,0.015975512474294237,0,Low
2,2,1,2,35,3294,19,78604,706,5989,0.1479240615915036,0,0,1,5,0,0.01596444358346911,0,Low
1,1,1,0,4,3107,19,99826,523,2493,0.150357715853337,0,0,0,5,0,0.015934854526626678,0,Low
1,2,1,3,6,1657,24,70540,737,5841,0.1617454686728845,0,0,1,7,0,0.01591612325789541,0,Low
0,0,0,3,3,1284,10,98557,748,3839,0.0804746530316768,1,0,0,12,0,0.015789499881272033,0,Low
2,0,2,1,17,2619,17,67319,655,3264,0.1431454947044735,1,0,0,1,0,0.015752856828976203,0,Low
0,3,0,1,34,3484,14,72179,542,4575,0.2197259686305368,0,0,1,10,0,0.015745913392472194,0,Low
0,2,0,2,36,3427,24,67573,737,5162,0.113555575398105,1,0,1,8,0,0.01572437946859077,0,Low
0,0,0,3,37,2276,0,61257,698,3052,0.2195917321226541,0,0,1,8,0,0.015700703756761622,0,Low
1,3,1,2,23,1225,20,35328,730,4633,0.2053402611410039,0,0,1,5,0,0.01559974237018132,0,Low
1,0,1,3,32,2235,9,51949,704,4068,0.2195529918723537,0,0,1,1,0,0.01548755182932398,0,Low
2,3,0,3,6,3377,11,71561,720,2581,0.1293736640231516,0,0,1,13,0,0.015469164419632224,0,Low
3,2,2,0,34,1667,8,54606,693,3096,0.2105947541276299,1,0,0,6,0,0.015459279370270234,0,Low
3,5,0,2,14,2863,16,67888,518,2200,0.0914216967336889,0,0,0,7,0,0.01544155844155844,0,Low
5,1,1,1,39,836,11,84448,616,2455,0.1992744559434635,1,0,1,12,0,0.015421626046980288,0,Low
4,1,2,0,28,2059,9,99004,572,4344,0.1377760339850096,0,0,1,1,0,0.015389934156580775,0,Low
2,0,2,3,24,2606,11,76966,706,1526,0.1510268413402836,0,0,0,11,0,0.015385844124395191,0,Low
3,4,0,0,22,981,23,85724,570,3571,0.1566127255826357,0,0,1,1,0,0.015314393554674623,0,Low
4,2,3,2,1,1591,18,42868,572,2415,0.1427233127377605,1,0,1,0,0,0.015269270111042265,0,Low
1,0,0,4,18,2172,19,50635,705,3545,0.1370058802196938,0,0,1,4,0,0.01523449932627148,0,Low
1,5,1,2,9,2330,5,31497,530,1726,0.2011963086744453,1,0,1,10,0,0.015224089635854341,0,Low
1,3,0,0,0,1691,24,99310,709,2487,0.1654631332138249,0,0,1,4,0,0.015182145029391752,0,Low
2,3,2,1,26,1179,12,84797,609,3926,0.1322908896578388,0,0,0,7,0,0.01515539125487146,0,Low
4,1,1,3,24,2998,13,45924,703,1305,0.2000437674146842,0,0,1,10,0,0.015110125132309655,0,Low
3,1,1,3,9,1865,15,88227,674,3211,0.1833507442895059,1,0,0,5,0,0.015101729318501471,0,Low
3,4,0,0,8,2831,4,96291,660,3428,0.1958537123615735,0,0,1,14,0,0.0150930706859406,0,Low
2,1,1,3,16,3123,12,63225,697,4999,0.1930092363865874,0,1,1,2,0,0.015076017985017027,0,Low
0,4,1,1,25,1867,3,35013,550,5239,0.1257576601192583,1,0,0,13,0,0.015068160176015876,0,Low
1,1,1,2,38,3032,23,99705,675,3381,0.1282056514540815,1,0,1,1,0,0.015036978832216967,0,Low
2,1,1,2,12,3140,24,40318,684,5706,0.218473292240419,1,0,1,14,0,0.015010269536965472,0,Low
1,0,0,3,35,2010,17,98431,511,1622,0.2016661739599932,1,0,1,13,0,0.014979214689077293,0,Low
0,0,0,4,6,865,24,46673,726,4870,0.1706847024148672,1,0,1,2,0,0.014964297306069458,0,Low
4,3,2,2,12,2451,23,58250,542,5439,0.0800441393715032,0,0,1,6,0,0.01494907690915318,0,Low
6,1,0,3,2,1111,21,47965,639,1206,0.1046446868805195,0,0,1,3,0,0.01489592123769339,0,Low
5,1,3,0,15,3478,15,47097,511,1642,0.1717123526593237,1,0,1,2,0,0.014882906474678628,0,Low
3,0,0,3,37,900,11,72688,655,4788,0.1597904606170629,1,0,0,13,0,0.014873915465687617,0,Low
2,0,0,3,28,2664,20,91059,694,5466,0.2071765039520807,0,0,1,11,0,0.014835277666155687,0,Low
2,2,0,3,34,2722,20,89761,670,5354,0.1774408540295873,0,0,1,10,0,0.014832483080984935,0,Low
2,2,1,3,35,2844,10,50016,738,4499,0.1848142146802091,0,0,0,14,0,0.014792385884158038,0,Low
3,1,3,0,37,881,5,79758,687,5739,0.2015613583762956,0,0,1,2,0,0.014728976217527286,0,Low
3,2,2,2,32,1972,11,87875,722,1992,0.0988316777626742,1,0,0,14,0,0.014719853253135882,0,Low
5,2,1,3,25,903,1,38003,585,4040,0.2111922210757016,0,0,1,2,0,0.014673699015471166,0,Low
1,2,3,0,34,1418,4,84012,582,4739,0.1894531166699261,0,0,1,5,0,0.014530258268809337,0,Low
0,0,3,1,28,1119,3,43927,610,5868,0.1782215280658735,0,0,1,13,0,0.014523266115038265,0,Low
2,3,0,1,15,1113,17,96128,717,5216,0.1800664940135091,0,0,1,7,0,0.014494216245000772,0,Low
5,0,1,3,5,2425,1,73437,650,4817,0.1108535258748953,0,0,0,7,0,0.014494211835983989,0,Low
6,0,0,1,17,2239,0,39075,646,5454,0.2157267894858054,0,0,1,14,0,0.01448169451955767,0,Low
5,2,1,0,21,3168,3,59079,700,4954,0.2126132905860019,0,0,1,5,0,0.014469341956751655,0,Low
6,0,0,0,13,3384,1,76672,699,4828,0.1639051448910881,0,0,1,11,0,0.014438043725906872,0,Low
5,0,1,0,38,2483,12,59734,694,2074,0.1679125322090994,0,0,1,8,0,0.014292746634518787,0,Low
3,0,0,4,1,1649,13,60852,585,3220,0.138608677228275,1,0,1,7,0,0.014075214166986318,0,Low
4,4,0,0,25,2338,11,48609,554,3750,0.1744169654186731,0,0,1,9,0,0.014051085356331285,0,Low
6,0,1,2,35,1520,24,33289,584,5009,0.1484783193484017,1,0,1,0,0,0.014013557808795945,0,Low
1,0,3,1,37,3335,22,55212,531,4800,0.1463405072130931,0,0,1,12,0,0.013977478569250721,0,Low
1,1,2,3,35,3322,16,54175,733,3940,0.1122536990660986,0,0,0,0,0,0.013974145565917718,0,Low
2,0,0,4,36,2198,22,50641,613,5328,0.1790777058107194,0,0,1,10,0,0.01385523332815302,0,Low
4,1,2,0,39,1966,8,94834,521,2241,0.1953978564040837,1,0,1,1,0,0.013743143459915612,0,Low
2,0,1,3,4,3018,19,87077,741,4909,0.2067539407361204,0,0,1,7,0,0.0137108922277211,0,Low
2,4,0,1,3,2092,16,68035,679,3702,0.2103908416606711,0,0,1,10,0,0.013685900541146465,0,Low
1,1,3,0,21,1173,24,51365,722,2909,0.1529896107038327,0,0,1,1,0,0.013591686721715101,0,Low
4,1,2,0,16,866,12,83044,546,4723,0.1521721376266535,0,0,1,9,0,0.013556118111020959,0,Low
2,0,0,3,34,2995,3,99578,613,4730,0.1808265619318099,0,0,1,14,0,0.013538500027051098,0,Low
4,2,1,0,16,1599,23,99540,652,2620,0.0937980450277664,1,0,1,6,0,0.013503535845308,0,Low
1,2,0,1,13,990,2,99526,644,2367,0.0881116544062548,1,0,1,2,0,0.013468570810342962,0,Low
7,0,0,0,33,2815,1,37743,595,5476,0.1195915240971864,0,0,1,7,0,0.013457884995748143,0,Low
2,1,2,1,39,881,1,54688,588,2547,0.1232585166984567,1,0,1,8,0,0.013454543171315322,0,Low
7,2,0,0,20,1861,21,49423,558,2507,0.159840382329342,0,0,1,6,0,0.013419730761502912,0,Low
3,1,2,3,9,2390,10,93975,673,4434,0.1396479289848074,0,0,1,1,0,0.013395584384135453,0,Low
2,0,2,3,21,1616,16,38582,545,3063,0.1922292436709263,1,0,1,2,0,0.013389066980839132,0,Low
1,5,0,1,6,2507,13,81596,561,3955,0.1020977975222088,0,0,1,8,0,0.013256408202499199,0,Low
2,1,0,3,35,3180,18,44350,654,1960,0.1215850788520688,1,0,0,10,0,0.013233944325716477,0,Low
1,1,2,3,16,1350,22,71396,533,5881,0.168103270232256,1,0,0,0,0,0.013230336822108975,0,Low
2,0,0,4,22,803,2,50732,721,5038,0.2028552757627488,1,0,1,3,0,0.013218071309843461,0,Low
2,1,2,2,24,3445,23,65888,652,4105,0.1332868724752853,0,0,0,5,0,0.013210676087918777,0,Low
6,2,1,1,33,1164,1,87108,562,5001,0.1522301883704946,0,0,1,10,0,0.013195258733121882,0,Low
1,2,1,3,18,936,21,93812,622,5873,0.1942814580276503,0,0,1,6,0,0.013131289750988363,0,Low
2,1,0,3,31,2533,0,84326,660,5910,0.1496929778573544,1,0,1,9,0,0.013051765393537546,0,Low
1,3,1,0,38,2406,12,63790,584,4301,0.1245398554166146,1,0,1,14,0,0.013039961844456738,0,Low
5,0,1,1,36,1517,9,99434,741,4412,0.1810115100644928,0,0,1,11,0,0.012979191467054613,0,Low
3,2,0,0,31,1763,12,71852,728,4106,0.0939692822233198,1,0,1,14,0,0.012970968241386644,0,Low
2,4,1,1,16,1884,8,47515,558,5789,0.1967442390144513,0,0,1,14,0,0.012968046702393926,0,Low
6,0,1,2,29,1928,18,34681,571,5828,0.1095527570613376,0,0,1,4,0,0.012942129237367372,0,Low
1,2,0,2,2,2250,12,31104,749,2321,0.2105554439125891,0,0,1,7,0,0.01293033408959214,0,Low
3,1,2,3,14,2672,19,95798,500,4147,0.1041078784141256,0,0,0,0,0,0.012850129838680906,0,Low
0,0,2,3,23,2954,17,51106,709,2970,0.1937769633104215,0,0,1,1,0,0.012846800688572841,0,Low
3,1,1,1,26,2324,24,45305,671,3465,0.1795482762485924,1,1,1,9,0,0.012842174317537465,0,Low
3,0,0,1,23,2938,24,30332,691,4400,0.1399521955991449,0,0,1,14,0,0.012757832382382837,0,Low
1,4,0,0,31,2328,19,93852,568,1932,0.1664071289662568,0,0,0,7,0,0.012752579899358817,0,Low
0,0,3,1,38,1422,5,68290,636,1133,0.1070768771667185,1,0,1,11,0,0.01274512758689974,0,Low
2,2,2,1,33,2534,5,92632,694,2965,0.2050444434830559,1,0,0,11,0,0.012682509050300043,0,Low
6,1,0,0,33,2789,23,34833,557,1384,0.1933714572608442,1,0,1,9,0,0.012665762507534659,0,Low
1,0,2,1,31,2009,16,90075,665,1963,0.1447387604394333,0,0,1,14,0,0.012607163427719052,0,Low
2,3,1,2,38,1174,21,94583,626,4433,0.1312216318903947,0,0,1,10,0,0.012603605554318258,0,Low
5,0,0,3,8,818,10,89506,511,1940,0.1711129681710284,0,1,1,10,0,0.012546714888487041,0,Low
1,0,1,0,35,1706,2,52774,749,4356,0.0917434026479351,0,0,1,13,0,0.012523371796529062,0,Low
4,2,3,1,32,2209,12,35089,574,1996,0.1132883586368533,0,0,1,0,0,0.0125070323488045,0,Low
1,4,1,1,32,2063,7,35237,517,5511,0.0947321267487137,1,0,1,13,0,0.01249270745971809,0,Low
0,0,3,1,24,3270,12,50530,731,2997,0.1353538321061569,0,0,1,6,0,0.012461910803682953,0,Low
5,3,0,1,28,1005,6,93144,684,4404,0.1017373534155681,0,0,1,8,0,0.012403050940914088,0,Low
4,1,0,2,38,2884,20,55432,660,2300,0.0941351048276788,1,1,1,3,0,0.012332347354531878,0,Low
3,1,2,0,37,1474,13,90438,749,1479,0.1096668668342945,1,0,1,8,0,0.012320057360802677,0,Low
1,2,2,3,39,2394,2,61492,549,2806,0.1435303741305212,0,0,1,2,0,0.01229869901547117,0,Low
2,3,0,1,38,1956,1,52528,561,4081,0.1378107351604898,1,0,1,4,0,0.012289961844456737,0,Low
2,1,1,1,38,3207,23,61778,744,5242,0.1445781890790565,1,0,1,5,0,0.012231206655542969,0,Low
2,3,0,1,29,1249,20,94937,728,1605,0.2006035486330493,0,1,1,10,0,0.012224458807358703,0,Low
2,1,3,0,24,3056,14,37927,637,4307,0.1221669078481649,0,0,0,13,0,0.012213742305514459,0,Low
4,2,0,2,21,3464,10,80223,518,2692,0.2198830873683548,0,0,1,14,0,0.012189587966395264,0,Low
1,1,1,5,9,1764,15,56482,558,2049,0.1609302640674303,0,0,0,5,0,0.012173699015471167,0,Low
2,0,2,4,7,873,5,89122,598,5401,0.1724543814402894,0,0,1,14,0,0.012100129838680907,0,Low
3,1,3,0,14,2751,0,67211,681,3311,0.1832245491440381,0,0,1,12,0,0.012090365682137833,0,Low
2,1,1,0,39,2540,24,57320,665,4435,0.1087923902528396,0,0,1,14,0,0.012087502712053166,0,Low
1,4,0,0,2,2447,19,97957,627,4873,0.1501524693229439,0,0,1,10,0,0.012028773480798323,0,Low
2,0,2,0,12,2567,14,98870,578,2448,0.2061347826353779,0,0,0,5,0,0.012028542628479027,0,Low
5,2,1,0,21,2995,23,45769,577,1260,0.1660922119098866,0,0,1,8,0,0.012015929145957525,0,Low
6,0,0,0,4,1098,16,96414,675,2810,0.1308121367091008,0,0,1,7,0,0.012010251352023504,0,Low
3,1,0,2,39,2587,23,48243,656,1482,0.1239576067675737,0,0,1,14,0,0.01194720328897544,0,Low
4,2,0,2,26,1054,23,70868,697,5134,0.2090948400474532,0,0,1,11,0,0.011868368944807962,0,Low
0,1,1,4,12,2184,0,46508,739,3768,0.1709829017496505,1,0,1,11,0,0.011864175205947357,0,Low
1,2,1,0,39,1479,24,84958,520,2429,0.2121995712073938,1,0,0,8,0,0.01184288596403889,0,Low
5,2,0,0,38,2713,0,86150,676,1528,0.1230782355509794,1,0,0,6,0,0.011832429174201327,0,Low
1,3,1,0,27,3012,21,97726,716,4795,0.092853004474292,0,0,1,8,0,0.011803993347331065,0,Low
4,0,2,0,10,3308,22,64475,695,5951,0.0941884103724996,0,0,1,14,0,0.011769640069920144,0,Low
4,3,1,1,5,1658,4,36217,655,4599,0.1268685917468078,1,0,1,2,0,0.011718172522667415,0,Low
5,1,0,1,39,2219,24,95038,604,5523,0.1458402455936961,0,0,0,14,0,0.011717345091895546,0,Low
1,1,3,1,31,1075,7,42224,703,4861,0.1360607555966214,0,0,1,5,0,0.011689932781704932,0,Low
1,2,2,2,24,2278,13,93794,651,1054,0.1498079487599885,0,0,1,14,0,0.011688310591057995,0,Low
5,2,0,3,10,1777,9,83695,612,5936,0.108983770395639,0,0,1,10,0,0.011673699015471169,0,Low
2,1,0,3,28,3376,8,94676,632,3242,0.2125579203956328,1,0,0,5,0,0.01157553503539764,0,Low
2,2,2,2,3,1411,21,55077,717,5727,0.1820244513942813,0,0,1,5,0,0.011571426448669138,0,Low
1,3,0,1,37,2419,24,32706,671,4338,0.2067938689740565,0,0,1,13,0,0.011552553593417829,0,Low
5,2,0,0,38,1110,24,81506,563,1351,0.0856817355437996,0,0,1,9,0,0.011534810126582277,0,Low
2,5,0,0,15,3251,0,43952,515,3220,0.1331002890413213,0,0,0,12,0,0.011522641968732966,0,Low
4,3,0,0,27,959,12,59318,654,5040,0.1636882118532272,0,0,1,11,0,0.011479984876543678,0,Low
4,0,2,2,0,2418,12,46466,734,1084,0.1619163618445655,1,0,1,13,0,0.011478357884877072,0,Low
1,1,2,0,23,3241,13,79349,707,4371,0.0937844343671134,0,0,1,14,0,0.011426009192655812,0,Low
0,0,0,2,23,2330,17,93889,748,4685,0.20435133005104,1,0,1,9,0,0.011414348923709499,0,Low
5,0,1,2,12,819,17,99244,645,5648,0.2097554998692558,0,0,1,9,0,0.011392595364273096,0,Low
5,1,2,0,11,1870,18,89934,602,5889,0.1654245981775241,0,0,1,4,0,0.011361743981611685,0,Low
1,1,0,4,18,824,13,67427,601,5748,0.1616074905481996,0,0,0,9,0,0.011341447933220086,0,Low
6,0,0,0,26,2893,5,99021,664,4930,0.2040466789856911,0,0,1,2,0,0.011275305431259031,0,Low
4,1,0,2,31,1029,20,88819,735,3016,0.1541377469973218,0,1,1,10,0,0.01125828589689031,0,Low
6,0,0,1,13,2029,10,94097,681,4079,0.1012280113171736,0,0,1,1,0,0.011251535789398937,0,Low
6,1,0,0,17,2603,15,76419,643,3160,0.2140582719721067,0,0,0,2,0,0.011243599281462428,0,Low
5,1,1,3,29,2029,21,58807,574,1448,0.2143475372468799,0,0,1,12,0,0.01124284571576541,0,Low
3,0,2,2,3,3337,18,51069,734,3982,0.0928142509092034,0,0,1,2,0,0.011242061369304057,0,Low
1,3,2,1,16,2368,5,38253,748,5777,0.1180022676333565,0,0,1,12,0,0.011239963230920746,0,Low
3,1,0,4,18,3041,7,88068,574,5954,0.1891401047833864,0,0,1,3,0,0.011186046924597992,0,Low
2,2,0,3,10,844,24,30291,734,5161,0.1301209729199804,1,0,1,4,0,0.011158547500319652,0,Low
3,1,0,4,4,2486,18,42432,712,4584,0.0830178083804362,1,0,1,10,0,0.011154773496545646,0,Low
0,2,0,3,16,2188,16,86791,748,2269,0.1796610509742454,0,0,1,5,0,0.01114131387986495,0,Low
2,0,3,1,5,2086,18,85158,540,4690,0.1385645608098033,1,0,1,0,0,0.011132906474678626,0,Low
1,3,2,0,37,1950,22,86627,598,3161,0.1171064534537523,0,1,1,14,0,0.01113034650568878,0,Low
2,1,1,2,39,2075,20,65716,663,5246,0.1221575070451332,0,0,1,4,0,0.011123812846059457,0,Low
2,1,0,0,37,1197,0,47181,749,4617,0.1395279150685454,0,0,1,11,0,0.011100294873452139,0,Low
2,1,0,1,5,2712,10,76832,503,5990,0.196954010932781,1,1,0,4,0,0.011084869122732271,0,Low
6,2,2,0,31,3260,5,48297,540,1785,0.181330500234354,1,0,1,9,0,0.011071458119112625,0,Low
2,0,1,3,23,2355,1,72806,699,3547,0.1357612508513539,0,0,1,10,0,0.011048907140679293,0,Low
2,2,0,3,24,1720,8,68743,718,5899,0.1393030403775454,0,0,1,5,0,0.01104599338776554,0,Low
2,2,0,3,34,2847,9,49597,641,5863,0.1646941265686361,0,0,1,11,0,0.01104599338776554,0,Low
3,2,3,2,18,3398,3,37845,535,2444,0.1298173925539421,0,1,1,4,0,0.011041570171598552,0,Low
3,0,2,0,17,2384,24,88252,667,2443,0.1159230930422805,0,0,1,4,0,0.011033476142287996,0,Low
1,0,1,3,12,3022,22,43692,748,1367,0.1068306494616611,0,0,1,8,0,0.010959413301185453,0,Low
4,1,1,1,28,2776,18,44637,696,4152,0.1729683951351597,1,0,1,14,0,0.010940139287425286,0,Low
5,0,1,2,22,3122,15,79513,643,4654,0.2176109189031304,0,0,1,7,0,0.01093049817528286,0,Low
2,2,0,2,19,1235,23,95301,668,3100,0.1019108627957162,1,0,1,1,0,0.01090046128048966,0,Low
2,0,1,3,27,1991,14,79640,623,4155,0.0848681605941028,0,0,1,7,0,0.010895642884193953,0,Low
2,0,1,2,23,988,21,86650,713,1503,0.2051574429391855,1,0,1,3,0,0.01077917352254055,0,Low
1,1,2,0,39,3195,16,85369,647,3019,0.1801821694836937,1,0,1,9,0,0.010743504210276362,0,Low
2,3,1,2,27,3059,13,61607,620,4433,0.1381711423907143,1,0,1,14,0,0.010731588125649788,0,Low
3,0,0,3,39,3425,20,37372,633,4733,0.1446011666824341,1,0,1,7,0,0.010717710559482712,0,Low
1,0,0,1,23,3494,18,83446,548,5629,0.1767529244882408,0,0,1,9,0,0.010708827643469709,0,Low
2,3,1,0,30,2010,13,91989,710,3212,0.2142012820486161,0,0,0,5,0,0.010668413873041913,0,Low
2,3,0,2,17,1133,19,84502,647,4617,0.1421467007952869,1,0,1,14,0,0.010665931166057274,0,Low
0,2,3,0,0,1117,0,63952,589,4572,0.0812882359806299,1,0,1,14,0,0.010643395985168136,0,Low
4,0,2,1,26,3400,23,77040,559,2613,0.0911249202175372,0,0,1,13,0,0.01063569045624608,0,Low
3,0,1,0,8,3164,14,86925,703,3862,0.2198573318207312,1,0,1,1,0,0.010629513658594974,0,Low
1,1,0,0,37,2260,23,96395,661,5995,0.1917439145844384,0,0,1,5,0,0.01061847208132051,0,Low
3,0,0,2,16,2907,16,95116,726,5635,0.2089065748588395,0,0,1,3,0,0.010573256818679372,0,Low
2,2,1,2,19,1896,16,70675,737,3102,0.202966846475022,0,0,1,4,0,0.010572055004667895,0,Low
5,1,1,0,28,2912,3,85903,656,1121,0.2189131771550493,1,0,1,11,0,0.010556506799951494,0,Low
3,0,2,0,39,914,2,66271,748,3030,0.1930834111529584,0,0,1,1,0,0.01055379010256681,0,Low
2,2,1,2,24,2659,24,72363,677,3705,0.145392686833008,0,0,1,10,0,0.010550976184513117,0,Low
4,1,1,2,2,1000,12,70009,740,4723,0.162055415674598,1,1,0,8,0,0.010549286936665625,0,Low
3,1,0,2,24,3249,3,30017,691,2163,0.1099340653621461,0,0,1,14,0,0.01054549388726604,0,Low
4,1,0,2,25,2305,19,59718,732,1863,0.1540598521973886,1,0,1,7,0,0.01054280826396595,0,Low
2,2,2,0,1,1856,6,31044,749,3268,0.1756966371054924,0,0,1,4,0,0.010504872360034181,0,Low
3,1,0,2,27,2809,3,32899,663,3308,0.1007780103555619,0,0,0,14,0,0.010497740292978426,0,Low
4,1,2,2,32,1766,1,77086,748,2393,0.1779027590581091,0,0,1,13,0,0.010484286304841928,0,Low
3,1,1,4,38,1839,11,95746,546,3490,0.1962827723233387,0,0,1,6,0,0.010467071455622525,0,Low
2,1,1,2,35,2454,18,48506,703,3256,0.1939633762751155,1,0,1,12,0,0.010453624480858303,0,Low
6,1,0,0,25,3477,19,53556,594,2148,0.1107697000682518,0,0,1,0,0,0.010451476793248947,0,Low
0,2,2,1,8,2768,2,40720,737,5774,0.0950701035682289,1,0,1,11,0,0.010446123682959996,0,Low
3,2,2,1,7,2076,12,55418,739,2287,0.1887973328713824,1,0,1,7,0,0.010439715480460797,0,Low
2,0,0,2,37,2201,21,82219,727,2419,0.1041061815086299,1,0,1,10,0,0.010439715480460797,0,Low
3,2,1,3,27,3048,4,88944,550,5028,0.1589507913382348,0,0,0,1,0,0.010438377926928998,0,Low
4,1,2,0,4,2964,24,63983,722,5196,0.2044326428450771,0,0,0,7,0,0.010422993884564281,0,Low
2,3,1,1,4,2416,20,73248,686,4144,0.0886989775237089,1,0,1,7,0,0.010401015113438394,0,Low
5,1,1,2,38,1300,7,98306,532,4570,0.1596997633901039,0,0,1,0,0,0.010374668919907053,0,Low
1,1,1,2,28,2959,22,41794,678,5468,0.1895553204066952,0,0,1,10,0,0.01035610685655983,0,Low
2,1,1,2,35,2959,14,34736,661,5672,0.1335087014624242,1,0,1,13,0,0.01034263279413001,0,Low
0,3,0,3,14,1948,20,46331,720,2360,0.1944441168875737,0,0,1,14,0,0.010334403916019261,0,Low
3,0,1,2,21,1585,13,62593,690,5218,0.1796745643437277,0,0,0,1,0,0.010332127467454582,0,Low
3,0,0,2,29,1351,14,74058,741,4500,0.1395347427145571,0,0,1,1,0,0.010323230670301558,0,Low
2,1,2,0,34,932,24,34030,702,2413,0.2103803034092685,1,0,1,13,0,0.01029219805505649,0,Low
5,1,0,1,37,1086,14,99566,589,1431,0.0945276294512722,0,0,1,12,0,0.010284810126582278,0,Low
3,0,0,2,39,1878,2,71467,579,1264,0.2193621712782587,1,0,0,13,0,0.010278768904123145,0,Low
5,0,2,1,20,1740,12,65618,551,1193,0.2072909321030142,0,0,1,0,0,0.0102683356416589,0,Low
5,1,0,1,18,837,19,73324,710,2106,0.1290324758615433,0,0,1,11,0,0.01026037359040197,0,Low
3,1,1,2,24,1299,19,72039,697,4838,0.1628075842972762,0,0,0,13,0,0.010254737519616626,0,Low
2,2,3,1,7,1348,7,66410,727,1246,0.1256955982641032,0,0,1,8,0,0.010250538842310992,0,Low
1,2,2,2,15,1898,23,69528,587,5533,0.1649057286474859,0,0,1,0,0,0.0102504887342888,0,Low
3,0,1,3,17,2910,15,54015,665,1613,0.1664235994090413,0,0,0,9,0,0.010245127586899739,0,Low
1,4,0,0,39,2932,14,30487,510,1147,0.08164369835087,0,0,1,0,0,0.010236235595390527,0,Low
2,2,0,1,27,1561,7,91890,630,5993,0.1195345216700979,0,0,1,13,0,0.010227447912089977,0,Low
4,2,2,0,38,2899,19,50511,625,4507,0.1732506081628885,0,0,1,9,0,0.010120790490658194,0,Low
3,3,0,2,15,2812,13,35613,683,3030,0.1834410926607464,0,0,1,0,0,0.01011349839615798,0,Low
5,2,0,2,31,1606,6,92658,591,3248,0.1486228839821237,0,0,1,11,0,0.010096891142129276,0,Low
1,0,1,2,29,2955,18,31639,674,3580,0.1592084869204048,0,0,1,7,0,0.01009556821487365,0,Low
2,0,1,3,4,1628,21,53347,661,3053,0.1801314126444851,0,0,1,9,0,0.010085720873394663,0,Low
3,2,0,1,28,2660,17,95579,676,4116,0.1648634949398951,1,0,1,3,0,0.0100646393525025,0,Low
4,1,1,4,4,1151,11,91493,545,3531,0.1363316907804198,0,0,1,8,0,0.010046075784626851,0,Low
2,3,0,0,19,2773,9,62598,746,2501,0.1671408210509825,0,0,1,13,0,0.010037668276392308,0,Low
1,3,1,1,26,1781,7,57676,748,2298,0.1878837441134803,0,0,0,6,0,0.010028771479239284,0,Low
2,1,1,3,28,3115,17,91206,644,4260,0.1684917652668283,0,0,1,5,0,0.010010629964297312,0,Low
1,2,0,4,22,1754,21,38344,628,2184,0.1984871111140845,0,0,1,7,0,0.009998090471010164,0,Low
2,4,0,2,23,1032,16,52972,631,3165,0.1156372289792218,0,0,1,10,0,0.009990957303578215,0,Low
3,1,0,3,34,1034,23,98738,627,5586,0.1241991849510883,0,0,0,10,0,0.009967071455622523,0,Low
1,4,0,2,5,950,11,77251,543,2252,0.1248923883928471,1,0,1,14,0,0.00996031746031746,0,Low
1,1,2,0,39,1869,8,60281,725,2585,0.1849884832140061,0,0,1,9,0,0.009955915754692462,0,Low
1,1,1,3,17,2975,15,65355,575,2114,0.1525202218422781,0,0,1,2,0,0.009955352762241193,0,Low
3,0,1,1,9,1447,19,41042,747,5189,0.1381046443773512,1,0,1,5,0,0.009925290349626662,0,Low
1,2,0,4,22,2916,10,39003,585,2418,0.2024570187459039,0,0,1,6,0,0.00991612325789541,0,Low
4,1,0,1,13,1915,22,41196,729,5966,0.1438691470117895,0,0,0,2,0,0.009878438096713618,0,Low
2,1,1,1,19,1560,20,80968,672,5412,0.2187165840193548,1,0,1,9,0,0.009857599532509231,0,Low
1,0,1,4,10,1385,4,47351,643,5692,0.1897703291454332,1,0,1,2,0,0.009825214166986318,0,Low
3,3,1,1,20,843,19,94994,684,1452,0.1430660960100485,0,0,1,9,0,0.009813804406754164,0,Low
5,0,0,1,24,1231,23,75834,660,5628,0.0813002295945294,0,0,1,14,0,0.009811059598922747,0,Low
3,3,0,1,24,2108,21,97660,591,1085,0.1213832130637899,0,0,1,8,0,0.009804907609601139,0,Low
2,0,0,3,30,1341,24,94393,507,5859,0.1726835193738406,0,0,1,13,0,0.009803367673066282,0,Low
1,1,2,2,26,2357,21,93395,723,5442,0.1063085192767183,0,0,1,0,0,0.009796589320610926,0,Low
2,1,1,0,39,2979,24,42346,712,5376,0.1061987773627846,0,0,1,10,0,0.009785168823031971,0,Low
2,4,0,0,14,2707,16,35639,651,3607,0.2085152755933941,0,0,1,0,0,0.009784851590097517,0,Low
2,1,2,1,30,3123,12,86905,681,3302,0.1548058924154962,0,0,1,11,0,0.009781663954560576,0,Low
6,0,0,0,8,2603,11,72636,745,1586,0.2165442229738374,0,0,1,13,0,0.009757032348804501,0,Low
4,0,2,0,33,1623,11,71836,616,4043,0.208876172821278,1,0,1,10,0,0.009749823571268808,0,Low
4,0,0,2,16,2060,12,65898,736,5433,0.166309734691089,0,0,1,8,0,0.009746070411756555,0,Low
1,0,0,3,22,987,17,70387,744,3140,0.185234620478827,0,0,1,12,0,0.009745955190668518,0,Low
3,0,2,2,16,3234,0,35814,662,1039,0.2144900817492122,1,0,1,10,0,0.00973607839968887,0,Low
2,0,2,3,5,2826,9,95556,694,1027,0.1415088323984708,1,0,1,7,0,0.009704002045774198,0,Low
2,2,2,1,19,2623,1,88490,740,5704,0.2075857933421518,0,0,1,3,0,0.009701495535779158,0,Low
4,2,2,0,27,873,14,49085,669,2989,0.1776263848756264,0,0,0,1,0,0.009699739803928882,0,Low
1,0,1,3,27,1761,0,71365,591,3377,0.2198592113427543,0,0,0,6,0,0.009666123257895409,0,Low
0,1,1,1,8,2380,24,51119,679,4604,0.2126558578731383,1,0,1,3,0,0.00965389754055101,0,Low
1,0,0,4,21,2732,15,91145,585,5411,0.1802580033906475,0,1,1,5,0,0.009601992090543158,0,Low
7,1,0,0,4,1336,21,52178,556,4126,0.1828781949719841,0,0,1,14,0,0.009539852208862897,0,Low
0,1,1,1,6,1889,20,99834,677,3908,0.1716706054552221,1,0,1,13,0,0.009527572252935402,0,Low
4,0,2,0,37,1858,4,73396,731,4027,0.2036998452622717,0,0,1,2,0,0.009525670556828583,0,Low
3,1,1,1,31,2927,16,57747,662,3070,0.1643228836081526,1,0,1,5,0,0.009502432781704933,0,Low
2,5,0,0,11,3105,14,40018,592,3410,0.1890298692145024,0,0,0,3,0,0.009470693916784914,0,Low
0,0,3,2,14,2927,1,57932,662,1713,0.1615873016138476,0,0,0,13,0,0.00944750853928069,0,Low
3,2,1,0,36,1067,23,77068,654,3678,0.2163321157890356,0,0,1,1,0,0.009402884379964309,0,Low
2,1,2,1,39,1657,9,35339,688,5187,0.1156367740995568,0,0,1,8,0,0.00940163464650235,0,Low
0,4,0,0,36,3176,13,51405,550,4374,0.0862338166828752,0,0,0,14,0,0.009376538072629068,0,Low
1,2,1,3,31,3475,10,79455,691,3007,0.081425840220589,1,1,0,11,0,0.009364896706668858,0,Low
2,0,0,3,5,1287,8,89472,567,5917,0.1286918058639645,0,0,1,10,0,0.00935163134018241,0,Low
1,1,0,2,7,1291,17,41805,749,1945,0.1495544469400998,0,0,0,14,0,0.009332429174201327,0,Low
4,1,0,0,39,2011,2,59941,534,4171,0.2110783299515082,1,0,0,9,0,0.009331261619124766,0,Low
2,2,2,1,15,3204,13,74879,568,5477,0.1275483477886108,0,0,0,9,0,0.00932781203116751,0,Low
2,1,1,0,36,3488,7,44446,543,3938,0.2191011876725341,0,0,1,7,0,0.009325580024733495,0,Low
1,1,2,0,39,1922,1,32066,665,1162,0.1910636848892912,1,0,1,12,0,0.009287876504648655,0,Low
3,2,2,1,4,2551,23,70290,633,3932,0.171835586820963,0,0,1,4,0,0.009272534829111393,0,Low
5,0,0,1,17,2667,2,97493,627,4942,0.0978201834837197,0,0,0,11,0,0.009189004015123391,0,Low
1,1,0,1,16,1967,20,73103,654,1076,0.2146707849503787,0,1,0,0,0,0.00918880544998137,0,Low
5,0,0,0,11,1970,9,97629,558,3654,0.1303208689131256,0,0,1,5,0,0.009180107217970366,0,Low
5,2,1,1,5,2110,11,83627,721,2692,0.1070496392298763,0,0,1,3,0,0.009140365682137835,0,Low
1,1,0,0,32,1568,15,78650,654,3389,0.2118267881771479,1,0,1,6,0,0.009120583408446556,0,Low
1,0,1,2,31,1046,14,75372,699,5333,0.0826559277692467,1,0,0,10,0,0.009051579086937392,0,Low
3,3,0,1,18,1340,6,42607,744,1455,0.207057669108894,0,0,1,13,0,0.009037668276392309,0,Low
5,1,0,0,17,1281,17,99662,733,2107,0.1867062129559227,0,0,1,6,0,0.008995843537615691,0,Low
5,1,0,0,20,2814,17,55160,711,5512,0.1529182637436965,1,0,1,10,0,0.008995780963410818,0,Low
2,0,0,3,27,1258,20,44440,694,5062,0.1405994807654886,0,0,1,0,0,0.008988783356417578,0,Low
3,4,0,2,33,2711,19,77063,542,1231,0.0877528577835025,0,0,1,1,0,0.008971527227461074,0,Low
6,0,0,0,8,2925,23,92259,644,4717,0.111652341838538,0,0,1,0,0,0.008937294475157623,0,Low
5,0,1,1,39,2685,10,30647,682,1591,0.1032160431389893,0,0,1,7,0,0.00893560377737593,0,Low
1,2,1,0,39,2417,11,45031,732,5926,0.2178385251068366,0,0,0,8,0,0.008934554383707853,0,Low
1,2,2,4,35,1518,22,80206,541,1281,0.0998878259574182,0,1,1,9,0,0.00893346317201424,0,Low
3,3,0,0,1,3319,12,98868,632,2026,0.0917112805847754,1,0,0,11,0,0.008927945319931305,0,Low
4,2,2,1,11,1527,18,72714,695,2572,0.1718241418153404,0,0,1,0,0,0.008921962026151104,0,Low
3,0,2,0,15,1762,9,57359,613,1771,0.207059188303336,1,0,0,4,0,0.008918322671385146,0,Low
5,1,0,0,36,1774,22,41008,708,3733,0.157504598114741,0,0,1,11,0,0.008908678646541794,0,Low
2,1,3,0,38,1055,18,75768,506,4097,0.1327864480324403,0,0,1,4,0,0.008848023836574905,0,Low
2,0,2,4,28,1967,14,85625,514,4771,0.1025090972448855,0,0,1,3,0,0.008830649319200388,0,Low
1,2,1,2,33,2686,23,99447,644,5412,0.1497960133426606,0,0,1,14,0,0.00882724326926032,0,Low
1,0,0,2,16,3216,0,94242,689,5357,0.2123774350818154,1,0,1,7,0,0.008732872556671474,0,Low
1,0,2,3,12,1302,16,41275,717,4409,0.1741371973797819,1,0,0,9,0,0.008719153560925712,0,Low
3,1,2,1,21,2606,17,53996,689,4434,0.2039317311529472,0,1,1,3,0,0.00870068642635068,0,Low
6,0,0,2,31,3280,21,71601,513,2407,0.2101247420727869,0,0,1,5,0,0.008700110673030366,0,Low
3,3,0,0,27,1658,17,92439,689,2475,0.2158647292460728,0,0,0,7,0,0.008690363934669479,0,Low
0,1,3,1,34,1058,13,41744,563,5044,0.1753471403190306,0,0,1,5,0,0.008689932781704933,0,Low
5,0,0,0,16,2356,24,35070,563,5950,0.1201557247799027,0,1,0,9,0,0.00868900401512339,0,Low
3,2,1,2,5,1246,18,99531,539,5172,0.1687452788872324,0,0,0,4,0,0.008632438074455124,0,Low
1,2,2,0,0,1337,11,86665,748,4650,0.2053220416808426,0,0,1,10,0,0.008617638752375825,0,Low
1,0,3,1,10,2760,14,50581,684,4454,0.1109733112589686,0,0,1,11,0,0.008529759621531774,0,Low
6,1,0,1,19,2944,18,43472,525,4232,0.0830689130327506,0,0,1,10,0,0.008525345313208461,0,Low
5,1,0,1,30,2682,8,78663,712,5304,0.1507367509272799,1,0,1,10,0,0.008505282434656059,0,Low
1,3,1,0,11,3494,2,77237,646,3275,0.1277762561253119,0,0,0,12,0,0.008401146194483913,0,Low
1,0,0,0,16,1434,11,78953,697,5444,0.116200447004486,1,0,1,5,0,0.008396627380675146,0,Low
2,0,3,2,5,1070,17,91119,702,1649,0.1891808465427943,0,0,0,0,0,0.008393759846596629,0,Low
1,0,1,2,16,2062,22,66554,674,4903,0.1230715145409691,1,0,0,13,0,0.008383926467420831,0,Low
3,2,1,0,21,3054,2,87940,680,4502,0.1030394583868588,1,0,1,4,0,0.008371904448023824,0,Low
2,1,0,0,13,1684,0,78703,749,4180,0.2108627283182595,0,0,1,0,0,0.008368249141406407,0,Low
4,0,1,1,37,2759,11,55793,542,5985,0.1394402996943846,0,0,1,3,0,0.0083630076508708,0,Low
5,2,1,1,7,1934,10,91750,688,5489,0.1088359321858473,0,0,1,7,0,0.008346773884637034,0,Low
2,1,2,0,22,1925,4,97386,693,5222,0.2194306170560924,0,0,1,13,0,0.00834576076875407,0,Low
5,0,0,3,1,1710,12,96233,628,4912,0.1855886665532382,0,0,1,11,0,0.008340365682137833,0,Low
2,2,2,2,8,2243,8,36073,689,5073,0.201195351059929,0,0,0,5,0,0.008320018358551371,0,Low
2,3,0,0,27,2455,7,77219,600,5980,0.2176599388118661,0,0,1,4,0,0.008317008110345825,0,Low
2,4,0,0,3,1261,21,90495,690,1328,0.1793902279208463,0,0,1,11,0,0.008304332491413878,0,Low
2,1,0,0,12,3494,2,88901,558,3445,0.2096018823089184,0,0,1,1,0,0.008280160832893351,0,Low
2,4,1,0,38,3284,6,74806,606,1214,0.1683307879115446,0,0,1,7,0,0.008275279031212876,0,Low
3,4,1,1,21,2858,5,31787,535,1682,0.1462655998743171,0,0,1,7,0,0.008212664860076017,0,Low
3,3,0,1,38,2873,23,30541,683,1939,0.1536380442675451,0,0,1,14,0,0.008191164641632444,0,Low
0,0,0,3,19,2659,4,99079,551,1141,0.0987699996829679,1,0,1,7,0,0.008158547500319652,0,Low
3,2,2,2,5,2040,3,34493,730,1187,0.1351127584503801,0,0,1,1,0,0.008152202575979284,0,Low
1,3,0,3,26,1444,13,56786,574,5256,0.1669858438221985,0,0,1,13,0,0.008133749834217637,0,Low
5,1,0,1,8,1837,17,90360,734,3154,0.1209539984573651,0,0,1,10,0,0.008121132858996008,0,Low
3,0,3,2,38,2976,15,34235,625,5299,0.1946508300372774,0,0,1,6,0,0.008118504210276361,0,Low
2,2,2,1,21,2596,19,39846,679,4801,0.2167599975816599,0,0,1,9,0,0.008105448331112586,0,Low
2,1,2,0,29,2820,18,93038,687,4204,0.188919662077787,0,1,1,7,0,0.008096075237721857,0,Low
4,1,2,0,4,2323,13,92876,680,4317,0.1726300606372084,0,0,0,13,0,0.008078524775583767,0,Low
5,0,2,1,36,3470,1,77046,574,3240,0.1074116150667706,1,0,1,0,0,0.008068996106859254,0,Low
2,1,0,2,8,2782,13,70541,708,3513,0.0947920538568596,1,0,1,7,0,0.008023440558798863,0,Low
5,1,2,1,36,1481,12,33475,506,2646,0.1484681333519703,0,0,0,2,0,0.007955291379068086,0,Low
2,4,0,1,39,907,4,35506,627,2005,0.1181076097522527,0,0,0,5,0,0.007954545454545454,0,Low
5,1,0,2,11,3426,12,66951,732,3084,0.2148812356126674,0,0,1,2,0,0.00795344757741151,0,Low
4,1,2,0,23,2581,24,36702,538,2337,0.0850407300838567,0,0,1,5,0,0.00792998035375706,0,Low
2,2,0,3,0,1843,20,37563,747,3147,0.1216091753118835,0,0,1,9,0,0.007923699015471167,0,Low
3,2,1,2,26,2798,24,49765,657,2870,0.0864627053510932,0,0,0,14,0,0.007905879232471118,0,Low
1,1,2,1,7,1951,22,45288,671,5430,0.0812681969886816,1,0,1,12,0,0.007870583408446557,0,Low
3,0,2,0,11,2909,21,58680,702,2482,0.1992992952014292,1,0,1,5,0,0.007865088614789155,0,Low
3,0,0,0,38,1392,7,73073,749,1690,0.1939104716949462,0,0,0,8,0,0.007827652904719174,0,Low
2,0,1,3,29,1003,5,69027,693,3700,0.1867191259559786,0,0,1,2,0,0.007817614623672491,0,Low
2,0,0,0,16,1047,8,74749,749,1427,0.1035209593093212,1,0,1,7,0,0.00780342086771653,0,Low
2,0,3,0,10,2407,1,60074,651,1202,0.1201784339193965,1,0,1,0,0,0.007777595119367271,0,Low
0,0,1,3,18,2322,9,95079,687,5138,0.1427463726291294,0,0,0,2,0,0.007754617243168313,0,Low
2,1,1,3,36,2524,9,75624,716,2099,0.2085769196040975,0,0,1,14,0,0.007709166662003444,0,Low
1,3,1,0,2,3471,11,66870,688,2064,0.2142806998628577,0,0,1,1,0,0.007690061801819929,0,Low
5,1,0,0,34,2447,18,55193,730,4362,0.1659136438690609,0,0,1,11,0,0.007658678646541794,0,Low
0,0,2,0,29,2660,3,68577,737,4642,0.2068163037627969,1,0,1,3,0,0.007623647771774406,0,Low
5,2,1,0,13,1740,19,90704,705,2375,0.1717434744568632,1,0,1,7,0,0.0076222758719764125,0,Low
2,1,2,1,29,3006,24,47770,594,3038,0.2071922299760035,1,0,1,1,0,0.007585350088412562,0,Low
4,1,0,1,33,1707,20,86709,746,5039,0.1925946158247183,0,0,1,0,0,0.0075752063214082985,0,Low
2,1,0,1,26,1757,18,94457,743,1225,0.2173015598315485,0,0,0,12,0,0.007569378573078917,0,Low
0,1,2,3,13,2622,15,56153,513,5293,0.1339844067355595,0,0,1,3,0,0.0075610864028585545,0,Low
0,0,0,2,29,2968,15,78326,725,4331,0.1511270468851796,1,0,0,6,0,0.007557712801924101,0,Low
4,0,1,3,10,2265,16,74563,631,3979,0.0950234785847225,0,0,1,5,0,0.007546075784626853,0,Low
1,3,2,2,16,1270,7,88473,706,2183,0.1624529601917712,0,0,1,3,0,0.007542078983724419,0,Low
1,2,2,0,5,1926,23,36276,698,5700,0.1122688689515518,0,1,0,2,0,0.007519721889589593,0,Low
3,1,0,1,39,1334,22,44309,729,5991,0.157765362835842,1,0,1,7,0,0.007513944750781063,0,Low
1,4,0,1,1,3361,20,97855,663,1098,0.0854235247913085,0,0,1,8,0,0.00750807956401341,0,Low
3,1,3,1,14,2392,16,45100,611,1257,0.2155746430064859,0,0,0,11,0,0.007507032348804501,0,Low
2,0,1,3,18,1441,13,64909,633,2623,0.1431493236385885,1,0,1,13,0,0.007507032348804501,0,Low
2,1,0,4,39,2342,3,44591,568,1905,0.1362663507457216,0,0,0,8,0,0.007507032348804501,0,Low
3,2,1,3,18,1575,16,50405,596,2815,0.2183189147932144,1,0,1,13,0,0.007507032348804501,0,Low
1,0,2,2,0,1281,19,79678,678,5676,0.138273354084746,0,0,0,5,0,0.007503327027348634,0,Low
3,0,0,1,31,1563,20,93365,729,2313,0.1956655814652514,1,0,1,14,0,0.007500362471748702,0,Low
6,2,0,0,6,2527,2,97041,511,4082,0.1522678004856749,0,0,0,0,0,0.00747375801162116,0,Low
1,2,0,0,33,2392,0,98157,744,4401,0.0960080538715547,1,0,0,14,0,0.007462357449193763,0,Low
4,2,0,0,34,1784,14,35674,746,4372,0.1835449146125236,0,0,1,6,0,0.007454195672471192,0,Low
3,1,0,3,5,2590,19,84125,694,4249,0.1730928336460365,0,0,1,4,0,0.007446224815923426,0,Low
1,1,0,2,20,2316,20,96667,746,3887,0.1286285583842293,1,0,1,6,0,0.0074230032054707325,0,Low
4,1,0,1,18,3198,18,53190,741,2293,0.0868893958080916,0,0,1,2,0,0.007415725226165978,0,Low
1,1,0,2,25,1972,17,79203,686,3916,0.1893803917300783,1,0,1,10,0,0.007406555324007561,0,Low
3,0,0,2,37,3185,16,48651,745,3870,0.2170112711076918,0,0,1,6,0,0.007356714651952785,0,Low
1,0,2,0,17,2839,6,71265,694,5764,0.212903322064112,0,0,0,0,0,0.007345031664445918,0,Low
0,0,2,2,4,1237,11,98649,552,2791,0.1383971076902928,0,0,1,4,0,0.007286484107039731,0,Low
1,1,0,1,35,3493,24,94250,691,4426,0.1158188407471186,0,0,1,4,0,0.007282254216896282,0,Low
4,0,1,0,24,2043,18,70333,743,3830,0.0921584404289443,0,0,1,4,0,0.007275624243899763,0,Low
2,1,1,0,16,2396,12,98806,656,5876,0.2031566637080646,0,0,0,5,0,0.007271518147305692,0,Low
1,0,0,0,38,1648,24,83766,630,3527,0.089812924301461,0,0,1,13,0,0.007261700209500169,0,Low
4,2,0,2,32,805,15,70588,742,1793,0.2073957033423641,0,0,0,0,0,0.007252982275166798,0,Low
3,4,1,0,12,1429,1,47235,671,1487,0.1266975143843233,0,0,1,13,0,0.0072513871105420406,0,Low
2,4,0,1,29,1664,6,54263,513,5881,0.1809733506338521,0,0,1,14,0,0.007244864190955187,0,Low
4,1,1,2,17,2311,13,92126,653,5356,0.1379816553234765,1,0,1,0,0,0.007244086284772428,0,Low
3,0,2,0,19,1138,13,91080,663,5251,0.1247297462875264,0,0,1,4,0,0.0072227847776876256,0,Low
3,4,0,1,12,2833,9,53681,625,1369,0.1351056253685411,0,0,1,14,0,0.007222222222222222,0,Low
2,1,0,2,8,3141,21,31425,742,4790,0.2189868296252785,1,0,0,4,0,0.007196240940452239,0,Low
4,0,0,1,20,3066,18,40291,658,5561,0.2193980101118131,1,0,1,2,0,0.0071773781839099314,0,Low
5,1,0,0,30,2762,10,79575,721,4784,0.2151505862483744,0,0,1,8,0,0.007177076914940062,0,Low
2,0,2,0,22,2077,9,48266,749,2260,0.0820446024310536,0,0,0,9,0,0.007174027621354675,0,Low
3,3,2,1,10,2249,18,33554,610,3760,0.105908552277027,0,0,1,11,0,0.007123923576624863,0,Low
2,0,0,1,13,3424,20,59414,743,1743,0.2178329753347731,1,0,1,9,0,0.0071063821471274635,0,Low
3,1,0,3,7,2067,17,69315,684,2128,0.1188632398104509,1,1,1,3,0,0.007102991944764096,0,Low
4,3,0,1,21,1749,13,92094,652,3474,0.1891335144235372,0,0,1,7,0,0.007099353680947626,0,Low
2,4,0,1,12,3300,4,45026,690,3105,0.1821415242127289,0,0,1,2,0,0.007067404426559356,0,Low
2,3,2,0,35,1358,6,71390,669,4921,0.1278117557961319,0,0,0,11,0,0.007064399767101055,0,Low
2,0,2,0,17,1583,23,45049,658,5598,0.1497327556781522,0,0,1,11,0,0.007058741341865273,0,Low
1,1,0,3,39,3039,21,53683,665,5005,0.1797741511211678,0,0,1,3,0,0.007049677772597465,0,Low
3,0,2,0,21,1626,7,73389,663,3614,0.1156423500924733,1,0,1,0,0,0.007038571114690492,0,Low
4,0,0,2,39,1261,23,33853,699,5620,0.2048812839991732,0,0,1,0,0,0.007032311889109935,0,Low
1,0,0,4,26,2708,6,51221,742,3135,0.1777902741044492,0,0,1,6,0,0.007023266115038267,0,Low
3,0,3,1,33,1601,9,68340,541,3488,0.206270234799439,0,0,0,3,0,0.007023266115038267,0,Low
1,0,0,1,39,1666,23,91381,643,3861,0.206703407422906,0,0,1,5,0,0.007007321088259969,0,Low
1,3,1,2,23,1768,9,53903,557,5519,0.2106201170373115,1,0,1,9,0,0.0069791472023074015,0,Low
3,0,1,2,39,2865,1,91127,588,3100,0.1255107959938094,1,0,1,14,0,0.006976321351675593,0,Low
3,3,0,0,30,3094,5,83539,723,3261,0.1207466843184432,1,1,1,6,0,0.006912975375398657,0,Low
2,2,0,0,20,1173,12,89983,743,4870,0.2160718257836998,0,0,1,8,0,0.00689503498602373,0,Low
2,0,0,0,33,2794,23,66339,532,5958,0.0911570753234103,1,1,1,0,0,0.00687491241277556,0,Low
3,0,2,0,3,1677,16,86050,741,5760,0.1813712242813183,1,0,0,14,0,0.006870818391236793,0,Low
4,1,2,2,18,2220,4,91241,740,2040,0.1002949651568376,0,0,1,11,0,0.006866809475621327,0,Low
3,1,1,4,31,2477,0,60152,505,5105,0.0898265496808584,0,0,1,11,0,0.0068565994483716,0,Low
1,2,0,3,36,2312,12,57018,741,5393,0.1533760004910382,0,0,1,14,0,0.006854157445929598,0,Low
0,0,2,1,30,1052,9,64115,703,3521,0.2065597284364163,0,0,1,14,0,0.006841511211378916,0,Low
2,3,2,1,11,2060,11,62740,688,3081,0.2003909935142478,0,0,1,14,0,0.006840608373080734,0,Low
2,1,0,2,37,1650,24,94318,517,3164,0.1832635864582852,1,0,1,11,0,0.006814756609994743,0,Low
1,3,0,2,0,1949,11,99353,521,1211,0.2142714399946159,0,0,0,13,0,0.0068138466610933816,0,Low
3,1,0,3,16,1014,9,81093,677,5833,0.2017910062989795,0,0,1,2,0,0.006812309550860619,0,Low
5,2,1,2,21,2595,4,83141,567,3556,0.1273111752307188,0,1,1,3,0,0.006772454605948968,0,Low
2,1,0,0,33,910,24,92792,593,3648,0.0851612813194865,0,0,1,4,0,0.00677034945499152,0,Low
5,0,0,2,38,2469,10,82276,735,5850,0.190171289208493,0,0,1,3,0,0.006769907015145149,0,Low
5,0,0,2,38,2925,10,60475,710,5818,0.2061624301316584,0,0,1,11,0,0.006769907015145149,0,Low
5,0,1,2,27,1601,16,82739,554,4123,0.1720888266979733,0,0,1,14,0,0.0067635578087959424,0,Low
2,1,0,0,11,1973,24,47671,745,5785,0.2165402713934847,0,0,1,10,0,0.00676207443108512,0,Low
1,2,0,1,38,3489,15,90709,506,5637,0.1391199846252348,0,0,1,3,0,0.006747289181931246,0,Low
2,1,0,1,0,2495,17,82241,745,1936,0.2167937466633899,0,0,0,14,0,0.00671274245129352,0,Low
1,1,0,0,34,1666,24,78959,592,1879,0.148361468079473,0,0,1,4,0,0.00671274245129352,0,Low
4,0,1,3,5,2594,2,93816,532,3979,0.1202701068960412,0,0,1,11,0,0.006712742451293519,0,Low
4,2,2,0,1,1869,20,48921,645,5436,0.2024857667750917,0,0,1,8,0,0.0067087899899480165,0,Low
0,1,0,2,36,2662,2,99568,735,5343,0.1124041990499212,1,0,1,13,0,0.006699654193865493,0,Low
4,1,1,3,16,1601,9,33253,675,3663,0.2026063807759607,0,0,1,4,0,0.006689932781704933,0,Low
1,0,1,1,10,2712,24,96650,742,5337,0.1950917185407406,0,0,1,14,0,0.006688340519126254,0,Low
1,2,0,0,33,1252,24,77971,582,2452,0.0852223282629551,1,0,1,10,0,0.006673699015471168,0,Low
1,1,2,0,33,926,12,84266,667,2867,0.1002526535003832,1,0,1,14,0,0.006673699015471168,0,Low
2,0,0,0,26,2452,0,52883,747,2713,0.2166119515973223,0,0,1,9,0,0.006673699015471168,0,Low
1,3,0,1,23,1251,16,98500,524,5739,0.201503615034391,1,0,1,2,0,0.00664266959422331,0,Low
4,2,1,2,39,2886,7,43930,645,1719,0.2191562211483491,0,0,0,7,0,0.0066380196410821156,0,Low
2,0,0,2,30,2180,14,61466,729,3889,0.161439709505908,1,0,0,1,0,0.0066143011907042705,0,Low
3,2,0,1,21,1548,10,98762,659,1221,0.1670041192050331,0,0,1,14,0,0.006607161757477531,0,Low
0,2,1,0,35,2542,2,99605,718,4489,0.2015997302537685,0,0,1,3,0,0.006534607998630838,0,Low
1,0,2,0,22,810,9,89583,735,3584,0.2096631786825732,1,0,1,2,0,0.006533298337771653,0,Low
6,2,0,1,4,2110,17,81275,587,3215,0.1522696731655708,0,0,1,12,0,0.0065213770592402074,0,Low
2,4,0,0,18,3445,0,98378,573,3306,0.1724823399123337,0,0,1,13,0,0.006519846133635682,0,Low
0,2,1,0,21,3493,24,63440,538,2578,0.1377877510680789,0,1,1,11,0,0.006515929145957527,0,Low
1,4,0,1,16,1378,15,79211,581,4153,0.0820736406175371,0,0,1,7,0,0.006503065993347063,0,Low
0,4,0,2,17,2413,4,34269,521,5750,0.1931130473748825,0,0,1,12,0,0.006500575601452741,0,Low
1,0,2,0,34,2525,13,92769,558,3294,0.2178320688294878,0,0,1,9,0,0.0064981542941816885,0,Low
0,4,1,2,4,3066,4,37686,576,5624,0.1249865449817125,0,0,1,10,0,0.00647544503806595,0,Low
3,1,1,2,24,1030,10,44689,664,5087,0.2124346785588057,1,0,1,14,0,0.00646788954670977,0,Low
4,1,0,3,1,2107,18,64487,679,3058,0.1148384530685301,0,0,0,9,0,0.006443458465642989,0,Low
0,0,0,1,28,1680,21,99574,710,4834,0.1220701802767088,0,0,1,11,0,0.006436100370742437,0,Low
2,0,0,3,20,2998,2,80730,509,3031,0.0955088340825592,1,0,1,4,0,0.006424781266553419,0,Low
1,1,1,1,2,3179,19,99830,747,2718,0.1840702202680869,0,0,1,10,0,0.006409678882598575,0,Low
1,4,0,1,31,2844,4,32457,620,5972,0.1550831206371262,0,0,1,4,0,0.006408228213474139,0,Low
1,0,0,1,25,2686,6,99011,555,1504,0.218209626844137,1,0,1,5,0,0.006407786117648722,0,Low
4,1,0,3,15,3139,5,94116,741,1737,0.0972013309158151,0,0,1,14,0,0.006395282133833202,0,Low
3,2,0,2,35,3478,17,92841,553,3475,0.2175105067441129,0,0,1,3,0,0.006393419850586176,0,Low
4,0,0,3,39,2142,19,61563,551,3558,0.1103662568753905,1,0,1,14,0,0.006372472464244616,0,Low
0,0,0,0,36,3494,20,71948,660,5991,0.1635338025009903,0,0,1,1,0,0.006362091899955049,0,Low
2,1,0,2,39,976,24,72514,585,5518,0.0984812394428036,0,0,0,14,0,0.006361483391541261,0,Low
1,3,2,0,13,1486,12,98276,565,1936,0.0894724733648613,0,0,1,8,0,0.006326832980222188,0,Low
6,0,0,1,26,2242,13,93461,630,5721,0.1103592453419994,0,0,1,9,0,0.0063031230909862375,0,Low
3,3,1,0,39,1387,4,87049,525,4916,0.1047738274997981,0,1,0,6,0,0.006302578095915813,0,Low
0,0,1,0,34,3278,1,52104,749,5148,0.1448210747512072,0,0,1,7,0,0.006273371796529062,0,Low
3,1,3,0,13,1910,20,40024,591,3218,0.0833560375864935,0,0,1,12,0,0.006257032348804501,0,Low
2,3,1,1,20,1894,6,85386,720,2866,0.1624750145292887,1,0,1,5,0,0.006245384049972562,0,Low
3,3,2,1,24,3314,3,36701,716,5847,0.1774673508860518,0,0,1,0,0,0.00623106643376772,0,Low
3,3,2,1,29,2058,18,52974,578,1199,0.1820456490376069,0,0,1,0,0,0.006208424465034755,0,Low
1,2,0,2,22,2405,15,99270,737,2638,0.1090270183069336,0,0,1,9,0,0.006199921938473007,0,Low
1,0,2,0,29,2121,23,43888,579,5237,0.1157217303508158,0,0,1,14,0,0.006174844544712248,0,Low
3,0,1,4,31,3017,9,48961,633,5879,0.1266465518094953,0,0,1,7,0,0.006174781266553419,0,Low
2,1,2,1,27,3071,13,86708,736,2131,0.1599541225703202,0,0,1,4,0,0.00616527198582761,0,Low
3,0,2,1,2,853,11,36143,685,4859,0.2187723517032541,0,0,1,12,0,0.006130833000700705,0,Low
6,1,0,1,4,2944,9,31342,501,5438,0.1048633897748352,0,0,1,6,0,0.00612455166241481,0,Low
4,0,2,2,6,3490,4,68289,742,3683,0.154404921496328,0,0,1,1,0,0.006090657217899907,0,Low
4,3,0,0,30,1998,8,78744,730,5193,0.1632504741073472,0,0,1,5,0,0.0060904568837946,0,Low
5,1,0,1,8,2849,22,86433,745,5371,0.1944715669122408,0,0,1,8,0,0.006090212959223649,0,Low
2,0,0,0,0,1110,16,82977,749,3326,0.1640354576404057,0,0,1,4,0,0.006088837376700525,0,Low
0,2,1,0,39,2710,14,93247,644,4556,0.2149908696578531,0,0,1,14,0,0.0060885191412516585,0,Low
4,0,0,1,23,3426,14,78877,692,4273,0.1426405724774004,1,0,1,11,0,0.00608398849377449,0,Low
2,0,2,0,37,3360,21,77100,706,3134,0.1313756231095961,0,0,1,5,0,0.006083979225625846,0,Low
1,0,2,3,18,3211,0,30958,715,2071,0.1435769376407671,0,0,1,8,0,0.006061086402858554,0,Low
3,1,2,1,14,2568,23,94280,529,3551,0.2061513467405828,0,0,1,12,0,0.006054290336086231,0,Low
3,2,0,2,35,882,5,98150,744,2559,0.1759322020205275,0,0,1,12,0,0.006014329752880822,0,Low
5,0,0,1,14,1692,15,70671,728,4651,0.1481453070286987,0,0,1,1,0,0.006008245746108895,0,Low
3,1,0,0,26,3002,21,96562,656,5966,0.1093625538175662,0,0,1,0,0,0.0059965399311819965,0,Low
2,0,0,3,13,2022,18,91877,744,5686,0.2067122746530181,1,0,1,10,0,0.005987872697735302,0,Low
3,0,0,2,39,2160,17,66253,545,2056,0.0806131442287222,1,0,1,14,0,0.005977181602535844,0,Low
4,0,0,2,39,2236,18,78683,646,2863,0.1723325635619514,1,0,1,12,0,0.005977181602535844,0,Low
1,1,0,0,21,2975,24,56404,733,5992,0.19204558353637,0,0,1,9,0,0.005970105427372344,0,Low
2,0,0,2,1,2080,22,99122,656,4093,0.1829275061091627,0,0,1,5,0,0.005967152540317132,0,Low
1,0,1,3,34,847,7,90280,666,2015,0.1570518508454931,0,0,1,14,0,0.0059190916576427255,0,Low
0,0,0,1,35,1515,15,40400,653,5994,0.2088532752389773,0,0,0,5,0,0.005902690190553339,0,Low
2,3,0,1,36,1556,10,87914,672,3120,0.1496948939733132,1,0,1,8,0,0.005901072955567847,0,Low
0,2,1,0,36,2529,19,97621,657,3385,0.1892540934804447,0,0,1,14,0,0.005899935715725322,0,Low
0,1,1,1,3,990,0,87766,627,5955,0.2141624455391547,1,0,1,7,0,0.0058969132141571375,0,Low
2,0,0,1,29,2524,9,84382,602,2216,0.2199034435892599,1,0,1,10,0,0.005872071831934436,0,Low
6,1,1,0,6,1302,11,71448,699,4837,0.160817917489583,0,0,0,6,0,0.0058705834084465565,0,Low
0,0,1,2,3,2279,1,97945,656,5666,0.1871242195885503,0,0,1,5,0,0.0058502202922373426,0,Low
1,4,0,0,3,1417,23,63264,724,4685,0.0836948553498019,0,0,1,1,0,0.005821431676677602,0,Low
5,3,2,0,15,1598,11,52239,622,3065,0.0836305965482382,0,0,1,13,0,0.005809398957313596,0,Low
4,0,1,3,8,2374,21,51976,504,3531,0.1900957262667976,0,0,1,2,0,0.0058032852762049695,0,Low
2,0,1,1,24,1441,16,96640,656,1315,0.1359569539522291,0,0,1,8,0,0.005795326533877603,0,Low
0,1,0,0,6,1276,0,98359,657,2683,0.099531015302598,0,0,1,7,0,0.005760361498912567,0,Low
0,2,1,0,29,2057,12,97743,657,1779,0.1295522388983817,0,0,1,12,0,0.005760361498912567,0,Low
2,0,0,1,13,3143,13,97021,655,1949,0.1036392210017254,0,0,0,11,0,0.005760361498912567,0,Low
0,0,1,3,22,3141,13,62877,636,3325,0.1318290870902792,0,0,1,0,0,0.0057375518293239815,0,Low
2,0,1,3,24,3248,23,64094,617,2933,0.1258443957584742,0,0,1,12,0,0.005721318063090215,0,Low
0,0,0,4,9,2438,24,31310,616,2940,0.1335761141133347,0,0,0,6,0,0.005721318063090215,0,Low
1,0,1,2,30,1196,16,79116,661,5963,0.0948393783962259,0,0,1,5,0,0.005687882629899681,0,Low
1,1,0,3,3,2432,23,97976,561,5433,0.1949059997111636,0,0,1,11,0,0.005683598553297163,0,Low
2,2,2,2,16,1441,24,73335,690,2289,0.1536859036018404,0,0,1,0,0,0.005679532552855811,0,Low
5,0,0,2,37,1958,4,70716,720,3933,0.0882864339605412,0,0,1,3,0,0.005658795904034037,0,Low
2,3,1,2,36,1941,15,83988,692,4278,0.1510543088497777,0,0,0,9,0,0.005646596550250429,0,Low
1,2,0,1,34,1507,17,48510,746,5498,0.0867118641464343,1,0,0,2,0,0.005640928877765191,0,Low
2,1,0,3,35,3351,14,97775,527,4178,0.1949674908379625,0,0,0,2,0,0.005617865106416176,0,Low
0,0,0,2,22,1257,13,99130,640,3766,0.1517454561676117,0,0,1,2,0,0.005614353218134974,0,Low
3,1,0,0,18,1595,22,64420,691,5793,0.112353852463632,0,0,1,14,0,0.005601757927877303,0,Low
3,0,0,1,21,3059,17,33305,671,5892,0.1421688971881931,0,0,1,14,0,0.005601757927877303,0,Low
3,3,2,0,28,1253,10,66854,702,2042,0.2026718097737243,0,1,0,14,0,0.00555855709102945,0,Low
5,0,0,2,25,2316,4,62155,719,5509,0.2099001643138723,1,0,0,11,0,0.005558429995178606,0,Low
3,1,1,2,22,3228,8,65583,710,2250,0.2068205188802949,0,0,1,14,0,0.005554390684419064,0,Low
2,1,1,1,10,3466,13,33384,500,1522,0.219654519752829,1,0,1,7,0,0.00555293805600053,0,Low
2,1,1,1,37,1178,17,71994,749,2909,0.1441643272426819,0,0,0,3,0,0.0055482411400132915,0,Low
0,0,0,3,3,2764,22,51656,745,3205,0.0873507644940042,0,0,1,1,0,0.005542746634518786,0,Low
3,1,2,0,13,1721,10,93973,628,5375,0.2114956795979228,0,0,1,9,0,0.0055096983057256995,0,Low
1,2,2,2,15,1186,20,69467,690,1133,0.170593092112682,0,0,1,6,0,0.00550934543312214,0,Low
3,0,1,2,24,2193,3,34583,718,5438,0.1364607589398946,0,0,1,14,0,0.005497740292978427,0,Low
5,0,0,3,16,1137,11,64388,625,4949,0.1555322265709962,0,0,1,14,0,0.005483222824994978,0,Low
5,3,2,1,33,2448,8,38502,512,5366,0.1469934743224422,0,0,0,2,0,0.005482473826479461,0,Low
2,3,1,2,12,2579,21,71313,739,3886,0.208055518663262,0,0,1,6,0,0.005463928624585989,0,Low
0,2,0,1,36,2050,23,77323,737,3060,0.1960147364076789,1,0,1,10,0,0.005455949246694564,0,Low
3,1,0,0,23,2675,5,81195,738,5319,0.1032813806327755,0,0,1,14,0,0.005453333137975203,0,Low
2,2,0,1,5,2801,3,36065,739,3755,0.1749845246773829,1,0,1,4,0,0.005446123682959996,0,Low
2,1,0,0,26,1974,18,99761,623,2638,0.1803234996366926,0,0,1,10,0,0.005438183676734745,0,Low
3,2,1,1,22,2385,1,30498,713,4091,0.1142127285633021,0,0,1,14,0,0.005423186499305875,0,Low
3,0,0,1,39,2872,12,73011,532,1161,0.1334167017921282,1,0,1,10,0,0.005421626046980288,0,Low
4,0,1,0,39,2185,17,68959,633,1237,0.1348296577538967,1,0,1,10,0,0.005421626046980288,0,Low
3,0,0,0,26,862,14,64545,690,4062,0.187794179203883,0,0,1,14,0,0.00541428970215285,0,Low
3,0,0,1,34,1454,8,52140,680,3892,0.1430793478827627,0,0,1,14,0,0.00541428970215285,0,Low
6,0,0,1,9,847,15,56668,501,5261,0.1423379923088669,0,0,1,14,0,0.005410265948129096,0,Low
1,0,0,1,11,2662,0,99772,584,4126,0.15707923781504,0,0,0,8,0,0.005409626844268909,0,Low
3,0,0,0,21,3175,2,36467,734,1106,0.1502014234434937,0,0,1,14,0,0.0054005445305729104,0,Low
3,1,1,1,18,3069,15,62347,674,1975,0.112146847926583,0,0,0,14,0,0.0054005445305729104,0,Low
3,0,0,0,19,2598,13,71732,725,2198,0.1377602479041098,0,0,1,14,0,0.0054005445305729104,0,Low
1,0,0,4,9,2504,12,93405,638,1266,0.2015926155262524,0,0,1,9,0,0.005391634748276269,0,Low
6,0,1,1,19,869,4,61733,644,2725,0.1622260937656499,1,0,1,11,0,0.005387984729756882,0,Low
3,1,2,0,9,1272,17,75519,706,3763,0.2126218383141402,0,0,1,0,0,0.005358944536881479,0,Low
2,3,2,1,8,1020,16,56820,724,1779,0.2071244779902516,0,1,1,8,0,0.005335232028994711,0,Low
2,3,2,1,30,2090,23,54700,594,2634,0.2012285969667576,0,0,1,7,0,0.005335232028994711,0,Low
2,0,1,1,6,1823,12,85785,747,5911,0.2129141972182603,0,0,1,4,0,0.005333278078550917,0,Low
4,1,2,2,11,2344,14,33253,720,1728,0.1339686852751415,0,0,1,8,0,0.00532378851016937,0,Low
0,3,1,2,6,3279,24,78122,664,3118,0.0813655898416027,0,0,1,3,0,0.005318964030967055,0,Low
4,0,1,1,21,1524,24,58513,559,5113,0.1297140430247211,1,0,1,14,0,0.005316548762937534,0,Low
1,3,0,1,32,1343,24,43658,674,5522,0.1842746603534107,0,0,1,1,0,0.005311952089658432,0,Low
1,1,2,2,22,3223,9,76681,658,5473,0.1740645270540707,0,0,0,13,0,0.005306235368513202,0,Low
6,0,0,0,13,933,17,41556,701,1703,0.1839897792726561,0,0,1,9,0,0.005292746634518786,0,Low
3,0,0,0,22,1336,24,93712,592,5941,0.1933502356275962,0,0,1,6,0,0.0052864597875644445,0,Low
3,1,2,2,21,1005,19,53265,624,4215,0.115272708127108,0,0,1,10,0,0.00526719193269085,0,Low
3,2,2,2,31,2262,5,34733,740,4925,0.0917895461160105,0,0,1,6,0,0.0052582951355378245,0,Low
1,1,2,1,21,3407,5,81216,733,5614,0.1759145505736615,0,1,1,6,0,0.0052227847776876255,0,Low
3,1,2,2,7,2652,14,65999,545,1212,0.1167888726837495,0,0,1,11,0,0.005220695726664215,0,Low
0,0,2,0,31,2935,0,85848,536,5893,0.0880597363726772,0,0,1,13,0,0.005213887980534601,0,Low
0,3,0,2,39,3033,16,93853,551,1611,0.1255318228051603,0,0,1,9,0,0.005203790051036772,0,Low
0,0,1,0,36,2855,22,86814,738,5764,0.1901469411712227,0,0,1,13,0,0.0051918937576833635,0,Low
5,1,0,0,12,1407,24,61314,715,4371,0.1805320921206581,0,0,1,1,0,0.005181122050132739,0,Low
3,2,2,1,29,2231,0,46325,721,3969,0.1435689600000934,0,0,1,9,0,0.005174844544712248,0,Low
2,1,0,0,32,3009,18,80818,749,5615,0.1802614205385245,0,0,1,7,0,0.005172531460394608,0,Low
2,3,0,0,32,928,7,99025,664,5214,0.1399314836389898,0,0,1,3,0,0.005169821963159679,0,Low
1,2,2,1,7,1014,11,41711,588,5936,0.1668028875806004,0,0,0,8,0,0.0051586107784784814,0,Low
1,0,2,1,13,2050,18,49352,638,5872,0.1323791371233308,0,0,1,6,0,0.0051586107784784814,0,Low
3,1,2,0,5,2865,7,46315,718,5899,0.1372772133369239,0,0,0,2,0,0.0051586107784784814,0,Low
2,1,1,3,20,1291,18,76305,629,1467,0.1094313401111766,1,0,1,7,0,0.005158547500319652,0,Low
5,1,0,1,36,2167,17,80235,604,2950,0.1282546975597789,1,0,1,14,0,0.005143848269202511,0,Low
2,1,1,2,7,1949,3,99364,570,4347,0.131886236207454,1,0,0,3,0,0.005096891142129276,0,Low
5,1,0,3,19,3430,21,37191,638,1399,0.1878778722558203,0,0,0,13,0,0.005088999561919255,0,Low
2,1,1,1,12,3494,3,60298,557,2171,0.1654635063077029,1,0,1,3,0,0.005083955425727578,0,Low
4,0,2,3,7,2337,10,72362,613,5147,0.188646239608445,0,0,0,7,0,0.005061086402858555,0,Low
1,3,0,2,23,3078,16,87457,577,5153,0.2198772117398432,0,0,1,1,0,0.0050605999078466276,0,Low
2,0,1,1,22,3493,12,91004,563,1625,0.1448456393276319,0,0,0,3,0,0.005054972581779878,0,Low
0,1,2,0,28,1810,13,89361,709,2312,0.2042799752509078,0,0,0,2,0,0.005048744648681047,0,Low
4,2,0,3,6,2378,13,98204,563,3299,0.080149299004582,0,0,1,2,0,0.005046075784626854,0,Low
3,3,0,0,2,1733,24,49793,719,3630,0.1323288066429779,0,0,1,2,0,0.005035179681738482,0,Low
2,3,0,0,35,2290,24,49725,734,1379,0.0807192998205291,0,0,1,3,0,0.005028771479239283,0,Low
2,1,1,3,39,2475,4,34707,591,4707,0.0888861420108814,0,0,1,8,0,0.005023266115038267,0,Low
2,1,0,3,36,2323,5,41957,547,4690,0.2184854351598125,0,0,1,3,0,0.005023266115038267,0,Low
6,0,0,0,9,2462,6,71050,593,5172,0.0910596461097631,0,0,0,5,0,0.0050134405513037,0,Low
7,0,0,0,1,936,4,43819,523,4544,0.2071058738819615,0,0,1,1,0,0.0050134405513037,0,Low
3,0,0,0,15,1779,22,98205,549,3851,0.2122405186205853,0,0,0,6,0,0.005007321088259969,0,Low
1,0,1,2,31,2993,8,35162,692,2311,0.1732633789116529,0,0,1,14,0,0.005007032348804501,0,Low
2,0,0,0,15,2211,13,99203,623,1604,0.0946594308145417,1,0,1,8,0,0.005007032348804501,0,Low
1,1,0,2,1,2502,10,99345,533,2523,0.1895200334264845,1,0,1,3,0,0.005007032348804501,0,Low
6,1,0,2,34,1056,10,57679,621,3561,0.2083548622485437,1,0,1,4,0,0.004977843523081657,0,Low
0,4,0,1,1,2884,12,51688,517,4582,0.1397343283569858,0,0,1,5,0,0.004963423018668945,0,Low
3,2,1,1,15,1087,5,72327,595,5971,0.2137230020288584,0,1,0,4,0,0.004918237367390838,0,Low
0,0,3,1,34,1822,1,68791,512,4046,0.1841895298915368,0,0,1,2,0,0.004880408972181124,0,Low
2,2,0,1,39,1367,0,54573,576,2920,0.2130589398956639,1,0,0,2,0,0.004864175205947357,0,Low
5,3,0,0,8,3056,20,30583,526,3262,0.1844939508553647,0,0,1,1,0,0.004835667504678193,0,Low
1,0,0,0,39,1275,17,94899,716,3828,0.2106342082208257,0,0,1,4,0,0.0048356102854016265,0,Low
1,0,0,2,39,3219,24,67795,739,1658,0.1625691624669041,1,0,1,10,0,0.0048286043693496865,0,Low
1,1,0,1,4,3494,17,39316,675,3953,0.1060705614244218,0,0,1,9,0,0.004782671320534469,0,Low
4,1,0,1,15,1551,14,75569,710,3462,0.2190429665440454,1,0,0,9,0,0.004776537652741561,0,Low
0,2,1,2,1,3488,10,70121,691,1068,0.1756339009405669,0,0,1,13,0,0.00477626311803527,0,Low
2,0,0,1,30,2810,21,84541,715,4906,0.2114368111318544,0,0,0,14,0,0.004765724449604508,0,Low
1,0,0,1,27,3315,21,87577,656,4263,0.2128267717071447,0,0,1,14,0,0.004765724449604508,0,Low
2,0,0,1,18,1756,21,98514,670,4117,0.2189261701704911,1,0,1,1,0,0.004741352456129585,0,Low
5,1,1,0,15,1353,2,96926,651,4839,0.1107252041842919,0,1,1,11,0,0.004740713278576426,0,Low
3,2,0,1,25,3359,22,31028,681,4692,0.1997487767890224,0,0,1,13,0,0.004729773398784088,0,Low
6,1,0,2,5,3262,14,71458,595,4272,0.1902326540415938,0,0,1,7,0,0.004720939848369763,0,Low
2,0,2,0,17,2770,13,73722,686,1333,0.1758272885538119,0,0,1,0,0,0.004706553918586854,0,Low
2,3,2,0,24,1976,21,46715,625,2047,0.1899550648042449,1,0,1,12,0,0.0046983067632323985,0,Low
2,0,1,1,21,2171,22,39067,696,5193,0.1919355657493411,0,0,1,13,0,0.004696431184948102,0,Low
1,1,1,2,39,1093,10,62997,744,1140,0.2097754716188965,0,0,0,12,0,0.004695066536838688,0,Low
1,3,0,2,39,2709,11,53632,517,3404,0.1566245632138438,0,0,1,13,0,0.004680318584252371,0,Low
4,2,1,3,5,970,6,51406,572,4073,0.1905594551761067,0,0,0,12,0,0.004673699015471167,0,Low
2,2,2,0,31,975,23,88064,636,1244,0.2005227554712171,0,0,1,8,0,0.004669956769893169,0,Low
4,0,2,0,18,3173,11,98028,620,4912,0.1190045960285898,0,0,1,4,0,0.00466722922213207,0,Low
3,1,0,1,20,3478,17,43543,671,4290,0.195517283441255,0,0,0,2,0,0.004661586987706363,0,Low
5,0,1,2,14,3240,17,82323,552,2125,0.1717625910842999,1,0,1,12,0,0.004643848269202511,0,Low
2,2,2,2,35,1503,10,82102,628,3465,0.2118886884530691,0,0,1,9,0,0.00462529556060749,0,Low
6,0,1,1,21,2523,11,37867,504,4943,0.1920024016904988,1,0,1,8,0,0.004616615154478303,0,Low
2,0,1,1,25,2819,20,37357,749,5244,0.1007391933665542,1,0,1,2,0,0.0046052145920509055,0,Low
3,3,0,1,39,836,12,68529,531,4311,0.1876417644825189,0,0,1,5,0,0.004596867993426793,0,Low
0,3,0,0,39,1046,6,44586,573,4653,0.1772926106858514,0,0,1,4,0,0.004596867993426793,0,Low
1,3,1,1,39,2427,0,54842,500,3860,0.1082451564726149,0,0,1,4,0,0.004596867993426793,0,Low
4,2,2,0,25,1425,23,32806,607,2508,0.1497641020887393,0,0,1,1,0,0.0045966470204237275,0,Low
0,1,0,2,19,3411,14,97926,637,5201,0.1411426237305817,1,1,1,4,0,0.004586307419801781,0,Low
1,0,1,3,15,2976,3,87812,716,1898,0.2118109756006619,0,0,1,10,0,0.0045845846555118905,0,Low
2,2,2,4,34,1801,0,40208,535,3721,0.1265309539281365,0,0,1,1,0,0.004577320169092321,0,Low
3,3,0,2,39,2684,8,40876,687,2738,0.1742988272321257,0,0,1,0,0,0.004574226024693828,0,Low
3,0,0,1,11,2524,10,68116,529,5917,0.1839437533050378,1,0,1,12,0,0.004555018376463615,0,Low
3,1,0,0,3,3105,6,84929,569,5895,0.0878947234085095,1,0,0,11,0,0.004555018376463615,0,Low
0,0,0,1,2,2863,24,34075,654,4667,0.1464445435374122,0,0,1,13,0,0.004539756340777384,0,Low
0,1,2,0,6,2592,16,65053,534,5130,0.1922356104199101,1,1,1,9,0,0.004537250075113223,0,Low
1,1,0,2,1,937,17,54143,733,4887,0.2196147756450938,1,0,1,5,0,0.004529574273785573,0,Low
2,0,1,1,7,2687,24,99239,712,2054,0.1235691784895135,1,0,1,14,0,0.004529310615698463,0,Low
3,1,2,0,31,3200,6,86657,701,3410,0.2152464449883638,0,0,1,2,0,0.004525932071959468,0,Low
0,1,0,4,27,2452,13,59728,514,4094,0.1902378471708957,0,0,1,6,0,0.004523266115038267,0,Low
2,0,0,1,22,2961,21,54122,703,4672,0.1513245193338886,0,0,1,14,0,0.004502856828976205,0,Low
2,5,0,0,25,1318,2,81999,538,2515,0.1294237223495316,0,0,1,9,0,0.0045000000000000005,0,Low
1,2,1,1,39,2110,22,63324,728,3197,0.2068658375490891,1,0,0,1,0,0.004480790628917265,0,Low
0,2,2,0,6,1305,8,67210,642,2237,0.2011881020231816,0,0,1,1,0,0.004480159565226596,0,Low
0,2,2,0,13,1222,17,63927,630,2032,0.208481175760502,0,0,1,4,0,0.004480159565226596,0,Low
0,0,0,3,15,2708,0,76461,746,1535,0.1868767153101542,0,0,0,2,0,0.004474647213198282,0,Low
3,1,1,0,39,935,23,74597,586,3275,0.09858492308134,1,0,1,6,0,0.00447411876198191,0,Low
3,0,0,0,15,3433,1,55391,734,5828,0.2074799054581323,0,0,1,6,0,0.00447411876198191,0,Low
4,1,1,1,24,3434,10,59317,738,5237,0.1562438341224354,0,0,1,12,0,0.00447411876198191,0,Low
1,0,1,3,35,1862,19,40601,677,3609,0.1076524378913625,0,0,1,9,0,0.004467710559482711,0,Low
6,0,0,0,38,2263,11,45238,612,2915,0.1506292375623666,0,1,1,5,0,0.004451476793248945,0,Low
0,1,0,3,10,3470,24,36391,746,2418,0.0945671812507605,1,0,1,7,0,0.004444261786033938,0,Low
1,1,0,2,38,1125,12,99060,604,3137,0.0837782131145092,0,0,0,13,0,0.00443788262989968,0,Low
2,2,0,2,1,2495,13,97973,609,3762,0.1859624557357558,0,0,1,4,0,0.004421648863665914,0,Low
0,2,0,2,3,2990,23,86928,701,4315,0.0950402666140024,0,0,1,14,0,0.004421648863665913,0,Low
3,1,1,2,15,2553,12,30303,562,5957,0.0882352484743657,1,0,1,12,0,0.004416607495427719,0,Low
4,2,0,1,39,1147,1,89455,716,2570,0.2089850714207889,0,0,1,8,0,0.004410116266757787,0,Low
1,1,1,2,39,1130,8,85171,651,5363,0.0978413037684331,1,0,1,6,0,0.004398839194077328,0,Low
1,1,0,2,39,3053,24,40756,647,2105,0.185853163964693,1,0,1,8,0,0.004395921237693389,0,Low
0,0,1,2,9,2808,4,54163,741,5985,0.2079103815830758,0,0,0,11,0,0.004382605427843561,0,Low
5,0,0,1,10,1135,19,85155,665,5700,0.1705853767023908,0,0,1,10,0,0.004381122050132739,0,Low
3,1,3,1,24,3259,18,86399,570,3744,0.1535226927230655,0,0,1,2,0,0.004370001858552927,0,Low
1,1,0,2,10,3304,15,93392,682,2298,0.1766362518950518,1,0,1,8,0,0.004365088614789156,0,Low
2,2,1,0,39,3056,22,99837,662,3542,0.0803946426134585,0,0,1,2,0,0.004350353638216786,0,Low
3,2,2,1,30,1898,9,68650,520,5497,0.205070931091052,0,0,1,14,0,0.004341511211378915,0,Low
1,0,1,0,4,3178,23,86021,680,4983,0.1281542454554674,0,0,1,13,0,0.004338198272840338,0,Low
2,1,0,4,3,1354,19,95767,562,3622,0.1070014307291818,0,0,1,3,0,0.004331790070341139,0,Low
2,0,1,3,29,1644,10,77089,684,1053,0.1600245390808752,0,0,0,0,0,0.004331790070341139,0,Low
1,0,1,3,33,1159,0,92674,677,1558,0.1531805038356877,0,0,1,9,0,0.004331790070341139,0,Low
0,0,0,2,7,3404,12,99015,736,2274,0.1158712150005329,0,0,1,1,0,0.004331790070341139,0,Low
4,1,0,1,19,3016,8,99398,660,2490,0.1577415761277024,0,0,1,8,0,0.004331790070341139,0,Low
2,0,2,0,16,2776,24,68933,664,2428,0.1778811998741173,0,1,1,0,0,0.004327766039798975,0,Low
2,0,0,2,6,1385,19,99836,682,2603,0.1299970921786719,0,0,0,4,0,0.0043277116694838205,0,Low
0,2,2,0,10,1072,19,46605,643,4283,0.210938627085123,0,0,1,13,0,0.004325277445145149,0,Low
2,2,2,0,19,827,22,66062,715,4113,0.195575381265746,1,0,1,3,0,0.004325198809246574,0,Low
3,2,2,1,24,3229,11,35166,692,1382,0.2011039227991388,0,0,1,13,0,0.0043188692426459506,0,Low
0,2,2,0,29,3159,21,48607,552,5064,0.1962246540666996,1,0,1,8,0,0.004315388603251751,0,Low
1,1,2,2,1,1001,13,64879,737,3350,0.1763492014703148,0,0,0,2,0,0.0043105545199889905,0,Low
3,0,0,1,3,876,22,73368,540,2166,0.115985542293046,1,1,1,11,0,0.004310514935869178,0,Low
2,0,2,2,18,2723,9,94709,748,1793,0.1649356467539166,0,1,0,8,0,0.004302706911518763,0,Low
3,1,1,0,18,2278,11,73373,651,1452,0.1071314209921137,1,0,0,0,0,0.004301643431671811,0,Low
3,1,0,2,39,2343,21,74513,552,5892,0.1725867250684479,0,0,1,9,0,0.004301595874760466,0,Low
5,1,0,0,15,3487,14,67560,629,4748,0.0869462394407031,0,0,1,6,0,0.004299154837017985,0,Low
1,0,1,0,0,1845,22,53133,667,5973,0.0815880187120105,0,0,1,11,0,0.004299154837017985,0,Low
5,2,0,0,12,1051,2,67321,534,3958,0.1605121896272549,0,0,1,5,0,0.004299154837017985,0,Low
6,0,1,1,1,867,17,75331,562,3635,0.0800112820306519,0,0,1,8,0,0.004299154837017985,0,Low
1,1,1,0,30,2330,2,63592,651,2844,0.1115628975768981,1,0,1,6,0,0.004292746634518786,0,Low
2,1,1,0,8,2442,11,72417,651,1483,0.1285288525100709,1,0,1,13,0,0.004292746634518786,0,Low
5,1,0,0,14,1271,7,66295,654,2964,0.1901074390972928,0,0,1,1,0,0.004292746634518786,0,Low
1,1,1,2,35,2189,23,31099,655,5170,0.1307019706479868,0,0,0,7,0,0.004291696336934471,0,Low
1,0,0,2,27,1763,24,87418,677,2178,0.1775088251964346,0,1,1,4,0,0.0042893333203222524,0,Low
4,2,0,0,39,2079,7,85955,708,3165,0.1756257362390136,0,0,1,3,0,0.004282004466646532,0,Low
6,2,0,1,1,3072,23,93499,603,3395,0.1241601161653145,0,0,1,8,0,0.004270627808490956,0,Low
6,1,1,2,4,1876,8,47370,520,5783,0.2102471846022631,0,0,1,11,0,0.004263557808795943,0,Low
1,0,2,2,35,3374,6,63438,688,4245,0.1752259780604293,0,0,0,6,0,0.004258295135537825,0,Low
3,0,0,3,5,3130,1,63596,659,3204,0.2155324152349617,0,0,1,3,0,0.0042570323488045,0,Low
5,1,0,0,14,3160,24,44514,712,5285,0.1387536274290438,0,0,1,13,0,0.004196899197920241,0,Low
1,4,1,0,5,1339,7,32802,679,5540,0.1788688039237078,0,0,0,2,0,0.004173074869165866,0,Low
4,1,1,1,6,2237,22,93172,654,3444,0.1797418550133533,0,0,1,11,0,0.004169416235205841,0,Low
0,1,1,2,7,1164,23,91813,704,2073,0.1785589468362521,0,0,1,12,0,0.004163008032706642,0,Low
1,1,0,2,18,1823,11,79976,703,5755,0.1739538511984481,0,0,1,3,0,0.0041610651413384195,0,Low
1,3,1,1,19,2755,16,74084,516,4026,0.1123383263538083,1,0,0,2,0,0.004159969752720874,0,Low
0,0,0,2,27,3085,4,85659,662,3927,0.1758051554417984,0,0,1,12,0,0.004152168344185395,0,Low
1,3,0,3,7,2298,4,98234,702,2143,0.1269314574197502,0,0,1,7,0,0.004120845218091938,0,Low
3,0,0,2,32,1923,1,96177,738,5981,0.1972058083844671,1,0,1,9,0,0.00411723661144791,0,Low
2,2,0,1,15,3448,22,92639,673,4040,0.1511293283776455,0,0,1,10,0,0.004103682788324853,0,Low
4,2,0,3,18,2741,4,32221,531,1476,0.2014691075817134,1,0,1,14,0,0.004094333936106088,0,Low
2,2,0,2,2,2165,23,73562,688,1017,0.1758803156511489,0,0,1,6,0,0.0040889995619192545,0,Low
1,2,1,2,15,1181,16,94238,737,2376,0.1027524373845796,0,0,1,3,0,0.004081040819591888,0,Low
5,1,2,2,27,1612,5,54276,524,5274,0.1577468891848499,0,0,1,1,0,0.004076896204138893,0,Low
1,0,2,1,35,1064,10,86781,514,1756,0.2075885175061397,1,0,1,8,0,0.0040690764402293664,0,Low
0,0,0,1,15,2878,21,95621,531,5293,0.1731869669165043,1,0,1,5,0,0.004064639352502501,0,Low
2,1,1,0,36,3368,24,39540,691,4547,0.2076877368668947,1,1,1,0,0,0.004060925668007528,0,Low
6,1,0,1,20,1946,18,37456,503,1719,0.1918474256676131,1,0,0,6,0,0.004054651396423548,0,Low
1,3,0,1,15,3490,12,70482,621,1315,0.1797189817394242,0,0,0,8,0,0.004048002248470053,0,Low
1,1,1,3,8,2179,14,97036,549,5608,0.0902868368038414,0,0,1,2,0,0.004046075784626853,0,Low
2,2,0,3,15,1194,21,93137,628,1365,0.0899635393093622,0,0,1,9,0,0.004046075784626853,0,Low
3,1,1,1,15,1108,17,98408,594,2189,0.1679852871601667,1,0,0,9,0,0.0040419973837695355,0,Low
2,1,1,0,15,2962,22,72605,655,4174,0.1128390203220596,0,0,1,9,0,0.004029674317537466,0,Low
1,1,0,1,27,3415,20,85657,572,2597,0.2198928272704455,0,0,1,14,0,0.004028796766585828,0,Low
2,3,0,1,29,3329,12,71859,660,5010,0.1654244818224907,1,0,1,4,0,0.004027446581941475,0,Low
1,2,0,4,31,947,19,61681,577,4911,0.1448558883107293,0,0,0,2,0,0.004023266115038267,0,Low
2,2,2,2,17,2267,8,58604,743,5678,0.1457120303510873,0,0,1,4,0,0.00401719193269085,0,Low
2,1,1,4,29,801,2,54329,686,2683,0.1844379658221903,0,0,0,0,0,0.004007032348804501,0,Low
0,0,3,1,34,1252,15,45624,573,1602,0.0998136803279295,0,0,0,8,0,0.004007032348804501,0,Low
2,2,2,2,14,2593,9,52774,712,5683,0.1651816880783794,0,0,1,2,0,0.0039920613693040586,0,Low
5,1,0,1,38,1617,12,82027,567,1159,0.1917014711604014,0,0,1,11,0,0.003975286317058469,0,Low
4,1,0,1,33,3379,24,77587,694,1640,0.1459084209943871,1,1,1,5,0,0.003955360885473797,0,Low
2,1,2,0,23,1534,16,50692,536,3053,0.2083593137799192,1,0,1,7,0,0.003934556437618912,0,Low
2,1,1,1,12,2200,24,83972,695,5713,0.1656988241071565,0,0,1,9,0,0.0039303248962169616,0,Low
3,4,1,2,13,2665,2,56193,632,1606,0.1127005444253649,0,0,1,4,0,0.0039180537772087074,0,Low
0,2,1,2,39,1916,24,37430,564,3293,0.170783609129843,0,0,0,9,0,0.0039119379996139965,0,Low
6,1,0,1,1,2701,10,68263,527,4105,0.1118730693419189,0,0,1,13,0,0.0039023294401925885,0,Low
2,1,0,4,15,1457,18,95541,516,3056,0.1070928706349259,0,1,1,11,0,0.003900693389244457,0,Low
0,0,0,3,18,1724,23,75992,587,3431,0.1978260724428264,0,0,1,10,0,0.0038942767639753733,0,Low
2,1,0,3,11,1465,14,95400,543,5307,0.2119914942674128,1,0,1,7,0,0.003880729840592445,0,Low
2,2,0,2,24,1126,9,85225,730,3962,0.1445879930868437,1,0,1,9,0,0.003879141373352672,0,Low
4,1,2,1,18,1436,5,84071,708,5734,0.2014281950327509,0,0,0,11,0,0.0038591484140512626,0,Low
4,1,0,1,38,2290,7,32529,535,5471,0.2081565096514193,1,0,1,11,0,0.0038569664284116663,0,Low
0,1,0,3,15,2850,19,33140,531,5880,0.1894679199413035,0,0,0,8,0,0.003855233328153021,0,Low
1,3,0,1,25,981,0,30743,688,5936,0.085387152228753,1,1,0,8,0,0.0038543673167905986,0,Low
1,2,0,3,32,2684,4,74432,653,4242,0.2105360921595886,0,1,1,13,0,0.0038519920905431587,0,Low
2,0,2,0,13,1355,1,98227,715,2434,0.0883792402561314,0,0,1,4,0,0.003842039662595287,0,Low
0,3,1,0,36,2824,12,80244,708,3826,0.1718802839944703,0,0,1,8,0,0.0038340466273843444,0,Low
0,4,1,0,22,1913,8,96244,561,3124,0.1131465598391677,0,0,0,14,0,0.003820582201708342,0,Low
1,0,0,3,16,2282,16,74892,638,3131,0.2028635043804793,0,0,1,11,0,0.003812309550860619,0,Low
3,3,0,1,8,2000,21,39476,735,2485,0.1250652713048038,1,0,1,0,0,0.0038111141184911795,0,Low
0,0,1,0,9,3425,0,80700,735,5459,0.2194913910666189,0,0,1,10,0,0.0038024839871260516,0,Low
1,1,0,1,26,3384,7,82155,528,1350,0.2185944446991466,0,0,1,1,0,0.003796075784626853,0,Low
2,0,0,4,0,1536,16,98131,582,4383,0.1433185144276713,0,0,1,5,0,0.003796075784626853,0,Low
2,1,0,3,9,929,6,78802,531,5861,0.1672161901316548,0,0,1,6,0,0.003796075784626853,0,Low
2,2,0,1,25,1054,12,97680,727,5535,0.1678881903079507,1,0,1,13,0,0.0037956907825270956,0,Low
3,1,2,1,10,2289,13,94618,693,5080,0.1775033715966008,0,0,1,4,0,0.003791404214300835,0,Low
1,2,1,0,22,1325,18,79373,636,5902,0.0828356972698041,1,0,0,11,0,0.003788571114690491,0,Low
1,1,0,3,18,1820,1,94519,542,4860,0.2063457305279421,0,0,1,5,0,0.003784491891133412,0,Low
5,2,0,1,17,2819,24,76268,543,2995,0.1279821597406769,0,0,0,6,0,0.0037659291459575255,0,Low
1,1,2,1,28,3293,23,61914,707,2932,0.1162830643016783,0,0,0,4,0,0.003763313687090395,0,Low
1,1,0,3,38,1670,20,60636,601,1048,0.1480697863153353,0,0,1,0,0,0.0037570323488045005,0,Low
0,1,2,2,32,3176,3,62790,583,4549,0.2131624254111974,0,1,1,4,0,0.0037529187914518035,0,Low
0,0,2,1,9,1806,24,69301,681,4499,0.1768341371055757,0,0,1,12,0,0.0037523607784784824,0,Low
3,0,2,1,11,3309,16,61903,666,4810,0.1542584068255562,0,0,1,3,0,0.0037523607784784824,0,Low
5,0,0,0,6,2775,11,59235,747,5767,0.0918490761807737,1,0,0,9,0,0.0037461236829599964,0,Low
5,0,2,0,22,1432,11,71589,666,1376,0.1712315650135514,0,0,1,4,0,0.0037434089554418907,0,Low
1,3,0,0,9,1663,9,42617,702,2672,0.2105786563919511,1,0,0,10,0,0.0037364872528195376,0,Low
3,1,0,1,15,2577,9,32429,568,5157,0.1804071544886502,1,1,0,12,0,0.003727096298541536,0,Low
4,0,0,2,18,1541,24,55964,513,5672,0.1657570846814221,0,0,1,14,0,0.003723915542229638,0,Low
0,2,2,1,36,2720,19,58369,667,4008,0.1336718650106206,0,0,1,8,0,0.0037145404906581947,0,Low
1,2,0,1,35,1030,9,92467,721,1837,0.1784253761325491,1,0,1,10,0,0.0036984219481224884,0,Low
7,0,1,1,30,2415,1,35690,595,3425,0.2001564346468832,0,0,1,10,0,0.0036801072179703663,0,Low
2,1,1,2,9,842,7,68697,616,5891,0.1089262141322073,1,0,1,4,0,0.0036683197135578475,0,Low
5,0,0,0,27,3221,9,55173,731,1031,0.0867748634070459,0,0,1,5,0,0.0036641752059473577,0,Low
1,0,0,2,19,2751,13,41031,545,5974,0.1553841265209393,0,0,0,1,0,0.0036339264674208295,0,Low
1,0,0,3,3,1487,24,63482,603,4399,0.1929149335167494,0,0,1,14,0,0.0036324169288660334,0,Low
3,1,0,0,28,2672,23,46485,651,5958,0.1681879506289321,0,0,1,5,0,0.0036235462925569817,0,Low
3,1,1,3,10,2339,22,91161,604,3506,0.2089222141516417,0,0,1,9,0,0.0036121300999191613,0,Low
2,1,1,1,1,3173,1,92785,587,5950,0.1067024393468442,1,0,0,6,0,0.003584869122732271,0,Low
0,1,1,0,11,994,9,80019,506,5910,0.1734339385463553,1,0,1,2,0,0.003584869122732271,0,Low
2,0,0,1,32,2885,22,96548,608,4942,0.0930123188538177,1,1,1,11,0,0.0035765441144072624,0,Low
2,2,2,2,38,1188,7,88421,710,1100,0.1420024239485547,0,0,1,6,0,0.003571257891813516,0,Low
1,4,0,0,31,3081,4,44986,533,3849,0.2064788451480145,0,0,1,2,0,0.003551085356331283,0,Low
1,0,1,0,20,2163,22,42064,665,5127,0.1615348788714706,1,1,1,11,0,0.0035504758765952525,0,Low
5,0,0,0,23,2846,13,82466,517,5172,0.1955098629995727,1,0,1,4,0,0.003525345313208462,0,Low
2,0,2,1,28,1593,1,31761,605,5705,0.1955820414317754,0,1,1,4,0,0.003508177878045582,0,Low
1,0,1,4,36,2747,0,73238,501,2217,0.1563481681685535,0,0,0,7,0,0.0035070323488045007,0,Low
1,1,1,2,17,3461,8,82097,655,3874,0.0816648528016821,0,0,1,10,0,0.0034943984746717525,0,Low
2,3,1,2,16,1638,5,48467,537,3545,0.1195377519258643,1,0,1,14,0,0.0034934203435464497,0,Low
3,3,0,2,10,992,24,54559,535,4326,0.2195398011565964,0,0,1,3,0,0.0034932009395725896,0,Low
1,0,1,3,9,2044,13,46845,512,4992,0.1260315175645436,1,0,1,11,0,0.003491880833652985,0,Low
1,2,1,3,6,985,23,43352,665,1299,0.0905101988335008,1,0,0,4,0,0.003491880833652985,0,Low
3,0,0,4,28,2515,9,87307,506,5279,0.1496812833857864,0,0,1,11,0,0.0034908809794320476,0,Low
4,1,2,0,31,1718,12,39822,739,2536,0.1032889289332072,0,0,1,8,0,0.0034855359093126166,0,Low
1,0,0,0,39,3483,15,34047,682,3625,0.1933172339853527,1,0,1,4,0,0.0034710639168554543,0,Low
0,0,2,2,36,2126,0,75370,693,2973,0.1532798410132212,0,1,0,2,0,0.003470525291080915,0,Low
4,1,0,2,0,818,14,75402,653,5946,0.2091682297763374,0,0,0,1,0,0.003469267911284962,0,Low
4,0,0,3,13,1644,23,89425,647,1117,0.1797923381810547,0,0,1,0,0,0.00346137633107494,0,Low
1,0,0,2,39,2827,0,63587,513,5878,0.1390733458695369,0,0,1,2,0,0.003446458241696375,0,Low
1,3,0,0,15,2397,17,30813,700,3153,0.1493766802002157,0,1,1,14,0,0.003445352841911642,0,Low
1,2,0,2,8,2865,23,54405,509,2375,0.2106345757793579,0,0,1,0,0,0.003422332895252588,0,Low
0,0,1,1,7,3473,21,91142,655,3921,0.0941317387228352,0,0,1,7,0,0.0034207823554244197,0,Low
1,3,0,0,28,1988,11,63112,567,3298,0.0884245257582051,1,0,1,7,0,0.003401072955567848,0,Low
2,0,1,0,17,3464,4,51066,704,5128,0.0865613170385654,1,0,1,14,0,0.0033966273806751456,0,Low
3,0,1,3,20,3171,3,84412,632,4270,0.1411309484233181,0,0,1,13,0,0.0033956428841939524,0,Low
2,1,3,1,29,973,11,86618,514,4613,0.1249386591919889,0,0,1,0,0,0.0033956428841939524,0,Low
2,3,0,2,22,1657,21,46979,577,2295,0.0800137651564182,1,0,0,5,0,0.003387327783987908,0,Low
2,2,0,1,1,3413,5,81731,651,5203,0.1668979218803195,0,0,1,4,0,0.003385817320459385,0,Low
4,1,0,3,5,2072,17,96717,646,5125,0.1734736892983863,0,0,1,13,0,0.0033794091179601858,0,Low
2,3,1,1,4,1519,3,80542,670,1643,0.1959459812841915,1,0,0,1,0,0.003378430986834883,0,Low
1,3,0,1,4,1882,22,84568,518,1588,0.2073163325131989,1,0,1,2,0,0.003378430986834883,0,Low
3,3,0,1,25,1638,11,60394,556,2530,0.0945973015846154,1,1,1,9,0,0.003378430986834883,0,Low
3,3,0,2,29,2691,4,65974,552,4723,0.2173398010500896,1,1,1,6,0,0.0033748728222848688,0,Low
0,1,0,1,20,2312,7,36308,710,5304,0.2106658078261912,0,0,1,7,0,0.003371904448023824,0,Low
4,1,0,1,16,1718,12,73138,703,3762,0.1557793604828196,1,0,1,11,0,0.0033667766344064893,0,Low
1,2,1,3,20,1694,23,45745,736,5156,0.1083774746285224,0,0,1,12,0,0.0033565994483716,0,Low
3,0,1,3,34,1422,5,70323,593,3801,0.1190527949084998,0,0,0,8,0,0.0033565994483716,0,Low
5,1,0,1,21,3403,11,31565,650,5619,0.0926149574001843,0,0,1,2,0,0.003355670681790058,0,Low
2,0,0,0,39,974,3,61349,716,3406,0.0934987032144462,1,0,0,14,0,0.003354763550555088,0,Low
1,0,0,1,22,3470,18,44563,651,2137,0.2018266517170211,0,0,1,10,0,0.0033492624792908587,0,Low
2,0,0,1,3,3405,4,45691,654,5076,0.1365561168625954,0,0,1,6,0,0.003346773884637033,0,Low
3,0,0,1,10,835,6,39204,585,5246,0.2106490962884797,0,0,1,9,0,0.003346773884637033,0,Low
1,2,1,0,4,3238,23,65414,547,4879,0.1072533006890407,1,1,1,11,0,0.003346773884637033,0,Low
4,2,1,1,0,895,3,96669,667,4391,0.1301414380658153,1,0,1,4,0,0.003346773884637033,0,Low
6,2,0,1,26,879,6,53819,546,4845,0.2014584492005793,0,0,0,14,0,0.003346773884637033,0,Low
3,2,2,0,16,857,24,34946,605,5743,0.1624035477027628,1,0,0,12,0,0.003346382706084172,0,Low
3,0,1,1,16,808,9,70245,700,2237,0.1139630282508758,1,0,1,11,0,0.0033441346656735245,0,Low
6,1,0,2,34,1716,24,39379,546,2616,0.1406023418768511,0,0,1,11,0,0.0033403656821378337,0,Low
1,2,0,1,27,1089,3,93041,659,1609,0.1111078642899498,1,0,1,5,0,0.0033403656821378337,0,Low
2,0,1,3,28,2109,12,47424,677,2218,0.1299847674376208,0,0,1,3,0,0.0033403656821378337,0,Low
3,0,0,1,25,3478,12,32304,655,2504,0.1277793132714977,0,0,1,10,0,0.0033403656821378337,0,Low
1,0,1,3,29,2929,19,50440,740,1164,0.0818719206856598,0,0,1,5,0,0.0033403656821378337,0,Low
4,1,1,1,20,1766,13,75245,681,5804,0.1749664774676592,0,0,1,14,0,0.0033280287625894267,0,Low
5,2,0,0,33,3145,8,47404,748,4472,0.1251854969649885,0,0,0,12,0,0.0033134405513036997,0,Low
2,3,0,2,19,2268,19,65764,718,4642,0.1810599263034949,0,0,0,5,0,0.0033004579410223864,0,Low
3,3,0,2,8,1461,7,53254,730,5637,0.1451572303508253,1,0,1,13,0,0.0032996935941187267,0,Low
1,2,2,0,13,2538,22,38685,703,3158,0.1503568025003424,0,0,1,6,0,0.0032836107784784824,0,Low
2,0,2,3,29,1158,6,45027,724,5711,0.2058245268689075,0,0,1,14,0,0.003280783372555524,0,Low
4,2,1,1,30,971,24,37808,726,4465,0.1278902652807396,0,0,1,10,0,0.0032800885296140492,0,Low
1,3,1,1,22,1020,12,32620,636,5753,0.0970166608208473,1,0,1,8,0,0.0032671126098637302,0,Low
2,1,0,2,22,1644,24,89607,684,5633,0.213474575674456,0,0,1,13,0,0.003264260119347428,0,Low
0,1,1,1,25,2834,19,56798,732,4540,0.1771615791182471,0,0,1,4,0,0.0032589629592236487,0,Low
2,2,1,1,16,2126,18,98667,744,1328,0.1807657105523671,0,0,1,1,0,0.003257511407827182,0,Low
2,4,0,0,1,2697,11,42005,727,3891,0.1330421521694685,0,0,0,11,0,0.0032531614492524456,0,Low
0,3,0,1,11,1670,20,77684,590,5958,0.2110670302012906,0,0,1,2,0,0.003251428425913684,0,Low
0,3,0,1,32,966,5,86934,683,1558,0.1285454259989044,1,0,1,13,0,0.0032364872528195376,0,Low
0,3,0,0,30,838,13,90353,716,1740,0.1604098904579542,1,0,1,1,0,0.0032364872528195376,0,Low
5,0,0,0,18,3368,1,72337,693,1912,0.1726195131596693,1,0,1,6,0,0.0032311282690850375,0,Low
3,3,0,2,31,888,18,63733,651,4627,0.1151038303854309,0,0,1,11,0,0.00323010213403592,0,Low
1,2,0,1,12,2163,8,55694,706,5336,0.2190385298840909,1,0,1,7,0,0.003228639674431211,0,Low
3,1,1,1,6,3114,20,67060,658,4180,0.2137364113287689,0,0,1,4,0,0.0032254480869990986,0,Low
4,1,2,0,35,1517,11,77910,590,3360,0.1171750648215613,1,0,1,12,0,0.0032220457934910313,0,Low
2,0,0,1,39,3136,24,58223,574,5482,0.0930928228913389,0,0,1,12,0,0.003208245746108894,0,Low
2,3,1,0,14,1022,9,74211,501,5246,0.2177227082873381,0,0,1,14,0,0.003205536248873966,0,Low
2,0,0,2,14,1074,14,78162,747,3700,0.212911190969391,0,0,1,0,0,0.0032044277286365597,0,Low
2,2,2,1,31,3477,15,93030,543,1916,0.0902501430385071,0,0,1,14,0,0.003191246011801636,0,Low
2,0,1,1,35,2054,18,30335,681,5091,0.1437153127122116,0,0,1,3,0,0.0031769957461088945,0,Low
2,2,1,1,34,1911,18,33687,689,5259,0.1736517123609583,0,0,1,5,0,0.0031769957461088945,0,Low
0,2,1,1,26,3448,17,32402,656,5261,0.1620075703975499,0,0,1,6,0,0.0031769957461088945,0,Low
1,3,0,0,12,1293,15,76045,501,5968,0.0886498635952914,0,0,1,10,0,0.0031694612127989297,0,Low
0,1,1,1,27,2804,12,62924,698,5761,0.2181938075251086,0,0,1,4,0,0.003159714640118111,0,Low
1,1,2,1,27,832,16,48594,698,4591,0.133212277711676,0,0,1,4,0,0.003143594544712249,0,Low
0,2,1,1,2,2103,14,46228,665,3254,0.2160212787443498,0,0,1,3,0,0.0031434808738843444,0,Low
2,0,1,1,14,2833,15,63170,685,4663,0.2106916490535917,0,1,1,7,0,0.0031434808738843444,0,Low
4,0,0,1,28,1500,19,99680,619,4729,0.1470044646371156,0,0,1,10,0,0.0031393970740391385,0,Low
1,1,0,4,34,1273,4,34326,714,4738,0.1855273010724471,0,0,0,9,0,0.003134377226149378,0,Low
1,3,2,2,28,2179,3,63192,634,5516,0.1282625021496528,0,0,1,2,0,0.0031326988427751155,0,Low
3,3,0,0,8,962,17,39362,675,5943,0.1262529662999961,0,0,1,6,0,0.003130417776976577,0,Low
0,0,1,1,16,1094,20,86014,701,5465,0.19258048498632,0,0,1,3,0,0.0031283317636275976,0,Low
4,3,1,2,20,2240,11,82526,618,2237,0.1005326072853092,1,0,1,6,0,0.003114600511260635,0,Low
4,3,1,2,12,1057,11,36951,568,2212,0.1567036962353347,1,0,1,2,0,0.0031057037141076103,0,Low
2,0,1,1,22,2765,13,99686,616,5010,0.1284197304593306,0,0,1,10,0,0.0031044320390741036,0,Low
1,1,1,1,30,1988,22,76483,738,5988,0.1532126545513651,0,0,1,1,0,0.0031044320390741036,0,Low
4,0,1,1,12,1743,22,72371,739,5509,0.1600065887100847,0,0,1,12,0,0.003085283334808854,0,Low
1,1,0,0,1,3494,0,50839,625,2274,0.2007668294030037,0,0,1,4,0,0.003083955425727578,0,Low
2,1,1,1,19,2711,20,90922,718,3938,0.1241429457657113,0,0,1,9,0,0.0030813295854778783,0,Low
1,2,0,0,25,2412,3,90897,652,5932,0.2071054694002218,0,0,1,14,0,0.0030766143793468964,0,Low
1,1,1,1,37,2352,16,88623,678,3408,0.161644795286613,0,1,1,13,0,0.0030724327883248533,0,Low
0,0,0,1,38,2761,15,61676,635,4537,0.2116579957606201,1,0,1,3,0,0.003065388603251751,0,Low
1,0,1,1,0,2980,20,61884,713,3119,0.1753892944979659,0,0,1,5,0,0.0030641577644184535,0,Low
2,3,0,2,36,2817,12,51122,633,4461,0.1165080308055482,0,0,1,1,0,0.0030605000466256125,0,Low
2,2,1,1,12,1699,17,96358,676,4444,0.1868434316701695,0,0,1,10,0,0.0030561990220910867,0,Low
2,1,1,1,22,2657,12,75890,724,4204,0.1444076124803192,0,0,1,7,0,0.0030463645505128434,0,Low
3,2,0,3,4,1416,3,99053,711,4776,0.1485123614420869,0,0,1,1,0,0.0030460757846268527,0,Low
3,1,0,3,14,2787,8,77224,661,5017,0.1376050308163817,0,0,0,5,0,0.0030460757846268527,0,Low
5,2,0,0,2,1612,24,84234,718,1498,0.1364206966522109,0,0,1,6,0,0.0030292545710267228,0,Low
3,0,0,3,17,818,7,68889,711,3484,0.1660453260074737,0,0,1,12,0,0.003023266115038267,0,Low
3,2,0,2,8,3130,12,61754,746,3873,0.1614957374311135,0,0,1,12,0,0.0030225271499570642,0,Low
3,0,1,1,5,2090,22,87450,706,3834,0.1384699564515486,0,0,1,12,0,0.003021233987126052,0,Low
1,1,1,1,6,2413,18,78732,745,5553,0.1390489567863774,0,0,1,3,0,0.003021233987126052,0,Low
3,0,1,1,2,1570,17,84721,723,3881,0.1946360587544626,0,0,1,13,0,0.003021233987126052,0,Low
0,2,1,1,13,2568,16,82913,659,3063,0.2146933012669089,0,0,1,10,0,0.0030148257846268527,0,Low
3,2,0,2,15,3380,6,97582,663,5216,0.1715124974082287,0,0,1,5,0,0.003009311201328252,0,Low
1,1,1,1,20,868,19,47604,707,3273,0.1624871390289444,0,0,1,7,0,0.003007321114690491,0,Low
2,1,1,1,39,3101,24,73909,599,1186,0.165232155322238,0,0,1,3,0,0.0030070323488045002,0,Low
3,0,0,3,3,1065,9,67720,697,5661,0.1761612871946848,0,0,1,6,0,0.0030070323488045002,0,Low
3,1,0,3,11,2672,6,66087,672,3491,0.1715072125891793,0,0,1,5,0,0.0030070323488045002,0,Low
1,0,0,0,39,1788,24,60964,623,2596,0.1541659265967969,0,0,1,5,0,0.0030070323488045002,0,Low
3,0,1,1,29,2765,14,38517,695,3807,0.1476007742193233,0,0,1,8,0,0.002998424317537466,0,Low
0,0,1,1,29,2781,12,38047,665,5409,0.1643599031006823,0,0,1,10,0,0.002998424317537466,0,Low
0,3,0,2,15,2951,15,91909,567,5345,0.0942083007716999,1,0,1,9,0,0.0029845235463934246,0,Low
3,3,1,2,25,2838,5,96397,585,4459,0.1997939285697398,1,0,1,1,0,0.0029845235463934246,0,Low
2,0,1,1,3,2571,24,69269,699,3120,0.1518122264496535,0,0,1,7,0,0.0029821905513036993,0,Low
1,1,1,1,12,2597,20,47408,665,4741,0.1265066076463029,0,0,1,12,0,0.0029821905513036993,0,Low
1,2,1,1,2,1316,16,33276,658,5303,0.1496424890213275,0,0,1,9,0,0.0029821905513036993,0,Low
1,2,1,1,5,1375,20,67768,746,3984,0.1512351434272716,0,0,1,7,0,0.0029821905513036993,0,Low
3,2,1,1,13,2356,13,58268,695,4839,0.1786112417689205,0,0,1,5,0,0.0029821905513036993,0,Low
1,0,1,1,9,3375,14,68825,683,5394,0.2123018221305572,0,0,1,10,0,0.0029821905513036993,0,Low
3,0,1,1,8,2259,18,54035,661,3786,0.1945504904943151,0,0,1,6,0,0.0029821905513036993,0,Low
2,1,1,1,10,1345,23,52776,671,4558,0.133706249409046,0,0,1,3,0,0.0029821905513036993,0,Low
2,1,1,1,12,1199,13,41784,700,4652,0.1559256438133409,0,0,1,12,0,0.0029821905513036993,0,Low
3,2,2,1,1,1730,14,68110,560,2772,0.176247952924594,1,0,1,10,0,0.0029771816025358443,0,Low
0,2,0,2,13,2742,20,88042,697,5968,0.2099054700066847,0,0,1,8,0,0.002970696376237135,0,Low
2,1,0,2,38,3332,6,59528,593,4676,0.2155551392371545,1,0,1,12,0,0.0029702677655058995,0,Low
1,2,0,1,26,1979,24,92735,738,1989,0.1294418517185548,0,0,0,14,0,0.00296029778553616,0,Low
3,1,0,2,11,1881,16,61370,643,5673,0.2112746704309996,0,0,1,14,0,0.0029540339992721325,0,Low
3,3,0,2,31,1439,17,54323,649,2399,0.0932509482776693,0,0,1,5,0,0.00294543814590595,0,Low
0,2,0,0,0,1744,24,78792,560,3382,0.1082021913150356,0,0,1,14,0,0.0029317409530703244,0,Low
2,3,0,1,2,1157,12,75948,627,4430,0.131544445752198,0,0,1,8,0,0.0029313659747036915,0,Low
1,3,0,1,37,820,12,98467,554,2233,0.1364587952010969,0,0,1,1,0,0.002924957772204493,0,Low
1,3,2,0,9,1749,12,87125,568,1172,0.1325941928282653,0,0,1,1,0,0.0029141345675237746,0,Low
2,0,2,2,22,1138,16,97605,665,2166,0.1404193977408612,0,0,1,1,0,0.002913679272491124,0,Low
2,1,0,0,13,1963,12,99717,636,5770,0.1491417855949399,0,0,1,13,0,0.002909626844268909,0,Low
3,2,0,2,29,2795,5,96131,698,1285,0.1569705237093334,0,0,1,8,0,0.00290321864176971,0,Low
1,3,0,0,27,3393,6,85538,640,4331,0.1314689316426049,1,0,0,9,0,0.002901072955567848,0,Low
2,3,0,0,23,2074,11,92300,567,5134,0.2133422720277001,1,0,0,6,0,0.002901072955567848,0,Low
1,3,1,1,34,2699,5,88955,630,3724,0.168761490185335,1,0,1,13,0,0.002901072955567848,0,Low
2,1,2,0,19,1664,12,57376,580,5556,0.1291289765445161,1,1,0,0,0,0.002895713971833348,0,Low
5,0,1,0,15,2471,17,56407,631,1875,0.2108396092681627,0,1,1,2,0,0.002895595398657873,0,Low
1,3,0,1,21,972,14,85744,595,2169,0.1450993956027627,1,0,1,11,0,0.002887327783987908,0,Low
0,3,0,0,20,3158,3,87243,654,2419,0.117897035642437,1,0,0,12,0,0.002887327783987908,0,Low
3,3,0,0,18,1372,13,95939,616,1394,0.1700086691354476,1,0,1,9,0,0.002887327783987908,0,Low
0,0,2,0,23,2431,20,63323,597,5700,0.1091041448476363,1,0,1,6,0,0.002886817174680323,0,Low
2,0,0,1,36,2693,20,75753,648,3970,0.2120939742906958,1,0,1,14,0,0.002886817174680323,0,Low
1,1,1,1,5,2340,24,56012,621,2432,0.1113527117765046,0,0,1,14,0,0.002886289314748773,0,Low
2,2,0,1,15,2410,24,30582,739,2928,0.1300525015906546,0,0,1,14,0,0.002886289314748773,0,Low
1,3,1,1,8,999,0,97319,642,3239,0.1750744234811098,1,0,1,4,0,0.002884839189334082,0,Low
1,3,1,0,2,2345,6,96352,555,3137,0.1009084266922409,1,1,1,12,0,0.002884839189334082,0,Low
1,1,3,0,25,2022,1,65677,546,4326,0.1111367551557504,0,0,1,4,0,0.002880408972181124,0,Low
1,1,1,2,15,2944,4,79731,592,4346,0.1333776110012536,0,1,1,0,0,0.0028794410714581215,0,Low
2,0,2,0,4,1896,18,62077,609,5823,0.1809183088699711,1,0,0,2,0,0.0028705834084465564,0,Low
0,1,0,1,38,1690,22,64487,544,1970,0.2135457609085165,1,0,1,5,0,0.0028641752059473573,0,Low
1,2,0,1,7,2366,6,52107,664,2313,0.2198470041106371,1,0,1,14,0,0.0028641752059473573,0,Low
3,1,0,0,38,2646,20,90053,527,4246,0.2050216510240622,0,1,1,12,0,0.002852559183498065,0,Low
1,1,0,1,17,1284,18,95248,749,1632,0.1379421338483347,1,0,0,3,0,0.002844688423689968,0,Low
3,0,0,3,14,3392,6,68311,682,2199,0.2156181984153877,0,0,1,10,0,0.0028394499312220834,0,Low
1,2,0,1,15,1921,21,65234,722,5175,0.2082348712265972,0,1,1,1,0,0.002838914257924947,0,Low
2,1,0,1,36,3410,22,37147,749,4828,0.2076981364654748,0,0,1,3,0,0.0028314217504324395,0,Low
2,4,1,1,16,1365,7,85382,526,2533,0.0934715609762264,0,0,1,3,0,0.0028296303738204478,0,Low
5,1,1,1,14,886,11,74241,738,3160,0.1568631994773041,0,0,1,0,0,0.0028134405513036997,0,Low
1,1,0,1,15,2058,7,86209,745,4377,0.1323582899039986,0,1,1,5,0,0.0027959904806325454,0,Low
0,0,0,0,15,2712,15,75377,704,3183,0.2013052606206673,0,1,0,1,0,0.0027959904806325454,0,Low
4,0,0,0,1,3490,14,53935,594,5282,0.1245624693435918,0,0,0,10,0,0.0027826713205344688,0,Low
2,1,0,2,39,2472,21,80429,721,5202,0.1937948581278782,0,0,1,11,0,0.0027746774150688974,0,Low
2,2,1,1,15,3346,7,92072,655,1492,0.1668951724355978,0,1,1,13,0,0.0027733485118995797,0,Low
1,1,0,0,15,2781,0,41854,567,3909,0.1107565910309617,0,1,1,14,0,0.002756947044810193,0,Low
4,0,0,2,11,1840,23,99464,558,5961,0.1740136619550062,0,0,0,6,0,0.002752866826031418,0,Low
2,0,0,1,15,3092,12,70183,685,3026,0.1492992747957706,0,1,1,12,0,0.002750538842310994,0,Low
5,0,0,1,15,3068,1,57094,560,4646,0.0965241002558546,0,1,1,7,0,0.0027407132785764263,0,Low
2,3,1,0,18,1815,14,72271,663,5557,0.1036479981959368,0,0,0,11,0,0.002738881673696702,0,Low
3,4,0,2,36,2637,0,73592,587,1469,0.2009615704064126,0,0,1,4,0,0.0027362355953905256,0,Low
0,1,1,1,15,1557,15,71073,531,2962,0.1056795645938071,0,1,1,0,0,0.0027343050760772277,0,Low
4,1,1,1,15,2229,0,96074,601,1683,0.1706769062398329,1,1,1,5,0,0.0027343050760772277,0,Low
3,0,1,0,15,1032,17,45578,678,2018,0.0809949371761166,1,1,0,3,0,0.0027343050760772277,0,Low
2,1,1,0,15,2391,18,61364,598,1623,0.1038264025472829,0,1,1,11,0,0.0027343050760772277,0,Low
5,0,1,2,6,2507,16,82163,594,3165,0.0987335598258991,1,0,0,14,0,0.0027337070625272856,0,Low
2,1,2,0,3,2317,24,91933,712,1076,0.1828579235389267,0,0,1,5,0,0.0027262110467666705,0,Low
2,1,2,0,7,1206,9,88122,648,2067,0.2191262625665458,0,0,1,6,0,0.0027255123254487246,0,Low
1,1,1,2,16,1443,20,52227,608,5974,0.1907789078666522,0,0,1,5,0,0.002703988918630821,0,Low
2,0,2,2,26,2963,24,42589,638,1901,0.2016509444985204,0,0,1,9,0,0.002697005443362796,0,Low
3,1,1,2,39,3456,15,97476,576,1079,0.1852040570194795,0,0,0,8,0,0.0026849646735157416,0,Low
4,3,1,0,3,2731,20,82089,674,5554,0.1359584504043269,0,0,0,1,0,0.002677315901065989,0,Low
2,3,2,0,8,2229,11,87970,696,1645,0.0821126124405115,0,0,1,1,0,0.002676039329428537,0,Low
1,0,2,0,35,997,24,64950,726,4870,0.1222253286853174,0,0,1,0,0,0.002674844544712249,0,Low
3,3,2,2,0,2489,9,90414,588,2667,0.1287625260220495,1,0,1,11,0,0.0026684560169637416,0,Low
1,0,0,3,27,832,1,87945,633,2150,0.2100561500057616,1,0,0,13,0,0.0026577861176487216,0,Low
1,2,2,1,7,1978,21,58503,727,2343,0.1866702031614607,0,0,1,6,0,0.002652202575979283,0,Low
2,1,2,0,1,1967,24,48493,718,1724,0.1302365789007106,0,0,1,0,0,0.002652202575979283,0,Low
2,0,2,0,33,2093,21,37271,716,1007,0.1176457701318454,0,0,1,6,0,0.002652202575979283,0,Low
4,3,0,0,8,2505,21,92969,738,5785,0.2124736946435196,0,0,1,12,0,0.0026318321337885863,0,Low
3,3,2,3,2,920,1,54504,613,2065,0.2163295512878888,0,0,0,6,0,0.0026080780585458624,0,Low
0,0,2,3,31,1386,18,88754,640,1363,0.1540255222130894,0,0,0,3,0,0.002600129838680907,0,Low
1,1,1,2,12,1475,17,71872,556,5946,0.1495766680019615,0,0,1,6,0,0.0025968911421292763,0,Low
1,0,0,2,13,2687,15,63520,653,5975,0.188428754153335,0,0,1,5,0,0.0025968911421292763,0,Low
1,1,1,3,17,3392,22,59583,636,2504,0.2111484566107618,0,0,1,4,0,0.0025889995619192544,0,Low
2,0,0,3,17,3224,13,79789,674,3305,0.1348487357449916,0,0,1,13,0,0.002578649420141665,0,Low
1,2,0,3,18,3283,19,74745,728,3176,0.1424434152193431,0,0,1,4,0,0.002578649420141665,0,Low
2,2,1,2,20,3492,8,89086,745,1960,0.1454022860516927,0,0,1,12,0,0.002554972581779878,0,Low
2,1,0,3,29,1952,14,62623,678,3041,0.1652035036248086,0,0,1,4,0,0.0025396059843193126,0,Low
2,1,0,3,18,2284,12,60012,588,3546,0.0880047926008366,0,0,0,11,0,0.002523266115038267,0,Low
2,0,0,3,37,1966,15,59810,531,4876,0.1418516014456206,0,0,1,0,0,0.002523266115038267,0,Low
2,0,0,4,38,1423,20,31703,630,4406,0.1161035070817893,0,0,1,8,0,0.002523266115038267,0,Low
5,0,0,0,35,2710,6,62751,575,3850,0.0920054823699429,1,0,1,1,0,0.0025134405513036993,0,Low
1,1,0,3,14,2752,17,46525,528,2897,0.1156271998808975,1,0,0,13,0,0.0025070323488045002,0,Low
3,0,0,3,7,2815,21,39143,551,4024,0.1311565827650078,1,0,1,13,0,0.0025070323488045002,0,Low
5,1,1,2,33,2668,8,61108,649,1284,0.1082587097750822,1,0,0,4,0,0.0025070323488045002,0,Low
5,0,1,1,31,1755,1,44563,726,5516,0.1087781420420913,1,0,1,9,0,0.002496123682959996,0,Low
1,0,2,2,17,2245,17,47763,619,5546,0.1730539782081375,0,0,1,12,0,0.002489414154913072,0,Low
3,3,0,1,34,949,20,52008,563,4010,0.2116837926554332,1,0,1,14,0,0.0024823333204103027,0,Low
0,2,0,1,28,2575,22,97586,747,1261,0.0979016008028919,1,0,0,7,0,0.002474680515425832,0,Low
3,1,0,0,39,2740,17,49229,503,5313,0.194407380206924,0,0,1,14,0,0.002470150508013656,0,Low
3,2,0,0,38,1770,23,41306,747,3150,0.1956076444973069,1,0,1,12,0,0.002432506702925106,0,Low
3,1,0,0,29,2401,13,37300,653,3321,0.1451652029430638,1,0,0,14,0,0.0024283949998402375,0,Low
3,2,2,0,14,2444,24,91075,560,4608,0.1300198395388079,0,0,1,14,0,0.0024256017054062207,0,Low
2,2,0,3,33,1987,2,90536,603,5026,0.1990311226230596,0,1,1,7,0,0.0024234206619717304,0,Low
4,1,2,0,10,1693,8,79755,589,3006,0.1289542126139292,0,0,1,13,0,0.0024134682340238582,0,Low
2,0,2,0,22,2945,19,65810,707,5018,0.1068298378463852,0,0,1,7,0,0.0024059635640874956,0,Low
3,1,0,0,27,2718,3,65344,539,1773,0.2191889572636772,1,0,0,13,0,0.0024057530311072726,0,Low
2,0,2,0,32,2513,17,73740,701,3122,0.0841109646452513,0,0,0,3,0,0.002397066766934471,0,Low
1,1,1,0,16,808,20,48151,697,3318,0.1751005953073028,1,0,1,6,0,0.0023966273806751456,0,Low
0,0,0,0,16,1039,0,66362,717,3636,0.173128607280736,1,0,1,13,0,0.0023966273806751456,0,Low
6,0,1,1,9,804,9,83359,536,1298,0.1852584316915981,1,0,1,5,0,0.0023879847297568813,0,Low
1,1,0,3,19,3271,12,32322,672,5698,0.1269695339820582,0,1,1,0,0,0.002384377226149378,0,Low
3,1,0,3,9,1398,12,60653,516,1455,0.1913077191159503,0,1,1,13,0,0.0023681434599156117,0,Low
1,1,0,3,2,1593,17,45164,587,4674,0.1203517420793444,0,1,1,4,0,0.0023681434599156117,0,Low
2,0,2,0,26,938,5,79704,670,1574,0.2074610561914433,0,0,0,8,0,0.0023525363343822815,0,Low
6,1,1,1,2,986,19,57640,690,1089,0.1808385811695992,0,0,1,4,0,0.002338999561919255,0,Low
2,3,0,2,14,909,7,54509,724,3639,0.1377046901230849,1,0,1,2,0,0.0023295443403873834,0,Low
5,1,2,1,14,1775,3,87270,557,4697,0.0896558610934957,0,0,1,10,0,0.0023267789466466507,0,Low
2,1,0,0,21,3397,22,92583,602,5062,0.2188102013948977,1,0,0,3,0,0.002323778665047317,0,Low
2,1,0,3,0,3490,15,67446,739,3557,0.1963238796755229,0,0,1,5,0,0.0023068753629332294,0,Low
2,0,0,2,38,2073,19,92407,672,2567,0.1615904204991949,0,1,1,0,0,0.00230326304181411,0,Low
3,2,1,0,38,1070,12,44197,707,4207,0.1891345589419826,0,1,1,13,0,0.0022732640611272097,0,Low
3,0,0,1,39,1155,12,62879,734,4734,0.1003893972576144,0,1,1,2,0,0.0022732640611272097,0,Low
2,1,0,3,28,1932,20,76892,664,2107,0.1282280211201785,0,0,1,2,0,0.0022682980068490753,0,Low
2,0,0,1,39,1201,13,66185,732,1441,0.13404298167842,0,1,1,11,0,0.0022506220923942445,0,Low
1,3,0,1,31,2989,16,65505,733,5715,0.1179990247705932,0,0,0,8,0,0.0022492156457744462,0,Low
0,2,1,3,21,2134,24,65146,534,4027,0.1178900355858506,0,0,1,8,0,0.002245488337260489,0,Low
3,3,1,2,33,1500,6,34780,729,1680,0.1290264182113268,1,0,1,2,0,0.002239685547062608,0,Low
5,2,0,1,12,3144,20,86011,642,5823,0.1474010652497396,0,0,1,3,0,0.002235662773525922,0,Low
0,0,0,2,21,1059,19,92967,650,3732,0.2156498227359091,1,0,0,8,0,0.002228657827301465,0,Low
2,2,1,2,39,2177,1,66780,718,4922,0.1056551485947066,0,0,1,14,0,0.002228509523747658,0,Low
1,5,1,0,7,882,0,43164,607,1221,0.1813601295144739,0,0,1,6,0,0.0022222222222222222,0,Low
2,1,0,2,23,2705,24,93669,618,3974,0.2197718430944992,1,0,1,3,0,0.00221976103014844,0,Low
1,1,0,0,18,866,23,98625,511,5351,0.198842222341297,0,0,1,4,0,0.0022116093362224715,0,Low
5,1,1,0,19,1587,16,43765,547,5487,0.132815870311964,0,0,1,2,0,0.0022009087770281533,0,Low
5,0,0,2,3,2571,24,86256,688,1452,0.110084635438335,0,0,1,6,0,0.002168322671385146,0,Low
0,3,1,2,26,2672,7,44981,708,2258,0.1520881124562267,1,0,1,9,0,0.0021650586813909663,0,Low
1,0,0,0,39,2812,5,78260,729,1082,0.1695232692377388,0,0,1,14,0,0.0021614604000114684,0,Low
2,0,1,1,38,1993,24,91294,660,5757,0.1599702144895787,1,0,1,1,0,0.0021523016901648386,0,Low
2,1,1,2,19,1136,22,41584,592,5203,0.2075465382326135,1,0,1,1,0,0.0021285501233348075,0,Low
2,2,1,2,31,873,22,66726,536,5670,0.2116117978926167,1,0,1,4,0,0.0021196533261817825,0,Low
3,0,0,0,34,2538,18,98682,745,3500,0.1078581455086832,0,0,1,11,0,0.0021036827883248533,0,Low
5,0,0,1,7,1305,24,84496,600,5455,0.1681043308464662,0,0,0,11,0,0.002095407764418454,0,Low
5,0,0,1,30,1853,23,57024,559,1402,0.1840956547670749,0,0,1,6,0,0.002088999561919255,0,Low
3,0,0,0,20,2257,1,83069,748,5992,0.2117237802919977,0,0,1,7,0,0.0020776145505128434,0,Low
5,0,0,2,22,3278,1,93970,672,3314,0.2181303760064936,1,0,1,0,0,0.0020747235263083403,0,Low
1,0,3,1,21,2705,13,85226,501,3315,0.1496642809706279,0,0,1,4,0,0.0020712063480136443,0,Low
3,3,0,0,15,1453,19,60611,509,5892,0.1827167917323162,1,0,1,8,0,0.0020677396222345146,0,Low
1,1,1,1,37,3490,5,86497,663,3032,0.1393049598891002,0,0,1,13,0,0.0020623095508606193,0,Low
3,2,0,3,34,2451,4,84848,567,4971,0.180330774970947,0,0,1,12,0,0.0020623095508606193,0,Low
5,1,1,1,33,1598,5,63597,708,1644,0.102912391274703,0,0,1,4,0,0.0020570323488045008,0,Low
5,0,0,1,24,3018,24,90698,588,3047,0.1000173105996632,0,0,1,11,0,0.0020419973837695355,0,Low
2,1,0,1,21,3376,11,72194,703,5882,0.2125148735704219,0,0,1,3,0,0.002038571114690491,0,Low
3,0,1,1,20,2026,20,98644,631,3492,0.1939235125995788,0,0,1,9,0,0.002033037907651043,0,Low
3,2,0,1,39,1135,15,48565,665,3573,0.2110768968747221,0,0,1,13,0,0.002029674317537466,0,Low
1,1,1,0,39,2250,5,60779,511,5693,0.2154240261561152,0,0,1,11,0,0.002029674317537466,0,Low
4,1,2,0,37,1392,5,81982,655,4158,0.1652371837750362,1,0,1,5,0,0.002029674317537466,0,Low
2,0,3,0,35,1085,17,57583,571,4385,0.1596729128978888,0,0,1,5,0,0.002023266115038267,0,Low
4,0,0,0,24,3492,3,69430,731,3055,0.1125108370279371,0,1,1,6,0,0.002023266115038267,0,Low
4,2,1,2,21,3483,11,39178,592,2593,0.1376780343089091,0,0,1,4,0,0.0020159291459575257,0,Low
5,1,1,0,14,3427,21,83654,628,3289,0.1611903106959762,1,0,1,1,0,0.0020134405513036998,0,Low
5,0,1,0,3,3332,19,88068,571,3204,0.1410555621329668,0,0,1,5,0,0.0020134405513036998,0,Low
3,0,0,3,30,1237,21,37332,600,5343,0.1726220256328743,0,0,0,9,0,0.0020099952329149257,0,Low
2,2,0,1,13,3483,21,44084,534,3090,0.1247660507824338,1,0,1,11,0,0.0020070323488045006,0,Low
1,2,0,1,9,3486,4,70242,506,3069,0.1323363285510837,0,0,1,13,0,0.0020070323488045006,0,Low
5,0,0,0,25,3016,23,70137,614,2658,0.1021187404631298,0,0,1,7,0,0.0020070323488045006,0,Low
3,4,0,0,14,2496,2,63635,585,2710,0.1657634585573127,0,0,0,5,0,0.002,0,Low
3,1,0,1,38,1621,20,75205,596,4551,0.2185920151280011,0,1,1,8,0,0.0019959230617126677,0,Low
2,1,0,2,1,2027,4,31936,731,5956,0.1805340621398399,1,0,1,5,0,0.001958145702357001,0,Low
3,1,0,3,15,2787,13,88218,562,1633,0.1369747441768815,0,0,1,4,0,0.0019508376893887576,0,Low
3,1,1,3,38,2637,22,75486,516,2416,0.0965706343162231,0,0,1,9,0,0.0019508376893887576,0,Low
3,0,0,3,31,2092,16,82801,648,2861,0.1757446785959599,0,0,1,11,0,0.0019508376893887576,0,Low
3,0,1,0,6,2444,24,50493,734,3291,0.1918688966627877,1,0,1,13,0,0.0019425887261650238,0,Low
1,0,1,4,22,1133,7,68496,616,3054,0.1980835966432505,0,0,1,1,0,0.001932357024129176,0,Low
2,2,0,1,21,2518,17,98884,519,2332,0.1954585165499452,0,0,1,5,0,0.0019284287258033237,0,Low
3,0,0,3,19,1243,23,40716,652,3085,0.085448475772537,0,0,1,12,0,0.0019280280198001715,0,Low
3,1,0,3,26,1559,22,44202,726,5797,0.0843389611917168,0,0,1,8,0,0.0019280280198001715,0,Low
3,1,0,3,34,3326,13,73526,557,3862,0.1851890845593555,0,0,1,8,0,0.0019280280198001715,0,Low
3,2,0,3,19,1458,17,52280,599,3108,0.0835913471822052,0,0,1,6,0,0.0019280280198001715,0,Low
3,2,0,3,36,2450,20,35990,646,5455,0.1212896604990927,0,0,1,10,0,0.0019280280198001715,0,Low
3,1,0,3,31,3249,14,55743,588,5441,0.1578249546106985,0,0,1,11,0,0.0019280280198001715,0,Low
3,0,1,3,30,1221,14,34279,609,4025,0.126512294879718,0,0,1,0,0,0.0019280280198001715,0,Low
3,1,0,3,34,2727,23,68288,555,4311,0.1424595504343755,0,0,0,8,0,0.0019280280198001715,0,Low
2,0,1,0,3,2264,19,58316,566,5055,0.2198430710590502,0,0,1,3,0,0.0019169565511665664,0,Low
3,0,0,3,25,1419,13,35983,637,1563,0.1024063053415969,0,0,1,4,0,0.0019117942535664054,0,Low
3,0,0,3,15,2640,16,38143,653,2349,0.0865362226702336,0,0,1,2,0,0.0019117942535664054,0,Low
3,1,0,4,26,1539,22,39674,603,2538,0.1409489474230706,0,0,1,0,0,0.0019117942535664054,0,Low
3,0,0,3,17,3476,20,70809,506,1352,0.1004045127114799,0,0,1,10,0,0.0019117942535664054,0,Low
3,1,1,3,22,2181,14,33531,623,1662,0.1914053405715704,0,0,1,8,0,0.0019117942535664054,0,Low
3,3,1,2,10,1074,13,83769,597,5919,0.1513195509778423,0,0,1,4,0,0.0018928335257380091,0,Low
4,3,0,1,30,3398,0,33364,738,5905,0.1742998645956801,0,0,0,4,0,0.0018719262684850687,0,Low
3,2,0,1,30,1355,13,44226,733,4863,0.2198467286848325,0,0,0,2,0,0.001868504210276362,0,Low
0,2,2,0,3,3261,12,84780,724,3115,0.090112294263911,0,0,1,8,0,0.0018643208809675017,0,Low
0,2,2,0,13,3285,24,76471,613,3879,0.1509873412382433,0,0,1,11,0,0.0018643208809675017,0,Low
0,1,2,0,35,835,12,89606,738,2481,0.2007378237080515,1,0,1,5,0,0.0018628706829967746,0,Low
3,1,2,0,21,1346,22,33276,636,4259,0.1931220730987983,0,1,1,5,0,0.0018504080085319401,0,Low
1,3,0,2,34,1642,17,86751,620,3720,0.1662501180465206,0,0,1,13,0,0.0018405741412868438,0,Low
6,0,0,0,13,1908,0,38514,506,5761,0.1652481487523574,1,0,1,14,0,0.001838837376700525,0,Low
0,3,0,0,31,3234,19,44772,624,5002,0.0833313053687152,1,0,1,12,0,0.0018296443841392769,0,Low
1,0,1,1,17,1980,15,99171,741,4395,0.1143120655255135,1,0,1,12,0,0.0018173994660004853,0,Low
1,3,0,2,23,926,19,78403,638,2352,0.2117949289305825,0,0,1,14,0,0.0018164487948430564,0,Low
4,0,2,0,32,2528,0,42260,719,3998,0.1521788892456984,1,0,1,4,0,0.0018163020120935491,0,Low
0,1,1,2,38,3488,15,41477,544,2507,0.1521987037677986,0,0,0,8,0,0.0018125879043600563,0,Low
1,1,0,0,11,1983,23,77246,711,4810,0.2008455892342216,1,0,1,13,0,0.001800068245859783,0,Low
2,0,0,2,14,2574,21,89161,636,5128,0.1863093270185652,1,0,1,10,0,0.0017985228437609776,0,Low
3,3,1,2,31,3225,13,44193,583,5055,0.2092725001210968,0,0,1,1,0,0.00179321894063483,0,Low
0,3,2,2,5,3132,3,96626,581,4627,0.1703470635366405,1,0,1,11,0,0.0017881655565571738,0,Low
3,2,0,2,14,1110,14,89622,737,5404,0.204729946114036,0,0,1,4,0,0.0017837529260522095,0,Low
1,0,2,2,2,1162,22,78694,521,5123,0.1962810571323641,1,0,0,9,0,0.0017635578087959428,0,Low
3,3,2,0,36,2381,1,31418,707,3558,0.1194314656585254,0,0,0,2,0,0.0017539354566367441,0,Low
1,1,0,3,38,3110,6,94701,734,5102,0.1181741430619316,0,0,1,13,0,0.0017503437388948072,0,Low
3,3,0,0,22,883,6,91855,723,2900,0.1976036075079287,0,0,0,0,0,0.0017433783788813272,0,Low
1,3,0,2,16,2255,0,97524,591,1762,0.1966409015938243,0,0,1,10,0,0.0017433783788813272,0,Low
6,1,1,2,35,1814,14,31326,571,2238,0.0837597183687046,0,0,0,6,0,0.0017421921661560987,0,Low
2,3,0,0,2,2691,1,96364,589,5442,0.2070548201076191,0,0,1,6,0,0.001740889784227501,0,Low
4,1,0,0,34,1203,13,41867,665,5454,0.1861852129336139,0,0,1,14,0,0.0017399099581854773,0,Low
1,0,0,0,16,1715,22,85015,741,4575,0.208719552653669,0,0,1,13,0,0.001738906961043247,0,Low
1,2,0,3,11,2254,11,92525,663,2422,0.186654001808369,0,0,0,14,0,0.001735418188254971,0,Low
1,0,0,0,38,2613,6,85917,645,5570,0.1980157444236255,0,1,1,6,0,0.0017353844200264847,0,Low
3,2,0,1,38,1278,0,98135,686,5693,0.0943902243951402,0,1,1,4,0,0.0017353844200264847,0,Low
2,0,1,0,39,1046,12,98674,585,3971,0.1361645589594906,0,1,1,3,0,0.0017353844200264847,0,Low
3,4,0,0,32,1541,9,51130,542,5777,0.0907368662886252,0,0,1,3,0,0.001732903538149464,0,Low
1,0,0,0,38,1597,10,75901,564,2714,0.117302733294316,0,1,1,9,0,0.0017127424512935197,0,Low
2,0,0,3,37,2194,16,33515,722,5333,0.118751155841623,0,0,1,10,0,0.001711300303072455,0,Low
1,1,0,3,37,2149,9,38226,725,5634,0.1492429723145247,0,0,1,4,0,0.001711300303072455,0,Low
0,3,0,0,13,2481,9,70414,520,5886,0.18343390617423,0,0,1,1,0,0.0017018463484051488,0,Low
1,3,1,1,11,2167,13,65983,539,5908,0.1255690173648239,0,0,1,12,0,0.0017018463484051488,0,Low
1,2,1,1,38,1605,18,74138,628,3277,0.0836442485655607,0,1,1,1,0,0.0016963409842041324,0,Low
0,3,0,2,38,931,0,55291,631,1808,0.1688880775014341,0,1,1,14,0,0.0016954381459059497,0,Low
4,1,0,2,32,3362,20,95917,505,1606,0.2002209556341711,1,0,1,14,0,0.0016830639554770205,0,Low
0,0,1,0,38,2784,5,37997,641,2475,0.1934624755823932,1,1,1,5,0,0.0016736990154711674,0,Low
3,1,3,0,8,2655,2,80234,500,1720,0.1232860456022088,1,0,1,8,0,0.0016736990154711674,0,Low
1,1,1,1,38,3146,22,55627,557,1526,0.0946014905757521,0,1,0,14,0,0.0016736990154711674,0,Low
1,1,3,1,13,1312,17,52466,513,1666,0.181249426978506,0,1,1,1,0,0.0016736990154711674,0,Low
5,0,0,0,10,3191,6,63243,501,2456,0.0843732033417854,1,0,1,6,0,0.0016736990154711674,0,Low
1,0,1,2,8,1746,3,98854,660,2837,0.2186015179185276,1,0,1,0,0,0.001671117256555898,0,Low
1,4,1,0,11,2179,21,72668,509,1964,0.1116484499867649,0,0,0,5,0,0.0016666666666666666,0,Low
2,3,2,1,7,2263,1,91213,573,1077,0.1980469229127634,0,0,1,11,0,0.001641556570807847,0,Low
4,0,1,0,17,1610,14,99012,662,2255,0.2182071104340811,0,1,1,4,0,0.0016376832477921683,0,Low
1,1,0,0,36,3258,17,39628,612,5241,0.1390748712692019,1,0,0,14,0,0.0016368171746803228,0,Low
2,0,0,0,39,2478,22,46792,594,4753,0.1201710965797392,0,0,1,14,0,0.0016368171746803228,0,Low
2,2,0,2,22,1786,22,98342,619,4903,0.1701766808279646,0,0,1,4,0,0.0016241426090719063,0,Low
0,1,0,2,12,1401,22,32211,720,2492,0.0959516637133756,1,0,1,14,0,0.0016150886147891555,0,Low
2,1,2,1,20,2213,7,40272,648,5436,0.0975761804760223,0,1,1,6,0,0.0016123127704367021,0,Low
0,0,1,0,32,988,3,84391,556,5487,0.2191236241049752,1,0,1,13,0,0.0016089995149531156,0,Low
3,0,2,0,24,1719,7,54446,666,5300,0.123991152354081,0,0,1,6,0,0.0016034159732836771,0,Low
0,1,1,1,37,2737,7,63761,599,1054,0.2197904359026003,1,0,1,8,0,0.0015968940999565744,0,Low
4,1,0,1,19,3287,4,82799,732,5188,0.0818990680153293,1,0,1,12,0,0.0015952496539242845,0,Low
2,1,0,3,12,3416,22,30728,589,1929,0.1149504336968449,0,0,1,14,0,0.001594333936106088,0,Low
2,1,0,3,38,1061,18,51072,621,1513,0.0976922034914422,0,0,1,14,0,0.001594333936106088,0,Low
0,1,1,3,1,2469,16,64731,695,2833,0.1047871687475845,0,0,1,14,0,0.001594333936106088,0,Low
3,0,1,3,16,2047,5,35904,655,2446,0.1753307579487082,0,1,1,14,0,0.001594333936106088,0,Low
1,0,3,0,20,1931,11,59688,713,1068,0.1850588386057771,0,0,1,3,0,0.0015916867217151015,0,Low
3,2,2,1,22,1502,4,64781,648,1229,0.1899848438235085,0,0,1,11,0,0.0015896708017037369,0,Low
3,1,0,3,8,3281,2,71471,744,2303,0.1592076689393841,0,0,1,13,0,0.0015894499312220831,0,Low
0,0,2,0,31,2374,20,33505,648,2100,0.1781457381704171,0,0,0,2,0,0.001580774004550712,0,Low
0,0,1,1,7,3413,9,91067,627,5227,0.2176878714199528,1,0,1,2,0,0.0015754846427285662,0,Low
1,2,0,3,23,2734,21,86479,574,5282,0.1979374063936136,0,0,1,5,0,0.0015728481925468018,0,Low
4,2,1,1,18,3312,8,69557,746,2543,0.1958693433891095,1,0,1,11,0,0.0015726076851913192,0,Low
1,1,1,1,39,2716,7,93212,586,4482,0.1424906657518445,1,0,0,14,0,0.0015681358559990043,0,Low
2,2,0,0,14,1073,21,85482,713,4333,0.1764977945371482,0,0,1,13,0,0.0015630226288122348,0,Low
1,3,1,0,31,1294,20,37400,597,4852,0.181196767239725,0,0,1,10,0,0.001561952089658431,0,Low
3,1,1,1,39,2755,9,48427,513,3093,0.1043162416285177,0,0,1,14,0,0.0015617276534998054,0,Low
4,0,0,2,39,3111,0,36083,591,2031,0.1383627997549812,0,0,1,14,0,0.0015454938872660393,0,Low
1,1,1,0,17,1405,23,99093,690,4224,0.1669146209571254,0,0,1,10,0,0.00154069201824633,0,Low
5,1,0,1,30,3299,21,82716,642,4900,0.1693434588238075,0,0,0,7,0,0.0015239791929898825,0,Low
2,1,3,1,30,1411,0,70078,693,3686,0.2095733376871967,0,0,1,10,0,0.001523266115038267,0,Low
2,2,1,0,1,1632,24,92921,551,5666,0.2121701269717831,0,0,1,13,0,0.0015174031114998882,0,Low
0,1,1,2,33,1661,23,90140,705,5003,0.1983537035930277,0,0,1,1,0,0.0015147478021981082,0,Low
4,0,0,2,39,2532,17,72017,558,3421,0.1994881732968409,0,0,1,10,0,0.0015020137972519309,0,Low
4,1,1,2,3,1880,4,47984,738,4598,0.1039732591231538,1,0,1,12,0,0.0014997235275169157,0,Low
0,1,1,2,9,3273,24,92169,704,4773,0.2058125197112789,0,0,1,8,0,0.0014991593743396011,0,Low
1,1,2,0,31,932,18,95745,741,4281,0.1380933929978356,0,0,0,3,0,0.001498853015499636,0,Low
3,1,0,0,18,3206,2,41567,684,1069,0.208397086840452,1,0,1,13,0,0.0014979808195196775,0,Low
2,0,0,4,22,1900,8,89609,577,3293,0.17727965496428,0,0,1,11,0,0.0014908809794320476,0,Low
3,2,0,2,17,1019,17,87792,685,1705,0.2000202180093145,0,0,1,11,0,0.0014835440103513065,0,Low
2,0,2,1,18,1668,21,94075,572,1910,0.126444499156945,1,0,1,14,0,0.001479465609493989,0,Low
1,0,0,2,20,1886,11,99031,574,5324,0.2140327184564376,0,0,1,8,0,0.00147939270126491,0,Low
4,1,1,3,16,1414,21,74297,619,2105,0.1226906450852915,0,0,0,13,0,0.0014746472131982817,0,Low
1,0,2,0,16,2908,22,79904,569,4387,0.1574609038400344,1,0,0,5,0,0.0014671425432619192,0,Low
1,1,1,2,38,970,17,78836,745,4739,0.1138552244368106,0,0,1,0,0,0.0014632184052354557,0,Low
2,2,1,0,39,2859,15,71058,727,3772,0.0948715827950143,1,0,1,12,0,0.0014623574491937623,0,Low
1,0,2,0,23,1974,23,34638,555,4217,0.164773632116444,1,0,1,14,0,0.0014582457461088944,0,Low
2,1,0,0,34,3420,7,30686,535,5637,0.1439397746273319,1,0,1,14,0,0.0014582457461088944,0,Low
4,0,0,0,37,2307,9,36645,563,5944,0.0868172769354524,0,0,1,14,0,0.0014582457461088944,0,Low
2,0,0,0,35,2310,10,52457,613,3395,0.1418073396412601,0,0,1,14,0,0.0014582457461088944,0,Low
0,1,0,0,33,2724,12,60751,673,5975,0.0863536658345524,0,0,0,14,0,0.0014582457461088944,0,Low
2,2,2,1,35,2776,23,42725,562,4797,0.1399334159917755,1,0,0,2,0,0.0014582457461088944,0,Low
2,2,0,0,32,3315,8,36857,597,5238,0.113740249752832,0,0,0,14,0,0.0014582457461088944,0,Low
1,0,0,3,28,2566,15,62898,643,5231,0.1463324699463251,0,0,1,5,0,0.0014518375436096953,0,Low
2,1,0,3,25,2661,12,64949,568,5525,0.1984929765230674,0,0,1,3,0,0.0014518375436096953,0,Low
3,1,2,2,22,3082,11,43487,685,5720,0.1264873057086861,1,0,0,10,0,0.0014502272252320653,0,Low
2,3,1,2,18,3474,24,54597,689,2920,0.1285601689525355,0,0,0,13,0,0.0014489585989729535,0,Low
3,0,2,0,22,2408,6,52817,649,2623,0.1524861651836267,1,0,1,5,0,0.0014445005745289542,0,Low
1,2,1,0,14,2693,23,72024,737,4478,0.1368236542951387,0,0,1,13,0,0.0014420119798751283,0,Low
5,0,0,1,25,3316,20,56735,595,4356,0.1472469530258142,0,0,1,10,0,0.0014420119798751283,0,Low
4,0,1,1,18,2883,0,40510,737,5564,0.2125501184712734,1,1,0,10,0,0.0014414035000781306,0,Low
3,3,1,2,3,2429,17,75199,609,5006,0.1047366647382812,1,0,1,14,0,0.0014384390338910017,0,Low
4,1,1,1,34,2774,24,35523,722,1399,0.2037261292241651,1,0,0,11,0,0.0014383306520256533,0,Low
4,1,2,1,5,1021,24,41245,710,1425,0.1805018557931017,1,0,1,12,0,0.0014383306520256533,0,Low
2,1,0,0,29,2239,4,37626,518,2281,0.1700378120247333,1,0,1,14,0,0.0014356037773759292,0,Low
1,0,2,1,38,1817,24,44155,618,2180,0.1581530402841595,1,0,1,6,0,0.0014356037773759292,0,Low
5,2,1,0,35,1605,10,44593,511,1704,0.1807248964922286,0,0,1,14,0,0.0014356037773759292,0,Low
4,0,0,0,35,2838,11,70664,746,3198,0.169692146016079,1,0,1,11,0,0.0014325067029251058,0,Low
3,1,1,1,33,992,9,88955,736,3915,0.1425812470175146,1,0,1,13,0,0.0014325067029251058,0,Low
4,0,1,0,29,2507,1,75771,727,3583,0.087773734090425,1,0,1,10,0,0.0014325067029251058,0,Low
1,2,0,0,24,1764,5,91700,580,4010,0.215374692468367,1,0,0,13,0,0.001430428086381687,0,Low
1,0,0,2,38,3488,16,32196,740,4462,0.1670220429882367,0,0,0,1,0,0.0014241749694131034,0,Low
4,1,0,0,3,2827,6,55484,747,5865,0.1229416816518647,1,0,0,13,0,0.0014162729366913394,0,Low
4,2,1,0,4,1798,5,96004,734,1408,0.1914659520840269,1,0,1,12,0,0.0014098647341921405,0,Low
4,1,1,1,37,2508,5,86357,745,2590,0.1846975281746402,1,0,1,10,0,0.0014098647341921405,0,Low
3,1,0,1,33,2956,14,85658,744,1135,0.1522003527452458,1,0,1,11,0,0.0014098647341921405,0,Low
3,0,1,0,4,926,10,90717,737,1755,0.0888774955479966,1,0,1,12,0,0.0014098647341921405,0,Low
3,1,0,1,5,1393,5,77879,741,1885,0.1603676802389107,1,0,0,12,0,0.0014098647341921405,0,Low
3,0,0,2,0,2589,10,84907,744,1325,0.1455390580915879,1,0,1,10,0,0.0014098647341921405,0,Low
2,1,2,3,11,2446,0,47472,560,4818,0.1664619949073116,1,1,0,6,0,0.0014085475003196525,0,Low
0,1,0,3,14,2696,6,60760,608,3542,0.1953686488744625,1,0,1,9,0,0.0014085475003196525,0,Low
2,1,0,1,39,1805,12,65035,693,5061,0.1606224120631968,1,0,1,6,0,0.0013877305835221206,0,Low
2,0,0,2,36,3295,20,74840,726,5393,0.2108332982826193,0,0,1,11,0,0.0013857885261800084,0,Low
3,1,0,0,10,1705,18,92901,716,3868,0.0811284518712997,1,0,1,10,0,0.0013766111059847327,0,Low
1,1,0,0,21,3456,11,98693,534,1359,0.2036366642523192,0,0,0,10,0,0.0013733001417063685,0,Low
3,1,0,1,17,958,7,93626,681,5213,0.1570480865219302,1,0,0,12,0,0.0013667766344064888,0,Low
1,1,0,0,38,1933,14,47507,699,2234,0.1188684028602422,1,0,1,4,0,0.0013650886147891555,0,Low
2,0,1,0,38,1680,14,42900,682,1607,0.1799590000110817,1,0,1,5,0,0.0013650886147891555,0,Low
0,1,0,2,25,2196,23,67329,594,3823,0.155859829090595,1,0,1,14,0,0.0013631249083630422,0,Low
3,1,1,0,13,846,24,94438,732,2286,0.1966093255738486,0,0,1,13,0,0.001360241140156468,0,Low
3,0,0,1,29,1909,6,59113,700,4231,0.0936366243690883,1,0,1,13,0,0.001357879837253464,0,Low
3,2,0,1,34,2149,2,33117,686,4861,0.1627583681400846,1,0,1,13,0,0.001357879837253464,0,Low
4,0,0,0,33,1514,12,90025,718,5457,0.1314469823816934,1,0,0,10,0,0.001357879837253464,0,Low
3,2,0,0,24,2947,17,32345,711,4073,0.1254480672607806,1,0,1,13,0,0.001357879837253464,0,Low
3,3,1,2,21,2144,7,37739,624,1040,0.0824210945840722,1,0,1,13,0,0.0013574770377192513,0,Low
3,2,1,0,34,3052,21,90244,541,4300,0.2101559489354861,0,0,0,4,0,0.001347182839412044,0,Low
3,1,0,0,17,2719,8,89132,691,2772,0.1744994826503949,1,0,1,13,0,0.0013441346656735238,0,Low
3,0,0,0,12,2944,13,78728,715,4167,0.0997871421731642,1,0,1,10,0,0.0013416460710196977,0,Low
5,0,0,0,8,1180,13,78724,685,3295,0.1869799849571349,1,0,1,11,0,0.0013416460710196977,0,Low
1,3,0,1,31,2733,3,91546,640,5450,0.1937691173775337,0,0,1,7,0,0.0013404568837946007,0,Low
0,0,0,1,20,1571,23,98650,635,2629,0.1840462096222606,0,0,1,10,0,0.0013394786209419362,0,Low
5,2,0,0,0,1869,8,78894,691,2910,0.1343092297687872,1,0,1,10,0,0.0013352378685204988,0,Low
3,0,1,0,4,2135,15,72494,691,1044,0.1647843814721001,1,0,1,13,0,0.0013352378685204988,0,Low
2,0,0,2,21,1120,6,99023,555,5130,0.0944401990906763,0,0,1,9,0,0.0013286389324206887,0,Low
2,0,0,0,30,1453,3,95983,743,1746,0.2100735723115684,0,0,0,12,0,0.0013079406645821853,0,Low
3,3,1,1,31,1878,15,35922,575,4151,0.1869467514728753,0,0,1,0,0,0.0013014134479722482,0,Low
4,3,0,0,31,2062,2,70832,600,2983,0.1368384376287814,0,0,1,10,0,0.0012787714792392832,0,Low
2,3,0,0,31,2063,8,45979,625,1833,0.0883916937671112,0,0,1,6,0,0.0012787714792392832,0,Low
4,3,1,0,31,917,18,69615,574,2660,0.1183663379452367,0,0,1,9,0,0.0012787714792392832,0,Low
0,3,0,0,31,1883,10,65301,736,2359,0.1776377401110499,0,0,0,5,0,0.0012787714792392832,0,Low
4,3,1,0,3,3474,5,46717,622,2524,0.154821182420826,0,1,1,8,0,0.0012787714792392832,0,Low
2,0,0,3,15,3215,7,60537,683,5707,0.1464636896812618,0,0,0,7,0,0.0012732661150382668,0,Low
2,0,0,3,35,914,3,46325,677,1971,0.0914992070468042,1,0,1,7,0,0.0012696586114307633,0,Low
1,0,1,0,27,1607,18,93096,602,4531,0.2165369660355242,0,1,1,5,0,0.0012652156262972897,0,Low
2,1,1,1,38,1703,17,88834,646,4749,0.2153383591520837,0,0,1,1,0,0.0012652156262972897,0,Low
3,1,2,0,34,2877,24,48962,703,1289,0.089810534263781,0,0,1,7,0,0.0012633136870903946,0,Low
4,2,0,2,30,3315,22,37088,517,4375,0.2069527979983903,1,0,1,10,0,0.0012618455906658144,0,Low
1,1,0,3,16,3243,7,60342,610,1638,0.1983034022850928,0,0,1,13,0,0.0012570323488045006,0,Low
1,1,0,1,27,2748,22,48761,639,2617,0.084830097753043,1,0,0,14,0,0.0012570323488045006,0,Low
1,2,0,3,32,2256,11,60737,618,1803,0.1870280543155521,0,0,1,0,0,0.0012570323488045006,0,Low
1,0,0,3,3,2543,14,60412,644,1091,0.2002624289819587,0,0,1,0,0,0.0012570323488045006,0,Low
1,1,0,1,39,3484,16,79964,578,1278,0.1098782027640478,1,0,1,12,0,0.0012570323488045006,0,Low
3,1,1,3,11,3233,14,60780,533,2191,0.1940279224536624,0,0,0,1,0,0.0012570323488045006,0,Low
0,2,0,1,27,2738,23,69126,523,1927,0.1205149959230708,1,0,1,14,0,0.0012570323488045006,0,Low
2,3,2,2,3,3288,11,83775,629,2895,0.1610428822549358,0,0,1,4,0,0.0012474679008571082,0,Low
3,3,2,0,22,2800,9,67427,544,5093,0.1713566928536957,0,0,1,8,0,0.001239963230920746,0,Low
1,1,0,0,20,2220,8,98653,622,1684,0.0815248692695306,0,0,1,4,0,0.0012225463728621471,0,Low
3,1,0,1,19,3052,22,94411,605,5822,0.1408583887988943,1,0,1,10,0,0.0012222568319582977,0,Low
4,3,2,0,7,1134,5,36571,542,5343,0.0811718466931797,0,0,1,6,0,0.0012148326675339549,0,Low
3,1,2,0,24,2206,16,89307,531,2151,0.2167749963576728,0,0,1,7,0,0.0012091724561676788,0,Low
5,0,0,2,38,1127,6,36036,623,5096,0.2099940805103596,0,0,1,1,0,0.0012080022532403871,0,Low
1,0,0,2,39,1748,18,48761,704,4655,0.203006148411088,1,0,1,10,0,0.001205308158474681,0,Low
1,0,0,3,8,3425,22,35423,660,1411,0.2022594503075924,0,1,1,7,0,0.0012001106730303657,0,Low
2,1,0,1,22,2212,24,89226,637,4233,0.2016175221141356,0,0,1,8,0,0.0011947893139844232,0,Low
2,1,0,1,30,839,18,90704,746,2988,0.1798776190902961,0,0,1,0,0,0.001192151930702999,0,Low
1,0,0,0,23,3428,24,94118,668,5757,0.1403089155380767,0,0,1,11,0,0.001191345125987191,0,Low
2,1,0,2,26,1915,18,90927,623,5071,0.2092779401418504,0,0,1,5,0,0.0011873758945422207,0,Low
3,0,0,1,20,880,22,85271,649,5243,0.0998298382995719,1,0,1,13,0,0.0011872917969932627,0,Low
1,1,0,1,25,1749,24,91236,570,5125,0.2130310570032419,0,0,1,1,0,0.0011858925168313984,0,Low
1,1,0,0,26,2740,22,97173,567,5548,0.2075802402979241,0,1,1,14,0,0.0011858925168313984,0,Low
2,1,1,0,20,1898,14,98370,633,1262,0.159628549959479,1,0,0,4,0,0.0011835029370397948,0,Low
4,0,1,1,29,2812,17,48809,508,4725,0.0897201443323386,1,0,1,14,0,0.0011783949998402379,0,Low
3,1,0,1,36,2933,14,65317,568,5099,0.128801469656609,1,0,1,12,0,0.0011783949998402379,0,Low
0,0,0,3,36,1939,14,79059,662,5776,0.0871198993220148,0,0,1,2,0,0.0011734206619717304,0,Low
4,0,1,1,28,3183,11,45172,724,3095,0.1706903466362061,1,0,1,4,0,0.0011702349609802776,0,Low
2,1,2,0,16,3006,15,89924,668,4876,0.2135038207111456,0,0,1,6,0,0.0011598288691124926,0,Low
3,2,1,1,31,2467,17,86942,736,2519,0.1550485347357165,0,0,1,11,0,0.0011571868957379642,0,Low
2,0,1,2,34,2762,9,95727,738,2611,0.1129885517446004,0,0,1,12,0,0.0011571868957379642,0,Low
0,0,0,3,35,1667,3,79627,706,1144,0.0978595106830808,0,0,1,7,0,0.0011571868957379642,0,Low
2,0,1,0,21,1325,20,93585,634,1513,0.2054362156863851,0,0,1,2,0,0.001154866239260675,0,Low
1,1,1,0,20,1228,22,88602,620,2219,0.2146874514106301,0,0,1,2,0,0.001154866239260675,0,Low
2,0,1,1,21,856,24,97881,649,1137,0.2022997335751992,0,0,1,6,0,0.001154866239260675,0,Low
4,1,1,2,7,1386,16,98033,573,5797,0.2020810984778217,0,0,1,4,0,0.001153861022317671,0,Low
3,1,1,1,5,3429,20,99353,553,3351,0.2042297560407818,0,0,1,6,0,0.0011523776446068488,0,Low
2,0,1,1,8,3350,24,90730,550,2132,0.2005612970236745,0,0,0,9,0,0.00114596944210765,0,Low
2,3,1,0,11,2411,20,68713,685,1864,0.1259010967131883,0,0,1,14,0,0.0011398825903503945,0,Low
2,2,0,1,18,2567,24,33342,559,5951,0.1482127156785956,0,0,0,0,0,0.0011262334523528285,0,Low
5,2,0,1,38,3305,1,49073,697,3259,0.1750965851716086,0,0,1,4,0,0.0011245516624148106,0,Low
3,1,0,4,22,2958,1,61460,634,1626,0.149441017127368,0,0,1,14,0,0.0011181434599156117,0,Low
0,2,0,4,12,3240,17,61014,567,1718,0.1424854220042171,0,1,1,7,0,0.0011181434599156117,0,Low
3,0,1,0,33,1027,24,60701,570,5712,0.0809122443800475,0,0,0,11,0,0.0011173366551998035,0,Low
3,1,0,1,28,2270,24,55635,726,5705,0.096744737449972,0,0,0,10,0,0.0011173366551998035,0,Low
1,1,0,0,37,2079,24,76730,656,5798,0.1296234948925445,1,0,1,7,0,0.0011173366551998035,0,Low
1,1,0,0,35,2126,17,92617,523,5384,0.2108062846600548,0,0,1,8,0,0.0011039253037166445,0,Low
0,1,0,0,28,1932,16,92850,690,4592,0.2006997812070155,0,1,0,5,0,0.0011039253037166445,0,Low
4,2,1,1,28,1803,18,91644,570,5459,0.2132713287148784,0,0,1,13,0,0.0011039253037166445,0,Low
4,2,0,0,29,2503,17,40073,660,3611,0.1577255687667673,1,0,1,12,0,0.001102916354773964,0,Low
3,0,0,2,22,1117,10,39919,600,5393,0.1592188292645922,1,0,0,14,0,0.0010921709592474104,0,Low
2,1,0,2,35,2344,19,91739,731,2005,0.2186330069434611,0,0,1,5,0,0.0010867199358535352,0,Low
4,0,0,0,7,2810,21,36979,662,4952,0.1970286424138381,1,0,1,10,0,0.0010866825885401975,0,Low
2,0,1,0,29,1411,16,94897,694,3218,0.2125190667005912,0,0,1,4,0,0.001086644197725861,0,Low
4,1,0,2,23,1121,9,38100,501,3299,0.1149705639879342,1,0,1,13,0,0.0010832741620943856,0,Low
3,0,0,2,33,1601,20,78034,539,3793,0.1223376556357817,1,0,1,11,0,0.0010832741620943856,0,Low
4,2,1,2,30,1006,5,41519,679,3958,0.1163105766420932,1,0,1,14,0,0.0010832741620943856,0,Low
2,1,0,0,17,2892,17,97118,712,1658,0.1966014573585768,1,0,1,3,0,0.001079867764883357,0,Low
5,0,0,1,24,1169,20,47053,715,5706,0.2107534033054373,0,0,1,8,0,0.0010739791929898824,0,Low
1,0,0,0,23,2860,17,98746,685,2532,0.1927931658508015,1,0,1,7,0,0.001070970967730332,0,Low
3,2,0,2,4,2932,19,30915,623,4758,0.2039219354471139,1,0,1,14,0,0.0010670403958606195,0,Low
4,1,0,2,9,1910,10,91437,504,5734,0.1394136923900735,1,0,1,11,0,0.0010670403958606195,0,Low
3,2,0,2,12,3210,5,32970,593,4764,0.2165512078872601,1,0,1,11,0,0.0010670403958606195,0,Low
1,0,1,0,0,1338,18,92946,589,1307,0.204349681742166,0,0,1,0,0,0.0010640022289928957,0,Low
3,1,0,2,31,1428,14,30747,644,1829,0.194392363181509,1,0,1,11,0,0.0010456747532207756,0,Low
4,2,1,2,10,1571,13,53182,612,2287,0.1297284903181844,1,0,1,12,0,0.0010456747532207756,0,Low
3,1,0,2,10,3186,14,53496,572,3099,0.0818749095904183,1,0,1,10,0,0.0010456747532207756,0,Low
3,1,1,1,19,1976,19,93020,529,4577,0.1973090365895484,0,0,1,6,0,0.0010440355451402023,0,Low
0,2,1,0,18,2236,21,90109,599,4649,0.1935747725802685,0,0,1,4,0,0.0010440355451402023,0,Low
1,2,0,1,2,3242,24,84330,728,5784,0.1698086337507714,0,1,0,4,0,0.001043542109331715,0,Low
1,1,0,0,39,3416,13,35851,611,4883,0.189789332036497,0,0,1,7,0,0.0010415790794422277,0,Low
4,0,0,2,36,3024,24,54299,726,4065,0.1705498836453747,0,0,1,0,0,0.001036398304486673,0,Low
2,0,0,1,37,1930,23,91870,523,5099,0.1937255426632749,0,0,0,2,0,0.0010351387479871773,0,Low
5,1,1,0,10,2140,18,91511,525,5552,0.201825568431138,0,0,1,8,0,0.0010313669956697423,0,Low
3,0,1,1,39,3320,4,46529,587,3707,0.2032116367960472,0,0,1,1,0,0.0010242979734514442,0,Low
1,1,1,1,39,2799,11,68701,520,5588,0.209363396578761,0,0,1,7,0,0.0010242979734514442,0,Low
4,1,1,0,7,2894,18,96693,568,5821,0.1868668638223499,1,0,1,11,0,0.001018554840000078,0,Low
1,0,0,0,16,2826,21,93018,625,3817,0.2099207093305079,0,0,1,9,0,0.001016217885412995,0,Low
3,1,0,0,19,2984,6,32481,543,5166,0.1772644475715596,1,0,1,11,0,0.0010087203684218341,0,Low
3,0,1,1,22,1624,12,74840,526,5312,0.163908575005463,1,0,1,13,0,0.0010087203684218341,0,Low
3,0,1,0,17,2815,2,34695,658,5354,0.1127627205557243,1,0,1,10,0,0.0010087203684218341,0,Low
4,2,0,0,18,1654,12,36908,661,5224,0.1392140315951258,1,0,1,10,0,0.0010087203684218341,0,Low
3,0,0,1,17,1694,21,66674,643,3889,0.1878567218768245,1,0,1,14,0,0.0010087203684218341,0,Low
3,1,0,0,32,2810,21,92523,665,3400,0.212677836068209,0,0,1,1,0,0.00100732108825997,0,Low
2,2,0,4,13,3173,7,35274,735,4384,0.1567538026790452,0,0,1,8,0,0.0010070323488045008,0,Low
1,2,0,0,38,2884,13,67787,668,2092,0.2039386653126222,1,0,1,1,0,0.0010070323488045008,0,Low
1,1,1,4,2,1996,22,67725,632,2081,0.0828748859948831,0,0,1,2,0,0.0010070323488045008,0,Low
3,1,1,4,18,990,0,30059,589,2030,0.0953576503995428,0,0,1,3,0,0.0010070323488045008,0,Low
4,0,0,1,8,2203,18,90824,676,2978,0.213167163432996,0,0,1,10,0,0.0010058046899174052,0,Low
0,0,0,0,0,1996,24,38450,698,5686,0.1745984140823935,0,0,1,4,0,0.0010044986735093628,0,Low
3,1,0,0,36,1325,14,97355,614,4112,0.1981151179750132,1,1,1,12,0,0.0009998235712688091,0,Low
3,1,0,1,24,2237,6,65534,575,5671,0.2159513948343238,1,0,0,11,0,0.0009998235712688091,0,Low
3,1,0,1,37,1736,17,77098,593,3132,0.1539934988267144,1,0,0,13,0,0.0009998235712688091,0,Low
3,0,1,0,26,1510,2,55114,635,4234,0.2083221635453339,1,0,1,13,0,0.0009998235712688091,0,Low
3,0,1,1,33,2061,5,43415,603,4535,0.1049816798764438,1,1,1,10,0,0.0009998235712688091,0,Low
4,2,1,1,30,2481,1,34847,650,4191,0.2060912555983758,1,0,0,11,0,0.0009998235712688091,0,Low
3,0,0,0,29,1228,18,53396,676,3654,0.1794439284997644,1,1,1,13,0,0.0009998235712688091,0,Low
4,1,0,0,28,1972,6,77925,590,4265,0.0834624566659333,1,0,1,12,0,0.0009998235712688091,0,Low
3,0,0,0,28,2015,9,52742,619,3188,0.2009535509655248,1,0,0,13,0,0.0009998235712688091,0,Low
4,2,0,1,24,2352,0,36910,657,5364,0.1465142360171952,1,0,0,11,0,0.0009998235712688091,0,Low
0,2,0,0,0,2371,24,98960,549,5829,0.0835627758076883,0,0,1,2,0,0.0009965399311819962,0,Low
2,1,0,0,4,2055,24,93313,715,5807,0.1455161798445392,0,0,1,3,0,0.0009965399311819962,0,Low
4,0,0,1,23,2635,8,64846,510,3029,0.1578432862064313,1,1,0,11,0,0.0009934153687696102,0,Low
1,0,0,2,13,2729,16,96068,628,4373,0.205301889671163,0,0,1,13,0,0.000992570699737026,0,Low
2,0,0,2,5,812,16,92626,575,3916,0.2003955938429298,0,0,1,4,0,0.000992570699737026,0,Low
0,0,0,3,25,1123,14,66142,723,1335,0.172082165044331,1,0,1,6,0,0.0009918808336529855,0,Low
1,1,0,0,9,1093,23,99577,558,5249,0.21302786796544,0,0,1,9,0,0.0009910873220262038,0,Low
1,0,0,0,7,3419,24,94777,562,4260,0.2176097246265208,0,0,1,2,0,0.0009910873220262038,0,Low
2,2,0,0,9,1624,20,93659,683,4801,0.211449738224872,0,0,1,10,0,0.0009910873220262038,0,Low
4,1,0,0,22,2778,9,39816,585,2223,0.1544037426827129,1,0,1,11,0,0.0009860783996888688,0,Low
3,0,1,0,18,1083,24,68984,675,1378,0.21158269602786,1,0,1,12,0,0.0009860783996888688,0,Low
4,0,0,1,20,1914,7,30356,676,2945,0.1399777181968506,1,0,1,13,0,0.0009860783996888688,0,Low
1,0,0,0,11,1668,20,92617,666,1446,0.2142323240475478,0,0,1,5,0,0.0009846791195270046,0,Low
1,2,0,0,8,3254,19,94599,604,2608,0.217252655362966,0,0,1,12,0,0.0009846791195270046,0,Low
1,1,0,0,6,2742,21,96598,562,1123,0.2032086136437262,0,0,1,2,0,0.0009846791195270046,0,Low
3,1,0,1,13,1421,21,88582,500,1508,0.2120022341136542,0,0,1,14,0,0.0009846791195270046,0,Low
1,0,0,2,28,2770,21,97145,521,1061,0.2177939245360935,0,0,1,10,0,0.0009846791195270046,0,Low
0,0,0,0,34,1858,21,91951,549,1551,0.2047703606701837,0,0,1,13,0,0.0009846791195270046,0,Low
1,0,0,1,32,1387,24,88614,650,1682,0.2170005773832915,0,0,1,4,0,0.0009846791195270046,0,Low
3,0,0,1,8,896,3,97821,605,3943,0.19737560051931,1,0,1,12,0,0.000983589805035043,0,Low
3,0,1,0,1,1072,15,90216,570,5690,0.0866960943316193,1,0,1,14,0,0.000983589805035043,0,Low
3,1,0,0,3,2611,13,84298,651,5186,0.0817034887398674,1,0,0,13,0,0.000983589805035043,0,Low
4,0,0,0,0,2779,20,35711,608,5144,0.1855814395947486,1,0,1,13,0,0.000983589805035043,0,Low
3,0,0,1,1,2020,13,65627,659,4261,0.1807290625473316,1,0,1,13,0,0.000983589805035043,0,Low
3,0,0,0,3,1474,18,83304,584,5364,0.0931794303727973,1,0,0,13,0,0.000983589805035043,0,Low
4,0,0,0,11,3062,12,50047,550,3198,0.1381181699392632,1,0,1,14,0,0.000983589805035043,0,Low
4,0,0,0,14,3041,21,76153,599,3591,0.1973310249827541,1,0,1,10,0,0.000983589805035043,0,Low
4,0,0,1,7,2894,10,61977,531,3199,0.1427966008912335,1,0,1,11,0,0.000983589805035043,0,Low
3,0,0,0,1,1530,1,81412,664,4759,0.1095288602453251,1,0,1,14,0,0.000983589805035043,0,Low
3,0,0,0,14,3413,4,59237,521,3567,0.0912990913358185,1,0,1,10,0,0.000983589805035043,0,Low
3,0,0,1,10,2589,22,34368,604,4859,0.2031501992503485,1,0,1,11,0,0.000983589805035043,0,Low
4,0,0,1,2,2805,24,85121,582,4951,0.167110519775783,1,0,0,12,0,0.000983589805035043,0,Low
3,2,1,1,12,2078,12,62338,508,3492,0.1375800300830664,1,0,1,10,0,0.000983589805035043,0,Low
4,1,1,1,0,3130,3,94026,612,3301,0.1064838544884657,1,0,1,10,0,0.000983589805035043,0,Low
4,0,0,0,1,3280,3,57501,527,3670,0.097830981237561,1,0,1,12,0,0.000983589805035043,0,Low
5,2,1,1,25,1642,0,31256,572,4454,0.097519674045279,1,0,0,11,0,0.000983589805035043,0,Low
3,1,0,0,15,1494,24,87386,583,5863,0.1545029624615594,0,0,1,9,0,0.0009778086624507272,0,Low
3,0,0,0,3,3053,13,98774,617,1832,0.1266596414275308,1,0,1,11,0,0.000977181602535844,0,Low
3,0,1,1,0,1320,9,61114,595,1084,0.2153254281432667,1,1,1,12,0,0.000977181602535844,0,Low
3,0,0,0,0,1183,9,66880,613,2871,0.1471764729529796,1,0,1,11,0,0.000977181602535844,0,Low
3,1,0,0,24,1990,17,67393,675,2841,0.1297802974149946,1,0,0,13,0,0.000977181602535844,0,Low
3,1,0,2,3,1567,4,90707,647,1461,0.1249452884223856,1,0,1,12,0,0.000977181602535844,0,Low
4,0,0,0,29,3338,22,80786,555,1760,0.2029068149236159,1,0,1,11,0,0.000977181602535844,0,Low
4,1,0,2,28,3378,24,50548,536,1634,0.1543709744187524,1,0,0,12,0,0.000977181602535844,0,Low
5,0,1,0,8,2392,16,53122,565,2934,0.1937812837358125,1,0,1,13,0,0.000977181602535844,0,Low
5,1,0,0,5,1285,4,45384,500,2775,0.1386918233806801,1,0,1,13,0,0.000977181602535844,0,Low
3,0,1,1,10,3201,13,33823,540,2944,0.0951062420533296,1,0,1,13,0,0.000977181602535844,0,Low
3,1,0,2,2,3450,5,68531,500,2940,0.2119893647142486,1,0,0,13,0,0.000977181602535844,0,Low
4,1,2,1,25,1112,3,47004,672,1593,0.104875163133833,1,0,1,12,0,0.000977181602535844,0,Low
3,1,1,1,36,2344,14,44966,588,1702,0.2067164715597813,1,0,1,12,0,0.000977181602535844,0,Low
3,0,0,0,35,3179,23,59731,576,1098,0.08918629438385,1,0,1,13,0,0.000977181602535844,0,Low
3,0,0,1,23,2615,4,44005,533,2652,0.1725307016196518,1,0,1,14,0,0.000977181602535844,0,Low
3,1,0,1,7,3418,14,74306,566,1423,0.1532311246413367,1,0,1,11,0,0.000977181602535844,0,Low
4,1,1,1,13,1164,4,52317,625,2991,0.145762099214864,1,0,1,11,0,0.000977181602535844,0,Low
5,2,0,1,35,2639,13,53457,559,2127,0.1350271733827465,1,0,0,10,0,0.000977181602535844,0,Low
4,0,1,0,31,1113,21,49798,655,1305,0.0829677042704152,1,0,1,11,0,0.000977181602535844,0,Low
2,0,1,2,22,1122,1,97146,728,3835,0.2025600304337318,1,1,0,6,0,0.0009687897449237605,0,Low
4,0,0,0,6,2668,24,78344,542,5892,0.1483401260358604,0,0,1,4,0,0.0009615748962169611,0,Low
3,0,1,0,22,1295,16,99420,548,4239,0.1997524143035351,0,0,1,11,0,0.0009531715348724233,0,Low
0,2,1,1,37,2770,16,95144,575,4738,0.1939348043980888,0,0,1,0,0,0.0009531715348724233,0,Low
5,0,0,1,5,2455,22,89614,649,3434,0.2076887422800103,0,0,1,9,0,0.0009520438862038514,0,Low
1,3,1,0,3,3073,24,56610,617,5733,0.1639130686987766,0,0,1,6,0,0.0009442705908293914,0,Low
2,1,0,0,38,1471,20,94538,744,5601,0.1688542047872308,0,0,1,8,0,0.0009411445069341127,0,Low
2,1,1,1,15,2844,24,40216,666,5927,0.0983625819590754,0,0,0,1,0,0.000938765226628375,0,Low
4,1,0,0,21,2150,4,97900,734,3085,0.215752126948596,0,0,0,5,0,0.0009362458311435795,0,Low
1,0,0,2,29,2742,21,98363,712,1770,0.1916070965771343,0,0,1,3,0,0.0009359661670093141,0,Low
3,2,0,2,38,1630,22,65164,620,5388,0.2080417140824109,0,0,1,4,0,0.0009292191056047805,0,Low
1,0,0,2,39,2235,21,73125,639,5841,0.1839124925614824,0,0,1,5,0,0.0009292191056047805,0,Low
4,1,0,0,36,1835,14,93446,708,5624,0.0828446668397315,0,0,1,13,0,0.0009273050423594785,0,Low
2,0,1,2,12,2026,22,90867,502,4848,0.1918971641883714,0,0,1,8,0,0.0009237841440075589,0,Low
2,1,0,0,3,2607,24,55502,618,5751,0.1740934711219322,1,0,1,12,0,0.0009225314603946087,0,Low
4,2,1,0,14,2505,24,35565,608,5775,0.1109243614010149,1,0,0,8,0,0.0009225314603946087,0,Low
2,1,1,4,11,3048,11,36677,576,2462,0.2165643325177271,0,0,1,7,0,0.0009161232578954098,0,Low
1,0,0,4,32,1484,2,58740,650,2197,0.210444052718103,0,0,1,4,0,0.0009161232578954098,0,Low
1,0,1,4,6,2388,4,51119,555,1085,0.2033179138818034,0,0,1,13,0,0.0009161232578954098,0,Low
0,1,0,1,38,2577,21,93978,585,4497,0.1983460482919722,1,0,1,12,0,0.0009141280990500709,0,Low
1,0,0,1,18,1445,17,97106,617,1511,0.2155951837278041,0,0,1,5,0,0.0009116087035652754,0,Low
1,0,0,2,17,3164,18,89748,632,1939,0.2087137417822229,0,0,1,9,0,0.0009116087035652754,0,Low
3,2,0,1,3,2057,17,98984,604,3635,0.2137057133322647,0,0,1,14,0,0.0009091201089114495,0,Low
2,0,0,0,1,2303,17,96188,527,4215,0.2120281528462463,0,0,1,13,0,0.0009091201089114495,0,Low
3,0,0,0,7,2689,18,95397,578,5868,0.2100335838741599,0,0,1,14,0,0.0009091201089114495,0,Low
5,1,2,1,12,1103,3,54741,728,3296,0.1707307327625925,0,0,1,1,0,0.0009045567244244286,0,Low
3,1,0,1,23,2905,17,95113,573,2200,0.2050866257919874,0,0,0,5,0,0.0009027119064122506,0,Low
2,2,0,0,6,3149,16,99031,540,1567,0.2084227351636841,0,1,1,0,0,0.0009027119064122506,0,Low
2,2,0,0,10,1579,17,89495,707,1040,0.2147390235275794,0,0,0,8,0,0.0009027119064122506,0,Low
0,3,0,0,32,2305,20,41961,709,4293,0.0836609083261734,0,0,1,2,0,0.0008966515432103437,0,Low
4,1,0,2,39,2603,23,82283,515,5197,0.1019276321906859,0,0,1,13,0,0.0008862953283123786,0,Low
2,1,0,2,38,991,18,78012,546,5938,0.1438521324119686,0,0,1,13,0,0.0008862953283123786,0,Low
2,0,3,1,5,1219,12,84346,616,4400,0.1409013924408595,0,1,1,10,0,0.0008794091179601864,0,Low
3,0,1,1,39,2916,17,85317,519,1800,0.1921969886800397,0,0,1,2,0,0.0008794091179601864,0,Low
3,1,0,1,39,2916,14,92620,600,1162,0.1994488701481745,0,0,1,14,0,0.0008794091179601864,0,Low
2,1,0,0,0,2878,22,97838,525,3331,0.2126249121251448,1,0,0,9,0,0.0008700766730890972,0,Low
2,0,0,0,7,1748,18,98371,582,3643,0.2146360923447378,1,0,1,7,0,0.0008700766730890972,0,Low
2,1,1,0,21,3406,20,93568,616,3260,0.192413314438481,0,0,0,8,0,0.0008654641165687738,0,Low
1,1,0,1,23,1185,17,96029,600,2903,0.2086422391092339,1,1,1,13,0,0.0008636684705898983,0,Low
2,0,0,1,7,3031,21,88561,522,1271,0.2017176490173172,1,0,1,11,0,0.0008636684705898983,0,Low
2,2,0,0,39,2982,2,52902,558,4341,0.206766680634302,0,0,1,2,0,0.0008630076508707992,0,Low
3,2,1,0,39,3107,8,57581,675,3445,0.1903799605693223,0,0,0,11,0,0.0008630076508707992,0,Low
3,1,1,1,32,2346,21,89341,619,3548,0.1981838533571176,0,0,1,6,0,0.0008565673194157489,0,Low
3,1,1,0,31,3071,22,96059,623,4092,0.1947012253786316,0,0,1,2,0,0.0008565673194157489,0,Low
1,2,0,2,9,2580,16,95663,724,1541,0.1924822989684437,0,0,1,8,0,0.0008539989538945601,0,Low
2,0,1,2,9,2490,18,98089,706,3050,0.1947020453747553,0,0,1,5,0,0.0008539989538945601,0,Low
4,2,1,2,38,1225,18,45870,565,4575,0.1233950180698617,0,0,1,2,0,0.0008472518924900263,0,Low
2,0,0,2,39,2093,15,39537,511,4742,0.1329158975354882,0,0,0,8,0,0.0008472518924900263,0,Low
2,0,0,2,38,2475,20,36649,555,5499,0.0860435613549438,0,0,1,2,0,0.0008472518924900263,0,Low
2,0,0,2,38,2482,23,53572,669,5574,0.1087950627071147,0,0,1,0,0,0.0008472518924900263,0,Low
2,0,1,2,16,1162,22,97193,597,1487,0.19411095225948,0,0,1,14,0,0.0008428221478358086,0,Low
5,0,0,0,26,3241,18,89029,732,1597,0.0836384513456276,0,1,1,2,0,0.0008419973837695357,0,Low
4,0,0,2,36,3240,19,49335,705,1430,0.1127084662541379,0,0,1,4,0,0.0008408943630788862,0,Low
3,0,1,1,39,3463,1,64698,608,1051,0.1945016497629781,0,0,1,4,0,0.000840365682137834,0,Low
1,1,1,2,25,1243,22,58353,674,2069,0.1068064499415675,1,0,1,3,0,0.000840365682137834,0,Low
1,0,0,0,39,3114,12,71206,631,2080,0.1963480582357211,0,0,1,2,0,0.000840365682137834,0,Low
1,0,0,2,39,3424,2,38151,543,2286,0.1891266180969843,1,0,1,3,0,0.000840365682137834,0,Low
2,2,1,0,39,2501,7,32522,689,2281,0.1759720499282143,0,0,0,12,0,0.000840365682137834,0,Low
1,1,0,0,0,1056,23,94885,556,5618,0.1963142297149822,0,0,1,13,0,0.0008403335531819826,0,Low
0,0,1,1,10,1888,24,95487,562,4135,0.1977213522728364,0,0,1,11,0,0.0008403335531819826,0,Low
3,0,1,1,10,1345,19,91815,617,2761,0.1993551035154852,0,0,1,5,0,0.0008339253506827836,0,Low
2,1,1,1,5,1267,20,93635,723,2491,0.1910373745142192,0,0,1,4,0,0.0008339253506827836,0,Low
0,0,0,0,7,2755,21,94291,599,1553,0.1981943424016655,0,0,1,11,0,0.0008339253506827836,0,Low
1,1,0,1,31,2696,22,90306,652,2110,0.1925325558840896,0,0,1,4,0,0.0008339253506827836,0,Low
2,0,0,0,38,922,20,91476,511,1709,0.1922770934705781,0,0,1,13,0,0.0008339253506827836,0,Low
0,0,0,1,33,1061,19,97407,622,1925,0.1911238899180862,0,0,1,9,0,0.0008339253506827836,0,Low
2,3,1,0,29,2279,2,63742,727,5456,0.153034383709284,1,0,1,4,0,0.0008337560872241447,0,Low
1,1,1,0,39,1934,19,79391,739,5365,0.1158583149892607,0,0,1,1,0,0.0008242122588543237,0,Low
4,0,0,0,28,3408,15,60776,721,4699,0.1826940252025655,1,0,1,5,0,0.0008232409494448576,0,Low
2,0,2,0,2,2413,17,84880,699,4582,0.1342969899180114,0,0,1,3,0,0.0008226542143008351,0,Low
5,1,0,0,22,1006,5,36284,742,5644,0.1635916928112269,0,0,0,7,0,0.0008223373484567245,0,Low
3,0,0,1,13,3492,13,97263,629,3512,0.163809418767279,0,0,1,5,0,0.0008217147563568212,0,Low
0,3,0,1,36,2797,16,63800,674,3537,0.1713288823045537,0,0,1,14,0,0.0008206442172030178,0,Low
5,2,0,1,12,2490,18,41921,742,4273,0.2042357728579127,0,0,1,0,0,0.0008134405513036997,0,Low
5,1,0,0,7,2799,16,52961,717,3173,0.2083778063958199,0,0,1,14,0,0.0008134405513036997,0,Low
5,0,0,0,30,2667,3,58327,734,4312,0.0880526183490195,0,0,1,4,0,0.0008134405513036997,0,Low
5,1,0,0,27,863,5,91796,710,4491,0.1861683630148624,0,0,1,0,0,0.0008134405513036997,0,Low
0,3,1,0,9,2709,2,78789,732,1538,0.1730828056192642,1,0,1,11,0,0.0008111141184911797,0,Low
1,3,0,0,11,3397,23,63987,739,2183,0.154180865846279,1,0,1,4,0,0.0008111141184911797,0,Low
1,0,2,0,22,2978,13,30284,743,5421,0.1934612803648798,0,0,1,11,0,0.0008087413418652739,0,Low
5,0,0,0,23,1685,6,78925,731,2540,0.17873730751457,0,1,1,0,0,0.0008070323488045008,0,Low
5,1,1,2,2,2824,3,37644,736,1082,0.1538906265537676,0,0,1,6,0,0.0008070323488045008,0,Low
5,1,0,1,33,1948,2,30327,738,1561,0.185526503196598,0,0,1,3,0,0.0008070323488045008,0,Low
1,2,1,1,28,2418,19,32777,727,5899,0.2064935632042265,1,0,1,1,0,0.0008022192003458361,0,Low
2,1,0,2,17,1403,24,78488,667,3566,0.1936763500066681,0,0,1,3,0,0.000800481140419173,0,Low
4,0,1,0,37,829,19,71744,735,3636,0.200090006030933,0,0,1,3,0,0.0007916573910804515,0,Low
0,0,1,0,39,987,22,71728,724,5160,0.1029241331815089,0,0,1,12,0,0.0007851688230319713,0,Low
2,2,0,1,39,2357,16,58323,746,5342,0.1065880233450077,0,0,1,9,0,0.0007851688230319713,0,Low
2,0,0,1,36,1090,18,31716,719,5097,0.1507096122824969,0,0,1,7,0,0.0007851688230319713,0,Low
3,1,0,1,39,2393,13,44636,748,4581,0.1437008391374988,0,0,1,10,0,0.0007851688230319713,0,Low
3,0,1,1,36,2762,16,82317,730,2475,0.20652898008887,0,0,1,6,0,0.0007842891841305752,0,Low
2,0,1,1,0,3492,15,67958,583,3329,0.1666831019919049,0,1,1,13,0,0.0007826713205344688,0,Low
4,0,1,0,26,3030,24,78664,557,3085,0.1266431332568028,0,0,0,7,0,0.0007765952651463335,0,Low
1,0,2,0,25,1686,24,92154,576,4235,0.1895337259527846,0,0,1,14,0,0.0007751688049733204,0,Low
3,1,1,0,30,1183,16,89288,698,3737,0.1921766685652786,0,0,0,13,0,0.0007746001063009947,0,Low
1,0,1,0,38,992,16,93184,511,4047,0.1967703723505057,0,0,1,5,0,0.0007746001063009947,0,Low
1,0,0,0,38,1405,11,86368,734,1471,0.2081196205936561,0,0,0,3,0,0.0007737526303941511,0,Low
1,3,1,0,16,3043,9,64252,681,5735,0.1632120587112791,1,0,1,0,0,0.0007680260187055279,0,Low
2,0,0,0,18,3117,16,91838,687,1292,0.1976350149879202,0,0,0,7,0,0.0007608549347210544,0,Low
4,0,1,1,37,3239,3,34826,736,4177,0.1598700997447243,0,0,1,13,0,0.0007604435483066967,0,Low
3,2,0,0,39,3313,14,66904,719,3460,0.1314838497020033,0,0,0,9,0,0.0007604435483066967,0,Low
3,0,0,0,38,3284,11,58560,741,5489,0.1703193625030674,0,0,1,5,0,0.0007604435483066967,0,Low
3,2,0,0,5,2012,18,99434,668,3755,0.1908580845158014,0,1,1,9,0,0.0007583663400672284,0,Low
2,0,0,2,18,2408,24,66498,720,5016,0.1218034652563138,0,0,1,5,0,0.0007560011037269644,0,Low
4,1,1,1,26,2473,17,95069,559,1623,0.1984216098194154,0,0,1,4,0,0.0007519581375680295,0,Low
1,1,0,1,32,1526,17,93215,609,1573,0.192702774401011,0,0,0,9,0,0.0007519581375680295,0,Low
3,1,0,2,38,1472,22,41855,665,3776,0.1938246300212673,0,0,0,12,0,0.000750647677033352,0,Low
4,1,1,1,20,1410,23,31838,516,3095,0.095818699522328,1,0,1,6,0,0.000746448626477006,0,Low
2,2,1,1,38,1984,5,35777,732,1888,0.2042202808314174,0,0,1,4,0,0.0007452457483082229,0,Low
2,3,0,1,10,1162,0,46796,703,4982,0.1336290243452728,1,0,0,14,0,0.0007428954553187369,0,Low
2,3,0,1,1,3189,11,42231,701,5292,0.1978881199149658,1,0,1,7,0,0.0007428954553187369,0,Low
3,1,0,0,38,2101,19,88994,715,2687,0.1701974810779601,0,0,1,5,0,0.0007399311096297191,0,Low
1,1,1,2,28,2069,14,64789,703,3748,0.2048940611997513,0,0,0,1,0,0.000739066845013973,0,Low
4,0,0,0,28,2104,5,41246,530,3105,0.117968137913577,0,0,1,12,0,0.0007375518293239812,0,Low
1,3,0,0,34,1459,13,80101,716,2401,0.1484880889723704,1,1,1,2,0,0.000736487252819538,0,Low
2,0,1,0,38,2811,18,91782,532,3122,0.196919513048994,1,0,1,11,0,0.0007355566704786423,0,Low
2,1,0,1,26,2239,24,33953,597,5578,0.1413325598557206,0,0,1,13,0,0.0007345615355825786,0,Low
2,1,1,0,24,2005,24,55829,718,4972,0.2092456600296651,1,0,1,3,0,0.0007275923346741944,0,Low
0,0,0,2,27,1686,18,74984,728,5693,0.2103785339545196,0,0,1,7,0,0.0007268982361421773,0,Low
6,1,0,0,0,2045,9,55162,527,1347,0.1625265554245635,1,0,1,5,0,0.000721318063090215,0,Low
3,0,0,3,10,1350,24,70305,598,4496,0.1403298469251849,0,0,1,9,0,0.000721318063090215,0,Low
2,1,0,0,35,1787,14,67391,749,2527,0.0961073788032447,0,0,1,3,0,0.000721318063090215,0,Low
4,0,0,1,8,2501,12,73436,645,3093,0.1189920310068648,1,0,1,7,0,0.000721318063090215,0,Low
2,0,1,3,19,1530,24,38858,554,1029,0.1293143188819374,0,0,1,8,0,0.000721318063090215,0,Low
4,0,1,2,4,3465,18,33610,529,3092,0.1016646136071398,0,0,1,10,0,0.000721318063090215,0,Low
2,0,0,3,13,1489,24,49292,523,1042,0.141291822641929,0,0,0,11,0,0.000721318063090215,0,Low
0,1,0,3,34,3396,24,52167,559,2558,0.1578317686818774,0,0,1,8,0,0.000721318063090215,0,Low
4,1,0,0,3,3092,20,63868,625,3097,0.1614052219269467,0,0,1,4,0,0.000721318063090215,0,Low
3,2,0,0,34,3337,24,31585,720,5027,0.1260269362847417,1,0,1,5,0,0.0007201481659397029,0,Low
1,3,0,2,30,1438,14,76106,675,4348,0.1288374374405519,0,0,1,7,0,0.0007150897009353609,0,Low
0,3,0,2,36,2429,13,85034,716,1346,0.0927710959971967,0,0,1,8,0,0.0007132311426696442,0,Low
0,0,1,0,9,3239,22,97155,521,2464,0.1964304821922221,1,0,1,1,0,0.0007129147017456771,0,Low
2,1,0,2,39,965,17,83287,503,3166,0.0855815459180913,0,0,1,7,0,0.0007077238997409502,0,Low
2,2,0,2,39,3283,21,79685,623,4051,0.116859958326688,0,0,1,7,0,0.0007077238997409502,0,Low
2,0,2,0,37,1677,10,46190,718,5271,0.1725102158772776,0,0,1,4,0,0.0006977135675812718,0,Low
2,0,0,2,38,1874,11,30716,730,3686,0.194329685066998,0,0,1,12,0,0.0006900479852861192,0,Low
4,1,0,2,38,1031,7,40696,731,4252,0.1988872870853177,0,0,1,7,0,0.0006900479852861192,0,Low
2,2,0,2,39,2290,11,61359,732,4257,0.0908893936157595,0,0,1,7,0,0.0006900479852861192,0,Low
0,0,1,1,37,1404,21,37517,735,3719,0.1779701200685838,0,0,1,1,0,0.0006885646075752968,0,Low
2,1,1,0,19,1002,21,95196,725,5014,0.096371808434961,1,0,0,7,0,0.0006847907098832509,0,Low
2,0,1,0,39,1776,16,98434,731,4007,0.1215907133363884,0,0,0,2,0,0.0006806058652479303,0,Low
1,2,2,1,38,1188,4,50168,714,2757,0.107390331192292,0,0,0,10,0,0.0006750715988483066,0,Low
3,0,2,0,36,2631,15,45245,746,2059,0.1123406525020453,0,0,1,13,0,0.0006750715988483066,0,Low
2,0,0,2,38,2936,17,33822,703,3749,0.1597822738626736,0,0,1,4,0,0.0006686804639185978,0,Low
3,3,0,1,37,1819,3,93547,716,3130,0.1613687264583041,0,0,1,4,0,0.0006673799607176779,0,Low
2,1,0,2,26,2866,18,94787,656,4767,0.1354707771139505,0,0,1,14,0,0.0006598224547806818,0,Low
3,1,1,2,22,863,16,50432,681,5334,0.1508049633658567,1,0,1,0,0,0.0006586494000721504,0,Low
3,1,0,2,36,2297,23,97653,712,2606,0.1313890566840058,0,0,1,12,0,0.000657963896514965,0,Low
1,0,0,1,20,1408,13,90369,730,4944,0.1326748528212603,1,0,1,2,0,0.0006498256749182159,0,Low
1,1,0,2,33,1227,19,44412,708,5218,0.2042647097814824,1,0,0,4,0,0.0006497526029191256,0,Low
2,0,0,1,16,2350,24,73078,537,4824,0.1692561758695973,0,0,0,13,0,0.000646854117278929,0,Low
1,2,0,1,22,1430,24,67778,553,3877,0.2172239821228894,0,0,0,13,0,0.000646854117278929,0,Low
3,2,0,0,38,1818,2,85109,738,3593,0.1056368486415279,0,0,1,6,0,0.0006456408302828953,0,Low
3,0,0,0,36,1465,3,82923,747,5617,0.1736534288090545,0,0,0,12,0,0.0006456408302828953,0,Low
3,1,0,1,36,2585,23,87233,732,3628,0.0905212942353276,0,0,1,3,0,0.0006456408302828953,0,Low
2,1,1,0,37,967,4,89315,731,5629,0.1896492093821239,0,0,1,0,0,0.0006456408302828953,0,Low
1,2,0,1,39,1882,21,74185,748,3751,0.1377710795604192,0,0,1,4,0,0.0006456408302828953,0,Low
0,0,1,1,37,1213,3,97907,707,5040,0.1956550220325011,0,0,1,13,0,0.0006456408302828953,0,Low
1,0,0,1,39,1696,5,85537,707,4978,0.1318122603763453,0,0,1,5,0,0.0006456408302828953,0,Low
2,0,0,1,32,2232,22,31176,748,4478,0.1434603243782752,1,0,1,0,0,0.000640928877765191,0,Low
1,1,0,1,30,1837,17,31652,741,5010,0.1138263328976967,1,0,1,3,0,0.000640928877765191,0,Low
1,0,0,0,23,2108,15,48115,742,4926,0.2024945709265497,1,0,1,8,0,0.000640928877765191,0,Low
2,0,1,0,25,939,23,34916,727,5384,0.1466874354686506,1,0,1,1,0,0.000640928877765191,0,Low
2,2,0,2,38,2131,18,92173,534,1153,0.1873571616080975,0,0,1,4,0,0.0006365963751474436,0,Low
3,1,1,2,33,3355,4,48603,689,5689,0.0951110873746928,1,1,1,5,0,0.0006250273281938509,0,Low
1,1,0,0,38,3214,5,79003,727,1155,0.1277471104565384,0,0,1,8,0,0.0006229988615499301,0,Low
3,1,1,0,38,2922,0,97120,716,1742,0.1547500557940549,0,0,1,6,0,0.0006229988615499301,0,Low
1,1,0,0,38,2365,20,84786,731,1746,0.0857154346851505,0,0,1,1,0,0.0006229988615499301,0,Low
1,0,0,1,37,2865,23,88510,706,1061,0.1641207565389402,0,0,1,7,0,0.0006229988615499301,0,Low
1,2,1,1,37,2028,12,79472,742,1936,0.1746457611514085,0,0,1,11,0,0.0006229988615499301,0,Low
0,1,0,1,39,920,12,82408,727,1772,0.1954518739001731,0,0,0,4,0,0.0006229988615499301,0,Low
1,1,0,1,37,1350,4,81722,733,1880,0.217581021517985,0,0,1,1,0,0.0006229988615499301,0,Low
0,2,0,0,36,1128,8,80976,708,1290,0.0977384779111254,0,0,1,13,0,0.0006229988615499301,0,Low
1,1,0,1,36,3156,7,82786,748,1670,0.1749875389537388,0,0,0,5,0,0.0006229988615499301,0,Low
1,0,0,1,39,1895,18,80546,745,2846,0.1835897441520983,0,0,0,12,0,0.0006229988615499301,0,Low
2,1,0,1,37,3118,15,93300,712,2483,0.1510591000138897,0,0,1,1,0,0.0006229988615499301,0,Low
2,2,0,0,36,3391,21,87872,720,2271,0.1087282725882179,0,0,1,4,0,0.0006229988615499301,0,Low
4,0,1,1,38,1776,2,80512,734,1935,0.1655892194817964,0,0,1,9,0,0.0006229988615499301,0,Low
1,1,0,0,38,1002,17,84031,710,2587,0.1657130581679859,0,0,1,12,0,0.0006229988615499301,0,Low
2,0,2,2,25,2456,13,61762,725,5085,0.1674035152091053,0,0,0,7,0,0.0006209059332815803,0,Low
0,2,1,2,8,1857,23,56870,708,4358,0.2019286036178379,1,0,1,9,0,0.000616237730694576,0,Low
4,0,1,1,37,3318,12,82943,738,5752,0.1222160704017664,1,0,1,1,0,0.0006162036030399162,0,Low
3,0,0,0,38,3324,6,62280,737,3609,0.1248345759847348,1,0,1,4,0,0.0006162036030399162,0,Low
3,1,0,1,10,2566,24,55305,551,2377,0.2111018212890955,0,0,1,13,0,0.000615315351392939,0,Low
2,1,0,0,13,2196,24,49630,550,1727,0.1777947967523971,0,0,1,13,0,0.000615315351392939,0,Low
1,0,0,1,38,1347,4,41305,747,5817,0.1768234176457865,0,0,1,10,0,0.0006065973944605428,0,Low
3,1,0,1,36,2039,21,39484,728,3630,0.143718143199513,0,0,1,7,0,0.0006065973944605428,0,Low
0,0,1,1,38,2006,5,43016,722,5238,0.1138284115635248,0,0,1,13,0,0.0006065973944605428,0,Low
0,1,0,0,36,2733,2,53570,718,4677,0.1232560629146357,0,0,1,6,0,0.0006065973944605428,0,Low
0,0,0,0,38,2054,4,32160,728,5173,0.1259488357961173,0,0,1,7,0,0.0006065973944605428,0,Low
4,0,0,0,36,961,6,71567,715,4784,0.2109632327893582,0,0,0,11,0,0.0006065973944605428,0,Low
2,0,0,0,37,1601,11,64039,717,4594,0.215147446724223,0,0,0,4,0,0.0006065973944605428,0,Low
2,1,1,1,37,3419,1,41478,723,3794,0.0895914511735515,0,0,1,11,0,0.0006065973944605428,0,Low
3,1,0,0,37,2146,10,58455,727,3764,0.1373437312853592,0,0,0,0,0,0.0006065973944605428,0,Low
2,2,0,0,36,907,0,48101,745,4854,0.1771204380516263,0,0,1,2,0,0.0006065973944605428,0,Low
2,0,1,0,38,1378,24,52226,733,3972,0.1520359918928203,0,0,1,5,0,0.0006065973944605428,0,Low
2,1,0,1,37,2711,23,62506,714,3893,0.0932054267319175,0,0,1,11,0,0.0006065973944605428,0,Low
2,1,1,1,37,2979,6,60537,723,5428,0.1405805238155039,0,0,0,7,0,0.0006065973944605428,0,Low
1,2,1,0,37,2919,12,63422,729,5774,0.1904402113307272,0,0,1,2,0,0.0006065973944605428,0,Low
1,1,1,0,36,1421,15,45348,715,3316,0.1977400067063414,0,0,1,0,0,0.0006065973944605428,0,Low
2,0,0,0,38,1681,3,62891,725,3488,0.1237623292989306,0,0,1,12,0,0.0006065973944605428,0,Low
0,0,0,0,38,3436,10,65591,712,4316,0.1120260540605469,0,0,1,4,0,0.0006065973944605428,0,Low
3,1,0,0,36,2636,5,37775,715,3387,0.2133138964322245,0,1,1,8,0,0.0006065973944605428,0,Low
1,2,0,1,36,2026,12,53713,729,4942,0.1706639037235316,0,0,0,5,0,0.0006065973944605428,0,Low
2,1,0,0,39,2830,7,38782,744,4896,0.1054849579668336,0,0,1,8,0,0.0006065973944605428,0,Low
1,1,0,0,17,2533,24,80938,658,3994,0.1007060685982614,0,0,1,13,0,0.0006039303399865273,0,Low
1,2,1,2,29,2798,21,48085,736,2752,0.203986084279821,1,0,1,0,0,0.0006010058030414424,0,Low
0,2,0,1,39,1154,5,54366,743,3055,0.1808980692533076,0,0,1,6,0,0.000600189191961344,0,Low
1,0,1,0,37,1503,24,61563,723,3099,0.1479880184527404,0,0,1,0,0,0.000600189191961344,0,Low
4,0,0,0,39,1607,11,64547,722,3062,0.1551653232042543,0,0,1,1,0,0.000600189191961344,0,Low
2,1,1,0,7,1027,8,88608,748,3742,0.2073461218328803,1,0,1,14,0,0.0005968774518042173,0,Low
2,0,0,0,7,1841,9,85377,734,1496,0.2032042486370356,1,0,1,3,0,0.0005904692493050183,0,Low
1,3,0,1,18,3231,22,73180,540,5618,0.1114261553951477,1,0,0,0,0,0.0005885411812923017,0,Low
2,1,0,2,26,2005,21,62411,699,4797,0.1665869611959711,0,0,1,2,0,0.0005858139839932944,0,Low
2,1,0,2,29,1434,16,69631,719,4813,0.1580787951841855,0,0,1,10,0,0.0005858139839932944,0,Low
2,1,1,0,36,2983,7,58558,717,1728,0.1646232345159959,0,0,1,2,0,0.0005839554257275777,0,Low
3,0,1,1,36,2721,13,57627,734,1017,0.1408291570489414,0,0,1,7,0,0.0005839554257275777,0,Low
1,0,0,1,36,1265,10,55099,733,2944,0.1060849978680865,0,0,1,9,0,0.0005839554257275777,0,Low
4,0,0,2,36,1010,8,71456,717,2507,0.1041502438039117,0,0,1,1,0,0.0005839554257275777,0,Low
1,0,0,1,38,2676,6,48655,746,1982,0.2089935704514502,0,0,1,14,0,0.0005839554257275777,0,Low
2,2,0,2,38,1311,3,56636,708,2067,0.1024042531426692,0,0,1,14,0,0.0005839554257275777,0,Low
1,2,1,1,37,1954,24,60443,712,2418,0.1152622171426975,0,0,1,6,0,0.0005839554257275777,0,Low
1,1,0,0,38,1374,22,61041,709,1603,0.1172454072598538,0,0,1,10,0,0.0005839554257275777,0,Low
1,0,0,0,37,2167,4,34583,729,2733,0.1057273573086685,0,1,1,6,0,0.0005839554257275777,0,Low
2,1,1,1,39,1567,4,50920,717,1482,0.1083622703168292,0,0,1,12,0,0.0005839554257275777,0,Low
1,0,0,1,37,2278,7,51544,712,2642,0.191459655689196,0,0,1,13,0,0.0005839554257275777,0,Low
2,0,1,1,37,1044,23,45783,733,2959,0.1147545421258139,0,0,1,13,0,0.0005839554257275777,0,Low
1,0,0,0,37,2543,18,54050,736,1007,0.2099070491060566,0,0,0,1,0,0.0005839554257275777,0,Low
1,1,0,1,37,1330,11,38830,715,1728,0.1259257101279262,0,0,1,6,0,0.0005839554257275777,0,Low
2,1,0,0,39,3107,4,56798,743,1672,0.1575902190309629,0,0,1,6,0,0.0005839554257275777,0,Low
0,0,0,1,39,2203,14,49132,744,1445,0.1903147946479813,0,0,0,14,0,0.0005839554257275777,0,Low
2,3,1,1,30,2322,18,39328,616,5658,0.1704578435329352,1,0,0,8,0,0.000579644384139277,0,Low
1,0,0,0,17,2053,22,79896,682,5719,0.2101722895658436,1,0,1,1,0,0.0005751988092465741,0,Low
3,0,1,2,30,2095,21,84118,651,5628,0.2080915937949507,0,0,1,6,0,0.0005739973084522224,0,Low
1,1,0,2,33,2356,7,71238,681,4670,0.197616804093254,1,0,1,1,0,0.0005732219906742276,0,Low
2,1,0,1,12,2047,24,78078,624,1093,0.0857823237735477,0,0,1,13,0,0.0005723915741005373,0,Low
3,0,1,0,36,2248,24,86709,549,3015,0.1530733421231999,0,0,1,13,0,0.0005723915741005373,0,Low
1,2,1,0,28,1928,24,63954,687,5232,0.1622392028833748,1,0,1,7,0,0.0005663020120935492,0,Low
2,2,0,0,25,1724,17,68947,711,4936,0.1010145435270752,1,0,1,9,0,0.0005663020120935492,0,Low
2,0,0,0,34,1841,24,42020,720,4275,0.1391245410525413,1,0,1,12,0,0.0005663020120935492,0,Low
2,2,0,1,37,2275,16,40761,710,4754,0.2141695360426496,1,1,1,13,0,0.0005663020120935492,0,Low
2,0,0,1,36,867,21,34858,696,5298,0.0970919726248587,1,0,1,12,0,0.0005663020120935492,0,Low
2,1,0,1,33,3454,22,52743,713,5281,0.1661660831951306,1,0,1,8,0,0.0005663020120935492,0,Low
2,1,0,1,27,2298,21,48801,722,4850,0.1370057116227855,1,0,1,10,0,0.0005663020120935492,0,Low
1,1,1,1,37,2791,13,94486,709,5441,0.1821035678522618,1,0,1,1,0,0.0005663020120935492,0,Low
4,0,1,1,34,1573,14,89136,748,3646,0.1927545232375968,1,0,0,7,0,0.0005654502326989171,0,Low
2,2,0,2,38,3193,16,31810,505,1890,0.1829742207113929,1,0,0,8,0,0.0005625879043600563,0,Low
2,1,0,2,38,1341,24,56013,563,1399,0.1992037001508521,1,0,1,5,0,0.0005625879043600563,0,Low
1,0,1,2,39,2528,23,34617,580,2382,0.1627322814264397,0,0,1,12,0,0.0005625879043600563,0,Low
1,1,1,2,38,1163,16,65299,583,2929,0.1769801199772017,1,0,1,5,0,0.0005625879043600563,0,Low
3,1,1,2,39,1227,22,49762,692,2944,0.1362731479371266,0,0,0,4,0,0.0005625879043600563,0,Low
0,1,2,2,22,885,10,89181,676,3443,0.20160113991176,0,0,1,12,0,0.0005590299536839542,0,Low
2,2,0,1,33,3089,24,55833,740,3471,0.1290758279781824,0,0,1,13,0,0.0005559901070111501,0,Low
2,0,0,2,38,1605,9,84999,745,3385,0.1643645174702679,1,0,0,5,0,0.0005458080400193388,0,Low
1,0,0,2,35,2961,2,43994,748,4656,0.1325726271616719,1,0,1,5,0,0.0005458080400193388,0,Low
2,1,0,2,24,1338,12,31443,687,4839,0.084704126407514,1,0,0,2,0,0.0005396743250326285,0,Low
2,0,0,2,32,1404,13,31348,708,3212,0.1030642271155471,1,0,1,14,0,0.0005396743250326285,0,Low
1,2,0,3,30,2514,1,84687,597,5610,0.1090627172603219,0,0,1,14,0,0.0005385000270510954,0,Low
2,2,1,1,19,3306,6,60658,707,1823,0.2164636684679468,1,1,0,9,0,0.0005352757345228256,0,Low
3,0,0,2,25,3173,24,66562,598,5050,0.1706446850516601,0,0,1,4,0,0.0005349538726298702,0,Low
1,2,0,0,3,3314,24,71022,745,2989,0.1356251002246539,0,0,1,13,0,0.0005333481382781849,0,Low
2,1,0,0,38,1816,24,82788,632,1490,0.1282341670818832,1,0,1,13,0,0.0005333481382781849,0,Low
5,0,2,0,14,1395,13,41121,700,5045,0.2040635712513124,1,0,1,5,0,0.0005327871398689996,0,Low
1,1,1,0,5,2817,21,65647,698,5064,0.2141264370886444,1,0,1,8,0,0.0005327871398689996,0,Low
2,1,1,2,7,2817,10,90027,737,5637,0.11300259721498,1,0,1,13,0,0.0005295742737855726,0,Low
1,1,0,2,13,1257,5,90198,727,3400,0.1616545502699953,1,0,1,9,0,0.0005295742737855726,0,Low
3,1,0,2,8,2113,9,92394,744,4405,0.0985699776074106,1,0,1,0,0,0.0005295742737855726,0,Low
0,1,1,2,6,1453,21,37228,741,3169,0.1069692888258514,1,0,1,2,0,0.0005295742737855726,0,Low
3,0,0,0,22,3263,16,38714,693,2759,0.0846249472123231,1,0,1,2,0,0.0005278315657883342,0,Low
3,1,1,1,3,2638,5,57568,703,1965,0.2033765997035029,1,0,1,6,0,0.0005263789373698006,0,Low
3,0,0,1,1,3233,13,50560,690,4696,0.2140212396153012,1,0,1,1,0,0.0005253429711345082,0,Low
3,2,1,2,9,1806,14,48295,689,3807,0.1298980400386277,1,0,0,7,0,0.0005234405587988622,0,Low
1,0,1,2,25,1571,13,53398,586,4530,0.2009478457221142,0,0,1,9,0,0.0005214798102000475,0,Low
3,1,0,1,28,3382,2,49103,682,1514,0.1559597122007199,1,0,1,8,0,0.0005189347686353092,0,Low
3,1,0,2,10,3352,9,54601,699,3027,0.1808304924173501,1,0,1,7,0,0.0005189347686353092,0,Low
3,0,0,0,15,3208,13,53227,703,2807,0.1185115775961258,1,0,1,8,0,0.0005189347686353092,0,Low
4,1,1,2,5,2034,24,50426,673,2477,0.2063849853493897,0,0,1,3,0,0.0005146729905856997,0,Low
3,0,2,1,13,2551,11,87043,739,5059,0.2008203863207968,0,0,0,8,0,0.0005096983057257013,0,Low
0,1,0,2,34,1013,18,69464,669,3122,0.1879734420010052,0,0,1,8,0,0.0005092833717483964,0,Low
5,1,0,2,27,3373,19,84932,568,5760,0.2015579247333349,0,0,1,6,0,0.0005081835526596798,0,Low
4,1,0,0,36,2498,24,96820,716,2325,0.1642969400948452,1,0,1,5,0,0.000503146433259345,0,Low
2,0,1,3,17,3209,17,44010,514,4426,0.1883201993542797,0,0,1,14,0,0.0004994565912287432,0,Low
0,1,1,0,17,2877,24,76163,559,5278,0.2064872611150297,0,0,1,0,0,0.0004994435147796711,0,Low
1,3,0,2,20,1183,1,71084,603,3579,0.104334468398162,1,0,1,3,0,0.0004934203435464496,0,Low
1,2,0,2,15,1513,23,70265,673,4996,0.1682240390895393,0,0,1,1,0,0.00048920976853662,0,Low
2,0,0,0,22,2313,23,84391,642,5643,0.2148569634792079,0,0,0,1,0,0.000488906961043247,0,Low
2,0,0,3,4,1989,15,66147,559,4458,0.2023353149389721,0,0,1,14,0,0.00048322282499497685,0,Low
2,0,1,3,0,2217,10,38887,616,4150,0.1408932870465758,0,0,0,14,0,0.00048322282499497685,0,Low
2,1,1,3,1,3118,11,68154,700,5764,0.1695709684498792,0,0,1,14,0,0.00048322282499497685,0,Low
0,1,0,2,30,3340,20,93487,695,3302,0.1291372948095801,0,0,1,9,0,0.0004812510262092531,0,Low
2,3,0,2,5,2902,0,84213,661,1580,0.2060047444339279,1,0,1,9,0,0.00048047180316141373,0,Low
0,0,1,2,17,2863,4,85444,699,5595,0.0938767512779373,1,0,1,2,0,0.00048007797150072197,0,Low
1,0,0,2,21,3277,9,56823,682,4928,0.0902783922646101,1,0,1,11,0,0.00048007797150072197,0,Low
1,2,0,2,12,2104,21,91995,724,2077,0.0966372804303884,1,0,0,3,0,0.00047468051542583217,0,Low
0,0,0,0,25,1963,18,95584,738,2767,0.0952938214957558,1,0,1,4,0,0.00047468051542583217,0,Low
2,1,0,0,36,2556,17,92719,727,2270,0.1897274280398905,1,0,1,9,0,0.00047468051542583217,0,Low
4,1,0,0,8,966,16,77125,714,3892,0.0858458528712648,1,0,0,1,0,0.000474589600793509,0,Low
4,1,1,0,11,1740,14,88553,695,3720,0.1109993151944041,1,0,1,8,0,0.000474589600793509,0,Low
4,0,0,0,21,1546,8,31048,744,3885,0.1345240527448387,1,0,0,0,0,0.0004712542463467873,0,Low
0,1,0,0,17,1719,6,44792,734,3949,0.0989772398623665,1,0,0,14,0,0.0004712542463467873,0,Low
3,0,0,1,20,1377,8,72622,739,4621,0.1609480351234568,1,0,1,2,0,0.0004712542463467873,0,Low
1,1,0,2,30,1949,2,46002,698,3176,0.1724802476263076,1,0,1,4,0,0.000471181174347697,0,Low
1,2,0,2,29,968,7,31422,718,4158,0.1477431647410398,1,0,1,12,0,0.000471181174347697,0,Low
2,2,0,2,25,1024,8,39634,697,5946,0.1385558862621723,1,0,1,6,0,0.000471181174347697,0,Low
2,0,0,2,26,2778,7,49245,683,4088,0.1415522110457594,1,0,1,7,0,0.000471181174347697,0,Low
5,3,0,1,17,3272,9,50157,522,1966,0.1327874967630841,0,0,0,2,0,0.00047047460050298015,0,Low
1,3,0,2,30,1981,21,97848,513,5686,0.1829265068227441,0,0,1,1,0,0.0004694111512713949,0,Low
0,3,0,2,12,2699,20,57493,578,5736,0.1446388812012335,1,0,1,2,0,0.0004682897801596585,0,Low
4,0,0,0,26,1847,14,34453,692,1256,0.157808992575643,1,0,1,3,0,0.00046818139829431005,0,Low
4,1,1,1,28,2908,15,70608,713,2057,0.1994123191684147,1,0,1,7,0,0.00046818139829431005,0,Low
4,1,1,2,23,1938,23,58081,709,1302,0.1071871726027011,1,0,1,2,0,0.00046818139829431005,0,Low
4,0,0,0,31,2037,23,56057,715,2792,0.1674343024484032,1,0,1,4,0,0.00046818139829431005,0,Low
5,3,0,0,14,1467,4,46600,619,5703,0.1285733830577166,0,1,1,0,0,0.00046798600584915427,0,Low
5,3,0,1,15,2316,10,89210,610,5741,0.2058371380155521,0,0,0,9,0,0.00046798600584915427,0,Low
4,1,0,0,34,3367,23,56299,682,5358,0.114348352245414,0,0,1,12,0,0.000465184683460203,0,Low
4,1,0,0,19,1757,0,72653,727,3057,0.1949588458238527,1,0,1,0,0,0.00046484604384758836,0,Low
1,0,1,2,33,2058,1,87790,534,5477,0.2082346663448289,0,1,1,4,0,0.0004642124356102609,0,Low
2,2,1,2,26,2300,3,96491,601,5075,0.2041636011121414,0,0,1,3,0,0.0004642124356102609,0,Low
0,0,1,2,31,1814,11,87490,547,3193,0.2124633321554773,0,0,1,7,0,0.0004642124356102609,0,Low
4,1,0,2,26,2698,14,31746,731,5817,0.1343682956762521,0,0,1,4,0,0.00046328227112455697,0,Low
1,1,0,1,31,834,17,87298,741,3840,0.1996188512964403,1,0,1,1,0,0.0004623574491937624,0,Low
2,0,0,0,26,2459,4,76059,731,4818,0.0929969134069412,1,0,1,14,0,0.0004623574491937624,0,Low
1,0,0,0,36,1127,1,97463,741,4914,0.1077545836488562,1,0,1,1,0,0.0004623574491937624,0,Low
2,1,0,0,36,1022,1,33537,745,5820,0.0998273256899747,1,0,1,7,0,0.0004623574491937624,0,Low
2,0,0,1,28,2490,3,94524,745,4054,0.1737831687421095,1,0,1,5,0,0.0004623574491937624,0,Low
3,1,1,0,24,1773,9,70559,741,3492,0.1595173896396171,1,0,0,6,0,0.0004623574491937624,0,Low
2,1,2,1,29,2192,8,54182,732,4077,0.1059099592890599,1,0,1,14,0,0.0004623574491937624,0,Low
4,2,0,1,29,2808,10,54890,725,4644,0.1444642607068281,1,0,1,0,0,0.0004623574491937624,0,Low
0,0,0,1,15,3086,21,83971,730,5423,0.1607142912644296,1,0,0,0,0,0.0004623574491937624,0,Low
2,0,0,0,15,2277,10,38523,733,4974,0.1027392783206154,1,0,1,8,0,0.0004623574491937624,0,Low
1,1,0,0,37,2990,6,55110,745,4253,0.1622589364733393,1,0,0,1,0,0.0004623574491937624,0,Low
2,1,0,0,33,1414,7,74445,745,4786,0.1815223627835267,1,0,0,13,0,0.0004623574491937624,0,Low
2,1,0,1,32,2868,22,50222,728,3315,0.1471921956935341,1,0,1,10,0,0.0004623574491937624,0,Low
1,1,1,1,37,1110,12,88272,729,4747,0.0814456320764527,1,0,1,14,0,0.0004623574491937624,0,Low
4,0,1,1,20,1597,24,39270,501,5399,0.2082515842906004,0,0,1,0,0,0.0004604000789573186,0,Low
0,2,1,1,19,1020,23,67035,553,5014,0.2010765450698642,0,0,0,4,0,0.0004604000789573186,0,Low
0,0,1,2,13,2009,2,66184,694,4165,0.1495624652425167,1,0,1,10,0,0.00045494740811393076,0,Low
2,2,1,2,12,2661,1,69844,707,3742,0.1636678137705065,1,0,1,1,0,0.00045494740811393076,0,Low
2,1,0,2,9,2406,6,85576,696,4289,0.1707859528313821,1,0,1,5,0,0.00045494740811393076,0,Low
2,0,0,2,8,2949,1,75118,704,5805,0.1582941137648083,1,0,1,5,0,0.00045494740811393076,0,Low
1,2,0,2,6,2447,0,97984,689,5646,0.1043343603047649,1,0,1,0,0,0.00045494740811393076,0,Low
0,1,0,2,13,2924,10,86677,685,4622,0.1674523431431874,1,0,1,9,0,0.00045494740811393076,0,Low
0,2,1,2,6,2386,21,38324,693,4949,0.1054344099474678,1,0,0,7,0,0.00045494740811393076,0,Low
1,2,0,2,24,1377,24,38145,523,5177,0.1322917369893028,0,0,1,6,0,0.000452986659515116,0,Low
2,1,0,2,33,1516,24,59404,603,4553,0.106631708646168,0,0,0,8,0,0.000452986659515116,0,Low
2,1,1,1,29,3165,23,60369,507,4608,0.2104529068644278,0,0,1,7,0,0.0004515032818042938,0,Low
3,1,1,1,24,1452,23,65953,618,5802,0.2116875983965713,0,0,0,7,0,0.0004515032818042938,0,Low
0,1,1,2,15,2367,24,78308,550,2383,0.2109921059415573,0,0,0,3,0,0.0004506236429028975,0,Low
1,2,1,1,18,905,2,44828,724,1013,0.1026468993123393,1,0,1,6,0,0.0004486122776138221,0,Low
1,2,0,2,22,2586,23,33748,746,2338,0.107040092301918,1,0,1,2,0,0.0004486122776138221,0,Low
3,1,1,1,19,2411,2,48954,748,2863,0.1586042259781268,1,0,1,0,0,0.0004486122776138221,0,Low
0,1,0,0,22,3311,10,57025,746,2230,0.1091314305757676,1,0,1,12,0,0.0004486122776138221,0,Low
1,1,0,1,22,2199,10,65852,730,1052,0.1273145379042009,1,0,1,2,0,0.0004486122776138221,0,Low
1,0,1,0,19,1376,15,83223,740,1507,0.1158020896723285,1,0,1,4,0,0.0004486122776138221,0,Low
0,0,0,0,22,3309,7,67146,734,1294,0.2069536524778487,1,0,1,10,0,0.0004486122776138221,0,Low
3,1,0,2,31,3064,23,89102,604,5049,0.1893728539972503,0,0,1,1,0,0.0004476720208366123,0,Low
1,1,1,1,5,1519,22,86927,557,5778,0.2062938152569784,0,0,1,8,0,0.0004464952916656724,0,Low
1,1,0,1,0,2403,2,68441,738,4977,0.0962272007638545,1,0,1,4,0,0.0004461236829599962,0,Low
2,0,0,1,12,1599,1,55312,737,4756,0.0932683898066118,1,0,0,1,0,0.0004461236829599962,0,Low
2,1,0,1,3,1054,15,64919,745,5144,0.1544618608657761,1,0,1,8,0,0.0004461236829599962,0,Low
1,0,0,1,3,2501,2,61207,745,5920,0.1291072193794955,1,0,1,5,0,0.0004461236829599962,0,Low
1,2,0,1,1,1325,14,49803,739,3567,0.1229863530017387,1,0,1,12,0,0.0004461236829599962,0,Low
2,1,0,0,1,1675,18,68422,730,4766,0.16945821098586,1,0,1,10,0,0.0004461236829599962,0,Low
2,0,0,1,3,2363,10,54518,748,3503,0.1795914528585329,1,0,1,1,0,0.0004461236829599962,0,Low
3,1,0,1,4,2928,6,51555,737,5805,0.1369921795901485,1,0,0,0,0,0.0004461236829599962,0,Low
2,0,0,0,4,3026,13,98053,736,4763,0.1253140877810554,1,0,0,2,0,0.0004461236829599962,0,Low
4,1,0,0,3,1493,0,45386,739,5482,0.0876570496371577,1,0,1,3,0,0.0004461236829599962,0,Low
2,0,0,0,5,1048,20,41738,726,4475,0.0921993367806754,1,0,1,3,0,0.0004461236829599962,0,Low
1,0,0,0,11,2199,6,89691,742,4203,0.1480248429570859,1,0,1,9,0,0.0004461236829599962,0,Low
1,0,1,0,9,2303,4,72958,730,4534,0.1926744092763343,1,0,1,4,0,0.0004461236829599962,0,Low
1,1,2,1,3,2318,3,52496,734,3721,0.0877736846609806,1,0,1,0,0,0.0004461236829599962,0,Low
0,0,1,1,3,1977,11,59621,739,5285,0.133374490811209,1,1,1,14,0,0.0004461236829599962,0,Low
2,1,0,1,14,1387,5,60141,740,4298,0.1791212222832006,1,0,1,0,0,0.0004461236829599962,0,Low
2,1,1,0,1,2459,7,75850,728,5337,0.0853953666755712,1,0,1,9,0,0.0004461236829599962,0,Low
3,1,0,0,9,1080,20,35566,740,5130,0.1402248266628065,1,0,1,3,0,0.0004461236829599962,0,Low
0,2,1,1,6,3476,22,58479,735,5867,0.107697718980464,1,0,0,9,0,0.0004461236829599962,0,Low
3,2,1,1,1,2822,24,85897,520,1575,0.2051623059382165,0,0,1,9,0,0.0004400870891664735,0,Low
1,0,0,1,10,1677,17,63830,731,2144,0.1620581056126603,1,0,0,11,0,0.0004397154804607972,0,Low
2,0,0,0,37,821,23,51565,726,2951,0.1344960224106161,1,0,1,7,0,0.0004397154804607972,0,Low
1,0,0,1,8,1790,20,51227,735,1661,0.135677011694363,1,0,1,5,0,0.0004397154804607972,0,Low
0,2,0,1,38,1052,4,65997,737,2121,0.1190794253758172,1,0,1,5,0,0.0004397154804607972,0,Low
0,0,1,1,4,3382,18,65617,729,2941,0.1976745457634077,1,0,1,1,0,0.0004397154804607972,0,Low
1,0,0,0,5,834,9,48484,746,2379,0.193688988110551,1,0,0,4,0,0.0004397154804607972,0,Low
2,1,0,1,26,3306,3,40578,727,2259,0.0980768611431712,1,1,1,10,0,0.0004397154804607972,0,Low
4,0,0,1,6,2265,9,68959,747,1577,0.0876430833125631,1,0,1,3,0,0.0004397154804607972,0,Low
1,1,0,1,33,2593,1,53058,739,1095,0.145448231386885,1,0,1,5,0,0.0004397154804607972,0,Low
1,1,1,2,14,1860,17,43498,732,2533,0.1644579556190503,1,0,1,11,0,0.0004397154804607972,0,Low
2,2,0,1,8,2582,8,40375,743,2005,0.1545875226945042,1,0,1,7,0,0.0004397154804607972,0,Low
2,1,0,1,14,2349,17,83075,729,2060,0.1497545326758109,1,0,0,8,0,0.0004397154804607972,0,Low
1,1,0,1,25,2995,24,65589,729,2719,0.169322761264869,1,0,1,0,0,0.0004397154804607972,0,Low
1,0,1,1,6,1117,22,50538,727,1056,0.1643852890107799,1,0,1,10,0,0.0004397154804607972,0,Low
3,0,0,0,0,1133,13,92182,730,2631,0.1333855592475938,1,0,1,0,0,0.0004397154804607972,0,Low
2,1,1,1,5,1275,22,31893,729,2605,0.1584849781550462,1,0,0,5,0,0.0004397154804607972,0,Low
3,1,1,2,25,2568,21,46525,745,1769,0.1363928603072629,1,0,0,7,0,0.0004397154804607972,0,Low
0,1,0,2,29,1644,19,79800,744,1199,0.0810172908433258,1,0,0,2,0,0.0004397154804607972,0,Low
3,2,0,2,34,1328,9,37055,724,2502,0.1980585014014126,1,0,1,7,0,0.0004397154804607972,0,Low
1,2,1,1,11,1444,17,60122,740,2764,0.0949475265985723,1,0,1,3,0,0.0004397154804607972,0,Low
1,2,1,1,8,2740,8,79419,734,2647,0.158835108468833,1,0,1,4,0,0.0004397154804607972,0,Low
4,2,2,2,10,3256,6,42554,725,2545,0.1040570111092475,1,0,1,2,0,0.0004397154804607972,0,Low
0,1,0,0,10,3247,1,77749,734,2807,0.1459690029134869,1,0,1,12,0,0.0004397154804607972,0,Low
2,2,0,0,37,2241,10,43456,728,1147,0.1036358561516047,1,0,1,4,0,0.0004397154804607972,0,Low
0,0,1,0,4,2993,10,32166,746,1263,0.1439985702877685,1,0,0,2,0,0.0004397154804607972,0,Low
0,1,0,0,33,3188,0,63052,747,2567,0.1215164894834794,1,0,1,4,0,0.0004397154804607972,0,Low
1,1,0,0,25,3460,9,34719,724,1656,0.091150047866987,1,0,1,12,0,0.0004397154804607972,0,Low
2,0,0,0,0,967,22,53558,733,1441,0.0990875092773161,1,0,1,3,0,0.0004397154804607972,0,Low
1,0,0,1,35,1491,4,63788,731,1872,0.1572425449414859,1,0,0,9,0,0.0004397154804607972,0,Low
1,2,0,0,3,2750,23,30863,725,2218,0.1263109660784806,1,0,1,6,0,0.0004397154804607972,0,Low
2,0,0,0,9,1413,21,66106,741,1244,0.1782315730448082,1,0,1,2,0,0.0004397154804607972,0,Low
3,1,0,1,33,3237,21,98977,689,5035,0.0892130778739167,0,0,1,9,0,0.0004361003707424357,0,Low
1,0,1,2,6,2094,14,83768,712,2188,0.1574631964331234,1,0,1,7,0,0.00043358176547408694,0,Low
3,0,0,0,19,3091,20,96745,684,3375,0.1884969969136108,1,0,0,1,0,0.0004315924156401805,0,Low
2,1,1,2,6,3033,12,73866,668,5349,0.2143152349475075,0,0,1,2,0,0.0004287154317213833,0,Low
1,0,2,2,18,3391,24,63397,510,5185,0.1159957720764231,0,0,1,1,0,0.0004284822552714953,0,Low
1,2,1,2,28,3181,9,90509,613,4590,0.2101352341468074,1,0,0,4,0,0.0004251689997879085,0,Low
2,1,2,2,26,3306,24,31754,609,4190,0.1177122540953302,0,0,1,5,0,0.0004195854581184704,0,Low
0,1,1,2,33,929,23,74166,615,4546,0.2169417443783051,0,0,1,10,0,0.00041270698587157734,0,Low
2,2,1,2,36,2809,22,81185,651,4933,0.1850648401371206,0,0,1,11,0,0.00041270698587157734,0,Low
3,0,0,1,19,3311,14,80051,727,4747,0.1942371916695547,0,0,0,4,0,0.00041003213293042557,0,Low
2,3,0,1,18,3386,1,50548,667,5829,0.1651837355847177,1,0,1,8,0,0.0004099697527208733,0,Low
2,3,0,1,22,2076,7,33987,529,4821,0.2144874807680916,1,0,1,14,0,0.0004099697527208733,0,Low
2,3,0,1,17,3202,8,46702,607,4141,0.2070554943789905,1,0,0,9,0,0.0004099697527208733,0,Low
0,3,0,0,18,1352,11,81276,665,5835,0.1984791292886957,1,0,1,8,0,0.0004099697527208733,0,Low
2,2,1,0,32,2986,17,78098,500,4695,0.2173350740303151,0,0,1,5,0,0.000408579504511892,0,Low
2,0,1,0,31,1183,14,82163,525,4430,0.2010649036044641,0,0,1,4,0,0.000408579504511892,0,Low
2,0,0,2,15,1024,16,66820,679,5514,0.132246305097081,0,0,0,3,0,0.0004072425554218658,0,Low
1,0,0,0,19,1978,15,97938,731,5667,0.2174102614289937,0,0,0,9,0,0.0004069397479284929,0,Low
3,1,0,0,14,1020,21,93770,704,4208,0.1411335812660816,1,0,1,3,0,0.0004064618522533894,0,Low
1,0,0,1,0,1130,23,89834,713,5448,0.1869897910881347,1,0,1,10,0,0.0004064618522533894,0,Low
0,1,0,2,29,3299,0,91758,709,4885,0.2037021503929398,0,0,1,2,0,0.0004049629293561464,0,Low
4,3,0,2,21,2215,19,43598,552,5247,0.1926025512694225,0,0,1,0,0,0.00040429947763703246,0,Low
1,3,0,0,15,1466,6,37953,564,4000,0.0900267687302429,1,0,1,7,0,0.00040107295556784836,0,Low
3,3,0,1,33,1501,19,57915,651,3527,0.0909423058154603,1,0,1,8,0,0.00040107295556784836,0,Low
1,3,1,1,35,2305,1,73300,661,5012,0.1918417744863367,1,0,1,13,0,0.00040107295556784836,0,Low
2,3,1,0,27,3093,3,83815,537,5462,0.160454687767449,1,0,1,0,0,0.00040107295556784836,0,Low
0,3,0,0,15,2228,5,74344,590,5302,0.1192339718556256,1,0,1,11,0,0.00040107295556784836,0,Low
2,3,1,1,37,2262,1,52904,505,3219,0.1962746108168641,1,0,1,6,0,0.00040107295556784836,0,Low
1,1,0,1,28,2825,21,93412,717,1485,0.1502554799789935,1,0,1,7,0,0.0004000536497541904,0,Low
1,1,0,2,26,2037,13,75461,505,4289,0.1124284788154456,0,0,1,6,0,0.0003992329234417547,0,Low
0,1,0,2,28,3022,13,89124,644,5838,0.1697282962680288,0,0,1,14,0,0.0003992329234417547,0,Low
1,1,0,2,39,2984,14,92316,656,4476,0.0893715797215052,0,0,1,0,0,0.0003992329234417547,0,Low
0,0,0,0,34,3123,15,97067,594,5762,0.2098070023269762,0,0,1,12,0,0.00039804295077546794,0,Low
1,1,0,0,37,2453,15,96796,678,4362,0.2032478599199985,0,0,0,5,0,0.00039804295077546794,0,Low
0,0,0,1,18,2412,11,64877,701,3962,0.1567105063889661,1,0,1,4,0,0.0003966273806751455,0,Low
2,1,0,0,22,950,10,48989,711,3182,0.1813999698910927,1,0,1,1,0,0.0003966273806751455,0,Low
3,0,1,1,20,1666,6,79758,696,5592,0.1883153966299328,1,0,1,2,0,0.0003966273806751455,0,Low
0,1,1,0,18,1322,17,71340,698,3390,0.1183313517930514,1,0,1,4,0,0.0003966273806751455,0,Low
0,1,0,1,18,2479,1,50188,699,3826,0.1570276542920664,1,0,1,5,0,0.0003966273806751455,0,Low
2,2,0,0,22,1389,11,68416,721,3894,0.1736762686274109,1,0,1,1,0,0.0003966273806751455,0,Low
2,2,0,0,17,1973,14,70879,712,3190,0.160338143297088,1,0,1,1,0,0.0003966273806751455,0,Low
1,0,0,1,18,2253,20,81182,709,3759,0.1885576288373265,1,0,1,9,0,0.0003966273806751455,0,Low
2,1,0,0,20,1518,7,53758,691,3428,0.0926026630593037,1,0,1,11,0,0.0003966273806751455,0,Low
2,2,0,0,18,1546,5,71435,689,3777,0.1481382330553419,1,0,1,13,0,0.0003966273806751455,0,Low
1,2,0,1,21,834,12,83215,709,3210,0.0928335616976588,1,1,1,4,0,0.0003966273806751455,0,Low
1,1,0,0,21,3168,3,33956,689,3955,0.0835073739383957,1,0,1,0,0,0.0003966273806751455,0,Low
3,0,0,1,22,2987,8,33071,695,3259,0.1579248794114953,1,1,0,8,0,0.0003966273806751455,0,Low
2,1,1,0,21,1131,0,74475,685,4048,0.1854956182681562,1,0,1,4,0,0.0003966273806751455,0,Low
1,0,0,1,20,3076,12,75852,698,5568,0.2003573735162845,1,0,1,6,0,0.0003966273806751455,0,Low
3,0,0,0,19,2934,11,52597,700,3736,0.1771447935515497,1,0,1,8,0,0.0003966273806751455,0,Low
4,0,0,2,30,806,20,55509,732,5334,0.089572159187199,0,0,1,14,0,0.0003947891204396255,0,Low
4,1,0,0,37,2862,22,39126,675,5827,0.2141326081004392,0,0,1,0,0,0.0003933057427288032,0,Low
1,1,1,0,22,1467,8,31164,718,3086,0.1379522890054484,1,0,1,14,0,0.00039021917817594657,0,Low
1,1,1,0,29,3004,10,64024,695,4056,0.1320499842609716,1,0,1,9,0,0.0003877305835221206,0,Low
2,2,0,0,29,2177,21,83200,707,3898,0.1717735767160133,1,0,0,2,0,0.0003877305835221206,0,Low
1,0,0,1,30,3366,10,92563,694,4595,0.184063055293664,1,0,1,3,0,0.0003877305835221206,0,Low
2,1,0,1,36,2916,3,63870,705,3353,0.1080299572641699,1,0,1,7,0,0.0003877305835221206,0,Low
1,1,0,0,25,3152,10,44037,719,4349,0.0893129243247428,1,0,1,6,0,0.0003877305835221206,0,Low
4,1,0,1,32,2016,5,67654,701,3530,0.1647425992384016,1,0,1,4,0,0.0003877305835221206,0,Low
3,0,1,1,24,2530,15,86394,712,3655,0.1454230703778235,1,0,1,2,0,0.0003877305835221206,0,Low
2,1,1,0,33,1239,7,47611,688,4426,0.1111319796985979,1,0,0,13,0,0.0003877305835221206,0,Low
1,1,0,1,28,2851,2,45358,711,3866,0.0806548942673473,1,0,1,7,0,0.0003877305835221206,0,Low
1,2,1,1,30,3402,2,77176,694,5593,0.1937194238883015,1,0,1,8,0,0.0003877305835221206,0,Low
2,0,1,0,15,1471,24,58541,699,3582,0.123925097818422,1,0,1,5,0,0.0003877305835221206,0,Low
1,0,1,0,26,2979,1,63224,699,3237,0.0929314135823898,1,0,1,10,0,0.0003877305835221206,0,Low
1,1,0,0,34,1438,18,66293,722,4124,0.0841916719194526,1,0,1,4,0,0.0003877305835221206,0,Low
1,0,0,0,23,1570,8,31559,693,4446,0.1825533246202531,1,0,1,0,0,0.0003877305835221206,0,Low
2,0,1,1,25,2210,0,69240,683,4058,0.1175373142560152,1,0,0,13,0,0.0003877305835221206,0,Low
2,1,1,0,23,1341,3,76188,694,5090,0.1851392607073108,1,0,1,14,0,0.0003877305835221206,0,Low
1,0,0,0,23,2644,2,59772,716,3295,0.0893240860457197,1,0,0,2,0,0.0003877305835221206,0,Low
3,1,0,0,25,2345,10,53904,719,5664,0.126324836739103,1,0,1,2,0,0.0003877305835221206,0,Low
3,1,0,1,30,1419,0,93400,706,4511,0.1876809914091593,1,1,1,9,0,0.0003877305835221206,0,Low
3,1,0,0,33,897,18,52737,699,3479,0.081165742786616,1,0,0,5,0,0.0003877305835221206,0,Low
1,1,1,0,28,2778,4,42462,702,5079,0.1698744846136627,1,0,0,10,0,0.0003877305835221206,0,Low
1,2,1,0,29,1396,15,58744,711,3443,0.102288045771274,1,0,1,13,0,0.0003877305835221206,0,Low
1,0,1,0,39,2752,7,75384,708,4360,0.0887378528368565,1,0,1,3,0,0.0003877305835221206,0,Low
4,1,0,0,32,2607,6,91438,714,4207,0.18427242845168,1,0,1,5,0,0.0003877305835221206,0,Low
2,3,0,1,21,2182,6,79357,579,2809,0.1974892340480447,1,0,1,14,0,0.00038732778398790804,0,Low
0,3,0,1,22,2037,15,36263,541,2218,0.1667733026519673,1,0,1,8,0,0.00038732778398790804,0,Low
1,2,1,2,17,2333,8,64215,661,4690,0.2063071002312929,0,1,1,1,0,0.00038535284442324296,0,Low
4,1,1,1,25,3009,23,98101,692,5410,0.1575477922362008,0,0,0,0,0,0.00038534700040143645,0,Low
1,3,0,1,6,3009,17,39625,623,3704,0.1570357346327848,1,0,1,13,0,0.0003848391893340821,0,Low
1,3,0,0,11,3235,18,78360,583,4033,0.1395409406114363,1,0,1,12,0,0.0003848391893340821,0,Low
1,3,1,1,2,3261,7,83656,583,4295,0.1821931073884434,1,0,0,0,0,0.0003848391893340821,0,Low
0,3,0,1,5,1208,0,74808,624,3679,0.1367446879646928,1,0,1,7,0,0.0003848391893340821,0,Low
2,3,1,0,10,3408,6,68377,660,4805,0.1648976646748654,1,0,1,10,0,0.0003848391893340821,0,Low
2,0,0,0,30,2957,24,57227,681,3056,0.0925841518880456,1,0,1,2,0,0.0003813223810229217,0,Low
2,2,0,3,10,1902,22,88499,660,2388,0.2129936491988219,0,0,1,6,0,0.00038083758291235887,0,Low
1,0,1,1,35,957,11,94996,508,5790,0.213780399017786,0,0,1,4,0,0.00038076184478468456,0,Low
2,1,1,0,32,1938,13,95580,549,3314,0.2086025875827917,0,0,1,0,0,0.00038076184478468456,0,Low
1,0,1,1,25,1864,1,92202,584,5741,0.2063490991224271,0,0,1,6,0,0.00038076184478468456,0,Low
0,1,1,1,31,3251,10,88452,571,3740,0.2077337356192587,0,0,1,1,0,0.00038076184478468456,0,Low
0,1,0,2,21,2786,12,91477,543,3467,0.2005191511022785,0,0,1,13,0,0.00038031206086757216,0,Low
1,3,0,2,22,1212,24,90624,507,3993,0.0866654192579881,0,0,1,11,0,0.0003790596293188823,0,Low
2,3,0,1,37,2825,8,76625,562,2175,0.094828292300694,1,0,1,0,0,0.00037843098683488314,0,Low
1,3,1,2,8,2694,20,71088,543,1542,0.089416466104932,1,0,1,9,0,0.00037843098683488314,0,Low
2,3,0,2,14,2885,1,79537,516,1975,0.1085326612717631,1,0,1,0,0,0.00037843098683488314,0,Low
0,3,0,2,35,2439,5,53915,603,1581,0.0997254917873968,1,0,1,13,0,0.00037843098683488314,0,Low
2,3,0,0,2,2358,11,65882,596,3073,0.0944421810802854,1,0,1,3,0,0.00037843098683488314,0,Low
2,3,0,1,29,960,9,52874,575,2211,0.1922308533484333,1,0,1,7,0,0.00037843098683488314,0,Low
3,3,0,0,28,2792,19,63068,624,2641,0.0823165929348296,1,0,0,7,0,0.00037843098683488314,0,Low
2,1,0,2,18,2818,20,91145,556,4461,0.0811619630586673,0,0,0,8,0,0.00037460160487488305,0,Low
1,1,0,2,19,1162,21,95291,520,5752,0.1383129950042981,0,0,0,2,0,0.00037460160487488305,0,Low
4,0,0,2,22,2924,18,93608,545,4623,0.1813362813191236,0,0,1,4,0,0.00037460160487488305,0,Low
2,2,0,2,18,1195,18,88867,638,4380,0.0802022252281449,0,0,1,9,0,0.00037460160487488305,0,Low
3,0,1,1,35,1536,4,88552,566,3058,0.2089937959314797,0,0,1,3,0,0.00037435364228548555,0,Low
0,2,0,0,17,3376,19,67262,687,2987,0.145955471637832,1,0,1,0,0,0.0003739854119421803,0,Low
3,0,0,1,19,1209,9,52855,693,2639,0.2130685434165558,1,1,1,3,0,0.0003739854119421803,0,Low
2,1,1,0,21,1280,7,73654,722,1320,0.184828564941281,1,0,0,2,0,0.0003739854119421803,0,Low
2,1,1,0,19,3182,11,84054,682,1207,0.1088797073025601,1,0,1,14,0,0.0003739854119421803,0,Low
2,0,0,0,20,2347,14,31392,713,2377,0.1234161670446101,1,0,1,4,0,0.0003739854119421803,0,Low
2,0,0,0,18,1698,3,68851,706,1157,0.1090885528050914,1,0,1,8,0,0.0003739854119421803,0,Low
2,0,1,1,22,1432,10,47688,698,1066,0.1906146694197103,1,0,1,0,0,0.0003739854119421803,0,Low
0,1,0,0,20,1958,17,51441,699,2651,0.1426063779250914,1,0,1,13,0,0.0003739854119421803,0,Low
1,2,0,0,20,2775,2,49111,715,2835,0.0842989016659837,1,0,0,4,0,0.0003739854119421803,0,Low
2,1,1,0,19,2915,2,65125,691,1505,0.1443616910719178,1,0,0,4,0,0.0003739854119421803,0,Low
0,0,0,1,22,3394,3,75113,716,2558,0.1513328188104249,1,0,1,11,0,0.0003739854119421803,0,Low
0,2,0,1,19,2369,4,32089,713,1734,0.0971612536876872,1,0,1,14,0,0.0003739854119421803,0,Low
2,1,0,0,19,2204,22,67382,695,1896,0.0995831000242351,1,0,0,9,0,0.0003739854119421803,0,Low
0,0,0,1,18,1593,17,69343,712,2450,0.1524031610319707,1,0,0,9,0,0.0003739854119421803,0,Low
1,0,1,1,20,1041,16,35619,695,2225,0.1870350615527806,1,0,1,10,0,0.0003739854119421803,0,Low
1,0,0,0,17,3476,16,34170,703,2709,0.1563456945324776,1,0,1,4,0,0.0003739854119421803,0,Low
2,1,1,0,19,1421,10,87371,702,1584,0.09093120175537,1,1,0,14,0,0.0003739854119421803,0,Low
1,0,0,2,37,1554,20,41358,581,5833,0.200222695489957,0,0,1,4,0,0.00037366355004922496,0,Low
1,0,1,0,19,2139,20,93101,593,4480,0.1733368506784932,0,0,1,6,0,0.0003731182271640608,0,Low
1,0,1,1,13,3344,14,68384,701,5404,0.1519970991113514,1,0,1,2,0,0.0003714968172883544,0,Low
3,1,1,1,13,1129,0,57237,681,3766,0.1783912500181096,1,0,1,8,0,0.0003714968172883544,0,Low
2,1,0,0,4,1974,9,84501,701,5505,0.0926083814929202,1,0,1,8,0,0.0003714968172883544,0,Low
1,0,1,1,11,2595,7,73503,718,5194,0.156729354992275,1,0,1,1,0,0.0003714968172883544,0,Low
0,1,0,0,3,1366,14,32020,702,3506,0.185365678942135,1,0,1,12,0,0.0003714968172883544,0,Low
0,2,0,0,14,1442,0,73688,720,5374,0.1067274968260144,1,0,1,9,0,0.0003714968172883544,0,Low
2,1,0,1,13,2860,17,38958,688,3912,0.1830953178972873,1,0,1,6,0,0.0003714968172883544,0,Low
0,2,0,1,8,944,24,56026,701,5457,0.0920913642789027,1,0,0,5,0,0.0003714968172883544,0,Low
1,1,0,0,3,3024,14,95190,714,4276,0.1813238213393961,1,0,1,2,0,0.0003714968172883544,0,Low
0,0,2,0,1,803,19,35353,697,5662,0.1725356808004688,1,0,1,3,0,0.0003714968172883544,0,Low
1,0,0,0,5,2233,23,42918,687,3980,0.1830789618700082,1,0,1,11,0,0.0003714968172883544,0,Low
4,0,1,1,3,2989,10,75612,710,3267,0.1827434484381188,1,0,1,9,0,0.0003714968172883544,0,Low
2,0,1,0,13,1186,0,98254,682,4372,0.1364906160526399,1,0,1,0,0,0.0003714968172883544,0,Low
3,1,0,1,13,2292,13,58739,710,4747,0.102039401593546,1,0,1,2,0,0.0003714968172883544,0,Low
0,2,0,0,9,3341,9,51030,691,3448,0.1039451807627408,1,0,1,2,0,0.0003714968172883544,0,Low
0,0,0,1,0,2082,14,88117,719,5229,0.1216914202745019,1,0,1,0,0,0.0003714968172883544,0,Low
2,1,2,1,0,3398,9,43930,686,3551,0.1892043637336653,1,0,1,13,0,0.0003714968172883544,0,Low
0,2,0,1,3,2456,16,63049,699,3222,0.1488285295217214,1,0,1,2,0,0.0003714968172883544,0,Low
2,0,0,0,0,3096,8,69675,711,3977,0.0921549353898699,1,0,1,0,0,0.0003714968172883544,0,Low
1,2,0,0,11,1247,0,60915,697,5196,0.1226951784358234,1,0,1,11,0,0.0003714968172883544,0,Low
1,1,0,0,12,1429,13,80775,686,5387,0.1348220244973028,1,0,1,0,0,0.0003714968172883544,0,Low
1,1,1,0,2,3453,4,68858,719,5342,0.0964783121551819,1,0,1,11,0,0.0003714968172883544,0,Low
4,0,0,0,13,1833,3,83826,693,5384,0.2103843663132703,1,0,1,0,0,0.0003714968172883544,0,Low
4,0,1,2,20,1397,13,63260,564,5487,0.1398820606233188,1,0,1,6,0,0.00036908628477242723,0,Low
2,1,0,2,19,1768,14,45731,556,5258,0.1605987983021145,0,0,0,0,0,0.00036908628477242723,0,Low
2,1,1,2,19,801,14,82634,506,4176,0.0831210726338367,1,0,1,3,0,0.00036908628477242723,0,Low
2,1,1,2,16,2261,15,97625,606,2361,0.2028706560118806,0,0,1,2,0,0.00036701667320474424,0,Low
3,2,0,2,23,3272,22,93180,653,4943,0.1450280113955358,0,0,0,2,0,0.00036570480772185816,0,Low
0,1,1,2,26,2479,23,98574,716,4890,0.11111370353931,0,0,1,0,0,0.00036570480772185816,0,Low
2,2,0,2,37,1534,20,91929,602,5819,0.1477019440825846,0,0,1,10,0,0.00036570480772185816,0,Low
0,1,0,2,36,2100,20,95420,500,4874,0.1218318402314021,0,0,1,6,0,0.00036570480772185816,0,Low
2,1,1,2,23,1677,18,92785,638,5441,0.0992602900324999,0,0,1,0,0,0.00036570480772185816,0,Low
3,0,1,2,16,3123,24,65183,517,3540,0.1947717674459664,0,0,0,4,0,0.0003652792412114664,0,Low
2,0,0,2,38,1609,0,72227,722,1440,0.0860656498631938,1,0,1,11,0,0.0003650886147891554,0,Low
1,1,0,1,5,1444,19,62627,689,2249,0.1778448637149893,1,0,0,3,0,0.0003650886147891554,0,Low
1,0,0,1,1,1093,19,71788,722,2864,0.0922612858240378,1,0,0,1,0,0.0003650886147891554,0,Low
1,0,0,0,23,2872,1,85481,713,2096,0.1072543569735473,1,0,1,14,0,0.0003650886147891554,0,Low
1,0,0,1,11,3254,1,67683,684,1598,0.1101434109747264,1,1,1,12,0,0.0003650886147891554,0,Low
2,1,0,0,7,1712,17,63297,717,2526,0.2109752659991261,1,0,1,0,0,0.0003650886147891554,0,Low
1,2,1,0,24,1526,6,68662,712,1977,0.146612329619495,1,0,0,5,0,0.0003650886147891554,0,Low
1,0,0,1,39,1346,3,96488,682,2151,0.1817139965060332,1,0,1,10,0,0.0003650886147891554,0,Low
1,1,0,1,7,968,19,79364,723,1633,0.1717692509877034,1,0,1,9,0,0.0003650886147891554,0,Low
4,2,0,1,0,2537,7,80398,688,2307,0.2092764835710914,1,0,0,0,0,0.0003650886147891554,0,Low
0,0,0,1,0,1412,9,85514,705,1673,0.1987561730732782,1,0,1,7,0,0.0003650886147891554,0,Low
1,0,1,0,0,883,16,78847,723,3056,0.1242142538260503,1,0,1,4,0,0.0003650886147891554,0,Low
1,1,1,1,9,3387,14,83414,723,1628,0.1385453962271597,1,0,0,9,0,0.0003650886147891554,0,Low
2,1,1,1,33,3309,12,79154,713,1929,0.1471932645661279,1,0,1,4,0,0.0003650886147891554,0,Low
1,0,0,0,2,1505,21,71086,718,2820,0.1131141738614502,1,0,1,3,0,0.0003650886147891554,0,Low
0,1,0,0,32,2396,12,85948,686,1539,0.1241971757326549,1,0,1,0,0,0.0003650886147891554,0,Low
0,0,1,2,32,3475,7,90268,703,2528,0.1424558707142622,1,0,0,1,0,0.0003650886147891554,0,Low
3,2,0,0,1,1154,24,73392,720,1919,0.2119237573464366,1,0,1,8,0,0.0003650886147891554,0,Low
3,2,0,1,2,1436,6,59944,707,1972,0.1861899853432745,1,0,1,0,0,0.0003650886147891554,0,Low
2,1,0,0,14,2905,20,33921,715,1350,0.1362166856272811,1,0,1,4,0,0.0003650886147891554,0,Low
1,2,0,0,30,3177,22,48856,684,2145,0.1753057045521607,1,0,1,13,0,0.0003650886147891554,0,Low
1,1,0,1,7,2383,16,43096,718,2023,0.1467866260116625,1,0,1,10,0,0.0003650886147891554,0,Low
2,0,0,1,34,1947,1,35221,710,1167,0.0850134597196832,1,0,1,4,0,0.0003650886147891554,0,Low
2,1,0,2,7,1722,24,75254,712,2144,0.1529354442603943,1,0,1,5,0,0.0003650886147891554,0,Low
3,1,1,2,7,1928,24,67809,696,2279,0.1802579188557534,1,0,1,7,0,0.0003650886147891554,0,Low
2,1,0,0,31,952,6,80029,690,2923,0.1239432702331286,1,0,0,13,0,0.0003650886147891554,0,Low
3,1,0,1,3,2899,9,88784,713,2809,0.1174790079048468,1,0,1,3,0,0.0003650886147891554,0,Low
3,0,1,2,5,2686,0,57595,704,1205,0.1268899170173799,1,0,1,7,0,0.0003650886147891554,0,Low
1,1,0,1,6,1194,20,79962,682,1523,0.12286980868748,1,0,1,9,0,0.0003650886147891554,0,Low
3,0,0,1,32,1472,23,34259,681,1335,0.2145432999555721,1,0,1,3,0,0.0003650886147891554,0,Low
2,1,1,2,35,1240,24,43487,697,2577,0.1604098180004137,1,0,1,6,0,0.0003650886147891554,0,Low
3,1,2,1,5,2908,3,66185,720,2475,0.1260456137246682,1,0,1,2,0,0.0003650886147891554,0,Low
3,0,0,0,13,3436,10,60729,708,3027,0.1604960108629543,1,0,1,8,0,0.0003650886147891554,0,Low
1,0,0,0,35,3469,15,45426,711,1639,0.0907754645364159,1,0,1,4,0,0.0003650886147891554,0,Low
2,0,0,2,11,1077,7,72347,695,2734,0.1337988363854135,1,0,1,3,0,0.0003650886147891554,0,Low
2,0,1,0,10,1891,18,68443,716,1797,0.0924861890911241,1,1,0,4,0,0.0003650886147891554,0,Low
2,1,1,0,31,2160,9,30514,704,1929,0.1871670024398947,1,0,1,4,0,0.0003650886147891554,0,Low
1,0,1,0,10,1839,24,44646,694,1922,0.1742168151816572,1,0,1,5,0,0.0003650886147891554,0,Low
4,2,0,1,4,2694,11,41218,723,1911,0.1924862870303152,1,0,1,4,0,0.0003650886147891554,0,Low
2,1,1,1,30,1922,11,49286,695,1989,0.2000774758442249,1,0,1,1,0,0.0003650886147891554,0,Low
2,0,0,1,34,1605,1,67232,695,2122,0.1576890334237731,1,0,1,4,0,0.0003650886147891554,0,Low
2,1,1,0,37,1181,9,89353,706,1379,0.0823094725286908,1,0,1,1,0,0.0003650886147891554,0,Low
0,2,1,2,12,2053,11,44989,700,1302,0.109587701687174,1,0,0,1,0,0.0003650886147891554,0,Low
1,0,0,0,8,2170,0,70671,708,2089,0.1679347716075165,1,0,1,3,0,0.0003650886147891554,0,Low
2,0,1,1,2,2838,3,88415,721,5446,0.2052124416517658,0,0,1,8,0,0.00036452807855091835,0,Low
3,0,1,1,4,1681,14,84791,607,5044,0.2167722339956833,0,0,1,9,0,0.00036452807855091835,0,Low
0,0,1,1,1,3326,9,92916,714,3845,0.2025729228357858,0,0,1,4,0,0.00036452807855091835,0,Low
3,0,1,0,13,1409,8,98217,662,5062,0.2024238745900314,0,0,1,0,0,0.00036452807855091835,0,Low
3,1,1,1,3,2446,8,96877,510,3579,0.2124473307267014,0,0,1,3,0,0.00036452807855091835,0,Low
1,0,1,0,7,2638,13,92778,566,5528,0.2049337836587716,0,0,1,0,0,0.00036452807855091835,0,Low
1,0,0,1,23,2816,20,90259,730,4666,0.1854206495112891,0,0,1,8,0,0.0003642214300110359,0,Low
2,0,0,1,28,1397,22,93244,725,5706,0.1871493007844001,0,0,1,8,0,0.0003642214300110359,0,Low
0,1,0,1,29,3120,23,94540,716,4189,0.1888567346360234,0,1,1,14,0,0.0003642214300110359,0,Low
3,2,0,1,33,3294,17,46219,704,4618,0.1572189690215852,0,0,1,6,0,0.00036209189995504835,0,Low
2,0,0,2,26,978,13,85602,585,5414,0.1821721942358195,1,0,1,8,0,0.00036018948761940234,0,Low
3,2,0,2,26,1562,13,32517,603,4646,0.1759819566228642,0,0,1,6,0,0.00036018948761940234,0,Low
1,0,0,2,25,2355,13,37076,606,5935,0.2137647810296383,0,0,1,4,0,0.00036018948761940234,0,Low
4,1,2,0,9,941,7,79045,626,5196,0.2013719103017673,0,0,1,0,0,0.0003589445368814802,0,Low
3,0,0,2,7,3382,12,87308,675,5434,0.1932380263082389,0,0,1,3,0,0.0003582738824827138,0,Low
1,1,1,0,19,1657,8,99323,611,1737,0.2076262207180259,0,0,1,5,0,0.0003581198760517193,0,Low
3,0,1,0,38,2768,11,89854,545,2920,0.2047296524848098,0,0,1,8,0,0.0003581198760517193,0,Low
2,1,1,1,27,1516,4,99515,556,1125,0.2167748472068988,0,0,1,9,0,0.0003581198760517193,0,Low
4,1,1,2,4,3410,18,86828,511,2115,0.2087359794024096,0,0,0,5,0,0.0003581198760517193,0,Low
2,0,1,0,34,2884,13,99180,619,2341,0.215385419254206,0,0,1,4,0,0.0003581198760517193,0,Low
2,0,1,1,2,2053,3,87792,618,1510,0.2167868258833317,0,0,1,6,0,0.0003581198760517193,0,Low
1,0,1,1,38,1010,16,85708,578,2389,0.2069009370860333,0,0,0,5,0,0.0003581198760517193,0,Low
1,1,1,0,10,1148,11,96003,508,2751,0.2074288397475678,0,0,1,9,0,0.0003581198760517193,0,Low
0,1,1,1,2,1906,11,92914,728,1523,0.2095173593535934,0,0,1,5,0,0.0003581198760517193,0,Low
1,1,1,0,12,2919,18,87646,624,3026,0.2067310445856304,0,0,1,7,0,0.0003581198760517193,0,Low
1,2,1,1,23,851,6,97883,588,2591,0.2016087311987852,0,1,1,1,0,0.0003581198760517193,0,Low
2,0,1,0,35,1199,0,97015,690,1495,0.2038812286789198,0,0,1,9,0,0.0003581198760517193,0,Low
1,0,0,2,17,3399,24,91710,552,3470,0.1404677187734044,0,0,1,3,0,0.00035732049888409967,0,Low
3,1,0,0,8,3195,6,95766,730,5152,0.2143945133207485,0,0,1,10,0,0.00035708390981642707,0,Low
2,0,0,2,6,1717,14,85035,590,4444,0.2073853528711206,0,0,1,13,0,0.000355181497480781,0,Low
4,1,1,1,27,2138,21,39326,686,1342,0.2086230197685851,0,0,1,3,0,0.0003533826680050546,0,Low
1,1,2,0,31,1130,8,76679,743,1922,0.2053481787298081,0,0,0,4,0,0.0003525363343822812,0,Low
3,0,2,2,15,2310,4,75310,737,1521,0.2196329003281537,0,0,0,7,0,0.0003525363343822812,0,Low
2,1,2,2,30,965,24,79852,636,1208,0.1105886186481628,0,0,0,1,0,0.0003525363343822812,0,Low
1,1,1,0,17,1889,4,88256,542,5677,0.2022831534904351,1,0,1,5,0,0.00035061520611535707,0,Low
4,0,1,1,29,1757,21,78972,721,4729,0.0891714895741795,0,0,1,10,0,0.0003503819654364015,0,Low
1,1,2,2,11,3179,14,78071,606,4273,0.1275109136991718,0,0,1,1,0,0.0003495979558113429,0,Low
2,0,2,0,20,880,1,46609,700,3826,0.2019875073438261,0,0,1,2,0,0.000345031664445919,0,Low
3,0,2,0,17,2916,8,56923,678,3401,0.2047241344571593,0,0,0,3,0,0.000345031664445919,0,Low
2,1,2,1,20,1966,2,68224,706,5192,0.2040268856391359,0,0,1,3,0,0.000345031664445919,0,Low
3,0,2,2,19,2714,22,96132,599,4615,0.1771802205900432,0,0,1,6,0,0.00034120040347823753,0,Low
3,2,0,2,6,3121,24,42255,508,5563,0.189872387875964,0,0,0,10,0,0.0003401486778246753,0,Low
3,0,0,1,19,2572,19,74577,513,5991,0.1969035800855011,0,0,0,5,0,0.00033815319219902585,0,Low
1,1,2,1,33,3240,21,73365,609,3783,0.216424685388334,0,0,1,6,0,0.00033613486729289405,0,Low
3,0,2,1,33,3180,1,45011,680,3511,0.2049408580533846,0,0,0,1,0,0.00033613486729289405,0,Low
4,0,2,0,11,2482,16,94809,698,5276,0.1108636913847298,0,0,0,14,0,0.0003357120327710246,0,Low
0,2,0,2,21,853,20,89161,509,4435,0.1198535538158566,1,0,1,14,0,0.0003355581690525308,0,Low
4,3,0,1,31,1247,23,35547,694,5772,0.1370679167275216,0,0,0,8,0,0.0003330776600488317,0,Low
2,0,0,2,2,3439,24,93365,660,5250,0.0874401068945269,0,0,1,2,0,0.0003321899354973085,0,Low
3,1,1,2,20,3330,11,57699,673,1204,0.2079688898983541,0,1,0,3,0,0.0003310656223843246,0,Low
0,0,0,2,37,1583,23,79101,644,5210,0.0939035339374848,0,1,0,7,0,0.0003307397727568232,0,Low
0,1,1,2,37,2964,18,84292,523,4229,0.1593331057682117,0,0,1,1,0,0.0003307397727568232,0,Low
1,0,0,2,35,2122,15,96043,706,5646,0.0831625942791927,0,0,1,7,0,0.0003307397727568232,0,Low
1,0,0,2,34,3246,18,83942,624,5459,0.1896090473188175,0,0,1,0,0,0.0003307397727568232,0,Low
3,2,0,2,35,2120,16,86356,542,5604,0.1363808763932311,0,0,0,3,0,0.0003307397727568232,0,Low
2,0,0,2,23,1293,17,78288,593,5616,0.1634139804796571,0,0,1,5,0,0.0003307397727568232,0,Low
3,1,0,2,34,3422,22,74223,584,4796,0.0903150153599543,0,0,1,9,0,0.0003307397727568232,0,Low
3,2,0,2,24,2958,21,81372,522,4945,0.0952353981092258,0,0,1,1,0,0.0003307397727568232,0,Low
2,0,0,2,35,1060,19,85042,502,4427,0.1568830121917828,0,0,1,7,0,0.0003307397727568232,0,Low
3,1,0,2,24,930,18,77281,512,4544,0.1342670273600171,0,0,0,7,0,0.0003307397727568232,0,Low
1,4,0,0,18,2267,0,95626,559,1165,0.16506858075051,0,0,1,12,0,0.0003296303738204477,0,Low
4,1,0,1,33,1669,23,76846,573,5611,0.2087249547258967,0,0,0,14,0,0.00032925639504600095,0,Low
1,0,1,1,33,983,22,84582,743,5120,0.1874765582263175,0,0,0,8,0,0.00032925639504600095,0,Low
1,0,0,1,28,1537,20,81115,542,4825,0.1892656993765625,0,0,0,5,0,0.00032925639504600095,0,Low
0,1,0,0,27,1356,22,74437,580,4230,0.2004872462141698,0,0,1,11,0,0.00032925639504600095,0,Low
4,1,0,0,33,2041,21,77416,607,4720,0.1838533034781948,0,0,1,2,0,0.00032925639504600095,0,Low
0,0,0,1,30,3181,23,85575,625,4409,0.1686087829187388,0,0,1,2,0,0.00032925639504600095,0,Low
0,1,0,1,23,3137,19,81057,644,4738,0.1893475405368143,0,0,1,4,0,0.00032925639504600095,0,Low
2,1,0,1,24,2786,19,87425,724,5454,0.1740712058471649,0,0,1,3,0,0.00032925639504600095,0,Low
2,2,0,0,31,944,23,81407,689,5509,0.2015492038651681,0,0,1,2,0,0.00032925639504600095,0,Low
1,0,0,0,33,1824,22,75854,537,4349,0.1673458976661815,0,0,1,12,0,0.00032925639504600095,0,Low
2,1,1,1,17,2159,10,90577,558,1536,0.2149767607068523,1,0,1,7,0,0.00032797323738239186,0,Low
2,4,0,0,0,3190,5,85183,522,4825,0.0949245716711893,0,0,1,8,0,0.0003271417791666217,0,Low
2,2,2,2,23,2332,13,72951,523,5503,0.0990511866112899,0,0,0,10,0,0.00032678828622275676,0,Low
3,0,1,2,0,1426,13,36907,604,4993,0.2024405864842784,0,0,0,8,0,0.0003266746153948527,0,Low
1,0,1,2,34,1370,17,92303,587,5755,0.1138380994893405,1,0,0,4,0,0.00032666137189950583,0,Low
5,1,1,0,35,1314,14,95041,532,3118,0.2093459148059468,0,0,1,1,0,0.00032548464272856597,0,Low
1,2,1,2,18,2933,0,82892,538,3651,0.2015726296458095,0,0,1,6,0,0.0003223554639190647,0,Low
1,3,0,2,22,2732,16,36165,572,5869,0.0863983302189688,0,0,0,13,0,0.00032233226452227837,0,Low
0,4,0,0,6,2674,11,90234,715,1383,0.1321737551946142,0,0,1,0,0,0.0003207335766674228,0,Low
2,4,1,2,2,2551,3,92839,576,1182,0.1222398635236965,0,0,1,11,0,0.0003207335766674228,0,Low
4,0,1,0,21,2822,13,38816,734,5507,0.1286720666721775,0,0,1,5,0,0.000320235326767074,0,Low
4,0,0,0,19,2007,17,30711,687,4689,0.1491923018379164,0,0,1,4,0,0.000320235326767074,0,Low
4,0,0,0,22,1093,17,34458,733,4601,0.1143167914787228,0,0,1,10,0,0.000320235326767074,0,Low
1,0,2,1,11,815,22,61185,521,4422,0.213819536322702,0,0,1,3,0,0.0003199011010591278,0,Low
1,0,2,0,7,823,0,35804,560,4088,0.2057906817399327,0,0,1,7,0,0.0003199011010591278,0,Low
1,0,2,0,3,959,23,64104,630,3239,0.202262605714501,0,0,1,6,0,0.0003199011010591278,0,Low
0,2,1,0,33,2825,14,90352,603,3008,0.2045341076159179,1,0,1,1,0,0.0003190764402293669,0,Low
2,0,2,1,8,2406,0,94764,659,1602,0.2056148497508396,1,0,1,4,0,0.0003190764402293669,0,Low
5,1,1,1,6,2832,3,94895,527,1831,0.2157521106107988,0,0,1,6,0,0.0003190764402293669,0,Low
1,1,0,2,8,2025,14,92060,656,4326,0.2019681506042596,1,0,1,3,0,0.0003161380616584286,0,Low
2,0,2,2,35,2327,5,53787,513,2447,0.215976483020798,0,0,1,5,0,0.00031349289855992884,0,Low
2,1,2,2,13,1260,24,48154,593,2410,0.1014866459601058,0,1,1,10,0,0.00031349289855992884,0,Low
1,0,2,0,27,2641,5,51459,593,2053,0.2110312323038151,0,0,1,3,0,0.00031349289855992884,0,Low
1,0,2,1,15,3287,2,31453,701,2296,0.2052099325308066,0,0,1,6,0,0.00031349289855992884,0,Low
4,2,1,2,26,2831,4,82490,610,3865,0.2179605238743346,0,0,1,3,0,0.0003134586667660398,0,Low
2,0,1,2,15,1416,6,81421,507,5610,0.205474694932243,0,0,0,2,0,0.0003134586667660398,0,Low
4,3,0,2,36,3201,21,54202,595,4568,0.1059992682530801,0,0,1,5,0,0.00031343546736925347,0,Low
3,4,0,1,21,1426,1,56024,641,4032,0.1063853483163352,0,0,1,4,0,0.00031322890673106055,0,Low
2,1,1,0,33,2513,19,74758,591,4123,0.2194543130003464,0,0,1,6,0,0.00031197528905521757,0,Low
2,3,0,0,34,2888,19,69110,667,5217,0.1988116252661415,0,0,1,4,0,0.00031195208965843123,0,Low
1,3,0,0,28,2696,23,54393,541,5057,0.2083909144672244,0,0,1,4,0,0.00031195208965843123,0,Low
1,0,1,2,18,2793,6,93419,541,4873,0.2053552413861794,0,0,0,11,0,0.0003118189101826407,0,Low
4,0,0,0,34,1426,18,37444,668,5717,0.1280932970074507,0,1,1,10,0,0.0003113385296140491,0,Low
4,0,1,1,30,2661,17,30462,728,5422,0.1478518792954565,0,0,1,0,0,0.0003113385296140491,0,Low
4,2,0,1,25,3185,15,41908,680,5258,0.1881740996495616,0,0,0,1,0,0.0003113385296140491,0,Low
1,2,0,0,18,1379,22,84357,550,3808,0.211796468415671,0,0,0,12,0,0.0003103355324718184,0,Low
1,2,0,1,22,2421,19,84720,731,3860,0.2149209429054608,0,0,0,2,0,0.0003103355324718184,0,Low
2,1,1,2,1,1449,11,80302,721,2961,0.2194254666717852,0,0,1,2,0,0.00030940692353402885,0,Low
2,2,1,2,9,1408,3,75840,740,3052,0.2198805443890221,0,0,0,0,0,0.00030940692353402885,0,Low
0,2,2,2,16,1125,0,91111,616,3223,0.118883783103755,0,0,1,1,0,0.00030623536851320256,0,Low
4,1,0,2,14,3356,15,80219,735,1967,0.1058987993462465,0,1,1,11,0,0.00030301472197816155,0,Low
3,1,0,2,37,2360,1,92757,558,3566,0.2136332213714498,0,0,1,11,0,0.00030292211302961573,0,Low
2,0,0,2,24,3263,5,84933,573,5054,0.2180923174787796,0,0,1,6,0,0.00030292211302961573,0,Low
3,1,0,2,30,1543,9,97322,617,5828,0.2038100961706684,0,0,0,9,0,0.00030292211302961573,0,Low
1,0,1,2,17,3328,19,69082,625,4518,0.121280415712207,0,0,1,4,0,0.00030059313408749576,0,Low
2,0,0,2,21,849,19,72734,542,4588,0.0989260654874939,0,0,0,6,0,0.00030059313408749576,0,Low
4,1,0,2,22,930,16,65335,621,4513,0.1533163362442204,1,0,1,3,0,0.00030059313408749576,0,Low
2,1,0,2,18,1278,16,80079,644,5054,0.1707578966399628,1,0,0,6,0,0.00030059313408749576,0,Low
3,2,0,2,22,3132,19,56236,629,4299,0.1089914820501896,0,0,1,8,0,0.00030059313408749576,0,Low
3,0,0,2,19,2473,16,58212,705,5100,0.1690914857380482,0,0,1,2,0,0.00030059313408749576,0,Low
4,2,1,2,21,1453,18,30274,627,4238,0.1029723856511679,0,0,1,8,0,0.00030059313408749576,0,Low
0,1,0,2,17,2639,23,35230,707,5218,0.1638847486258494,0,0,0,0,0,0.00030059313408749576,0,Low
2,0,1,2,22,1020,15,62993,608,4611,0.1292463048001839,1,0,1,9,0,0.00030059313408749576,0,Low
1,1,0,1,19,2290,22,51689,562,4666,0.1955952480978208,0,0,1,3,0,0.0002991097563766735,0,Low
1,0,0,0,19,1471,21,62491,714,5866,0.177403202410226,0,0,1,8,0,0.0002991097563766735,0,Low
2,1,0,1,17,3462,21,69913,620,5613,0.203232034933096,0,0,1,5,0,0.0002991097563766735,0,Low
2,1,0,1,19,2471,20,61854,550,5926,0.2184740192478829,0,0,1,9,0,0.0002991097563766735,0,Low
1,1,0,0,17,1524,23,47616,510,4217,0.2116770812247927,0,1,1,0,0,0.0002991097563766735,0,Low
0,1,1,1,17,1972,23,64685,635,5255,0.179781517997276,0,0,0,2,0,0.0002991097563766735,0,Low
3,0,0,0,21,1223,20,46749,584,5241,0.2056502858978779,0,0,1,14,0,0.0002991097563766735,0,Low
1,1,1,1,20,2813,23,32134,531,4289,0.171271316630604,0,0,1,1,0,0.0002991097563766735,0,Low
3,1,1,0,22,2243,24,71339,580,4399,0.1765157064592255,0,0,1,12,0,0.0002991097563766735,0,Low
3,1,0,0,18,1643,24,73373,701,4510,0.1790214686227422,0,0,1,1,0,0.0002991097563766735,0,Low
2,1,0,1,17,1908,21,48205,581,5485,0.1773740959357629,0,0,1,2,0,0.0002991097563766735,0,Low
0,2,0,1,22,1499,20,46400,585,4910,0.1937903287102059,0,0,1,8,0,0.0002991097563766735,0,Low
0,1,0,1,17,1451,23,54667,520,4967,0.1892582337723266,0,0,1,13,0,0.0002991097563766735,0,Low
1,0,1,0,20,2702,22,55133,502,4805,0.1715840195184891,0,0,1,5,0,0.0002991097563766735,0,Low
4,2,0,0,18,1422,23,49236,602,4467,0.1965042666998135,0,0,1,2,0,0.0002991097563766735,0,Low
0,0,0,0,20,1493,22,58671,611,5480,0.2111121628969605,0,0,1,5,0,0.0002991097563766735,0,Low
1,1,0,1,17,3390,20,59916,577,5014,0.1839119544214404,0,0,1,11,0,0.0002991097563766735,0,Low
0,0,0,2,3,2389,5,99052,732,2293,0.2188708458026962,0,0,1,8,0,0.00029887036979760477,0,Low
2,1,1,0,20,3138,21,75452,611,2862,0.2061030827179347,0,0,1,0,0,0.00029823011747527725,0,Low
1,3,1,2,8,2885,14,75493,564,2545,0.2123715116293708,0,0,1,5,0,0.00029759838832721234,0,Low
2,1,2,2,23,1173,0,85935,611,3540,0.0819437123567849,0,0,0,7,0,0.0002973385713601776,0,Low
1,2,2,2,23,1916,7,97557,571,4599,0.1589890346587947,0,0,0,2,0,0.0002973385713601776,0,Low
1,0,2,2,28,2266,23,81330,618,4295,0.1996831977910759,0,0,1,12,0,0.0002973385713601776,0,Low
4,1,1,2,2,3126,15,74794,595,4253,0.2127107051012095,0,0,0,2,0,0.00029722490053227355,0,Low
3,0,1,2,6,1703,0,83468,658,3285,0.2120650667232367,0,0,1,4,0,0.00029722490053227355,0,Low
1,1,2,2,8,2384,10,91950,668,3020,0.1791883310504531,0,0,1,12,0,0.00029328682812816665,0,Low
2,1,1,2,36,2934,17,36901,641,4750,0.1105970568343367,1,0,0,6,0,0.00029169633693447086,0,Low
1,2,0,2,35,1952,22,73241,586,5910,0.0828225222826571,0,0,0,11,0,0.00029169633693447086,0,Low
2,1,0,2,28,1952,22,30509,728,4520,0.0995356741503657,0,0,1,1,0,0.00029169633693447086,0,Low
0,1,0,2,36,1127,22,46844,695,5580,0.1046780499841946,0,0,1,10,0,0.00029169633693447086,0,Low
2,2,0,2,29,2836,16,61989,624,5754,0.1637758716284827,0,0,1,12,0,0.00029169633693447086,0,Low
2,0,0,2,37,2104,15,70604,625,5044,0.0943264070752156,0,0,1,1,0,0.00029169633693447086,0,Low
2,2,0,2,37,1383,23,71144,649,4535,0.1118193942469129,0,0,1,14,0,0.00029169633693447086,0,Low
3,0,1,2,30,1210,20,53416,580,5573,0.1863929465399471,1,0,0,3,0,0.00029169633693447086,0,Low
4,2,1,2,30,869,16,46632,611,5334,0.1710879555563351,0,0,1,11,0,0.00029169633693447086,0,Low
1,2,0,2,32,2371,23,60067,598,4514,0.1441411795899669,0,0,1,4,0,0.00029169633693447086,0,Low
1,1,1,2,27,2215,19,67051,653,4248,0.1963517207817883,1,0,1,0,0,0.00029169633693447086,0,Low
0,2,1,2,30,2538,18,34200,582,4778,0.1627321201305358,1,0,1,0,0,0.00029169633693447086,0,Low
0,1,0,2,32,2355,15,47086,611,5388,0.1747987288932488,0,0,1,2,0,0.00029169633693447086,0,Low
2,0,1,2,36,1924,20,36941,583,5581,0.1121496614562375,1,0,1,3,0,0.00029169633693447086,0,Low
0,2,0,2,26,929,19,73669,618,5398,0.1302015693442674,0,0,1,5,0,0.00029169633693447086,0,Low
2,0,1,2,29,2676,18,71001,706,4451,0.0967453457283907,0,0,1,14,0,0.00029169633693447086,0,Low
0,0,1,2,24,2528,21,38614,501,4194,0.101183213643673,1,0,0,0,0,0.00029169633693447086,0,Low
1,0,1,2,37,1652,18,68347,681,4319,0.0981360959944544,0,0,1,4,0,0.00029169633693447086,0,Low
4,0,1,2,33,1242,18,41445,550,4858,0.1580130501414033,0,0,1,0,0,0.00029169633693447086,0,Low
3,1,0,2,37,1594,17,43740,574,5839,0.1476500065661063,0,0,1,8,0,0.00029169633693447086,0,Low
1,1,0,2,34,1017,24,73185,512,4368,0.1216296940744402,1,0,1,3,0,0.00029169633693447086,0,Low
1,0,1,2,30,1474,19,85105,526,4330,0.1910871818595754,1,0,1,13,0,0.00029169633693447086,0,Low
2,1,1,2,29,2326,16,61860,581,4832,0.1704313288704843,1,0,1,13,0,0.00029169633693447086,0,Low
1,0,0,2,28,1698,21,31907,663,4332,0.1479811055594748,0,0,1,11,0,0.00029169633693447086,0,Low
2,0,0,2,25,2239,20,56628,527,4926,0.0928840159825104,0,0,1,11,0,0.00029169633693447086,0,Low
2,1,0,2,37,3405,18,78789,646,5756,0.2025958559239717,1,0,1,10,0,0.00029169633693447086,0,Low
2,0,0,2,33,1167,15,47299,652,4913,0.0873193112221819,0,0,1,14,0,0.00029169633693447086,0,Low
3,1,0,2,32,3470,22,53666,629,5562,0.1231089198229784,0,0,0,6,0,0.00029169633693447086,0,Low
1,0,0,2,37,3365,23,51770,537,5545,0.1424444672964017,0,0,1,0,0,0.00029169633693447086,0,Low
1,1,1,2,32,2585,15,35504,584,4703,0.1081314208206281,0,0,0,1,0,0.00029169633693447086,0,Low
2,1,0,2,34,2217,17,30121,625,5452,0.1921280355148152,0,0,0,5,0,0.00029169633693447086,0,Low
3,1,1,2,31,3259,21,61160,518,4742,0.135654919008912,0,0,1,6,0,0.00029169633693447086,0,Low
0,0,0,2,23,2755,17,43971,507,4854,0.2061359168191602,0,0,0,4,0,0.00029169633693447086,0,Low
4,1,0,2,37,1522,16,42779,511,4429,0.1943164580544086,0,0,1,14,0,0.00029169633693447086,0,Low
0,1,0,2,33,3452,21,54646,692,4378,0.1288705117338274,0,1,1,8,0,0.00029169633693447086,0,Low
1,0,0,2,34,3135,19,46395,512,5462,0.1472553846919633,0,0,1,0,0,0.00029169633693447086,0,Low
2,0,0,0,19,2768,22,97222,504,5579,0.1257357076614618,0,0,1,13,0,0.0002911510140493067,0,Low
3,2,1,0,20,1899,21,91846,568,5644,0.1107962199143461,0,0,0,10,0,0.0002911510140493067,0,Low
4,0,0,0,20,819,23,97850,546,5737,0.1236550550402248,0,0,1,13,0,0.0002911510140493067,0,Low
1,0,1,0,21,2036,16,89353,741,4194,0.099280231807231,0,0,1,1,0,0.0002911510140493067,0,Low
2,0,0,0,20,2216,19,92607,721,5628,0.1637143288327668,0,0,1,0,0,0.0002911510140493067,0,Low
1,0,1,0,22,3061,23,92132,640,4240,0.0989626023947543,0,0,1,13,0,0.0002911510140493067,0,Low
2,1,0,1,17,1370,22,96304,742,4243,0.1524974554591323,0,0,1,5,0,0.0002911510140493067,0,Low
2,1,0,1,18,1517,16,95975,632,4412,0.1337463160691354,0,0,1,2,0,0.0002911510140493067,0,Low
3,2,1,1,38,2889,24,38440,608,5581,0.1994601562396246,0,0,1,4,0,0.0002902129592236486,0,Low
2,2,0,0,24,1803,20,43963,702,4383,0.1953200118525109,0,0,1,5,0,0.0002902129592236486,0,Low
2,2,0,1,29,1778,23,54980,669,5583,0.1967705371080791,0,0,1,6,0,0.0002902129592236486,0,Low
3,0,0,1,37,1746,24,33143,694,5315,0.2196527373054554,0,0,1,5,0,0.0002902129592236486,0,Low
0,0,1,0,29,1442,24,48120,669,4451,0.2196206010412906,0,0,0,11,0,0.0002902129592236486,0,Low
1,0,0,0,24,1506,19,70794,550,5366,0.1986767322758005,0,1,1,8,0,0.0002902129592236486,0,Low
3,0,0,1,35,2883,23,50192,562,5481,0.1672910290787184,0,0,1,8,0,0.0002902129592236486,0,Low
1,2,0,0,31,2802,21,37877,670,4947,0.1970140992531102,0,0,1,2,0,0.0002902129592236486,0,Low
1,1,1,0,32,2920,19,69937,606,5116,0.1911175118875438,0,0,1,10,0,0.0002902129592236486,0,Low
1,0,0,1,32,819,24,33541,585,4740,0.172772430088994,0,0,1,10,0,0.0002902129592236486,0,Low
1,1,1,0,35,1656,22,67110,673,4764,0.1911959151504273,0,0,1,8,0,0.0002902129592236486,0,Low
0,1,0,1,29,1651,21,38885,722,5475,0.1821073650501594,0,0,1,14,0,0.0002902129592236486,0,Low
2,0,0,1,28,819,22,66035,524,5639,0.1723661114669294,0,0,1,14,0,0.0002902129592236486,0,Low
2,0,1,1,28,2708,23,64005,507,5499,0.1955234805308631,0,0,0,0,0,0.0002902129592236486,0,Low
1,2,0,0,32,1057,22,50655,712,4958,0.1727781751084078,0,0,0,3,0,0.0002902129592236486,0,Low
3,0,0,1,38,2691,23,43355,574,4387,0.1689049261269402,0,0,1,4,0,0.0002902129592236486,0,Low
0,1,0,1,33,2998,20,41465,521,5764,0.1752888274763587,0,0,0,9,0,0.0002902129592236486,0,Low
3,0,0,1,32,1484,22,59030,575,5739,0.1800149564303126,0,0,1,14,0,0.0002902129592236486,0,Low
2,1,1,0,32,3139,22,35364,502,4704,0.1848971418523304,0,0,0,1,0,0.0002902129592236486,0,Low
2,0,0,0,29,838,21,67533,721,4294,0.1708327325812024,0,0,1,14,0,0.0002902129592236486,0,Low
3,1,0,0,27,2606,22,55791,502,5809,0.1778612096789292,0,0,1,13,0,0.0002902129592236486,0,Low
2,0,0,1,27,2289,22,36988,607,4539,0.2062898402778047,0,0,1,1,0,0.0002902129592236486,0,Low
0,2,1,1,29,2436,24,50503,517,4732,0.1771197633792235,0,0,0,12,0,0.0002902129592236486,0,Low
2,1,1,1,31,2553,21,69201,618,4702,0.1751981746772005,0,0,1,1,0,0.0002902129592236486,0,Low
1,0,0,1,29,1032,19,53795,641,4704,0.1826611740429913,0,0,1,6,0,0.0002902129592236486,0,Low
2,0,0,1,36,3094,21,34629,502,4288,0.212869879437835,0,0,0,1,0,0.0002902129592236486,0,Low
2,2,0,1,35,3079,21,44090,525,5220,0.1944399396826969,0,0,1,8,0,0.0002902129592236486,0,Low
1,1,0,0,36,882,20,72271,527,4339,0.1739751014140029,0,0,1,3,0,0.0002902129592236486,0,Low
1,0,0,0,28,2556,19,70021,733,5266,0.2031910314322704,0,0,1,7,0,0.0002902129592236486,0,Low
1,1,0,0,35,2803,23,34119,642,4414,0.2005924180187001,0,0,0,1,0,0.0002902129592236486,0,Low
2,1,0,0,29,2224,23,62618,646,4217,0.1921025574867735,0,0,1,4,0,0.0002902129592236486,0,Low
4,0,1,2,4,3286,6,79008,693,4685,0.1014794054956758,0,0,1,9,0,0.00028978073179778226,0,Low
2,1,0,2,25,2795,24,82681,645,1872,0.1867949135723554,0,0,0,7,0,0.00028933332032225235,0,Low
1,1,1,1,14,2709,24,80344,572,1781,0.2059205314676671,0,0,1,3,0,0.00028933332032225235,0,Low
0,1,1,0,37,2243,21,77128,576,1427,0.2046394715276254,0,0,0,7,0,0.00028933332032225235,0,Low
2,0,1,0,3,2780,19,82072,653,1107,0.2016188506450734,0,0,1,0,0,0.00028933332032225235,0,Low
2,1,1,1,9,2056,19,74642,670,1155,0.2101320591967749,0,0,1,9,0,0.00028933332032225235,0,Low
0,4,0,1,0,1923,2,40732,511,5698,0.1349736112944363,0,0,1,1,0,0.0002880983433442694,0,Low
0,1,0,1,21,2144,19,85383,647,1943,0.2128437846836507,0,0,1,6,0,0.00028769356373885323,0,Low
3,0,0,2,5,2960,15,87833,536,3651,0.2112411023634786,0,0,1,11,0,0.00028668834679584953,0,Low
1,0,0,1,0,3399,22,85593,617,4594,0.2125496190466109,0,0,1,12,0,0.00028520496908502723,0,Low
4,0,0,2,27,1881,14,34055,659,3644,0.1659667817080146,0,0,1,11,0,0.0002847108425531284,0,Low
3,1,0,2,18,2346,24,68469,581,3964,0.1384523091525722,0,0,0,0,0,0.0002833120280967124,0,Low
5,0,0,0,22,1633,19,50191,555,5293,0.2116149142323493,0,0,1,4,0,0.00028287599014290726,0,Low
1,1,0,0,32,2943,23,93602,591,4493,0.1183054557581315,0,0,1,6,0,0.0002822542168962818,0,Low
2,0,0,0,37,2371,23,90392,623,5262,0.0918886650265111,0,0,1,1,0,0.0002822542168962818,0,Low
0,0,0,1,27,1799,24,96032,625,4362,0.1099107874244146,0,0,1,12,0,0.0002822542168962818,0,Low
4,1,0,0,39,1342,22,93046,558,4524,0.1595066973657883,0,0,1,8,0,0.0002822542168962818,0,Low
2,0,0,1,27,1526,21,93865,685,5762,0.1320873311083716,0,0,0,12,0,0.0002822542168962818,0,Low
2,1,0,0,23,2333,18,95892,620,4916,0.148229109736353,0,0,1,3,0,0.0002822542168962818,0,Low
3,1,0,1,24,3392,18,93447,522,5913,0.0880238032177598,0,0,0,4,0,0.0002822542168962818,0,Low
2,0,0,1,25,1033,23,92878,699,5215,0.1078141657770163,0,0,1,0,0,0.0002822542168962818,0,Low
3,0,1,1,32,1037,22,93305,539,5764,0.16442214713764,0,1,1,11,0,0.0002822542168962818,0,Low
1,0,1,1,27,1897,18,99601,518,5783,0.1567360360498059,0,1,1,5,0,0.0002822542168962818,0,Low
2,0,0,1,21,2989,22,99464,566,4780,0.1661653524480883,0,0,0,4,0,0.0002822542168962818,0,Low
3,1,1,1,32,3309,20,90736,564,5442,0.0884265585043751,0,0,0,13,0,0.0002822542168962818,0,Low
2,1,0,1,25,3288,20,94965,588,5205,0.097967346792953,0,0,1,11,0,0.0002822542168962818,0,Low
0,0,1,1,26,1174,23,91853,565,5207,0.1181609198205209,0,0,1,11,0,0.0002822542168962818,0,Low
4,2,0,2,5,1395,20,47353,715,4819,0.2007154790544114,0,0,1,11,0,0.0002819511387491848,0,Low
3,4,0,0,5,2503,7,32096,515,1680,0.1874429569156663,0,0,1,7,0,0.00028169014084507044,0,Low
0,4,1,2,12,2221,8,62194,681,1773,0.1124412817520266,0,0,1,9,0,0.00028169014084507044,0,Low
1,4,1,1,8,832,1,55655,544,1095,0.0917554554279195,0,0,1,8,0,0.00028169014084507044,0,Low
1,4,0,2,3,1927,6,51523,687,2824,0.1052920632094911,0,0,1,13,0,0.00028169014084507044,0,Low
1,0,2,2,4,1747,15,91273,512,5022,0.1355342873470352,0,0,1,5,0,0.0002811048051264114,0,Low
1,1,2,2,8,2056,5,82099,523,4191,0.1947949657179995,0,0,1,5,0,0.0002811048051264114,0,Low
3,2,2,2,9,981,7,94304,621,5868,0.1772441045632171,0,0,1,10,0,0.0002811048051264114,0,Low
1,0,2,2,4,2731,0,95190,540,4586,0.1415813863170633,0,0,0,14,0,0.0002811048051264114,0,Low
1,1,2,2,8,2721,5,81714,632,4638,0.1126635213770098,0,0,1,11,0,0.0002811048051264114,0,Low
1,2,2,2,9,1129,0,82174,642,3400,0.1560157192073413,0,0,1,0,0,0.0002811048051264114,0,Low
4,0,2,2,9,2006,19,77578,632,4023,0.1500499923020709,0,0,1,10,0,0.0002811048051264114,0,Low
2,1,1,2,14,3237,21,70734,704,3537,0.2163151281982078,0,0,1,12,0,0.00028089917157056075,0,Low
2,1,0,0,23,3432,24,87622,681,1834,0.201312406336246,0,0,1,5,0,0.0002787967665858283,0,Low
1,2,0,0,2,1916,23,88518,552,2574,0.2183118898880532,0,0,1,3,0,0.0002787967665858283,0,Low
1,1,0,1,13,1519,21,85834,555,2451,0.2155812737610054,0,0,0,1,0,0.0002787967665858283,0,Low
1,0,0,3,6,863,24,92606,598,2741,0.2116111741847623,0,0,0,10,0,0.0002787967665858283,0,Low
4,2,0,1,34,2327,21,84491,538,2721,0.2036776632345253,0,1,0,8,0,0.0002787967665858283,0,Low
1,1,0,3,15,870,8,61751,687,4504,0.1851362840589837,1,0,1,8,0,0.0002768220828799491,0,Low
1,0,1,2,33,1657,3,31889,583,5626,0.2149897086336344,0,0,1,1,0,0.0002744152309436874,0,Low
2,0,1,2,27,2239,24,38075,526,3578,0.1223300716772433,0,0,1,1,0,0.0002744152309436874,0,Low
1,0,1,2,31,1082,9,60140,511,4829,0.2015998584060852,0,0,1,9,0,0.0002744152309436874,0,Low
1,1,1,0,30,1792,21,48255,655,3125,0.2053185037465757,0,0,1,0,0,0.0002729318532328652,0,Low
4,1,0,1,13,3256,14,37410,708,3126,0.1015251410631525,0,0,1,2,0,0.0002703794886550082,0,Low
4,1,1,1,7,3230,23,45346,674,3160,0.1021925449502169,0,0,0,4,0,0.0002703794886550082,0,Low
2,3,0,1,23,1713,22,79280,622,4186,0.1051520213843699,0,0,0,8,0,0.00026902831236602946,0,Low
0,3,1,0,36,1142,16,76481,573,5474,0.1247006469773696,0,0,1,5,0,0.00026902831236602946,0,Low
1,1,2,2,19,981,13,75386,647,1806,0.1233507345198471,0,0,1,7,0,0.0002686359596395925,0,Low
2,2,0,2,1,2957,13,71922,688,3459,0.1888945592537593,0,0,1,9,0,0.0002674251091407381,0,Low
2,1,1,2,9,1645,14,60711,707,4802,0.2108607759069616,0,0,1,10,0,0.0002674251091407381,0,Low
5,1,0,2,19,1164,24,32415,613,3172,0.0887692596217238,0,0,1,10,0,0.0002670782618629461,0,Low
1,0,0,2,32,1810,24,60454,541,3054,0.2042009388945893,0,0,1,3,0,0.0002665236507336662,0,Low
1,1,0,2,11,3257,14,87401,618,1228,0.2181527033254903,0,0,1,0,0,0.00026532270415600566,0,Low
1,1,0,2,12,2033,13,88448,546,2530,0.2090819407496899,0,0,1,14,0,0.00026532270415600566,0,Low
4,0,0,0,15,3296,19,72676,724,2397,0.1577564362200207,0,0,1,10,0,0.00026397128615580917,0,Low
2,0,0,2,16,1220,11,82436,671,4230,0.2035242413902435,0,0,1,1,0,0.0002631059576649502,0,Low
0,0,0,2,17,3122,2,81725,691,3386,0.2095526973771104,0,0,1,0,0,0.0002631059576649502,0,Low
4,1,2,0,9,941,16,65890,713,3900,0.13233451859099,0,0,1,8,0,0.00026170356198363726,0,Low
4,0,2,0,1,2783,13,33652,738,4273,0.1019578485983501,0,0,1,14,0,0.00026170356198363726,0,Low
4,3,1,1,20,2391,5,82947,512,4698,0.2065090600030718,0,0,1,8,0,0.00026064400352827097,0,Low
1,0,0,3,7,1150,5,98919,693,2622,0.1918863767115293,1,0,0,6,0,0.0002605883166461828,0,Low
2,1,1,2,17,2437,24,53475,678,1225,0.1719021236257553,0,0,1,5,0,0.0002591866816529249,0,Low
1,1,1,1,17,2807,24,57360,579,1803,0.2072102819566885,0,0,0,9,0,0.0002591866816529249,0,Low
3,0,1,1,20,2757,21,43311,565,2320,0.2009523945002341,0,0,1,2,0,0.0002591866816529249,0,Low
1,1,2,2,30,2478,0,36433,586,4461,0.1201913128664768,0,0,0,3,0,0.00025829513553782523,0,Low
1,0,2,2,23,2368,2,37888,730,5575,0.0978632851111792,0,0,0,11,0,0.00025829513553782523,0,Low
3,1,2,2,24,1923,3,32187,528,3443,0.0816263339029469,0,0,1,6,0,0.00025829513553782523,0,Low
3,1,2,2,32,1644,3,46823,524,4155,0.1243198182742079,0,0,1,14,0,0.00025829513553782523,0,Low
1,0,2,2,23,1529,4,42135,677,4482,0.1779819529149424,0,0,1,8,0,0.00025829513553782523,0,Low
1,0,2,2,31,1283,10,36882,504,5491,0.122650122974054,0,0,1,2,0,0.00025829513553782523,0,Low
1,1,1,2,8,1218,4,33919,704,3781,0.2097232342178521,0,0,1,6,0,0.0002581814647099212,0,Low
1,1,1,2,5,2159,18,47382,685,4680,0.2032485666132318,0,0,1,4,0,0.0002581814647099212,0,Low
5,1,1,2,33,858,0,45524,665,5861,0.2107576814394434,0,1,1,7,0,0.0002581814647099212,0,Low
2,0,0,2,10,910,24,53417,681,4875,0.1049345974443261,0,0,0,12,0,0.0002581814647099212,0,Low
2,1,1,2,1,1226,2,35034,578,4085,0.206832968828193,1,0,1,3,0,0.0002581814647099212,0,Low
0,1,1,1,1,3343,19,69800,706,4767,0.2064462525893218,0,0,1,1,0,0.000256698086999099,0,Low
2,2,1,0,11,832,23,67154,562,3307,0.2017335202627468,0,0,1,2,0,0.000256698086999099,0,Low
3,0,1,0,9,890,23,57011,605,4358,0.2028504670937979,0,0,1,6,0,0.000256698086999099,0,Low
1,1,1,0,8,2578,19,63647,709,5036,0.2091378947830712,0,0,1,0,0,0.000256698086999099,0,Low
2,0,1,0,12,3052,24,34870,590,3892,0.21163494851392,0,0,1,4,0,0.000256698086999099,0,Low
2,1,1,0,14,1213,24,39272,673,4837,0.2066194102255736,0,0,1,5,0,0.000256698086999099,0,Low
0,1,0,0,20,1736,14,95903,585,5056,0.1535734439885219,0,0,0,9,0,0.00025618597908427175,0,Low
1,1,0,0,17,3161,14,87866,555,4247,0.1096640833943093,0,0,1,13,0,0.00025618597908427175,0,Low
1,0,0,1,20,973,14,94552,613,5371,0.1146203876152034,0,0,1,4,0,0.00025618597908427175,0,Low
0,0,0,0,22,1614,20,81010,510,4933,0.0942748243599065,0,0,1,3,0,0.00025618597908427175,0,Low
2,1,0,0,21,2167,20,83923,695,4338,0.1012986777034993,0,1,1,13,0,0.00025618597908427175,0,Low
2,1,1,1,21,2885,13,80949,737,4964,0.1034226002913359,0,0,0,1,0,0.00025618597908427175,0,Low
0,0,0,1,22,3333,13,98110,502,4168,0.1889976788450136,0,0,1,7,0,0.00025618597908427175,0,Low
3,0,0,1,20,3364,17,82323,609,5581,0.1017158014657249,0,0,1,0,0,0.00025618597908427175,0,Low
1,1,0,0,17,2153,15,94379,723,4209,0.1258230765637723,0,0,1,7,0,0.00025618597908427175,0,Low
1,1,0,1,22,986,16,75615,601,4200,0.2111474179319242,0,0,0,12,0,0.00025618597908427175,0,Low
3,1,0,0,18,2917,14,74381,721,4580,0.1314794302678111,0,0,0,6,0,0.00025618597908427175,0,Low
3,1,0,0,21,1839,14,95440,539,4543,0.1463343834964753,0,0,1,3,0,0.00025618597908427175,0,Low
1,1,1,1,22,3247,14,75739,503,4543,0.1403907364553955,0,0,1,7,0,0.00025618597908427175,0,Low
1,2,0,0,21,2691,16,86359,598,5678,0.1292508824543262,0,0,0,4,0,0.00025618597908427175,0,Low
2,2,0,1,22,2130,17,76788,520,5143,0.0878964053006167,0,0,1,1,0,0.00025618597908427175,0,Low
4,1,2,1,6,1519,16,60564,662,2199,0.1592116469890316,0,0,1,14,0,0.0002552953594844383,0,Low
4,1,2,1,8,2631,13,70160,683,2675,0.195710229263289,0,0,1,6,0,0.0002552953594844383,0,Low
2,0,0,2,32,1100,5,75604,680,5713,0.207448718094722,0,0,1,5,0,0.00025420916051192524,0,Low
2,0,0,2,15,1105,4,75713,712,4904,0.1815501289837543,0,0,0,2,0,0.00025420916051192524,0,Low
0,2,1,2,26,1669,3,82488,697,3937,0.1910697138659021,0,0,1,3,0,0.00025420916051192524,0,Low
3,0,0,1,20,1292,16,88871,598,5314,0.1742356195496588,1,0,1,2,0,0.0002521075782269544,0,Low
0,3,0,2,17,2282,14,81652,566,3981,0.1304850972804821,0,0,1,9,0,0.0002512974224581337,0,Low
4,1,1,2,9,3358,10,66250,683,5801,0.0922480816459214,0,0,0,7,0,0.0002507372959754299,0,Low
2,1,1,2,9,1782,24,39217,568,2553,0.1939224462893762,0,0,1,5,0,0.0002502898844999,0,Low
3,0,1,2,34,2953,19,38650,676,1040,0.2174068547597011,0,0,1,3,0,0.0002502898844999,0,Low
3,1,1,2,29,1247,24,43465,533,1496,0.2053933519863535,0,0,1,13,0,0.0002502898844999,0,Low
2,1,1,1,2,808,23,51747,598,2913,0.2190717800211165,0,0,1,1,0,0.0002502898844999,0,Low
1,0,2,0,24,2212,22,95631,553,5220,0.116739165992345,0,0,0,4,0,0.00024885301549963624,0,Low
1,2,0,2,3,1852,20,85464,536,3569,0.2138562925272132,1,0,0,14,0,0.0002476449109734972,0,Low
5,1,0,2,3,3275,1,86228,649,4627,0.2098738417428108,0,0,1,4,0,0.0002476449109734972,0,Low
3,2,0,0,29,2203,14,76061,566,5177,0.0923817246988058,0,0,0,2,0,0.00024728918193124685,0,Low
1,0,0,1,27,3199,18,82441,689,4785,0.1288442208317423,0,0,0,3,0,0.00024728918193124685,0,Low
2,2,1,1,37,3467,15,76386,591,4413,0.1956095635521025,0,0,0,4,0,0.00024728918193124685,0,Low
1,1,0,1,37,2717,13,88672,604,5777,0.1452946122719765,0,0,1,11,0,0.00024728918193124685,0,Low
1,1,0,0,31,1004,17,75934,705,5334,0.0998206304380235,0,0,1,7,0,0.00024728918193124685,0,Low
2,2,0,1,24,829,19,88333,566,5668,0.0835047968684026,0,0,1,9,0,0.00024728918193124685,0,Low
3,2,0,1,30,2919,16,80221,742,5219,0.0915355464190569,0,0,0,1,0,0.00024728918193124685,0,Low
1,0,0,0,27,1414,19,77923,503,5322,0.1462610002222517,0,0,1,0,0,0.00024728918193124685,0,Low
2,2,0,0,29,2854,20,81895,660,5855,0.123826814348864,0,0,1,14,0,0.00024728918193124685,0,Low
2,1,0,1,32,3439,14,85031,504,4488,0.1014044792011624,0,0,1,3,0,0.00024728918193124685,0,Low
0,2,0,1,32,1232,17,74845,628,4891,0.2059498481804703,0,0,1,4,0,0.00024728918193124685,0,Low
2,0,0,0,24,2389,15,86436,634,4503,0.1878784326152174,0,0,1,5,0,0.00024728918193124685,0,Low
1,2,0,1,29,3305,17,85142,684,5695,0.1688914838080695,0,0,1,2,0,0.00024728918193124685,0,Low
3,0,0,0,29,1022,19,83162,610,4334,0.1239182884018961,0,0,1,3,0,0.00024728918193124685,0,Low
3,0,1,0,34,3207,23,83256,506,4172,0.0938500120770884,0,0,1,1,0,0.00024728918193124685,0,Low
1,1,0,0,26,2287,24,84626,640,5253,0.1638963752411948,0,0,1,11,0,0.00024728918193124685,0,Low
2,1,0,1,35,3017,15,97073,604,5699,0.1933697927950462,0,0,1,0,0,0.00024728918193124685,0,Low
4,0,0,1,29,2950,20,81452,510,4178,0.0882555460654053,0,0,1,8,0,0.00024728918193124685,0,Low
2,0,0,0,33,1168,13,85015,684,5230,0.1073539650460778,0,0,0,8,0,0.00024728918193124685,0,Low
1,2,1,1,33,2509,24,75098,550,4685,0.1602281410391534,0,0,1,6,0,0.00024728918193124685,0,Low
2,1,0,1,32,2088,15,97242,663,4492,0.0905411603630838,0,0,1,14,0,0.00024728918193124685,0,Low
2,2,0,1,32,2481,13,81975,646,4600,0.190549615742314,0,1,1,12,0,0.00024728918193124685,0,Low
1,0,1,0,31,1407,19,83106,670,5187,0.1200314504065161,0,0,1,4,0,0.00024728918193124685,0,Low
0,0,0,1,25,2615,17,84292,562,5398,0.0888414678848923,0,0,0,1,0,0.00024728918193124685,0,Low
0,2,1,0,25,3092,14,76009,631,4307,0.1702328392633261,0,0,1,2,0,0.00024728918193124685,0,Low
2,1,0,0,34,1720,17,80724,736,4927,0.1625746717835937,0,0,0,0,0,0.00024728918193124685,0,Low
2,1,0,1,32,1677,16,83606,617,5238,0.2136124223176089,0,0,1,13,0,0.00024728918193124685,0,Low
1,1,0,1,32,3437,14,96410,729,4282,0.0940808370819948,0,0,1,7,0,0.00024728918193124685,0,Low
3,1,0,1,23,3139,13,91560,580,4427,0.1898248025205098,0,0,1,13,0,0.00024728918193124685,0,Low
2,1,0,1,38,3484,21,81860,661,4288,0.1267778412048464,0,0,1,4,0,0.00024728918193124685,0,Low
2,2,0,0,34,2321,18,87887,597,5331,0.1537427243499518,0,0,1,8,0,0.00024728918193124685,0,Low
2,1,1,1,34,2827,16,79956,671,5642,0.1706532418442537,0,0,1,0,0,0.00024728918193124685,0,Low
2,0,0,1,25,1387,14,97444,618,5453,0.1991582872295669,0,1,1,0,0,0.00024728918193124685,0,Low
0,0,0,0,29,1215,16,81642,623,5009,0.0854675430554699,0,0,1,1,0,0.00024728918193124685,0,Low
0,1,0,0,28,1484,16,80175,594,5496,0.1925916008421215,0,1,1,10,0,0.00024728918193124685,0,Low
4,1,1,0,31,1765,13,83828,626,5500,0.1146006909869202,0,0,1,2,0,0.00024728918193124685,0,Low
3,1,0,1,35,1038,13,83760,620,4603,0.1736230797789322,0,0,0,1,0,0.00024728918193124685,0,Low
4,2,0,0,26,2801,21,77776,631,4184,0.0802475107867105,0,0,1,13,0,0.00024728918193124685,0,Low
1,1,0,1,35,1443,21,77666,729,4454,0.1143484631371704,0,1,1,8,0,0.00024728918193124685,0,Low
2,2,0,1,33,3042,13,81792,578,4979,0.1764487294372887,0,0,1,6,0,0.00024728918193124685,0,Low
0,0,0,1,31,1141,21,74525,734,4801,0.1433560103155259,0,0,0,4,0,0.00024728918193124685,0,Low
1,0,0,1,36,3126,17,79893,679,4255,0.1134890451737958,0,0,0,13,0,0.00024728918193124685,0,Low
1,0,0,0,25,2862,16,82558,714,5632,0.1527138301425954,0,0,1,4,0,0.00024728918193124685,0,Low
3,0,0,1,38,2810,22,77529,534,4869,0.0830492998627727,0,0,1,11,0,0.00024728918193124685,0,Low
4,2,1,0,37,875,20,77565,582,5738,0.1162095577307283,0,0,1,12,0,0.00024728918193124685,0,Low
1,0,0,1,34,1838,18,77580,529,5014,0.2132405028389068,0,0,1,9,0,0.00024728918193124685,0,Low
1,1,0,0,37,2024,15,80682,642,5702,0.197730910600364,0,0,1,10,0,0.00024728918193124685,0,Low
3,0,1,1,35,1806,24,78261,548,5091,0.166046320444619,0,0,1,10,0,0.00024728918193124685,0,Low
1,1,0,1,34,863,14,86348,741,4399,0.0969000536227977,0,0,1,11,0,0.00024728918193124685,0,Low
1,0,0,1,30,3175,19,82264,670,5243,0.1263918855793133,0,0,1,3,0,0.00024728918193124685,0,Low
1,0,0,0,30,2688,18,88522,558,4665,0.0887369747573064,0,0,0,10,0,0.00024728918193124685,0,Low
0,0,0,1,28,1983,17,96954,634,4735,0.0975611025351946,1,0,1,11,0,0.00024321078107392944,0,Low
1,1,0,0,33,2460,24,96984,588,4889,0.1081011807552608,1,0,1,6,0,0.00024321078107392944,0,Low
1,0,0,0,35,2745,22,96720,500,4633,0.11302797724052,1,0,0,4,0,0.00024321078107392944,0,Low
3,0,1,1,33,3243,24,39158,739,2222,0.1899731102264948,0,0,0,8,0,0.0002428457157654087,0,Low
0,0,2,2,13,3249,10,30147,706,4508,0.1029437701018187,0,0,1,5,0,0.00024206136930405903,0,Low
3,1,2,2,7,1242,16,65661,647,4644,0.2035387299401585,0,0,1,10,0,0.00024206136930405903,0,Low
2,0,2,2,2,2438,2,49119,571,5338,0.130432468907426,0,0,1,14,0,0.00024206136930405903,0,Low
3,1,2,2,12,833,3,60113,552,4074,0.1098153794120082,0,0,1,9,0,0.00024206136930405903,0,Low
2,0,2,2,10,1458,8,43476,637,5243,0.1789771626272226,0,0,0,11,0,0.00024206136930405903,0,Low
2,1,2,2,5,2487,7,70999,698,3290,0.1260001905685828,0,0,1,5,0,0.00024206136930405903,0,Low
1,1,2,2,12,1846,18,35290,614,4722,0.1389397202912073,0,0,1,1,0,0.00024206136930405903,0,Low
2,0,2,2,0,3377,1,62700,599,5018,0.0916902676720384,0,0,1,5,0,0.00024206136930405903,0,Low
1,2,1,0,17,1707,12,83426,583,4430,0.2042931288995396,0,0,1,1,0,0.00023890487309348836,0,Low
4,2,1,1,21,971,11,74592,682,4776,0.2159912122541549,0,0,0,2,0,0.00023890487309348836,0,Low
2,3,0,1,21,2330,18,43296,669,4957,0.1362914923919937,0,0,1,2,0,0.00023888167369670203,0,Low
4,3,0,1,18,2552,15,47285,526,4598,0.0945101497318762,0,0,1,10,0,0.00023888167369670203,0,Low
2,3,0,1,18,2780,16,55008,630,4437,0.1913334904934308,0,0,1,14,0,0.00023888167369670203,0,Low
3,3,1,1,17,1785,17,39593,530,4411,0.1359471687984339,0,0,1,6,0,0.00023888167369670203,0,Low
0,1,0,2,10,2375,16,75350,714,3982,0.1915978511356985,0,0,1,13,0,0.00023797539427815903,0,Low
2,3,1,0,4,1040,9,74166,721,4544,0.207762884702187,0,0,0,3,0,0.00023551344014147984,0,Low
2,0,2,1,17,2608,20,92898,553,1699,0.1351009374213077,0,0,0,11,0,0.00023510784391969595,0,Low
1,0,1,2,27,1259,19,78686,517,3532,0.167680114830598,0,0,1,4,0,0.00023413555730014877,0,Low
1,0,2,1,0,2629,21,88667,551,4430,0.1803414499802874,0,0,1,3,0,0.00023261924926586998,0,Low
1,0,2,0,1,2987,17,95958,552,5769,0.0977636780912225,0,0,1,4,0,0.00023261924926586998,0,Low
3,2,1,0,35,2526,10,77280,540,5022,0.2056677331205019,0,0,1,1,0,0.00023000807594046344,0,Low
1,0,1,1,31,3185,9,77550,553,5432,0.2112410286315539,0,0,1,2,0,0.00023000807594046344,0,Low
2,2,1,0,28,2202,1,76838,600,5235,0.2026533477391632,0,1,1,9,0,0.00023000807594046344,0,Low
2,0,1,0,31,908,11,84101,622,5841,0.2081049582232996,0,0,1,4,0,0.00023000807594046344,0,Low
1,0,1,0,34,2587,11,83293,590,3452,0.2052845289169524,0,0,1,0,0,0.00023000807594046344,0,Low
0,3,0,0,26,2307,19,42087,528,5362,0.0874271339184138,0,0,1,12,0,0.0002299848765436771,0,Low
2,3,0,1,37,2087,18,55124,605,4929,0.1281715082692841,0,0,0,6,0,0.0002299848765436771,0,Low
3,3,1,1,31,981,24,43013,583,5448,0.0997834998197707,0,0,1,5,0,0.0002299848765436771,0,Low
3,3,0,0,37,1387,20,71011,607,4300,0.0927298523052239,0,0,1,10,0,0.0002299848765436771,0,Low
1,0,0,2,20,2309,12,83965,709,3757,0.1111193794134482,0,0,1,10,0,0.00022955829202335107,0,Low
2,0,1,2,16,853,12,89206,547,3180,0.0823009235599693,0,0,1,4,0,0.00022955829202335107,0,Low
1,3,1,1,32,2075,18,75880,556,1024,0.2062934963999589,0,0,1,7,0,0.00022910523764228086,0,Low
2,1,0,0,20,1536,8,91801,590,4208,0.2032149384394395,0,0,1,11,0,0.00022836831935706432,0,Low
0,1,0,1,16,3213,12,97287,641,3695,0.2105045455105801,0,0,1,6,0,0.00022836831935706432,0,Low
3,1,0,1,17,2118,11,87323,636,5739,0.2188801936042009,0,0,1,11,0,0.00022836831935706432,0,Low
3,1,0,0,18,2565,2,91205,512,5750,0.218109375767967,0,0,1,10,0,0.00022836831935706432,0,Low
1,1,0,0,16,1717,1,95952,524,4181,0.2123462968149935,0,0,1,12,0,0.00022836831935706432,0,Low
2,0,2,1,3,1144,22,96753,538,3099,0.097305909258206,0,0,1,8,0,0.000226211046766671,0,Low
1,1,2,0,13,1123,19,96124,504,2127,0.1267123812540232,0,0,0,9,0,0.000226211046766671,0,Low
3,1,2,2,13,1560,22,96196,606,1697,0.121227370910823,0,0,1,7,0,0.000226211046766671,0,Low
0,0,2,1,4,2879,23,93548,648,2568,0.0851837457460719,0,0,1,8,0,0.000226211046766671,0,Low
0,1,2,1,9,1794,23,91069,597,1484,0.1009048419351156,0,0,1,0,0,0.000226211046766671,0,Low
4,0,0,2,16,3068,18,53001,665,4418,0.2164985462645116,0,0,0,1,0,0.00022511448902122185,0,Low
1,1,0,2,17,2697,0,64014,738,5129,0.211265372387801,0,0,1,0,0,0.00022406252184259783,0,Low
1,1,2,1,20,1614,19,79157,572,5714,0.1506805089726024,0,0,1,0,0,0.00022278477768762617,0,Low
1,2,2,0,18,1809,0,83307,505,3725,0.0828471202272681,0,0,1,8,0,0.00022278477768762617,0,Low
1,2,2,0,16,2146,3,94035,553,5792,0.1127501236190691,0,0,1,6,0,0.00022278477768762617,0,Low
2,2,2,0,16,1601,8,90807,729,5053,0.1870536887839431,0,0,1,13,0,0.00022278477768762617,0,Low
2,0,2,0,20,1051,7,83009,692,5438,0.1591953591765235,0,0,1,9,0,0.00022278477768762617,0,Low
2,2,2,1,19,1494,12,76809,575,5496,0.1039704326166125,0,0,1,4,0,0.00022278477768762617,0,Low
3,1,2,1,20,943,13,96365,559,3674,0.1755558385697476,0,0,1,2,0,0.00022278477768762617,0,Low
2,0,2,2,34,2147,14,53133,681,1953,0.1354766255000806,0,0,1,12,0,0.00022069572666421518,0,Low
2,3,0,2,2,1041,15,65904,714,5111,0.1861111035924397,0,0,1,0,0,0.00022067108889058925,0,Low
3,1,1,0,32,2557,0,93770,567,3852,0.2023022075827081,0,0,1,12,0,0.0002194715222040394,0,Low
2,0,0,0,28,3314,2,96004,598,5823,0.2105609125339134,0,0,1,6,0,0.0002194715222040394,0,Low
2,0,1,0,36,968,12,93963,633,3130,0.2046361650604096,0,0,1,11,0,0.0002194715222040394,0,Low
1,0,0,0,37,2842,6,92095,571,3648,0.2031244787704464,0,0,1,4,0,0.0002194715222040394,0,Low
1,0,0,0,33,1769,14,93138,602,4100,0.2138479003782939,0,0,1,0,0,0.0002194715222040394,0,Low
3,0,0,0,31,1911,2,87533,669,4824,0.2168918919589922,0,0,1,13,0,0.0002194715222040394,0,Low
1,1,0,0,34,3224,10,87173,534,3743,0.2034588113388206,0,0,1,11,0,0.0002194715222040394,0,Low
1,0,1,1,25,2306,12,97774,555,5059,0.2198021203631154,0,0,0,12,0,0.0002194715222040394,0,Low
2,1,0,0,32,3344,3,87384,647,4194,0.2079382743004341,0,0,1,0,0,0.0002194715222040394,0,Low
2,0,0,0,30,1841,11,88821,638,5350,0.21635805297161,0,0,1,13,0,0.0002194715222040394,0,Low
1,2,0,0,29,1200,12,91923,562,4729,0.2070947360782719,0,0,1,13,0,0.0002194715222040394,0,Low
1,2,0,0,33,2291,4,89071,594,5498,0.2160399594441345,0,1,1,6,0,0.0002194715222040394,0,Low
2,1,0,2,2,1807,19,82510,595,5156,0.1913960879419136,0,0,1,13,0,0.00021790179106638254,0,Low
3,0,0,2,8,1473,23,74164,590,4518,0.2048521028561474,0,0,1,7,0,0.00021790179106638254,0,Low
4,2,0,2,12,2950,20,76168,551,3524,0.1678638001856708,0,0,1,8,0,0.00021790179106638254,0,Low
2,0,0,2,4,2890,23,74458,535,4466,0.1792033515773535,0,0,1,10,0,0.00021790179106638254,0,Low
2,1,1,0,18,2531,16,74010,671,4421,0.1775354093226796,1,0,1,14,0,0.0002171425432619194,0,Low
2,2,0,1,17,836,18,49493,678,5345,0.1825118783093941,0,0,0,7,0,0.0002171425432619194,0,Low
2,0,0,1,22,844,21,64000,669,4594,0.157384183451458,0,0,1,5,0,0.0002171425432619194,0,Low
3,0,1,0,21,1110,22,42380,671,5795,0.1527303611796056,0,0,1,1,0,0.0002171425432619194,0,Low
0,2,0,1,19,3101,15,36489,624,5794,0.1723586452788649,1,0,0,0,0,0.0002171425432619194,0,Low
4,0,1,0,20,3180,18,38768,633,4410,0.1835199103483254,0,0,1,12,0,0.0002171425432619194,0,Low
2,2,0,1,22,2257,20,69907,619,4982,0.1178518735630681,0,0,1,3,0,0.0002171425432619194,0,Low
2,1,0,1,19,1080,18,57540,625,4247,0.1758239462577708,0,0,0,10,0,0.0002171425432619194,0,Low
1,0,1,1,19,3230,23,70258,548,5025,0.1415452433229349,1,0,1,9,0,0.0002171425432619194,0,Low
2,0,1,1,19,2000,19,88218,539,4992,0.2001603514340242,1,0,1,6,0,0.0002171425432619194,0,Low
1,0,1,0,21,1257,23,54909,516,5787,0.1276040125630116,0,0,0,12,0,0.0002171425432619194,0,Low
1,0,0,0,22,1532,24,56049,609,4323,0.1007342434333164,0,0,0,9,0,0.0002171425432619194,0,Low
0,1,0,1,22,3426,13,83478,552,4524,0.0999383459444942,1,0,1,14,0,0.0002171425432619194,0,Low
3,0,0,0,20,1161,16,64610,660,5673,0.2051557744501462,1,0,1,7,0,0.0002171425432619194,0,Low
3,2,0,0,21,836,18,31359,631,4893,0.0828696766590675,1,0,1,2,0,0.0002171425432619194,0,Low
2,1,0,0,17,1472,17,59980,696,5495,0.1407016799584231,0,0,1,0,0,0.0002171425432619194,0,Low
0,2,0,0,19,1899,22,52047,565,5943,0.1051347365147646,0,0,1,8,0,0.0002171425432619194,0,Low
1,0,1,0,17,1024,23,43695,693,5502,0.1649889443808546,0,0,1,12,0,0.0002171425432619194,0,Low
4,1,0,0,18,1838,19,63794,613,5552,0.1659767126442772,0,1,1,8,0,0.0002171425432619194,0,Low
0,0,0,0,20,3420,20,65629,627,5719,0.1654653163836569,0,0,1,4,0,0.0002171425432619194,0,Low
1,2,0,1,18,1755,23,43521,721,5590,0.1555390622186226,0,0,1,10,0,0.0002171425432619194,0,Low
3,0,0,0,22,2935,18,61177,581,5494,0.2186144486029488,0,0,1,9,0,0.0002171425432619194,0,Low
2,2,0,1,19,2786,21,68255,553,4910,0.1174303150360813,0,0,1,6,0,0.0002171425432619194,0,Low
1,1,1,1,17,2654,22,35867,663,4948,0.1399958013035315,1,0,1,1,0,0.0002171425432619194,0,Low
1,1,0,1,18,2799,17,48361,525,5011,0.1059926431445053,0,0,0,12,0,0.0002171425432619194,0,Low
1,0,1,0,21,3230,18,55171,601,5442,0.1215320290734677,1,0,1,6,0,0.0002171425432619194,0,Low
3,1,0,0,21,995,22,35180,634,5523,0.1328564476452778,0,0,1,1,0,0.0002171425432619194,0,Low
3,0,0,1,17,2202,13,56425,623,4723,0.137750325059621,0,0,1,8,0,0.0002171425432619194,0,Low
1,0,0,1,22,1139,13,66852,580,4725,0.2129514454098603,0,0,0,11,0,0.0002171425432619194,0,Low
1,0,1,0,18,1444,13,67533,601,4331,0.1967512481196531,0,0,1,14,0,0.0002171425432619194,0,Low
1,1,1,0,19,2691,16,36367,614,5018,0.1963535102931355,0,0,1,10,0,0.0002171425432619194,0,Low
2,1,0,0,20,911,19,49226,602,5251,0.1469087275456262,0,0,1,6,0,0.0002171425432619194,0,Low
1,2,1,0,21,1459,14,71533,593,4988,0.1699550014275067,1,0,0,13,0,0.0002171425432619194,0,Low
0,2,0,1,22,1138,21,31390,620,5930,0.1005573522679827,0,0,1,2,0,0.0002171425432619194,0,Low
2,1,0,0,19,3133,16,46858,548,4200,0.2001332693057862,1,0,1,11,0,0.0002171425432619194,0,Low
0,0,0,1,19,2135,23,50418,592,5711,0.1650717835039409,0,0,1,11,0,0.0002171425432619194,0,Low
1,0,0,0,20,1748,17,48547,633,4490,0.1383030849303117,0,0,0,14,0,0.0002171425432619194,0,Low
0,0,1,0,17,890,20,71394,537,5282,0.1042398774376463,1,0,0,1,0,0.0002171425432619194,0,Low
1,0,0,0,18,3081,17,65385,596,4759,0.1682137254503791,0,0,1,12,0,0.0002171425432619194,0,Low
2,1,0,0,19,1846,14,45219,589,4618,0.1419123005234532,0,0,0,5,0,0.0002171425432619194,0,Low
2,1,1,0,21,2132,22,32496,729,5698,0.1191817546773761,0,0,1,10,0,0.0002171425432619194,0,Low
4,2,0,0,19,2088,14,55578,586,4891,0.1914752409059482,0,0,0,9,0,0.0002171425432619194,0,Low
3,0,0,1,19,2062,14,34377,630,5055,0.0861281795028455,0,0,1,3,0,0.0002171425432619194,0,Low
1,2,0,1,19,1223,23,35933,552,4890,0.1059484821690409,0,0,1,4,0,0.0002171425432619194,0,Low
4,0,1,0,19,2292,18,50817,511,4788,0.2011285778497281,0,0,1,11,0,0.0002171425432619194,0,Low
1,0,1,1,22,1510,15,49097,624,5274,0.1429374198975012,0,0,1,8,0,0.0002171425432619194,0,Low
4,0,0,0,18,1232,15,70036,588,4479,0.0868251076391495,0,0,1,13,0,0.0002171425432619194,0,Low
0,2,0,1,18,2853,22,58345,609,5921,0.210868187883635,1,0,1,0,0,0.0002171425432619194,0,Low
3,2,1,1,19,3093,21,53167,594,4434,0.1392869889147074,0,0,1,5,0,0.0002171425432619194,0,Low
2,0,0,0,21,3369,20,51013,713,5929,0.1303646844549879,0,0,1,0,0,0.0002171425432619194,0,Low
2,1,0,0,21,1012,21,58332,662,4707,0.0970685921365351,0,0,1,11,0,0.0002171425432619194,0,Low
2,1,0,1,20,1197,17,44999,614,4528,0.1886592504965164,0,0,1,6,0,0.0002171425432619194,0,Low
2,2,1,0,20,913,13,64844,567,5806,0.180734948443662,0,0,0,6,0,0.0002171425432619194,0,Low
1,2,0,0,19,3090,14,54766,577,4737,0.082629295095967,1,0,1,8,0,0.0002171425432619194,0,Low
1,1,1,1,19,1947,15,30714,621,5243,0.2002025046856408,0,0,1,0,0,0.0002171425432619194,0,Low
1,0,0,0,22,1374,23,63160,650,5048,0.0893840616137721,0,0,1,13,0,0.0002171425432619194,0,Low
1,2,1,0,17,1615,23,48096,635,5966,0.1230475126422064,1,0,0,13,0,0.0002171425432619194,0,Low
2,0,0,1,18,1625,24,43910,734,5641,0.1329832605808955,0,0,1,5,0,0.0002171425432619194,0,Low
3,2,0,1,18,2951,18,71728,576,5524,0.1848862133585312,0,0,0,13,0,0.0002171425432619194,0,Low
1,0,1,0,17,3331,17,54343,693,4422,0.1016004655254343,0,0,0,8,0,0.0002171425432619194,0,Low
2,0,0,0,18,2093,17,72980,588,4286,0.1123305142864714,0,0,0,10,0,0.0002171425432619194,0,Low
1,0,1,0,19,1812,19,51408,584,4372,0.1492619460661313,1,0,1,10,0,0.0002171425432619194,0,Low
3,1,0,1,19,2634,14,61217,656,5145,0.0910256475863904,0,0,1,3,0,0.0002171425432619194,0,Low
1,1,1,0,22,3473,16,36713,713,4373,0.1407118502654133,0,1,1,10,0,0.0002171425432619194,0,Low
2,2,0,0,19,1042,18,65082,653,5391,0.2009745745652216,0,0,1,2,0,0.0002171425432619194,0,Low
3,1,0,0,18,1429,13,34312,726,5208,0.1937115068494259,0,0,1,9,0,0.0002171425432619194,0,Low
2,0,0,0,19,2880,19,33589,501,5719,0.1519053118248526,1,0,0,8,0,0.0002171425432619194,0,Low
1,1,1,0,17,2099,15,32915,518,5065,0.1811960162314672,0,0,1,3,0,0.0002171425432619194,0,Low
0,0,0,0,21,1308,21,70130,643,5062,0.1397740931663789,0,0,1,11,0,0.0002171425432619194,0,Low
0,0,0,1,22,2597,22,34584,520,4183,0.1665172073898521,0,0,1,4,0,0.0002171425432619194,0,Low
3,1,0,0,18,2000,19,75694,637,4281,0.2185310040247199,1,0,0,7,0,0.0002171425432619194,0,Low
1,1,0,0,20,3285,14,78808,596,5238,0.0914286062661444,1,0,1,2,0,0.0002171425432619194,0,Low
2,2,1,1,19,2344,14,61773,673,5669,0.0828490397975964,0,0,1,4,0,0.0002171425432619194,0,Low
1,0,1,2,6,3369,13,82114,728,1032,0.1954997830343725,0,0,0,3,0,0.00021660975163831516,0,Low
1,0,0,2,9,3304,14,76693,696,2132,0.1939042255831159,0,0,1,12,0,0.00021660975163831516,0,Low
2,2,1,1,20,1115,9,75800,564,1148,0.2109404192291074,0,0,1,4,0,0.00021626290436052315,0,Low
1,0,0,2,27,2194,0,72951,707,3934,0.190734052853429,0,0,1,10,0,0.00021516572468957288,0,Low
1,2,2,0,29,2960,9,85595,505,4667,0.1793258286037546,0,0,1,4,0,0.00021388798053460125,0,Low
1,1,2,0,26,1724,3,87761,702,3824,0.1884291726934615,0,0,1,11,0,0.00021388798053460125,0,Low
2,1,2,1,31,1647,1,86532,606,3830,0.1429417530732286,0,0,1,5,0,0.00021388798053460125,0,Low
1,0,2,1,33,2801,1,90330,567,5743,0.091984499604049,0,0,1,12,0,0.00021388798053460125,0,Low
0,0,2,0,24,3087,11,90567,683,3650,0.1294860533574771,0,0,1,11,0,0.00021388798053460125,0,Low
2,1,2,0,26,3084,5,85050,605,5315,0.1918678385449832,0,0,1,9,0,0.00021388798053460125,0,Low
3,0,2,1,31,1436,18,87118,584,5083,0.1555388366427935,0,0,0,2,0,0.00021388798053460125,0,Low
1,0,2,1,24,2859,2,86178,572,3130,0.1166889452090458,0,0,1,4,0,0.00021388798053460125,0,Low
3,2,2,0,35,1626,3,94461,621,4955,0.1398252493446395,0,0,1,1,0,0.00021388798053460125,0,Low
3,0,2,0,33,2130,5,81035,557,4824,0.1214767228223466,0,0,1,11,0,0.00021388798053460125,0,Low
1,2,2,0,27,3327,3,86231,601,5152,0.0880870746540483,0,0,1,13,0,0.00021388798053460125,0,Low
3,2,2,1,31,1489,17,75534,547,5563,0.1604976421404521,0,0,1,2,0,0.00021388798053460125,0,Low
1,1,2,0,25,1886,11,76335,548,5404,0.1475300572359817,0,0,1,4,0,0.00021388798053460125,0,Low
1,1,1,1,0,1799,0,80716,746,3213,0.21213920644935,0,0,1,2,0,0.0002137743097066972,0,Low
3,1,1,1,4,1636,8,75870,559,5873,0.2027171260126543,0,0,1,0,0,0.0002137743097066972,0,Low
0,1,1,0,11,851,4,76068,500,4229,0.2138391190023535,0,0,1,7,0,0.0002137743097066972,0,Low
0,1,0,1,24,3000,1,99107,738,3072,0.2064319239729407,0,0,1,13,0,0.00021306331970484042,0,Low
3,0,1,1,18,3312,11,87021,701,2554,0.0835859659785698,0,0,0,1,0,0.00020881873562603184,0,Low
0,2,0,1,32,3398,24,60782,588,5198,0.1173237456835251,0,0,1,11,0,0.0002082457461088945,0,Low
2,0,0,1,27,2171,15,61604,595,5118,0.2130531888329903,0,0,0,2,0,0.0002082457461088945,0,Low
3,1,1,1,33,949,18,62219,537,4458,0.1697797054554846,0,0,1,3,0,0.0002082457461088945,0,Low
0,2,1,1,35,1701,13,43088,607,4531,0.1193854199985857,0,0,1,14,0,0.0002082457461088945,0,Low
1,2,0,1,24,2233,21,42838,555,5018,0.114353084337935,1,0,1,1,0,0.0002082457461088945,0,Low
0,1,1,1,31,2980,17,55457,697,5631,0.0856567996196548,0,0,1,10,0,0.0002082457461088945,0,Low
1,0,0,0,24,1754,22,33522,585,5789,0.0958422717129042,0,0,1,11,0,0.0002082457461088945,0,Low
0,1,0,1,33,3188,15,68678,638,4195,0.1235556993339478,0,0,1,2,0,0.0002082457461088945,0,Low
2,1,0,1,25,2310,14,43807,745,4488,0.2104995483982172,0,0,0,3,0,0.0002082457461088945,0,Low
2,0,1,1,31,2929,15,33551,660,5522,0.0894919780126354,1,0,1,7,0,0.0002082457461088945,0,Low
2,0,1,0,27,1190,13,31351,578,5181,0.1981652295876904,1,0,1,9,0,0.0002082457461088945,0,Low
2,1,0,0,27,2374,18,45852,706,4717,0.0872329411272659,0,0,1,6,0,0.0002082457461088945,0,Low
1,1,0,0,26,2996,13,34732,633,5613,0.2174158905220293,0,0,1,2,0,0.0002082457461088945,0,Low
0,2,0,1,29,2458,22,68497,563,5789,0.0971920285715455,0,0,1,9,0,0.0002082457461088945,0,Low
0,0,0,1,26,1788,15,42471,717,5103,0.192983533640617,0,0,1,1,0,0.0002082457461088945,0,Low
0,1,1,1,38,1929,17,72293,675,5424,0.1090302131444587,0,0,1,10,0,0.0002082457461088945,0,Low
3,1,1,0,30,1059,20,71769,583,5560,0.1197309282344789,0,0,1,14,0,0.0002082457461088945,0,Low
1,0,0,0,25,2329,18,40884,734,5326,0.0907713843684191,0,0,1,14,0,0.0002082457461088945,0,Low
0,0,0,1,37,2586,22,65633,536,4320,0.094499225482032,0,0,1,7,0,0.0002082457461088945,0,Low
3,1,1,0,33,2638,18,55108,707,4919,0.1766171891950604,0,0,1,6,0,0.0002082457461088945,0,Low
2,2,1,1,30,2630,15,65555,504,4612,0.113900658369977,0,0,1,0,0,0.0002082457461088945,0,Low
3,0,0,0,33,2814,16,68010,658,5652,0.1706676148104974,0,1,1,1,0,0.0002082457461088945,0,Low
1,1,1,0,36,2442,17,44467,531,5531,0.0801095896085813,0,1,0,4,0,0.0002082457461088945,0,Low
3,0,1,0,34,1664,21,62946,660,4623,0.1461980123076573,0,0,1,4,0,0.0002082457461088945,0,Low
3,2,0,0,26,2170,15,89648,617,5791,0.1157783975227532,1,1,1,5,0,0.0002082457461088945,0,Low
1,1,0,0,30,2648,18,33351,666,5586,0.0886244115936672,1,0,1,12,0,0.0002082457461088945,0,Low
1,1,1,0,31,1221,13,31985,681,4860,0.1890086248632688,0,0,1,8,0,0.0002082457461088945,0,Low
0,1,0,0,33,1590,18,68904,735,5352,0.1791883665576604,0,0,1,8,0,0.0002082457461088945,0,Low
1,0,0,0,27,3037,14,34625,727,5407,0.1035151363106773,0,0,1,12,0,0.0002082457461088945,0,Low
1,0,1,0,35,1706,23,45600,638,5735,0.0883943140672221,1,0,1,4,0,0.0002082457461088945,0,Low
2,1,1,0,36,1086,22,81060,669,4350,0.1425771887459699,1,0,1,0,0,0.0002082457461088945,0,Low
1,1,0,1,27,2028,18,40754,615,4418,0.1924971809096461,0,0,0,0,0,0.0002082457461088945,0,Low
1,0,0,1,36,3466,16,60578,635,5960,0.1240341851104314,1,0,1,11,0,0.0002082457461088945,0,Low
0,1,0,0,36,2063,14,72599,585,5419,0.0804235422272026,0,0,1,6,0,0.0002082457461088945,0,Low
3,1,0,1,27,1539,18,47067,596,4220,0.1954798474149469,0,0,1,5,0,0.0002082457461088945,0,Low
2,2,1,0,26,1976,14,35426,715,5449,0.1100421210991489,0,0,1,11,0,0.0002082457461088945,0,Low
2,1,0,0,29,3287,22,60432,707,4483,0.1389082766294265,0,0,1,6,0,0.0002082457461088945,0,Low
2,1,0,1,23,1329,16,67605,654,4645,0.1345421399754636,0,0,1,7,0,0.0002082457461088945,0,Low
3,0,0,0,34,1766,17,56543,727,5703,0.1015588908846099,0,0,1,6,0,0.0002082457461088945,0,Low
3,2,1,0,33,2774,16,41252,714,5920,0.1843785352578598,0,1,0,13,0,0.0002082457461088945,0,Low
3,0,0,1,26,1577,17,62549,576,5825,0.0864073451183991,0,0,1,7,0,0.0002082457461088945,0,Low
0,0,0,1,23,1451,17,32693,507,5152,0.1662011486054893,0,0,0,12,0,0.0002082457461088945,0,Low
2,0,0,1,37,2166,16,48868,527,4935,0.086901737559964,0,0,1,1,0,0.0002082457461088945,0,Low
1,2,0,1,27,2354,21,32026,543,5688,0.1427039574982641,0,0,1,7,0,0.0002082457461088945,0,Low
1,0,1,1,33,2352,20,64169,682,5301,0.1204411700614358,0,0,1,1,0,0.0002082457461088945,0,Low
1,0,0,0,36,2325,13,45828,516,5359,0.149025508188942,0,0,1,0,0,0.0002082457461088945,0,Low
2,0,1,1,28,1864,16,75065,508,5762,0.1493052496072052,1,0,0,3,0,0.0002082457461088945,0,Low
4,0,0,1,31,2105,15,45472,510,4606,0.1576787779893006,0,0,0,3,0,0.0002082457461088945,0,Low
2,1,0,1,24,997,16,62556,589,5340,0.0883932166598929,0,0,1,10,0,0.0002082457461088945,0,Low
4,2,0,1,34,1321,18,59834,618,4682,0.1769512700879437,0,0,1,11,0,0.0002082457461088945,0,Low
2,1,1,1,31,2515,23,65330,591,4484,0.1427817098209615,0,0,1,13,0,0.0002082457461088945,0,Low
1,1,0,0,30,1012,24,31169,639,4979,0.1441833272005708,0,0,1,11,0,0.0002082457461088945,0,Low
1,2,1,1,25,1161,16,40265,640,5310,0.0873129762279921,0,0,0,14,0,0.0002082457461088945,0,Low
2,1,0,1,30,1223,16,48014,708,4204,0.1596505807905199,0,0,1,14,0,0.0002082457461088945,0,Low
2,2,1,0,27,1534,22,36970,502,4855,0.1253658155023978,1,0,1,7,0,0.0002082457461088945,0,Low
3,1,1,0,32,2925,14,70863,714,5611,0.1055187814837343,0,0,1,13,0,0.0002082457461088945,0,Low
3,0,0,0,36,1513,15,50891,656,4669,0.2040077246071861,1,0,1,2,0,0.0002082457461088945,0,Low
1,2,1,1,30,1268,21,55507,578,5327,0.161319922134031,0,1,1,12,0,0.0002082457461088945,0,Low
3,1,1,1,24,1064,19,58128,644,5872,0.0960245170294582,0,0,1,2,0,0.0002082457461088945,0,Low
1,2,0,0,35,1736,15,43966,670,5929,0.0838974492615326,0,0,0,1,0,0.0002082457461088945,0,Low
0,1,0,0,31,2788,17,52639,677,4857,0.2069785918492544,0,0,0,3,0,0.0002082457461088945,0,Low
2,0,0,0,31,2265,23,72723,573,4592,0.152716298280868,0,0,1,9,0,0.0002082457461088945,0,Low
0,0,0,1,23,1505,19,43080,620,5235,0.1585441430004406,0,0,1,8,0,0.0002082457461088945,0,Low
1,2,0,0,39,3248,19,79659,590,4645,0.1229222897214199,1,0,1,14,0,0.0002082457461088945,0,Low
0,2,0,0,38,1462,22,33712,603,4196,0.1296699608031088,0,0,0,13,0,0.0002082457461088945,0,Low
2,0,0,1,26,1532,19,74264,500,4885,0.2123500719202338,1,0,1,11,0,0.0002082457461088945,0,Low
4,1,0,0,39,2702,20,62858,599,4552,0.1347750884402399,0,0,1,9,0,0.0002082457461088945,0,Low
3,1,0,1,31,1214,16,45145,621,5772,0.1030983384862733,1,0,0,0,0,0.0002082457461088945,0,Low
2,2,0,0,34,3224,15,42837,565,4400,0.1680923596389648,1,0,1,11,0,0.0002082457461088945,0,Low
0,0,0,1,30,2938,19,58600,631,5343,0.0920809082355381,0,0,0,2,0,0.0002082457461088945,0,Low
0,0,0,1,37,2604,18,45488,637,5179,0.1601630730204929,1,0,1,7,0,0.0002082457461088945,0,Low
0,2,0,1,33,2557,22,60989,599,4768,0.1788600022537039,1,0,1,6,0,0.0002082457461088945,0,Low
2,0,0,1,30,1566,22,55293,647,4990,0.0988377240163129,0,0,1,10,0,0.0002082457461088945,0,Low
3,1,0,1,31,1453,13,62446,636,4620,0.1665250305933521,0,0,1,4,0,0.0002082457461088945,0,Low
2,1,0,1,29,2045,23,55477,656,5437,0.1198983786066523,0,0,1,5,0,0.0002082457461088945,0,Low
4,0,1,1,34,1302,17,55910,539,5018,0.0866522095759902,0,0,1,0,0,0.0002082457461088945,0,Low
1,0,0,0,25,2202,17,36466,698,5357,0.2113960108248991,0,0,1,1,0,0.0002082457461088945,0,Low
1,2,0,0,27,3114,22,67069,583,5115,0.1289736869093769,1,0,1,2,0,0.0002082457461088945,0,Low
4,1,0,0,35,1959,22,36353,634,5413,0.1132162799923056,0,1,1,11,0,0.0002082457461088945,0,Low
1,1,0,0,25,2437,20,31114,630,5045,0.2044064772428511,1,0,1,4,0,0.0002082457461088945,0,Low
2,1,0,1,33,3246,21,31043,672,5796,0.2061607180455703,1,0,1,1,0,0.0002082457461088945,0,Low
1,0,1,0,32,2253,17,65265,730,5947,0.1548212380468977,0,0,0,10,0,0.0002082457461088945,0,Low
1,1,0,1,29,847,16,56879,623,4663,0.1929913335077124,0,0,1,3,0,0.0002082457461088945,0,Low
1,2,0,0,27,1524,22,59471,612,4935,0.117259444783277,0,0,1,14,0,0.0002082457461088945,0,Low
1,0,0,1,31,2073,16,43276,676,4259,0.186050085938603,1,0,1,13,0,0.0002082457461088945,0,Low
3,1,0,1,23,3362,13,41045,546,5144,0.1755183468962939,0,0,1,11,0,0.0002082457461088945,0,Low
2,0,1,0,36,1535,17,71458,554,4585,0.1498413199966654,0,0,1,10,0,0.0002082457461088945,0,Low
1,1,0,0,36,1550,23,38108,557,4508,0.0831226024076198,0,0,1,5,0,0.0002082457461088945,0,Low
1,1,1,1,33,3358,23,32303,535,4356,0.1464137076676647,0,0,1,3,0,0.0002082457461088945,0,Low
2,0,0,1,30,2633,18,50405,557,4612,0.1501966659323435,0,0,1,10,0,0.0002082457461088945,0,Low
2,0,0,1,35,986,24,72294,723,5625,0.0902251133754006,0,0,0,11,0,0.0002082457461088945,0,Low
3,0,0,1,25,1664,13,32363,726,4436,0.1906404414496924,0,0,1,3,0,0.0002082457461088945,0,Low
2,1,0,1,28,2058,22,73969,739,5544,0.0932449364010539,0,0,1,2,0,0.0002082457461088945,0,Low
3,0,0,1,26,1145,17,48689,540,5791,0.2181408880666041,0,0,1,8,0,0.0002082457461088945,0,Low
2,1,0,1,26,3450,14,97580,665,5414,0.0822528859583671,1,0,1,5,0,0.0002082457461088945,0,Low
1,0,0,1,25,3000,13,38881,591,5807,0.1122330194633824,0,0,0,9,0,0.0002082457461088945,0,Low
2,2,0,0,25,834,20,81970,583,4373,0.1686837707773292,1,0,1,12,0,0.0002082457461088945,0,Low
1,0,0,0,35,1044,14,65545,664,5363,0.1873139148353574,0,1,1,6,0,0.0002082457461088945,0,Low
1,0,1,1,25,2320,20,71413,546,4454,0.093829625845983,0,0,1,2,0,0.0002082457461088945,0,Low
3,0,0,0,23,2271,24,37500,566,4355,0.1723219074618378,1,0,1,9,0,0.0002082457461088945,0,Low
1,0,0,0,24,3290,18,42431,617,5965,0.126809340671888,0,0,0,14,0,0.0002082457461088945,0,Low
2,1,1,0,35,2493,23,56881,601,5230,0.1367280795709085,0,0,1,9,0,0.0002082457461088945,0,Low
3,2,0,0,31,2327,21,50593,531,5425,0.1202448292456951,0,0,1,13,0,0.0002082457461088945,0,Low
0,1,0,1,27,1444,15,75250,657,4670,0.1265650071590337,1,0,1,7,0,0.0002082457461088945,0,Low
1,0,1,1,24,2668,15,88287,649,4526,0.1276189954716584,1,0,1,2,0,0.0002082457461088945,0,Low
3,1,0,0,32,2541,16,51159,579,4530,0.0918053200540263,0,0,1,4,0,0.0002082457461088945,0,Low
1,1,1,1,30,2549,14,41517,503,4363,0.170191015360555,0,0,1,11,0,0.0002082457461088945,0,Low
1,0,0,0,30,2345,17,68771,696,5865,0.1916149485248761,0,0,1,14,0,0.0002082457461088945,0,Low
0,1,0,1,31,2658,18,53869,612,4223,0.1788395587372742,0,1,1,0,0,0.0002082457461088945,0,Low
0,0,0,1,36,1540,15,61429,587,5746,0.1525663987007559,0,0,0,5,0,0.0002082457461088945,0,Low
3,1,0,1,28,2575,16,37511,591,5201,0.2018300830325154,0,0,1,1,0,0.0002082457461088945,0,Low
2,0,0,0,32,1943,18,59716,553,4954,0.0900101080839581,0,0,1,2,0,0.0002082457461088945,0,Low
3,0,0,1,26,2600,21,39200,513,5822,0.1017995966556705,0,0,1,11,0,0.0002082457461088945,0,Low
1,2,0,1,23,3019,20,45652,583,4984,0.1009276931670186,0,0,1,9,0,0.0002082457461088945,0,Low
0,2,0,0,24,3030,14,66278,589,5200,0.1801552524119558,0,1,1,4,0,0.0002082457461088945,0,Low
0,1,1,1,31,1313,14,70452,502,4727,0.1077389379716236,0,0,1,4,0,0.0002082457461088945,0,Low
0,0,0,1,34,1392,19,61278,614,5443,0.156132948107702,0,1,0,0,0,0.0002082457461088945,0,Low
0,0,0,1,34,1582,13,53577,507,5524,0.2084219414707859,1,0,1,6,0,0.0002082457461088945,0,Low
1,1,0,1,25,1938,16,63148,593,5503,0.197013688490396,0,0,1,6,0,0.0002082457461088945,0,Low
0,1,0,1,30,2953,13,30154,516,5842,0.1663246432976324,0,0,1,7,0,0.0002082457461088945,0,Low
1,1,0,0,33,1527,18,85280,588,5248,0.1856970511910351,1,0,1,5,0,0.0002082457461088945,0,Low
0,0,0,1,34,2629,19,53852,538,5360,0.1084745787686214,0,0,1,5,0,0.0002082457461088945,0,Low
1,0,1,1,23,2696,19,49595,535,4597,0.1112933056715291,1,0,1,3,0,0.0002082457461088945,0,Low
3,0,0,1,30,1264,22,66865,555,4454,0.164438782554509,0,0,1,6,0,0.0002082457461088945,0,Low
4,0,0,1,39,1392,22,55204,576,5332,0.159219547999636,0,0,0,14,0,0.0002082457461088945,0,Low
0,1,0,0,34,2525,18,67334,619,4436,0.0810343108072421,0,0,1,2,0,0.0002082457461088945,0,Low
2,2,0,0,31,2284,14,45410,638,4713,0.2070157801580388,0,0,1,6,0,0.0002082457461088945,0,Low
2,1,0,0,35,1231,16,50329,744,5946,0.1043190599997752,0,0,1,6,0,0.0002082457461088945,0,Low
3,1,0,1,32,1185,13,69524,560,4822,0.1571709274956066,0,0,1,10,0,0.0002082457461088945,0,Low
2,1,1,0,38,1421,21,33904,658,5868,0.0831350333286336,0,0,1,3,0,0.0002082457461088945,0,Low
4,1,1,1,27,1735,19,71661,512,4241,0.1120060182540945,0,0,1,5,0,0.0002082457461088945,0,Low
1,0,0,1,33,2120,24,44563,531,5526,0.0847281043099182,1,0,1,7,0,0.0002082457461088945,0,Low
1,0,0,0,23,2360,17,72761,535,4817,0.1802560898331812,0,0,1,1,0,0.0002082457461088945,0,Low
2,1,0,0,31,811,18,44332,622,4980,0.1205273235995859,0,0,1,0,0,0.0002082457461088945,0,Low
4,1,0,1,24,1793,14,39359,554,5345,0.1408377200413666,0,0,1,9,0,0.0002082457461088945,0,Low
2,2,0,0,36,2244,16,60325,605,5037,0.1991604446339349,1,1,1,10,0,0.0002082457461088945,0,Low
2,0,0,0,28,2952,24,61381,642,5529,0.2078688866005031,1,0,1,12,0,0.0002082457461088945,0,Low
2,1,0,1,31,3444,15,52401,629,5670,0.1826715333500708,1,0,1,10,0,0.0002082457461088945,0,Low
0,1,0,1,26,2141,19,74467,672,4231,0.2025298984744257,1,0,1,6,0,0.0002082457461088945,0,Low
2,0,0,0,26,1086,15,70391,570,4409,0.1467316397696793,0,0,1,1,0,0.0002082457461088945,0,Low
1,1,0,1,32,1964,16,73772,528,4534,0.1813825154321503,0,0,0,11,0,0.0002082457461088945,0,Low
1,0,0,0,31,1124,20,37279,735,5579,0.1169355687717469,0,0,1,13,0,0.0002082457461088945,0,Low
2,2,1,1,30,2435,14,56851,615,5554,0.1161317853836216,0,0,1,6,0,0.0002082457461088945,0,Low
3,1,0,1,24,3178,23,58704,694,5460,0.1036267055936582,0,0,1,2,0,0.0002082457461088945,0,Low
3,1,0,1,26,1616,24,52975,600,5542,0.1079997872166287,0,0,1,4,0,0.0002082457461088945,0,Low
1,0,1,1,27,2231,19,61322,548,4342,0.1382606462364678,0,0,1,14,0,0.0002082457461088945,0,Low
1,0,1,1,15,938,13,81517,518,2436,0.2030570857609976,0,0,1,6,0,0.00020736610720749823,0,Low
0,0,1,1,38,2252,5,82641,623,1531,0.2112681889224882,0,0,1,5,0,0.00020736610720749823,0,Low
2,1,1,1,27,3115,1,77604,614,1460,0.20125729040342,0,0,1,3,0,0.00020736610720749823,0,Low
3,1,1,2,9,1972,5,78805,624,2651,0.2014190146154167,0,0,0,5,0,0.00020736610720749823,0,Low
2,1,1,1,34,1862,3,74592,739,2230,0.2033250433805817,0,0,1,1,0,0.00020736610720749823,0,Low
2,1,0,2,9,1372,24,86832,659,2778,0.1638492824415473,0,0,1,1,0,0.00020736610720749823,0,Low
1,1,1,1,28,3306,12,75063,599,1942,0.2132853152217406,0,0,1,9,0,0.00020736610720749823,0,Low
3,0,0,2,30,1352,24,86368,634,2079,0.1532932444812338,0,0,1,10,0,0.00020736610720749823,0,Low
3,0,1,1,10,2921,5,80462,746,1101,0.2121301040648243,0,0,1,2,0,0.00020736610720749823,0,Low
1,1,1,1,1,1590,1,74476,592,2834,0.2144838937894255,0,0,1,0,0,0.00020736610720749823,0,Low
2,0,0,2,11,2970,24,83732,630,1905,0.0911977547483306,0,0,1,11,0,0.00020736610720749823,0,Low
3,1,0,0,22,2311,8,87867,566,2636,0.2091783141036889,0,0,0,11,0,0.0002057263506240991,0,Low
1,2,0,2,16,3160,9,90278,644,1040,0.213627351478635,0,0,1,13,0,0.0002057263506240991,0,Low
2,1,0,0,19,3059,14,92178,735,1691,0.2174562034309732,0,0,1,14,0,0.0002057263506240991,0,Low
0,1,0,1,18,955,14,89606,541,2777,0.2123145524987609,0,0,1,10,0,0.0002057263506240991,0,Low
0,3,2,1,18,1443,0,72432,686,4220,0.2085050036137032,0,0,0,10,0,0.0002054804723000564,0,Low
3,1,0,2,8,3025,14,78873,526,5865,0.1766485772507265,0,0,0,8,0,0.00020442772863655991,0,Low
3,1,0,2,13,1558,14,96455,611,5368,0.1682745575569078,0,1,1,9,0,0.00020442772863655991,0,Low
0,2,0,2,14,1625,14,81975,634,4785,0.185946387366259,0,0,0,13,0,0.00020442772863655991,0,Low
2,1,0,2,3,2655,13,74259,640,5252,0.1281928873888849,0,0,1,7,0,0.00020442772863655991,0,Low
1,0,1,2,2,3430,12,93800,523,3661,0.1468766288533101,0,0,1,10,0,0.00020442772863655991,0,Low
2,2,0,2,13,3043,14,90115,540,4590,0.0858067021512633,0,0,0,3,0,0.00020442772863655991,0,Low
3,1,0,2,13,974,13,75196,724,3166,0.1584231686763411,0,0,1,12,0,0.00020442772863655991,0,Low
0,1,2,2,36,1377,6,60827,545,5668,0.1648152385170522,0,0,1,14,0,0.0002042410814837712,0,Low
2,0,2,2,37,1464,10,47974,661,3368,0.1031710795435932,0,0,0,12,0,0.0002042410814837712,0,Low
3,1,2,2,38,2762,3,62710,595,5762,0.0897753874538816,0,0,0,12,0,0.0002042410814837712,0,Low
0,1,2,2,37,1597,2,39432,578,3887,0.1898196760822178,0,0,1,13,0,0.0002042410814837712,0,Low
1,1,2,2,38,3469,2,34308,524,3318,0.0953468754065477,0,0,1,8,0,0.0002042410814837712,0,Low
0,2,1,2,16,2591,22,43835,640,4533,0.2126467263149818,0,0,0,14,0,0.0002039889186308213,0,Low
1,2,0,2,17,2359,23,37499,692,4107,0.180412307761992,0,0,1,9,0,0.0002039889186308213,0,Low
3,0,0,2,22,2375,23,67914,642,3658,0.2189239719216927,0,0,1,2,0,0.0002039889186308213,0,Low
3,0,0,2,22,2174,21,52672,607,3653,0.1966105934721499,0,0,1,13,0,0.0002039889186308213,0,Low
4,0,0,2,20,2102,19,69148,573,3921,0.2034158443551265,0,0,1,9,0,0.0002039889186308213,0,Low
1,2,1,0,13,3056,17,84362,548,3947,0.204814055353446,0,0,1,13,0,0.00020323775597027316,0,Low
4,2,1,1,0,2676,14,95739,570,5417,0.2173372177467182,0,0,1,12,0,0.00020323775597027316,0,Low
3,1,0,0,5,2323,7,88003,696,4274,0.2156776423245531,0,0,1,2,0,0.00020323775597027316,0,Low
1,0,0,0,13,1727,8,98451,676,5697,0.2062088618968513,0,0,1,14,0,0.00020323775597027316,0,Low
2,0,1,1,10,3462,5,93021,625,4452,0.201554973000558,0,0,1,13,0,0.00020323775597027316,0,Low
0,0,0,0,2,3383,15,86636,554,5074,0.2150690486613851,0,0,1,14,0,0.00020323775597027316,0,Low
0,0,0,0,3,2521,7,85926,587,4041,0.2132432775828162,0,0,1,7,0,0.00020323775597027316,0,Low
1,2,0,0,14,3468,2,99349,649,3203,0.2074906342413201,0,0,1,11,0,0.00020323775597027316,0,Low
2,0,0,1,9,3451,4,95134,573,5731,0.2099417671253773,0,1,1,10,0,0.00020323775597027316,0,Low
0,1,0,0,13,2682,4,93899,632,5544,0.2140583159734259,0,0,1,9,0,0.00020323775597027316,0,Low
3,1,0,0,8,1472,13,90322,620,3235,0.2087137162504454,0,0,1,3,0,0.00020323775597027316,0,Low
4,2,0,0,18,2318,19,71791,727,1174,0.217222404627815,0,0,1,12,0,0.00020098914257743437,0,Low
1,3,1,2,13,1917,22,38958,533,4748,0.1674930765646121,0,0,1,6,0,0.0002005974856788128,0,Low
4,0,1,0,35,2608,21,92574,666,3020,0.1338420149095758,0,0,1,9,0,0.0002003673693308089,0,Low
3,0,2,0,16,1181,9,93041,601,2876,0.1022671300044117,0,0,0,5,0,0.00020014280895466098,0,Low
2,0,2,0,20,2868,9,97403,528,2789,0.1753524354691222,0,0,1,6,0,0.00020014280895466098,0,Low
2,0,2,1,19,2022,8,96344,644,2853,0.1654984938231713,0,0,1,11,0,0.00020014280895466098,0,Low
1,0,2,1,16,1903,5,93205,730,2782,0.1706611068106049,0,0,1,10,0,0.00020014280895466098,0,Low
2,1,2,2,18,1151,5,83627,614,1359,0.189249626330356,0,0,1,14,0,0.00020014280895466098,0,Low
4,0,1,2,12,2414,23,55158,678,5477,0.1307811035043077,0,0,0,14,0,0.0001999839256344307,0,Low
4,2,1,2,7,1793,21,31019,698,5531,0.1142326600775785,0,0,1,9,0,0.0001999839256344307,0,Low
3,1,0,2,25,3276,5,82767,702,2996,0.1899830672560693,0,0,1,13,0,0.00019992193847300692,0,Low
3,1,0,0,5,3225,16,76915,730,2208,0.1476402805281916,0,0,1,6,0,0.00019992193847300692,0,Low
3,1,1,1,9,3224,16,79835,745,1284,0.0820134792274877,0,0,1,14,0,0.00019992193847300692,0,Low
3,0,1,0,20,1163,17,45430,739,3806,0.2016454716853216,0,0,0,3,0,0.000199861437271136,0,Low
1,0,1,0,22,3078,11,47046,567,5141,0.2194142706048215,0,0,0,4,0,0.000199861437271136,0,Low
2,1,1,0,16,3064,18,53111,657,3363,0.219570665020494,0,0,1,4,0,0.000199861437271136,0,Low
0,2,1,0,16,3318,21,40123,572,4034,0.2020117405924216,1,0,1,8,0,0.000199861437271136,0,Low
3,0,1,1,16,1359,13,61611,525,4275,0.2153926425034678,0,0,1,5,0,0.000199861437271136,0,Low
3,1,1,1,18,2111,9,73247,584,5572,0.214176534838441,0,0,1,0,0,0.000199861437271136,0,Low
2,0,1,1,19,3288,17,51774,520,3852,0.2090094791295482,0,0,1,2,0,0.000199861437271136,0,Low
2,0,1,1,17,3021,12,56844,583,3329,0.2167780139523916,1,0,1,9,0,0.000199861437271136,0,Low
2,0,1,2,11,2952,10,70493,705,5091,0.1890247177776579,0,0,1,8,0,0.00019893195845580667,0,Low
2,1,0,2,0,2394,3,61054,660,5629,0.2069170011330953,1,0,1,14,0,0.00019893195845580667,0,Low
1,1,2,1,2,1293,12,95067,741,3991,0.1606065908092662,0,0,1,1,0,0.00019765421430083501,0,Low
2,0,2,0,2,1550,20,83273,627,5096,0.1805349476257584,0,0,1,3,0,0.00019765421430083501,0,Low
4,0,2,0,3,2270,0,97433,601,5234,0.1102262331776162,0,0,0,8,0,0.00019765421430083501,0,Low
0,0,2,0,12,1030,7,74935,719,5211,0.1959377100602251,0,0,1,11,0,0.00019765421430083501,0,Low
0,1,2,1,7,822,5,88776,558,3488,0.0963601555542696,0,0,0,7,0,0.00019765421430083501,0,Low
2,2,2,1,11,1305,0,88469,630,5567,0.0871437846975266,0,0,1,1,0,0.00019765421430083501,0,Low
2,0,2,1,14,1516,23,81005,557,5718,0.1029708253090909,0,0,0,7,0,0.00019765421430083501,0,Low
3,0,2,1,9,938,7,90991,728,4584,0.1506304911663953,0,0,1,13,0,0.00019765421430083501,0,Low
3,1,2,1,7,2777,4,91382,535,3986,0.1621836558127704,0,0,1,12,0,0.00019765421430083501,0,Low
1,1,2,0,7,2225,8,94277,645,4232,0.185252239628502,0,0,1,8,0,0.00019765421430083501,0,Low
3,0,2,1,2,2251,8,86544,544,4800,0.1529890867683468,0,0,1,11,0,0.00019765421430083501,0,Low
1,0,2,1,12,1793,14,75322,562,4941,0.1728801984784512,0,0,1,0,0,0.00019765421430083501,0,Low
3,1,2,0,1,3026,24,83115,547,3701,0.1242299838870744,0,0,0,7,0,0.00019765421430083501,0,Low
0,0,2,0,9,1693,10,94796,501,4126,0.1691020564064556,0,0,1,14,0,0.00019765421430083501,0,Low
3,1,2,1,1,2197,19,80838,701,4794,0.1384942654486523,0,0,0,3,0,0.00019765421430083501,0,Low
1,2,0,0,23,1549,3,92550,659,2388,0.2059103120966778,0,0,0,2,0,0.00019682955347107418,0,Low
3,1,0,0,33,2451,3,91584,628,1060,0.2038812819029179,0,0,1,7,0,0.00019682955347107418,0,Low
2,1,0,0,35,2679,15,97410,526,1577,0.2158114094232712,0,0,1,13,0,0.00019682955347107418,0,Low
1,2,0,0,26,1772,15,87030,727,2515,0.2104958567315089,0,0,0,1,0,0.00019682955347107418,0,Low
1,0,0,0,36,2645,14,89274,508,1268,0.219107032822012,0,0,1,2,0,0.00019682955347107418,0,Low
1,1,1,2,4,1699,10,98764,617,2722,0.2135778080928435,0,0,1,12,0,0.00019682955347107418,0,Low
1,2,1,0,34,1922,7,87866,558,2419,0.20455956950424,0,0,1,13,0,0.00019682955347107418,0,Low
2,0,0,3,11,2240,11,91988,587,4614,0.2076404100772624,0,0,1,8,0,0.00019682955347107418,0,Low
1,1,0,0,25,2119,15,95042,677,2564,0.2134140804335327,0,0,1,11,0,0.00019682955347107418,0,Low
1,0,0,1,28,2560,9,95581,685,2236,0.2086327252439958,0,0,1,6,0,0.00019682955347107418,0,Low
3,1,0,0,31,2086,3,85040,707,2367,0.2087400403149023,0,0,1,5,0,0.00019682955347107418,0,Low
1,0,0,1,25,1569,11,98499,737,2412,0.2006986313207159,0,0,1,2,0,0.00019682955347107418,0,Low
1,2,0,1,34,2814,0,96584,682,2407,0.2036954113752622,0,1,1,7,0,0.00019682955347107418,0,Low
2,0,0,1,36,2095,15,98839,515,2539,0.2182907871414646,0,1,1,1,0,0.00019682955347107418,0,Low
3,0,0,1,29,1905,7,92281,713,1087,0.2022097175028065,0,0,1,9,0,0.00019682955347107418,0,Low
3,1,0,1,0,3158,15,96208,557,1066,0.2100825229654129,0,0,0,4,0,0.00019682955347107418,0,Low
1,0,0,0,31,2376,3,90520,676,2770,0.2114319993016243,0,0,1,2,0,0.00019682955347107418,0,Low
0,2,0,3,13,1434,8,93363,610,4869,0.2085313561076238,0,0,0,4,0,0.00019682955347107418,0,Low
1,0,0,0,27,3042,15,98832,674,1490,0.2043828566160559,0,0,1,11,0,0.00019682955347107418,0,Low
2,0,0,1,25,1427,2,86685,706,1303,0.2042721128328506,0,0,1,11,0,0.00019682955347107418,0,Low
0,3,1,1,11,2909,15,40970,594,3884,0.2034071484109473,0,0,1,8,0,0.00019647000431912746,0,Low
0,2,0,2,33,977,21,62940,612,3911,0.1896721000192338,0,1,0,4,0,0.00019509212147779642,0,Low
2,0,0,2,26,1356,22,57867,747,4099,0.193270893169711,0,0,0,13,0,0.00019509212147779642,0,Low
2,1,1,1,19,2473,8,70628,503,3057,0.2162194241434263,1,0,1,8,0,0.00019345323477193703,0,Low
3,2,1,0,18,3199,3,62076,734,4525,0.1242375246165277,0,0,1,11,0,0.0001924172685366447,0,Low
4,2,0,1,18,3268,11,55681,673,4516,0.1379701414339242,0,0,1,11,0,0.0001924172685366447,0,Low
3,0,0,0,16,3359,4,72254,703,5287,0.094231566430416,0,0,1,2,0,0.0001924172685366447,0,Low
4,0,0,0,13,3420,23,47047,728,2592,0.1761596856727088,0,0,1,6,0,0.00019209234542440944,0,Low
2,1,2,2,1,1519,10,93610,700,2873,0.1445777255339447,0,0,1,0,0,0.00019124601180163604,0,Low
2,1,2,0,26,3290,16,86170,632,2313,0.1164490250111815,0,0,0,0,0,0.00019124601180163604,0,Low
2,1,2,0,12,1936,22,75426,580,1248,0.1075486036017432,0,0,1,7,0,0.00019124601180163604,0,Low
2,1,2,1,13,1231,12,84399,642,3058,0.1506248335079288,0,0,1,1,0,0.00019124601180163604,0,Low
3,0,2,0,24,3195,18,86529,567,2846,0.1718368920665061,0,0,0,4,0,0.00019124601180163604,0,Low
3,2,2,1,12,2791,8,86093,508,1082,0.1608023184620487,0,0,0,13,0,0.00019124601180163604,0,Low
1,1,2,0,28,1515,7,81636,573,1570,0.093095669977141,0,0,0,1,0,0.00019124601180163604,0,Low
0,1,2,2,8,2149,6,77054,564,1590,0.1562307770743751,0,0,0,2,0,0.00019124601180163604,0,Low
4,0,2,1,23,3461,9,91939,638,2880,0.112195256761348,0,0,1,1,0,0.00019124601180163604,0,Low
0,2,2,2,11,2087,11,94071,549,2290,0.1316506043038608,0,0,1,11,0,0.00019124601180163604,0,Low
2,1,2,0,35,1401,11,80204,502,1522,0.0990179947111238,0,0,1,9,0,0.00019124601180163604,0,Low
2,1,2,1,33,2356,3,93978,653,1571,0.1061199393471292,0,0,0,10,0,0.00019124601180163604,0,Low
2,2,2,2,0,2126,4,83079,530,1895,0.1313345693789983,0,0,1,6,0,0.00019124601180163604,0,Low
0,0,2,0,26,3303,9,86369,673,2806,0.1480100842219052,0,0,1,10,0,0.00019124601180163604,0,Low
3,0,2,0,14,3004,12,93682,726,1185,0.0953776215572037,0,0,1,14,0,0.00019124601180163604,0,Low
1,0,2,0,7,2515,10,83006,619,1109,0.1460505133569114,0,0,1,7,0,0.00019124601180163604,0,Low
1,0,2,1,1,2392,3,75883,591,1851,0.1548664539203709,0,0,1,11,0,0.00019124601180163604,0,Low
0,1,2,0,13,1921,8,86125,725,2634,0.1085197566900299,0,0,0,1,0,0.00019124601180163604,0,Low
0,0,2,0,34,2169,9,92128,645,1437,0.1606066652408292,0,0,0,14,0,0.00019124601180163604,0,Low
0,0,2,1,32,1219,3,91922,677,1055,0.1455653890442837,0,0,1,2,0,0.00019124601180163604,0,Low
3,1,2,0,0,1136,17,76088,738,2795,0.1227485028183143,0,1,1,0,0,0.00019124601180163604,0,Low
4,1,1,0,36,2878,6,36862,633,4827,0.2025280477027504,0,0,0,7,0,0.0001909646401181111,0,Low
1,0,1,0,23,949,2,37395,657,4972,0.211191310646725,0,0,1,7,0,0.0001909646401181111,0,Low
0,1,1,0,15,2563,6,33841,603,5769,0.2153680064936835,0,0,1,8,0,0.0001909646401181111,0,Low
2,1,1,0,32,2475,1,48069,702,3235,0.2081615992057651,0,0,1,9,0,0.0001909646401181111,0,Low
1,1,1,0,27,1797,12,48653,602,5679,0.2035824451608409,0,0,1,5,0,0.0001909646401181111,0,Low
1,1,1,1,15,1253,11,35478,627,5541,0.2189400605498668,0,0,1,1,0,0.0001909646401181111,0,Low
0,1,1,0,37,951,1,54617,646,4207,0.2024417965245946,1,0,0,8,0,0.0001909646401181111,0,Low
1,0,1,1,30,1889,13,50946,563,3794,0.2168351629153971,0,0,0,8,0,0.0001909646401181111,0,Low
2,1,1,0,32,1172,10,58067,596,4365,0.2110992619710078,1,0,1,3,0,0.0001909646401181111,0,Low
1,0,1,0,30,1381,8,43900,651,3292,0.2094923125179085,0,0,1,0,0,0.0001909646401181111,0,Low
1,1,1,1,29,2143,17,57891,584,3161,0.2170797431324094,0,0,1,2,0,0.0001909646401181111,0,Low
1,0,1,1,15,1995,1,32427,669,3266,0.2006085197903034,0,0,0,6,0,0.0001909646401181111,0,Low
4,1,1,0,37,3240,1,31985,649,5006,0.2090849266758672,0,0,0,8,0,0.0001909646401181111,0,Low
1,1,1,0,28,3346,15,61491,648,3672,0.2051923213594538,0,0,1,9,0,0.0001909646401181111,0,Low
1,0,1,1,35,1299,2,42561,539,3549,0.2004596809228557,1,0,1,9,0,0.0001909646401181111,0,Low
2,1,1,1,37,3140,5,52682,565,4809,0.2127653034500359,0,0,1,4,0,0.0001909646401181111,0,Low
3,0,1,1,28,2895,5,58017,561,3531,0.2178214639939512,0,0,1,3,0,0.0001909646401181111,0,Low
2,0,1,1,32,2032,4,36086,502,5419,0.2054858646607735,0,0,0,3,0,0.0001909646401181111,0,Low
0,1,1,2,22,2544,13,51213,695,3210,0.1012960004704324,0,0,1,6,0,0.00019051485620099872,0,Low
3,0,0,2,18,1998,13,68254,562,3177,0.0985131955617513,0,0,1,14,0,0.00019051485620099872,0,Low
3,0,0,2,22,1764,13,39479,583,3238,0.1390970072590714,1,0,1,5,0,0.00019051485620099872,0,Low
2,0,0,2,23,1025,22,92283,612,4031,0.1620812417075,0,0,1,6,0,0.0001871333791504296,0,Low
1,1,0,2,31,1031,19,91333,566,3951,0.1013727772209315,0,0,0,2,0,0.0001871333791504296,0,Low
3,3,0,2,2,1899,13,49068,504,5303,0.1377512757749322,0,0,1,8,0,0.00018712342324899017,0,Low
1,1,0,0,20,2833,21,99270,501,3690,0.1875310982143859,0,0,1,3,0,0.00018565000143960734,0,Low
1,0,1,1,32,2484,19,90777,629,3856,0.1889004915229319,0,0,1,8,0,0.00018565000143960734,0,Low
1,0,1,0,33,962,8,56975,727,3080,0.2110406437093242,0,0,0,4,0,0.0001845564376189121,0,Low
4,1,0,0,0,2291,17,93685,706,1681,0.1861357288114066,0,0,1,9,0,0.0001841336030970427,0,Low
1,1,2,1,16,1905,19,70823,724,4861,0.117789916141437,0,0,1,8,0,0.00018374134186527382,0,Low
2,0,2,0,16,1709,1,65838,654,5078,0.1466439099009698,0,0,1,3,0,0.00018374134186527382,0,Low
3,0,2,0,18,1651,9,61505,618,3768,0.1172801968136011,0,0,1,4,0,0.00018374134186527382,0,Low
0,2,2,0,16,1896,4,32669,657,3321,0.1882166769045939,0,0,0,9,0,0.00018374134186527382,0,Low
2,0,2,0,21,3028,13,64964,581,3661,0.0954150077792865,0,0,1,13,0,0.00018374134186527382,0,Low
3,0,2,0,20,2618,6,30156,636,4303,0.1506393067094548,0,0,1,7,0,0.00018374134186527382,0,Low
2,1,2,1,20,3366,19,60593,588,5845,0.1081382338873712,0,0,0,7,0,0.00018374134186527382,0,Low
1,2,2,0,16,1619,6,63842,568,5695,0.1877872036150741,0,0,0,1,0,0.00018374134186527382,0,Low
1,0,2,1,19,2022,0,42191,551,3265,0.1401884562045934,0,0,1,1,0,0.00018374134186527382,0,Low
2,0,2,1,21,1652,9,47264,500,3590,0.1959725692917662,0,0,1,4,0,0.00018374134186527382,0,Low
1,1,2,0,21,2007,0,65087,540,3332,0.1837661402839899,0,0,1,4,0,0.00018374134186527382,0,Low
3,0,2,0,17,2701,10,34871,509,4771,0.1879946131633544,0,0,0,4,0,0.00018374134186527382,0,Low
2,1,2,1,19,3199,9,52976,744,3272,0.1395893645901518,0,0,1,8,0,0.00018374134186527382,0,Low
0,0,2,0,17,1445,14,65754,590,4362,0.089647189125949,0,0,1,9,0,0.00018374134186527382,0,Low
1,0,2,0,17,2634,8,45715,729,5175,0.1488291884904243,0,0,1,12,0,0.00018374134186527382,0,Low
1,1,2,1,20,2231,17,69207,544,3855,0.2069354987376356,0,0,1,13,0,0.00018374134186527382,0,Low
1,2,2,0,17,1881,11,46415,653,3478,0.188625247224245,0,0,1,0,0,0.00018374134186527382,0,Low
2,0,2,0,17,1479,12,70109,601,3933,0.1551225878353303,0,0,1,6,0,0.00018374134186527382,0,Low
3,1,1,1,28,3265,22,47871,735,3360,0.1164543862477748,0,0,1,2,0,0.00018352047138361978,0,Low
3,2,0,1,37,3389,4,45331,703,5571,0.1269134642713778,0,0,1,9,0,0.00018352047138361978,0,Low
1,3,1,2,16,2651,11,96336,504,3285,0.0908837611819554,0,0,1,8,0,0.0001828042717732022,0,Low
0,3,1,2,20,1525,6,86816,722,4991,0.1574999229460596,0,0,1,14,0,0.0001828042717732022,0,Low
1,0,1,2,29,911,12,50257,681,5931,0.1149886520520748,0,0,1,10,0,0.0001816180590479738,0,Low
3,1,1,2,36,3414,14,31095,539,3966,0.1122279279111684,0,0,1,11,0,0.0001816180590479738,0,Low
2,2,0,2,29,2571,12,74043,651,3714,0.2087916131856295,0,0,1,6,0,0.0001816180590479738,0,Low
3,0,1,2,36,2027,12,63674,564,3463,0.102418893556325,0,0,0,7,0,0.0001816180590479738,0,Low
3,2,1,2,34,2807,13,42164,585,3401,0.1316423928516555,0,0,0,6,0,0.0001816180590479738,0,Low
1,2,1,2,23,1497,13,49663,519,4045,0.1541675035558304,0,1,0,0,0,0.0001816180590479738,0,Low
3,0,1,2,37,2884,14,37304,600,3219,0.2126848001652836,0,0,1,14,0,0.0001816180590479738,0,Low
2,1,1,2,36,3363,12,31841,515,3552,0.0942735759985663,1,0,1,7,0,0.0001816180590479738,0,Low
3,1,1,2,35,2692,12,47514,651,4543,0.1615643662084704,0,0,1,7,0,0.0001816180590479738,0,Low
4,0,0,2,30,2157,14,66359,511,3903,0.1619169636124933,0,0,1,3,0,0.0001816180590479738,0,Low
2,1,0,2,35,2297,13,40403,668,3761,0.1187476175889485,1,0,1,11,0,0.0001816180590479738,0,Low
3,0,0,2,32,3378,13,43453,535,3950,0.1546253428850541,0,0,1,13,0,0.0001816180590479738,0,Low
1,1,1,2,31,973,12,64654,736,3879,0.1145647486829197,0,0,1,9,0,0.0001816180590479738,0,Low
0,1,0,2,36,1189,12,34048,643,5022,0.1024603348058826,0,0,1,12,0,0.0001816180590479738,0,Low
2,0,0,2,35,2379,12,67933,622,3388,0.1272003314189655,0,0,1,6,0,0.0001816180590479738,0,Low
0,1,0,2,31,1661,12,73809,690,4823,0.1156287747011184,0,0,1,10,0,0.0001816180590479738,0,Low
1,0,0,2,29,2652,12,34120,525,3617,0.1280772443955205,0,0,1,4,0,0.0001816180590479738,0,Low
1,2,1,2,25,2185,12,39045,611,5711,0.1976771286742217,1,0,1,8,0,0.0001816180590479738,0,Low
0,1,0,2,36,1792,12,71571,591,5046,0.1118835634425889,0,0,1,11,0,0.0001816180590479738,0,Low
0,1,0,2,23,3480,13,82240,642,3376,0.2127887466642944,1,0,1,13,0,0.0001816180590479738,0,Low
0,1,0,1,31,903,7,84470,573,5709,0.2096257876359097,1,0,1,13,0,0.00018042808638168702,0,Low
2,0,0,0,28,1899,12,92349,577,4762,0.2069972563281443,1,0,1,1,0,0.00018042808638168702,0,Low
0,1,0,1,25,3329,3,95421,610,3519,0.2043622826781478,1,0,1,3,0,0.00018042808638168702,0,Low
2,2,0,1,28,952,12,93499,544,5386,0.2024673162521946,1,0,0,13,0,0.00018042808638168702,0,Low
2,3,2,1,14,1926,6,64259,733,3361,0.1827084990723973,0,1,1,10,0,0.00018034990891326527,0,Low
2,1,0,2,7,2339,19,40606,740,3877,0.185667289944593,0,0,1,4,0,0.00017885835524403016,0,Low
2,2,0,2,13,906,19,58773,505,3599,0.1950067481339807,0,0,1,12,0,0.00017885835524403016,0,Low
2,1,0,2,14,1664,23,51174,523,4602,0.1997048113536703,0,0,0,14,0,0.00017885835524403016,0,Low
2,0,0,2,2,844,19,34200,536,3536,0.2035838438438914,0,0,0,8,0,0.00017885835524403016,0,Low
1,1,1,2,9,2263,21,32857,657,4165,0.1829050843273868,0,0,1,9,0,0.00017885835524403016,0,Low
2,0,1,2,3,2242,22,64640,522,3352,0.1859722047620282,0,0,1,2,0,0.00017885835524403016,0,Low
4,0,0,2,10,1046,21,36131,642,4976,0.1918891258258896,0,1,1,12,0,0.00017885835524403016,0,Low
2,0,0,2,4,1932,19,60851,506,3899,0.1918731209697822,0,0,1,8,0,0.00017885835524403016,0,Low
0,0,0,2,5,898,23,48162,730,3519,0.2189915124454242,0,0,1,4,0,0.00017885835524403016,0,Low
1,1,0,2,8,1353,21,46037,500,5635,0.1845714008046787,0,0,1,1,0,0.00017885835524403016,0,Low
3,0,1,2,14,2583,23,54636,567,5174,0.173721081020216,0,1,0,0,0,0.00017885835524403016,0,Low
3,1,0,2,18,1111,24,59367,602,2791,0.1471202496460464,0,0,1,9,0,0.00017721946853817077,0,Low
3,0,0,2,20,3162,24,59587,523,2666,0.151805084165665,0,0,1,10,0,0.00017721946853817077,0,Low
0,0,1,0,16,2325,11,34058,500,1396,0.2012203622350845,1,0,1,7,0,0.00017721946853817077,0,Low
2,0,1,1,18,2173,11,71897,747,2061,0.2015767356883176,0,0,0,5,0,0.00017721946853817077,0,Low
0,2,1,0,22,2496,11,61853,624,2230,0.2011965976144485,0,0,1,5,0,0.00017721946853817077,0,Low
2,0,1,2,21,3267,5,55033,505,1046,0.2037932813604181,0,0,1,1,0,0.00017721946853817077,0,Low
2,1,1,1,21,2153,4,66855,681,2784,0.2163050992175374,0,0,1,1,0,0.00017721946853817077,0,Low
2,0,1,1,18,1692,4,36520,721,1259,0.2038198028851789,0,0,1,0,0,0.00017721946853817077,0,Low
2,0,1,1,16,1725,3,58438,722,1275,0.2144788021971769,0,0,1,8,0,0.00017721946853817077,0,Low
1,0,1,1,19,3149,11,32939,547,1117,0.2036014782909868,0,0,1,5,0,0.00017721946853817077,0,Low
1,0,1,1,22,1642,3,49270,549,1839,0.2095432970677583,1,0,1,9,0,0.00017721946853817077,0,Low
4,0,1,0,16,2520,16,60979,507,2647,0.2197126044469717,0,0,1,8,0,0.00017721946853817077,0,Low
5,1,2,2,21,1131,13,53680,620,1809,0.1616840058782608,0,0,0,2,0,0.00017553846976318605,0,Low
0,1,2,0,15,3464,5,46315,745,4819,0.0831841234910557,0,0,0,4,0,0.0001748445447122489,0,Low
1,2,2,0,32,2228,7,68184,573,4615,0.1535462152381992,0,0,1,10,0,0.0001748445447122489,0,Low
3,0,2,1,24,3159,19,33790,580,4068,0.1683320160008192,0,0,1,11,0,0.0001748445447122489,0,Low
1,0,2,0,27,3111,10,38595,622,5294,0.1874217942718821,0,0,1,6,0,0.0001748445447122489,0,Low
3,0,2,0,35,2249,24,55990,571,5185,0.1104609760859903,0,0,1,10,0,0.0001748445447122489,0,Low
2,0,2,1,31,1329,3,36955,592,3340,0.1596921483214093,0,0,1,5,0,0.0001748445447122489,0,Low
3,0,2,1,25,3349,9,30111,626,3810,0.0889941830375266,0,0,1,5,0,0.0001748445447122489,0,Low
0,0,2,0,32,2531,18,45719,633,5076,0.0864299177813209,0,0,1,2,0,0.0001748445447122489,0,Low
0,2,2,1,23,2831,3,57030,525,3607,0.1745586951693795,0,0,1,9,0,0.0001748445447122489,0,Low
3,0,2,0,28,1655,20,44217,501,4729,0.0993415564479142,0,0,1,2,0,0.0001748445447122489,0,Low
2,1,2,0,27,2205,17,51912,589,4923,0.1580203399807919,0,0,1,5,0,0.0001748445447122489,0,Low
0,0,2,1,33,3039,18,67442,525,4077,0.1569369789999683,0,0,1,6,0,0.0001748445447122489,0,Low
0,2,2,1,23,1824,5,54693,722,3160,0.0824126455858222,0,0,1,4,0,0.0001748445447122489,0,Low
1,2,2,1,32,3276,10,54073,720,5437,0.1579317575432082,0,0,1,1,0,0.0001748445447122489,0,Low
2,1,2,0,31,1369,7,38244,504,3410,0.1901515179207139,0,0,1,0,0,0.0001748445447122489,0,Low
3,2,2,0,23,1198,20,52103,506,5664,0.1642524195945668,0,0,1,6,0,0.0001748445447122489,0,Low
1,1,2,1,35,1401,19,32590,605,3842,0.1482809740149059,0,0,0,11,0,0.0001748445447122489,0,Low
1,0,2,0,34,1450,15,36013,741,5776,0.1209759768015291,0,0,1,2,0,0.0001748445447122489,0,Low
2,2,2,1,31,2968,21,69252,530,3832,0.0885811490463875,0,0,0,3,0,0.0001748445447122489,0,Low
3,0,2,1,29,3141,9,31158,545,3604,0.1237372875733179,0,0,0,4,0,0.0001748445447122489,0,Low
0,0,0,3,28,2315,7,85286,594,3338,0.1564630822542706,1,0,1,3,0,0.00017478126655341846,0,Low
2,0,0,3,19,2865,9,35851,559,4393,0.0867256676693379,1,0,1,10,0,0.00017478126655341846,0,Low
1,1,1,3,22,1414,6,49771,553,3092,0.0886775875155242,1,0,1,0,0,0.00017478126655341846,0,Low
2,0,1,3,22,1113,10,43397,700,3707,0.1211020314961851,1,0,1,8,0,0.00017478126655341846,0,Low
1,1,0,3,27,1526,21,86557,580,4602,0.1567856673336908,1,0,0,10,0,0.00017478126655341846,0,Low
2,1,0,3,15,2494,2,73314,666,4134,0.0889790052166896,1,0,1,8,0,0.00017478126655341846,0,Low
4,0,0,3,38,1321,23,30932,545,5880,0.0911656896743878,1,0,1,12,0,0.00017478126655341846,0,Low
1,1,1,1,9,1701,8,78644,553,4522,0.2018504677791719,1,0,1,6,0,0.00017473087388434485,0,Low
0,2,1,0,0,2003,23,46092,529,4190,0.2069749921089945,1,0,1,9,0,0.00017473087388434485,0,Low
4,1,1,1,9,1009,14,48878,537,3974,0.2078427142111125,0,0,1,4,0,0.00017473087388434485,0,Low
0,2,1,1,3,1290,11,36623,568,4433,0.2134589952992312,0,0,1,9,0,0.00017473087388434485,0,Low
1,2,1,1,13,3104,14,65149,538,5600,0.2092113985687958,0,0,1,3,0,0.00017473087388434485,0,Low
1,0,1,0,3,1570,3,65090,700,3217,0.2120738276616132,0,0,1,3,0,0.00017473087388434485,0,Low
0,1,1,1,2,3081,17,39145,515,4973,0.2072664691507883,0,0,1,5,0,0.00017473087388434485,0,Low
1,1,1,0,10,2155,6,37831,568,4158,0.213243998524058,0,0,0,9,0,0.00017473087388434485,0,Low
4,1,1,0,7,813,4,79945,601,5596,0.2172062541259993,1,0,1,9,0,0.00017473087388434485,0,Low
2,2,1,0,8,1248,11,70255,548,3767,0.2084330751840447,0,0,1,9,0,0.00017473087388434485,0,Low
5,0,1,1,4,3267,13,53497,628,4316,0.2141742794050961,0,0,1,1,0,0.00017473087388434485,0,Low
0,2,1,0,4,1728,6,70308,628,4367,0.2017867383036787,0,0,1,6,0,0.00017473087388434485,0,Low
2,1,1,0,0,2524,4,67700,510,4616,0.2157183153252514,0,0,1,2,0,0.00017473087388434485,0,Low
1,2,1,1,3,2414,14,55310,596,3297,0.2106005278357279,1,0,1,1,0,0.00017473087388434485,0,Low
2,1,1,0,2,1148,13,34769,713,5771,0.2057843883328963,0,0,0,0,0,0.00017473087388434485,0,Low
1,3,2,1,33,1009,8,34219,734,1589,0.202693600519395,0,0,1,13,0,0.0001739417064140663,0,Low
3,3,1,2,37,2643,0,83743,614,4617,0.1381680006147525,0,1,1,2,0,0.00017390747462017728,0,Low
2,3,0,2,25,2076,5,91286,501,3486,0.1448380859009355,0,0,1,10,0,0.00017390747462017728,0,Low
2,3,0,2,25,1870,8,87445,719,4088,0.1679543423889434,0,0,0,12,0,0.00017390747462017728,0,Low
2,2,0,0,17,1732,19,92499,707,1003,0.1797789564426833,0,0,1,12,0,0.00017190482985966708,0,Low
0,1,0,2,5,2807,18,99197,621,3851,0.1771115188309987,0,0,0,9,0,0.0001708996129166634,0,Low
0,0,0,2,12,1214,21,96719,667,5867,0.1187069721626972,0,0,1,1,0,0.0001708996129166634,0,Low
2,2,1,2,1,1470,21,91077,701,3296,0.0915903558380192,0,0,1,2,0,0.0001708996129166634,0,Low
1,0,0,2,1,2049,21,98017,697,4198,0.1293825931654957,0,0,0,3,0,0.0001708996129166634,0,Low
1,0,0,2,0,1096,20,92612,662,4795,0.1487783635486448,0,0,1,10,0,0.0001708996129166634,0,Low
1,1,1,2,1,1617,20,89496,592,3418,0.1312245174865852,0,0,1,11,0,0.0001708996129166634,0,Low
2,1,0,2,11,2931,21,91165,650,5396,0.1528565743391642,0,0,1,4,0,0.0001708996129166634,0,Low
1,1,0,2,6,2357,20,96777,627,5590,0.134320241056048,0,0,1,9,0,0.0001708996129166634,0,Low
0,1,1,2,6,1795,21,98320,615,5861,0.0896481491038877,0,0,1,13,0,0.0001708996129166634,0,Low
1,0,0,2,6,2905,18,97451,680,5339,0.0832432605640657,0,0,1,12,0,0.0001708996129166634,0,Low
2,0,1,2,3,3075,22,93993,535,4837,0.1001627910851023,0,0,1,8,0,0.0001708996129166634,0,Low
3,1,0,2,22,3357,7,72670,739,1241,0.137637728643071,0,0,1,0,0,0.0001697752998036795,0,Low
4,1,1,1,16,3345,2,36642,738,1368,0.1156173663274737,0,1,1,2,0,0.0001697752998036795,0,Low
2,2,0,1,2,3179,19,96088,740,3518,0.1685376283203775,0,0,1,1,0,0.00016941623520584114,0,Low
1,1,0,0,4,981,21,93885,737,5061,0.1783429001270808,0,0,1,2,0,0.00016941623520584114,0,Low
1,2,1,0,5,2182,22,95013,672,5735,0.1770238109160913,0,0,1,6,0,0.00016941623520584114,0,Low
1,1,0,1,13,1014,22,99168,644,4773,0.1679888383343837,0,0,1,3,0,0.00016941623520584114,0,Low
2,1,0,1,8,2041,21,98210,665,3909,0.1764841316652738,0,0,1,3,0,0.00016941623520584114,0,Low
1,2,0,1,1,2219,23,90091,729,4524,0.1785284816203912,0,0,1,6,0,0.00016941623520584114,0,Low
1,0,2,1,30,2960,4,57744,711,3052,0.1423148795048397,0,0,1,12,0,0.00016843634221304991,0,Low
1,1,2,1,25,3373,8,49012,546,3084,0.1164372709261299,0,0,1,0,0,0.00016843634221304991,0,Low
2,1,1,0,33,1334,23,34945,530,2292,0.2122303043845762,1,0,1,9,0,0.00016832267138514588,0,Low
4,0,1,2,38,2536,3,45427,567,1317,0.2121174875752609,0,0,1,9,0,0.00016832267138514588,0,Low
2,1,1,2,34,1682,15,73692,629,1919,0.2142913158300108,0,0,1,3,0,0.00016832267138514588,0,Low
3,1,1,1,32,2008,6,70726,693,2920,0.2024073556249377,0,0,0,3,0,0.00016832267138514588,0,Low
5,1,1,2,35,2993,2,36423,528,2898,0.2126343013454158,0,0,0,3,0,0.00016832267138514588,0,Low
1,2,1,1,24,1166,13,78642,514,2887,0.2012098838376336,1,0,1,8,0,0.00016832267138514588,0,Low
1,1,0,2,33,1772,24,34815,746,1191,0.1383397500888476,0,1,1,9,0,0.00016832267138514588,0,Low
4,2,1,1,34,1324,10,32903,580,1322,0.2104975850513971,0,0,1,8,0,0.00016832267138514588,0,Low
3,0,1,1,25,2490,10,63909,622,1104,0.2113420478595531,0,1,1,5,0,0.00016832267138514588,0,Low
2,0,1,2,9,3140,5,49728,699,1037,0.2109278654362206,0,0,0,9,0,0.00016832267138514588,0,Low
2,0,1,0,39,1252,6,46469,542,3016,0.2100098468735569,0,0,1,5,0,0.00016832267138514588,0,Low
2,2,1,1,10,869,8,43715,688,1459,0.2052384110786077,0,0,1,0,0,0.00016832267138514588,0,Low
0,1,1,2,2,2634,24,65001,704,1018,0.1003539929722684,0,0,1,0,0,0.00016832267138514588,0,Low
0,1,0,2,32,2345,24,43031,563,2449,0.103370010533364,0,0,0,10,0,0.00016832267138514588,0,Low
1,0,0,2,27,957,24,53194,565,1100,0.1421711604230109,0,0,1,1,0,0.00016832267138514588,0,Low
2,1,1,2,13,2834,0,35016,589,1951,0.219652691293778,0,0,1,0,0,0.00016832267138514588,0,Low
3,0,1,0,11,1752,15,55422,680,2938,0.2051948555037545,0,0,1,5,0,0.00016832267138514588,0,Low
3,0,1,0,0,2112,5,31281,735,2417,0.2182397700885934,0,0,1,3,0,0.00016832267138514588,0,Low
1,0,1,1,14,1859,9,49499,560,2386,0.2140227895126635,0,0,0,6,0,0.00016832267138514588,0,Low
1,2,1,2,37,2126,11,33741,695,2372,0.2048969588501875,0,0,1,5,0,0.00016832267138514588,0,Low
3,2,1,2,2,2167,24,69522,688,1359,0.1545929411661875,0,0,1,0,0,0.00016832267138514588,0,Low
3,2,1,2,2,1880,0,35981,706,2302,0.2040484002584905,0,0,1,0,0,0.00016832267138514588,0,Low
1,1,1,0,23,3410,9,44758,634,2282,0.2134091000977614,0,0,1,9,0,0.00016832267138514588,0,Low
4,0,1,2,27,2721,7,65392,648,1654,0.217601611427149,0,0,1,9,0,0.00016832267138514588,0,Low
1,1,1,2,0,3333,10,48139,588,1983,0.2052967083379888,1,0,0,2,0,0.00016832267138514588,0,Low
3,0,1,2,31,841,9,34308,551,1853,0.2067562683033688,0,0,1,2,0,0.00016832267138514588,0,Low
4,1,1,1,0,882,9,66679,711,2736,0.2070676863612978,0,0,1,3,0,0.00016832267138514588,0,Low
3,0,1,0,9,2383,7,51992,737,1405,0.2038211637217842,0,0,1,8,0,0.00016832267138514588,0,Low
2,1,1,0,4,2884,12,69964,591,1560,0.2012799672460915,0,0,0,0,0,0.00016832267138514588,0,Low
3,0,0,0,7,3302,1,39749,697,5171,0.1749595623495043,0,0,1,8,0,0.00016728670514985354,0,Low
3,2,1,0,7,3243,21,56632,671,5005,0.083013948889836,1,0,1,1,0,0.00016728670514985354,0,Low
3,0,1,0,1,3397,20,39087,677,3751,0.0942194630995196,0,0,1,6,0,0.00016728670514985354,0,Low
2,1,0,2,21,2280,21,87379,628,2355,0.2041254357863933,1,0,1,2,0,0.00016668291480174672,0,Low
5,0,0,0,19,3392,6,91705,624,2510,0.2090656265033132,0,0,1,0,0,0.00016668291480174672,0,Low
3,1,1,2,7,905,14,71638,626,4336,0.1463597629703601,0,0,0,12,0,0.00016538429281420756,0,Low
2,1,0,2,6,1892,14,67734,745,5193,0.0968135607425036,0,0,1,7,0,0.00016538429281420756,0,Low
4,1,1,2,0,1494,12,41467,654,4594,0.1113628934655683,0,0,0,10,0,0.00016538429281420756,0,Low
0,0,0,2,10,2600,12,44033,536,4356,0.1429752274765506,0,0,1,6,0,0.00016538429281420756,0,Low
2,0,1,2,5,947,14,50077,529,3463,0.0922803793629342,0,0,1,14,0,0.00016538429281420756,0,Low
2,1,0,2,13,898,13,74478,566,5734,0.1521282334597443,1,0,1,4,0,0.00016538429281420756,0,Low
1,1,0,2,5,2305,12,57709,530,4391,0.2112032704036544,0,0,1,8,0,0.00016538429281420756,0,Low
0,0,1,2,8,2785,13,38706,501,5597,0.1628465206187061,1,0,0,4,0,0.00016538429281420756,0,Low
2,1,1,2,6,2407,13,44977,610,3165,0.1085289035256229,0,1,1,14,0,0.00016538429281420756,0,Low
2,1,0,2,7,1939,13,54440,550,3365,0.1162530313635781,1,0,0,2,0,0.00016538429281420756,0,Low
4,0,0,2,14,1662,13,38980,642,4671,0.1866312874123422,0,0,1,14,0,0.00016538429281420756,0,Low
1,0,0,2,1,3031,13,72339,527,4306,0.1543060886495178,0,0,1,13,0,0.00016538429281420756,0,Low
1,1,1,2,2,2881,14,57880,633,4926,0.1388109768109103,0,0,1,5,0,0.00016538429281420756,0,Low
3,1,0,2,1,868,14,57837,646,4926,0.080925010073893,1,0,1,2,0,0.00016538429281420756,0,Low
1,1,0,2,1,862,14,39584,636,3464,0.0859531380243885,0,0,1,12,0,0.00016538429281420756,0,Low
4,0,0,2,1,1752,12,70648,674,4398,0.1505814011326929,0,0,1,9,0,0.00016538429281420756,0,Low
3,2,0,2,10,3380,12,56488,661,3782,0.1351374145864908,0,0,1,3,0,0.00016538429281420756,0,Low
1,1,2,2,7,3312,14,78229,506,4878,0.185430035435553,1,0,1,5,0,0.00016538429281420756,0,Low
2,0,0,2,10,1256,13,50998,718,3983,0.1352405301807594,0,0,1,1,0,0.00016538429281420756,0,Low
1,1,1,2,9,2307,12,82609,523,5359,0.1967778213385793,1,0,1,12,0,0.00016538429281420756,0,Low
2,0,0,2,7,1699,13,31998,518,5634,0.1125537459337128,1,0,1,1,0,0.00016538429281420756,0,Low
4,2,0,0,2,2765,10,95258,648,4114,0.2072996763255767,1,0,0,5,0,0.00016419432014792078,0,Low
1,0,0,1,1,2477,9,94336,666,5480,0.2041135088526504,1,0,1,14,0,0.00016419432014792078,0,Low
2,0,0,1,31,3156,21,99164,677,2403,0.1785606711450165,0,0,1,9,0,0.00016300803270664216,0,Low
2,2,1,0,27,906,20,98360,689,2614,0.1822012231018479,0,0,1,0,0,0.00016300803270664216,0,Low
2,0,0,2,30,1918,23,93352,551,1512,0.188936520794775,0,0,1,7,0,0.00016300803270664216,0,Low
0,2,2,1,19,937,12,55873,523,1891,0.1301153178281375,0,0,1,10,0,0.0001610993731323086,0,Low
0,1,2,0,21,859,8,49235,567,2953,0.1775136417563909,0,0,1,12,0,0.0001610993731323086,0,Low
4,2,2,0,22,2961,11,38202,567,1316,0.1992092229431231,0,0,1,7,0,0.0001610993731323086,0,Low
2,0,2,0,16,1653,16,36044,558,1267,0.1724987448147124,0,0,1,2,0,0.0001610993731323086,0,Low
2,0,2,0,16,2216,12,32480,559,1637,0.0995756202028387,0,0,1,11,0,0.0001610993731323086,0,Low
1,1,2,0,17,1583,2,39710,674,1747,0.1822175697233781,0,0,1,9,0,0.0001610993731323086,0,Low
3,0,2,2,16,2028,10,42102,600,1836,0.1787364967176204,0,0,1,13,0,0.0001610993731323086,0,Low
0,0,2,0,20,2436,10,65690,740,1074,0.1746678369264158,0,0,1,1,0,0.0001610993731323086,0,Low
2,0,2,0,18,1600,4,65787,578,2040,0.1554815588940583,0,0,0,4,0,0.0001610993731323086,0,Low
0,1,2,2,17,1345,8,32945,642,2416,0.1340869620737567,0,0,1,3,0,0.0001610993731323086,0,Low
2,0,2,0,20,2748,10,58668,745,1839,0.0947690751966454,0,0,1,7,0,0.0001610993731323086,0,Low
3,1,2,1,19,1283,24,59902,646,1115,0.0985432731511092,0,1,1,8,0,0.0001610993731323086,0,Low
2,1,2,0,17,1185,4,37470,580,1546,0.1753404480795188,0,0,1,2,0,0.0001610993731323086,0,Low
0,0,2,1,16,2222,11,30554,569,1092,0.1788864654099444,0,0,1,0,0,0.0001610993731323086,0,Low
2,1,2,0,18,1404,16,40900,504,1400,0.1517231679277931,0,0,0,14,0,0.0001610993731323086,0,Low
4,1,2,1,20,2911,7,61787,610,1917,0.1939637449044847,0,0,1,9,0,0.0001610993731323086,0,Low
1,0,2,0,21,1431,14,56440,693,2367,0.1486043671532452,0,0,1,11,0,0.0001610993731323086,0,Low
0,0,2,0,18,2668,22,55176,707,2132,0.1203903349585043,0,0,1,11,0,0.0001610993731323086,0,Low
1,0,2,1,19,2888,9,44388,715,2313,0.1893016498387869,0,1,0,13,0,0.0001610993731323086,0,Low
2,1,2,1,22,2631,16,57374,659,2594,0.1053023648286357,0,1,1,10,0,0.0001610993731323086,0,Low
2,2,2,0,22,944,12,37059,714,2201,0.1998023045723087,0,0,1,3,0,0.0001610993731323086,0,Low
3,2,2,0,22,1419,21,61034,620,2170,0.1622719069048181,0,0,0,14,0,0.0001610993731323086,0,Low
3,0,2,0,19,1020,14,37254,578,1050,0.0933896533163956,0,0,1,0,0,0.0001610993731323086,0,Low
0,0,1,2,16,1152,6,75559,532,4210,0.1574343047700618,0,0,1,13,0,0.00016106514133841957,0,Low
3,0,1,2,22,1419,4,91307,556,4576,0.1517007573721188,0,0,1,3,0,0.00016106514133841957,0,Low
3,1,1,2,21,2599,6,91452,576,4356,0.1652804868221804,0,0,0,4,0,0.00016106514133841957,0,Low
0,1,0,2,22,1265,5,87797,513,4850,0.129276418363168,0,0,1,12,0,0.00016106514133841957,0,Low
1,1,1,2,18,2391,2,98057,523,5924,0.1305077241717663,0,0,0,6,0,0.00016106514133841957,0,Low
2,1,0,2,16,809,7,86794,703,3809,0.1240015506818275,0,0,0,1,0,0.00016106514133841957,0,Low
1,1,0,2,16,2364,5,93835,573,5509,0.1898409440441352,0,0,1,6,0,0.00016106514133841957,0,Low
2,0,0,2,16,2095,7,89266,648,4423,0.198975194322913,0,0,0,11,0,0.00016106514133841957,0,Low
1,0,1,2,17,2336,11,87242,748,4757,0.1100237251025986,0,0,1,11,0,0.00016106514133841957,0,Low
2,1,0,2,20,2071,0,83844,620,3503,0.0969258509549305,0,0,1,14,0,0.00016106514133841957,0,Low
0,0,0,2,16,978,1,93627,724,4033,0.1465844641997469,0,0,0,10,0,0.00016106514133841957,0,Low
4,0,1,2,21,1927,7,96282,579,4236,0.1520085627767881,0,0,1,12,0,0.00016106514133841957,0,Low
3,1,0,2,8,3328,5,70223,692,1499,0.1115012598984491,0,0,1,10,0,0.00016087850265065457,0,Low
3,0,0,1,38,3340,20,30284,700,2853,0.1537892039010031,0,0,1,9,0,0.00016087850265065457,0,Low
4,0,0,0,10,3322,10,46729,720,1053,0.1417942032709285,0,0,1,3,0,0.00016087850265065457,0,Low
3,1,1,1,24,3327,16,70528,696,1272,0.1679496614559384,0,0,0,7,0,0.00016087850265065457,0,Low
3,1,1,1,13,3340,23,36969,670,1182,0.1547405728430746,0,0,1,9,0,0.00016087850265065457,0,Low
3,0,1,0,30,3323,11,53747,670,2939,0.0996449532029403,0,0,1,4,0,0.00016087850265065457,0,Low
2,0,2,0,36,1065,3,80344,679,4336,0.1698973225820347,0,0,1,11,0,0.0001598339264805472,0,Low
2,0,0,0,19,2204,22,78629,640,3548,0.1717202395316747,0,0,1,14,0,0.0001595817636275973,0,Low
1,0,0,0,20,3283,21,80270,649,4128,0.1924821549229195,0,0,1,4,0,0.0001595817636275973,0,Low
2,1,0,1,16,1501,19,76735,561,4802,0.1829511879021526,0,0,1,0,0,0.0001595817636275973,0,Low
1,0,0,1,21,2373,19,83293,552,3435,0.1994545246827679,0,0,1,8,0,0.0001595817636275973,0,Low
0,2,1,1,18,1504,21,84558,641,3910,0.1854397567516004,0,0,0,0,0,0.0001595817636275973,0,Low
2,1,2,1,9,3444,5,58779,659,3667,0.1133527558798404,0,0,1,6,0,0.00015861077847848266,0,Low
1,0,2,0,10,3461,22,71367,561,4218,0.1567412251580849,0,0,1,11,0,0.00015861077847848266,0,Low
0,0,2,0,13,865,19,43341,500,4948,0.0884881026347644,0,0,0,11,0,0.00015861077847848266,0,Low
4,0,2,1,10,2540,7,46124,503,5574,0.1008173877155183,0,0,1,3,0,0.00015861077847848266,0,Low
3,0,2,0,2,1575,24,63827,542,5091,0.149315746068458,0,0,1,9,0,0.00015861077847848266,0,Low
3,0,2,1,5,1088,10,42854,522,4964,0.0830319782071581,0,0,1,2,0,0.00015861077847848266,0,Low
1,0,2,1,2,974,4,64899,587,3245,0.1156531147095114,0,0,1,11,0,0.00015861077847848266,0,Low
0,0,2,1,12,1497,19,61788,672,4045,0.0809532924329149,0,0,1,13,0,0.00015861077847848266,0,Low
3,0,2,1,9,1528,12,70142,606,5149,0.1970783483476895,0,0,0,6,0,0.00015861077847848266,0,Low
3,2,2,0,14,1510,5,34892,671,4227,0.1466074512603514,0,0,1,4,0,0.00015861077847848266,0,Low
1,2,2,0,9,1282,5,68008,743,5310,0.0937162351226812,0,0,1,6,0,0.00015861077847848266,0,Low
1,1,2,1,14,2604,4,33169,550,4784,0.2036153940272858,0,0,1,10,0,0.00015861077847848266,0,Low
1,2,2,0,0,1136,6,47932,577,4964,0.0865914275879859,0,0,1,1,0,0.00015861077847848266,0,Low
1,1,2,1,3,932,5,55718,599,3939,0.114665060019314,0,0,1,8,0,0.00015861077847848266,0,Low
3,1,2,0,2,2518,3,66760,557,5266,0.1226952212817169,0,0,1,4,0,0.00015861077847848266,0,Low
3,1,2,0,8,2663,13,73828,612,3277,0.1829279797331119,0,0,1,5,0,0.00015861077847848266,0,Low
2,1,2,1,4,3223,23,66662,548,4489,0.1289920990584303,0,0,0,3,0,0.00015861077847848266,0,Low
1,1,2,0,3,2556,3,50116,661,3152,0.1174784056705241,0,0,0,12,0,0.00015861077847848266,0,Low
4,0,2,0,5,2627,0,66504,606,5027,0.1848760776398787,0,0,1,4,0,0.00015861077847848266,0,Low
2,1,2,1,2,1914,13,55747,534,4542,0.165661519891071,0,0,1,6,0,0.00015861077847848266,0,Low
1,1,2,1,14,2081,17,68693,741,5390,0.0828739797894395,0,0,1,0,0,0.00015861077847848266,0,Low
1,0,2,1,0,3351,12,51781,533,3357,0.1453230962123678,0,0,1,10,0,0.00015861077847848266,0,Low
3,0,2,0,9,2697,20,59315,523,4665,0.0935337336250494,0,0,1,6,0,0.00015861077847848266,0,Low
1,1,2,0,12,2767,4,39099,706,4805,0.1978278538946618,0,0,1,4,0,0.00015861077847848266,0,Low
2,1,2,1,7,2899,13,39614,710,4095,0.1977974481756953,0,0,0,11,0,0.00015861077847848266,0,Low
2,0,2,1,12,3214,2,39263,685,4319,0.094183703502804,0,1,0,7,0,0.00015861077847848266,0,Low
2,2,2,1,9,2999,10,48092,655,5446,0.1577002049813263,0,0,1,3,0,0.00015861077847848266,0,Low
0,1,2,1,9,1676,0,60882,604,4422,0.0938645906518647,0,0,1,6,0,0.00015861077847848266,0,Low
2,0,2,1,0,1254,22,70397,648,4639,0.1537180954942115,0,0,1,9,0,0.00015861077847848266,0,Low
0,0,2,0,12,3300,5,53226,693,3469,0.1403175734091321,0,0,1,12,0,0.00015861077847848266,0,Low
3,1,2,1,7,2323,7,65649,730,4241,0.1161569085354453,0,0,1,4,0,0.00015861077847848266,0,Low
1,1,2,1,9,1061,0,58566,669,4652,0.1893529591028884,0,0,0,11,0,0.00015861077847848266,0,Low
0,1,2,0,6,2396,18,46532,690,4473,0.0988520166799218,0,0,1,4,0,0.00015861077847848266,0,Low
0,0,2,1,13,2419,6,54019,634,3435,0.1222845691274085,0,0,1,4,0,0.00015861077847848266,0,Low
1,1,2,1,3,2881,7,62629,674,4091,0.1438050879003628,0,0,1,13,0,0.00015861077847848266,0,Low
1,2,2,0,11,2777,3,56979,739,4189,0.1448156280471619,0,0,1,6,0,0.00015861077847848266,0,Low
2,1,2,1,8,1301,2,67924,655,4657,0.1484476416261467,0,0,1,7,0,0.00015861077847848266,0,Low
1,1,2,0,0,3351,24,60832,539,4124,0.1651989661956501,0,0,1,5,0,0.00015861077847848266,0,Low
1,0,2,0,0,2866,1,55156,535,4536,0.1388348299517382,0,0,1,13,0,0.00015861077847848266,0,Low
3,1,2,1,9,1186,21,32783,657,3818,0.0946187467228429,0,0,1,6,0,0.00015861077847848266,0,Low
3,2,2,0,6,2653,13,45957,581,5828,0.1631645172870353,0,0,1,2,0,0.00015861077847848266,0,Low
1,1,2,0,11,1594,16,65190,659,3591,0.1221655776485977,0,0,0,1,0,0.00015861077847848266,0,Low
0,1,1,3,10,1156,0,80540,627,3122,0.1694123180144707,1,0,0,3,0,0.00015854750031965223,0,Low
0,0,1,3,27,1800,7,55303,537,1359,0.1486447022921128,1,0,1,12,0,0.00015854750031965223,0,Low
2,1,2,3,7,3039,12,41943,624,1257,0.1581374581365323,1,0,1,6,0,0.00015854750031965223,0,Low
1,1,0,3,9,889,14,71051,573,3103,0.0923814498551517,1,0,1,11,0,0.00015854750031965223,0,Low
3,1,0,3,29,929,3,37372,537,2174,0.0825814345695918,1,0,1,1,0,0.00015854750031965223,0,Low
1,1,0,3,6,2371,13,52805,534,1174,0.1935884822208784,1,0,1,1,0,0.00015854750031965223,0,Low
1,2,0,3,10,1043,10,34371,543,4857,0.1676879435574944,1,0,0,9,0,0.00015854750031965223,0,Low
0,1,0,3,8,1577,19,60099,550,4173,0.179626187685475,1,0,0,4,0,0.00015854750031965223,0,Low
1,2,0,3,31,2199,9,65541,632,1160,0.1143279189145951,1,0,1,2,0,0.00015854750031965223,0,Low
2,1,1,3,0,2742,0,68816,543,5628,0.1800450015259856,1,0,1,5,0,0.00015854750031965223,0,Low
2,0,0,3,11,2465,4,96594,518,2850,0.1651666449306396,1,0,1,7,0,0.00015854750031965223,0,Low
2,0,0,3,38,1916,15,49381,614,2350,0.1766403558658504,1,0,1,11,0,0.00015854750031965223,0,Low
1,0,1,3,4,1549,10,31113,512,5892,0.0890378330114001,1,0,1,2,0,0.00015854750031965223,0,Low
0,1,0,3,1,2160,1,71382,633,3829,0.0813105352260813,1,0,0,12,0,0.00015854750031965223,0,Low
2,1,0,3,0,1832,21,89336,568,2141,0.1558281168310136,1,0,1,4,0,0.00015854750031965223,0,Low
0,0,2,3,3,2294,2,95728,532,2161,0.1095567845276031,1,0,1,4,0,0.00015854750031965223,0,Low
2,2,0,3,9,2898,12,35454,633,4750,0.1080304805759345,1,0,0,7,0,0.00015854750031965223,0,Low
2,0,0,3,4,1114,18,60917,633,4339,0.141020150840698,1,0,0,11,0,0.00015854750031965223,0,Low
3,1,0,3,24,1674,9,72579,505,2628,0.1068825682252848,1,0,0,6,0,0.00015854750031965223,0,Low
1,1,1,3,26,1310,9,46413,708,2346,0.1122094849006895,1,0,1,5,0,0.00015854750031965223,0,Low
3,1,0,3,2,993,2,30548,510,1762,0.0871801920375001,1,0,1,10,0,0.00015854750031965223,0,Low
2,0,0,3,13,3439,5,35376,645,4658,0.1416143274562313,1,0,1,4,0,0.00015854750031965223,0,Low
0,2,1,3,9,1687,11,53377,626,5886,0.1273693641087755,1,0,0,10,0,0.00015854750031965223,0,Low
1,1,0,3,0,1116,14,49267,653,5054,0.2036037837857904,1,0,0,6,0,0.00015854750031965223,0,Low
0,0,0,3,4,3357,22,62719,530,4535,0.1269300669018003,1,0,1,7,0,0.00015854750031965223,0,Low
3,0,0,3,2,3063,16,53011,562,1306,0.2147231670012253,1,0,1,0,0,0.00015854750031965223,0,Low
3,0,1,3,5,1147,6,48642,594,2070,0.0988391994072972,1,0,1,7,0,0.00015854750031965223,0,Low
0,2,0,3,0,1238,5,88614,621,2778,0.0986780561588114,1,0,1,2,0,0.00015854750031965223,0,Low
2,0,0,3,31,1282,16,39751,666,1834,0.09430616728653,1,0,1,8,0,0.00015854750031965223,0,Low
1,0,1,3,11,1948,10,85141,722,2341,0.1264615468012083,1,0,0,11,0,0.00015854750031965223,0,Low
2,0,1,3,27,2365,5,80553,722,2274,0.1097902430638146,1,0,0,2,0,0.00015854750031965223,0,Low
4,0,0,0,11,1185,7,85912,652,2593,0.205755125995438,1,0,1,6,0,0.0001577861176487218,0,Low
0,3,0,2,11,923,4,81710,717,4633,0.0872499595563099,0,0,1,7,0,0.00015767370838641105,0,Low
1,3,0,2,2,1019,2,83161,595,4807,0.1151204962461876,0,0,1,5,0,0.00015767370838641105,0,Low
2,3,0,2,9,1236,7,75372,552,4707,0.1254353027746658,0,0,1,4,0,0.00015767370838641105,0,Low
3,3,1,2,1,1039,4,74505,655,3265,0.1181347334128326,0,0,1,11,0,0.00015767370838641105,0,Low
2,3,0,2,13,1577,9,77318,602,3637,0.1510195880322211,0,0,1,6,0,0.00015767370838641105,0,Low
2,0,1,2,16,1608,2,81647,680,1164,0.2114626360928585,0,0,1,12,0,0.00015701339810640858,0,Low
0,0,0,2,16,2048,1,80342,701,1653,0.2098109111374738,0,0,1,7,0,0.00015701339810640858,0,Low
4,2,0,0,5,2583,16,81300,727,5861,0.0828371119998826,0,0,1,4,0,0.00015557677063120668,0,Low
4,0,0,0,11,1093,21,75027,683,4520,0.1059475337130171,0,0,1,9,0,0.00015557677063120668,0,Low
4,1,1,0,1,2067,22,79817,683,3599,0.0838030630345014,0,0,0,6,0,0.00015557677063120668,0,Low
2,1,2,2,26,3124,21,65665,624,2921,0.1161972060550033,0,0,1,3,0,0.00015220257597928368,0,Low
3,0,2,1,5,1325,13,62014,724,2144,0.1195999948564238,0,0,1,12,0,0.00015220257597928368,0,Low
2,1,2,1,9,1994,9,58325,537,1942,0.1292166270184436,0,0,1,7,0,0.00015220257597928368,0,Low
2,1,2,0,10,931,11,36304,660,1556,0.1980337889454362,0,0,1,3,0,0.00015220257597928368,0,Low
2,0,2,1,35,3384,19,37079,614,1207,0.1955705577447625,0,0,1,4,0,0.00015220257597928368,0,Low
3,1,2,1,11,1334,17,33819,716,1126,0.1818319268264378,0,0,1,13,0,0.00015220257597928368,0,Low
1,1,2,1,29,3456,7,52335,569,1651,0.1503797864278969,0,0,1,10,0,0.00015220257597928368,0,Low
4,0,2,0,5,1751,20,39152,584,1880,0.1482447288173708,0,0,1,0,0,0.00015220257597928368,0,Low
4,1,2,0,28,1320,2,50796,643,1327,0.1767347850331928,0,0,1,12,0,0.00015220257597928368,0,Low
1,1,2,0,14,3197,11,62998,630,3083,0.1009489774569285,0,0,1,6,0,0.00015220257597928368,0,Low
1,1,2,0,8,2077,16,55229,743,1927,0.1664214682526726,0,0,1,1,0,0.00015220257597928368,0,Low
3,1,2,0,13,2818,19,61218,597,1863,0.1433043784502511,0,0,1,14,0,0.00015220257597928368,0,Low
2,1,2,1,8,1635,4,57209,625,1508,0.142696867965445,0,0,1,2,0,0.00015220257597928368,0,Low
2,2,2,2,25,2525,16,59595,589,2215,0.0939492190864983,0,0,1,5,0,0.00015220257597928368,0,Low
1,2,2,0,0,1939,3,70942,651,2130,0.1190926666269065,0,0,1,9,0,0.00015220257597928368,0,Low
4,2,2,1,15,1946,6,38922,604,2165,0.080681439214756,0,0,1,8,0,0.00015220257597928368,0,Low
0,1,2,0,7,1017,4,71742,533,3073,0.1199544690498536,0,0,1,11,0,0.00015220257597928368,0,Low
1,2,2,1,14,1434,19,48172,714,2212,0.1465737183125133,0,0,1,14,0,0.00015220257597928368,0,Low
3,0,2,1,10,3183,20,53951,526,3027,0.0992864778359584,0,0,1,6,0,0.00015220257597928368,0,Low
2,2,2,0,34,3023,14,31244,510,1189,0.1215799861850553,0,0,1,4,0,0.00015220257597928368,0,Low
1,1,2,2,9,1943,8,52343,532,1802,0.1244936871222409,0,0,0,2,0,0.00015220257597928368,0,Low
3,0,2,2,31,2055,6,39735,714,2831,0.1028957357173569,0,0,1,2,0,0.00015220257597928368,0,Low
1,1,2,2,3,2123,17,41281,719,2210,0.1984401498935069,0,0,1,6,0,0.00015220257597928368,0,Low
2,1,2,1,10,1388,9,47973,558,3079,0.1464989738085248,0,0,1,8,0,0.00015220257597928368,0,Low
1,1,2,0,28,1840,9,48451,523,2339,0.1491071963996157,0,0,1,12,0,0.00015220257597928368,0,Low
3,0,2,1,0,3429,3,66592,709,2193,0.1718158313635673,0,0,1,11,0,0.00015220257597928368,0,Low
2,0,2,0,0,1243,7,49745,665,1040,0.1218508615889512,0,0,1,1,0,0.00015220257597928368,0,Low
2,0,2,2,30,3478,22,33558,606,1106,0.0921141119956891,0,0,1,4,0,0.00015220257597928368,0,Low
3,0,2,2,2,2906,15,68946,635,2611,0.1737846475199242,0,0,0,2,0,0.00015220257597928368,0,Low
1,0,2,1,33,3066,23,30977,502,1804,0.1272369436447962,0,0,1,12,0,0.00015220257597928368,0,Low
1,0,2,0,10,3209,3,63110,602,1352,0.1209268334856602,0,0,1,4,0,0.00015220257597928368,0,Low
2,1,2,1,7,2546,6,67056,643,2145,0.1563363889720584,0,0,1,1,0,0.00015220257597928368,0,Low
0,1,2,0,10,3401,1,40043,641,1119,0.1810826284899434,0,0,0,9,0,0.00015220257597928368,0,Low
1,1,2,2,9,3020,18,67088,525,2273,0.0872961494788222,0,0,0,9,0,0.00015220257597928368,0,Low
3,1,2,1,31,3063,6,55275,587,2721,0.1268754073991676,0,0,1,9,0,0.00015220257597928368,0,Low
2,2,2,1,29,1375,5,64454,735,1280,0.1947075471110353,0,0,0,13,0,0.00015220257597928368,0,Low
3,1,2,0,5,1899,7,71619,608,1396,0.1658007344809646,0,0,1,11,0,0.00015220257597928368,0,Low
1,1,2,0,0,2916,18,31774,595,2092,0.0996871836690854,0,0,1,8,0,0.00015220257597928368,0,Low
1,0,2,0,9,1761,19,43085,596,2039,0.1680167723603143,0,0,1,12,0,0.00015220257597928368,0,Low
2,1,2,0,24,1663,5,63150,672,1725,0.1954770014586791,0,0,1,1,0,0.00015220257597928368,0,Low
2,1,2,1,4,3090,13,69173,550,2823,0.1992767716736094,0,0,0,0,0,0.00015220257597928368,0,Low
1,0,2,0,15,2246,10,55693,744,1829,0.1846409502451619,0,0,1,2,0,0.00015220257597928368,0,Low
0,0,2,0,33,2869,9,62918,549,1871,0.1430912008165152,0,0,0,6,0,0.00015220257597928368,0,Low
1,1,2,0,31,932,9,52062,511,2067,0.100522274580333,0,0,0,4,0,0.00015220257597928368,0,Low
2,1,2,0,5,3224,15,72409,625,3049,0.1798922877188957,0,0,1,1,0,0.00015220257597928368,0,Low
1,1,2,1,14,2345,7,54148,626,1578,0.1363438734251244,0,0,1,4,0,0.00015220257597928368,0,Low
0,0,2,1,8,942,4,50857,594,1533,0.1793330994090632,0,1,1,2,0,0.00015220257597928368,0,Low
1,0,2,0,15,2354,16,52461,594,1026,0.0877907794575015,0,0,0,14,0,0.00015220257597928368,0,Low
1,0,2,0,10,2983,11,40798,666,2735,0.1674558605374657,0,0,0,7,0,0.00015220257597928368,0,Low
2,0,2,1,29,3189,3,71714,569,2871,0.196723728558488,0,0,1,8,0,0.00015220257597928368,0,Low
3,2,2,0,26,3184,4,34721,722,2520,0.111800125887057,0,0,1,6,0,0.00015220257597928368,0,Low
1,0,2,1,25,1062,2,35865,654,2933,0.0858064411202853,0,0,0,12,0,0.00015220257597928368,0,Low
1,1,2,0,27,2746,2,59659,703,2190,0.1251774115492429,0,0,0,9,0,0.00015220257597928368,0,Low
3,1,2,1,8,2677,18,36308,510,2463,0.0990430634478972,0,0,1,12,0,0.00015220257597928368,0,Low
1,1,2,0,11,3198,1,42643,712,2411,0.0833307463881176,0,0,1,11,0,0.00015220257597928368,0,Low
1,0,2,0,27,2238,7,35062,654,1270,0.158040344631098,0,0,1,1,0,0.00015220257597928368,0,Low
4,0,2,2,32,2738,0,63884,544,2725,0.1183598997829438,0,0,1,1,0,0.00015220257597928368,0,Low
0,1,2,0,29,1506,22,70145,579,2151,0.2151162350103469,0,0,1,12,0,0.00015220257597928368,0,Low
3,0,2,0,26,1282,0,32249,687,1908,0.1152443651577594,0,0,0,0,0,0.00015220257597928368,0,Low
1,0,2,1,0,3356,7,44317,661,2448,0.1696969364311817,0,0,1,9,0,0.00015220257597928368,0,Low
2,1,2,1,15,3227,10,47199,553,2998,0.1770040952311137,0,0,1,7,0,0.00015220257597928368,0,Low
0,0,0,2,20,1150,1,99363,589,3392,0.0808611853591451,0,0,1,2,0,0.00015216834418539465,0,Low
3,1,0,2,36,1372,6,83736,646,5085,0.2157485176502196,0,0,1,1,0,0.00015216834418539465,0,Low
3,1,0,2,32,1582,6,74495,729,3214,0.1049379646051679,0,1,0,4,0,0.00015216834418539465,0,Low
4,0,0,2,34,3119,8,81111,539,4692,0.1477595832110255,0,0,1,11,0,0.00015216834418539465,0,Low
1,0,1,2,35,1283,9,98913,653,5807,0.1040563152838112,0,0,1,10,0,0.00015216834418539465,0,Low
0,0,0,2,28,1262,4,88547,609,3305,0.1716436216915264,0,0,1,13,0,0.00015216834418539465,0,Low
1,2,0,2,23,1667,4,82921,639,5366,0.1882513878869753,0,1,0,9,0,0.00015216834418539465,0,Low
1,1,0,2,31,3282,9,87327,693,4139,0.1015913969284931,0,0,1,6,0,0.00015216834418539465,0,Low
2,1,1,2,35,2189,17,84632,629,3837,0.1514099048977564,0,0,1,14,0,0.00015216834418539465,0,Low
2,0,0,2,32,2174,5,81661,556,5789,0.1446947335150355,0,0,1,13,0,0.00015216834418539465,0,Low
2,0,0,2,35,2059,5,84429,678,3639,0.1166125913341918,0,0,1,9,0,0.00015216834418539465,0,Low
2,1,0,2,25,1948,2,82785,509,4383,0.1995248393247373,0,0,0,1,0,0.00015216834418539465,0,Low
0,1,0,2,23,3028,10,77665,604,5497,0.2171107151863421,0,0,1,5,0,0.00015216834418539465,0,Low
2,1,1,2,36,2786,10,92320,680,4301,0.0982648284998968,0,0,0,9,0,0.00015216834418539465,0,Low
4,0,1,2,27,1289,4,95017,695,5310,0.1182110116249729,0,0,1,1,0,0.00015216834418539465,0,Low
3,0,0,2,31,904,10,81849,636,3443,0.172989570468728,0,0,1,11,0,0.00015216834418539465,0,Low
4,0,0,2,29,2146,6,81167,541,4760,0.1858263400503792,0,0,1,2,0,0.00015216834418539465,0,Low
1,2,0,2,31,2542,2,96259,658,3963,0.1710083512769201,0,0,1,2,0,0.00015216834418539465,0,Low
1,0,1,2,23,2646,6,79130,705,4752,0.0876384758423578,0,0,1,9,0,0.00015216834418539465,0,Low
2,1,0,2,35,3474,6,78819,616,4149,0.1070248615157524,0,0,1,4,0,0.00015216834418539465,0,Low
0,1,0,2,27,2173,5,85699,613,5722,0.0853918213202432,0,0,1,10,0,0.00015216834418539465,0,Low
0,1,1,2,36,2749,8,79267,575,4503,0.0973711084979223,0,0,1,1,0,0.00015216834418539465,0,Low
0,1,0,2,33,2680,10,88806,626,3292,0.1057969465783208,0,0,1,6,0,0.00015216834418539465,0,Low
0,1,1,2,15,1718,7,97149,554,3120,0.1073609501747775,0,0,1,10,0,0.00015216834418539465,0,Low
3,2,1,2,28,3166,4,76267,595,5805,0.1466972385152161,0,0,1,2,0,0.00015216834418539465,0,Low
4,0,0,2,35,3180,3,79857,592,3500,0.190624898034587,0,0,0,8,0,0.00015216834418539465,0,Low
1,0,0,2,30,1295,2,76492,622,4685,0.1772932024463041,0,0,1,13,0,0.00015216834418539465,0,Low
2,1,1,2,24,1383,11,95444,631,3489,0.0963197029670857,0,0,1,11,0,0.00015216834418539465,0,Low
0,1,0,2,30,1889,17,80511,604,3301,0.0971806128757419,0,0,1,14,0,0.00015216834418539465,0,Low
0,2,1,2,38,1415,8,84069,636,3480,0.1432544273620539,0,0,1,11,0,0.00015216834418539465,0,Low
1,2,1,2,36,3360,22,86101,519,3307,0.1465520489198021,0,0,1,0,0,0.00015216834418539465,0,Low
3,1,1,2,30,1102,10,82236,537,5419,0.1973478259365242,0,0,1,3,0,0.00015216834418539465,0,Low
1,0,0,2,35,1628,5,76725,732,3155,0.1623601113177725,0,0,1,5,0,0.00015216834418539465,0,Low
1,2,1,2,36,1286,2,97244,619,5006,0.1644715100412645,0,0,1,12,0,0.00015216834418539465,0,Low
4,2,0,2,15,2512,8,94846,547,3764,0.1695249643169576,0,0,1,9,0,0.00015216834418539465,0,Low
4,1,0,2,27,1259,4,77630,659,4920,0.1946626474805532,0,0,0,6,0,0.00015216834418539465,0,Low
4,0,1,2,37,1475,1,94486,627,4985,0.1802220030243993,0,0,1,1,0,0.00015216834418539465,0,Low
0,1,0,2,27,1196,8,75910,709,4161,0.1343919408112785,0,0,1,4,0,0.00015216834418539465,0,Low
2,2,1,2,35,2680,2,82449,646,3596,0.113902119958844,0,0,1,13,0,0.00015216834418539465,0,Low
1,0,0,2,28,2360,21,77465,601,3190,0.0906124061728903,0,0,0,8,0,0.00015216834418539465,0,Low
1,1,1,2,15,3410,2,99403,545,4193,0.1056185322342258,0,0,1,14,0,0.00015216834418539465,0,Low
1,1,0,1,35,964,20,77349,659,3455,0.1717325410683896,0,0,1,9,0,0.00015068496647457238,0,Low
2,0,0,0,24,1880,24,75984,603,3513,0.2044549836651211,0,0,1,12,0,0.00015068496647457238,0,Low
1,2,1,1,35,2315,24,79234,555,3897,0.194208897082807,0,0,1,6,0,0.00015068496647457238,0,Low
2,1,0,0,15,3340,24,82078,641,3666,0.2145090146621344,0,0,0,10,0,0.00015068496647457238,0,Low
0,3,0,0,32,2598,23,75723,537,2987,0.1846154568413018,0,0,1,5,0,0.00014978212817638977,0,Low
4,1,0,1,26,1105,23,78127,711,2745,0.0817206287793387,0,0,1,5,0,0.00014916856813200773,0,Low
4,1,0,2,30,3469,15,88689,689,2757,0.1491886824538378,0,0,1,7,0,0.00014916856813200773,0,Low
4,1,1,2,36,978,16,87264,675,2831,0.1785047754343826,0,0,1,6,0,0.00014916856813200773,0,Low
4,0,0,2,11,1052,17,78037,689,1340,0.1058717042153177,0,0,1,14,0,0.00014916856813200773,0,Low
0,1,1,2,9,2406,16,82675,724,1622,0.1834682562787283,0,0,0,1,0,0.00014811660095338366,0,Low
1,0,1,2,9,3063,7,81677,696,2924,0.199652654292827,0,0,1,6,0,0.00014811660095338366,0,Low
0,1,0,3,0,2376,2,91598,660,2020,0.1932487003107545,0,0,1,5,0,0.00014811660095338366,0,Low
0,0,0,2,28,1607,7,86577,679,2138,0.181138379578945,0,0,1,1,0,0.00014811660095338366,0,Low
1,1,1,2,0,2545,15,85465,664,2001,0.191552771373234,0,0,1,9,0,0.00014811660095338366,0,Low
2,0,0,2,2,1383,8,77925,689,2003,0.2039957232008595,0,0,1,3,0,0.00014811660095338366,0,Low
3,3,0,2,20,2072,12,77925,501,1919,0.0924277570402165,0,0,1,1,0,0.0001452048628995921,0,Low
0,0,0,2,31,1987,23,74550,577,3054,0.2129469815511251,0,0,0,10,0,0.0001442767639753734,0,Low
3,3,0,2,17,1875,10,67910,549,5215,0.1355154071191076,0,0,1,13,0,0.00014376083595084982,0,Low
4,0,1,1,16,1119,22,37512,710,5723,0.0913636613588207,0,0,1,9,0,0.00014166389819564548,0,Low
1,1,2,1,36,3392,0,83820,565,2454,0.19863583175844,0,0,1,5,0,0.00013719195774758197,0,Low
2,0,2,0,38,2332,11,82105,530,2833,0.1552406557599692,0,0,1,3,0,0.00013719195774758197,0,Low
1,0,2,0,37,1445,10,96780,630,1031,0.1383282975228112,0,0,1,3,0,0.00013719195774758197,0,Low
1,0,1,0,16,823,21,79976,735,2146,0.1673717110025809,0,1,1,5,0,0.0001369397948946321,0,Low
1,1,0,1,18,2900,19,74908,618,1644,0.1896068912029629,0,0,1,2,0,0.0001369397948946321,0,Low
2,0,0,0,21,974,22,76321,652,1441,0.2168744152403787,0,0,1,10,0,0.0001369397948946321,0,Low
1,3,1,2,7,1157,14,74710,675,2531,0.0865653728217114,0,0,1,5,0,0.00013630806574656718,0,Low
0,1,0,2,2,3321,19,80353,612,3784,0.1428639628540508,0,0,1,1,0,0.00013593457795162844,0,Low
1,2,0,2,0,1780,7,93688,685,4886,0.1557461427201558,0,0,1,11,0,0.00013593457795162844,0,Low
1,0,0,2,12,2445,3,90694,565,3951,0.0860631891518644,0,0,1,8,0,0.00013593457795162844,0,Low
1,1,1,2,9,1235,20,74662,654,5676,0.1368430501781865,0,0,1,7,0,0.00013593457795162844,0,Low
1,0,1,2,13,1270,11,83084,602,3478,0.1636273675431941,0,0,1,13,0,0.00013593457795162844,0,Low
1,1,1,2,12,3178,5,75164,687,5842,0.144221668316816,0,0,1,12,0,0.00013593457795162844,0,Low
2,0,0,2,0,2318,11,83976,645,5746,0.1532383258024675,0,0,1,2,0,0.00013593457795162844,0,Low
2,1,1,2,12,2619,9,83340,500,4405,0.2003174638557411,0,0,1,13,0,0.00013593457795162844,0,Low
1,0,0,2,2,1323,11,86847,656,3164,0.1854599951706846,0,0,1,3,0,0.00013593457795162844,0,Low
1,2,0,2,6,2233,18,82445,597,5763,0.2037517845893324,0,0,1,2,0,0.00013593457795162844,0,Low
2,1,0,2,3,2156,15,80026,678,4057,0.0899766749961353,0,0,1,4,0,0.00013593457795162844,0,Low
1,1,0,2,14,1318,2,87379,539,4148,0.1003011040706749,0,1,0,12,0,0.00013593457795162844,0,Low
2,0,1,2,13,3458,3,96882,716,3636,0.0919211737191263,0,0,0,0,0,0.00013593457795162844,0,Low
0,1,0,2,0,3123,8,89809,564,4311,0.1037336916264131,0,0,1,0,0,0.00013593457795162844,0,Low
2,0,0,2,12,3302,15,93632,700,5253,0.1416574901238446,0,0,0,8,0,0.00013593457795162844,0,Low
3,0,0,2,0,1410,1,90489,530,5520,0.1634176088572916,0,0,0,2,0,0.00013593457795162844,0,Low
0,0,0,2,6,2364,1,82551,748,3134,0.122485761088638,0,0,0,14,0,0.00013593457795162844,0,Low
2,1,1,2,8,2715,2,98562,504,4253,0.1330206697082752,0,0,1,0,0,0.00013593457795162844,0,Low
3,1,1,2,1,1806,7,81552,597,4955,0.159081231850541,0,0,1,9,0,0.00013593457795162844,0,Low
4,0,0,2,9,834,8,79135,624,4317,0.1339080828358619,0,0,1,13,0,0.00013593457795162844,0,Low
3,0,0,2,0,2281,4,82393,708,3188,0.1999081051220505,0,0,1,6,0,0.00013593457795162844,0,Low
4,2,0,2,10,2949,6,75160,725,3719,0.1733524442042583,0,0,1,1,0,0.00013593457795162844,0,Low
1,1,0,2,13,3193,3,80437,643,5270,0.0910527628533924,0,0,1,8,0,0.00013593457795162844,0,Low
1,0,0,2,5,1464,17,74277,505,3374,0.0952666494121625,0,0,0,0,0,0.00013593457795162844,0,Low
1,2,0,2,13,3201,23,74960,581,5549,0.111893062134891,0,0,1,13,0,0.00013593457795162844,0,Low
1,1,0,2,9,2664,1,96762,617,4096,0.1867561811175724,0,0,1,5,0,0.00013593457795162844,0,Low
1,0,0,2,11,2989,2,87550,723,5562,0.086140117014228,0,0,1,3,0,0.00013593457795162844,0,Low
2,0,0,2,3,1212,3,78512,591,4857,0.0826842067074321,0,0,1,6,0,0.00013593457795162844,0,Low
1,0,0,2,8,3111,11,88325,508,4954,0.0986252092980861,0,0,0,12,0,0.00013593457795162844,0,Low
3,2,0,2,13,1633,10,89044,577,3478,0.1801437193795292,0,0,1,12,0,0.00013593457795162844,0,Low
2,2,1,2,5,2808,6,93742,677,4677,0.1228933826060298,0,0,1,12,0,0.00013593457795162844,0,Low
0,2,1,2,7,3055,15,93257,532,5259,0.1048336413530432,0,0,1,3,0,0.00013593457795162844,0,Low
3,0,1,2,8,1982,1,80561,681,5197,0.1627323372689693,0,0,1,1,0,0.00013593457795162844,0,Low
2,0,0,2,11,2659,21,80053,644,3539,0.1626355244987256,0,0,1,4,0,0.00013593457795162844,0,Low
1,0,0,2,2,2480,8,89985,599,5244,0.1084921746050528,0,0,0,1,0,0.00013593457795162844,0,Low
1,1,1,2,1,2494,15,74828,632,4110,0.1746485748684492,0,1,0,7,0,0.00013593457795162844,0,Low
2,1,1,2,12,3258,1,89637,623,3332,0.0874676381039314,0,0,1,12,0,0.00013593457795162844,0,Low
2,1,1,2,7,2113,15,96514,635,4723,0.1990975871855863,0,0,1,10,0,0.00013593457795162844,0,Low
2,1,0,2,13,898,7,89423,617,4527,0.1189230634318666,0,0,1,12,0,0.00013593457795162844,0,Low
2,0,0,2,4,1637,5,82265,589,3362,0.2075611438289814,0,0,1,4,0,0.00013593457795162844,0,Low
1,0,1,2,1,3245,19,81803,631,3382,0.1286223877812228,0,0,1,12,0,0.00013593457795162844,0,Low
2,1,1,2,12,3015,3,82416,565,3188,0.1466368801499451,0,0,1,8,0,0.00013593457795162844,0,Low
1,3,0,2,24,1389,8,55978,721,3825,0.2129461739754999,0,0,1,7,0,0.0001348640387978249,0,Low
2,3,0,2,25,1218,1,35889,722,3474,0.1658463126086164,0,0,1,2,0,0.0001348640387978249,0,Low
2,3,0,2,37,2079,9,52770,657,4536,0.1957726063816255,0,0,1,4,0,0.0001348640387978249,0,Low
3,3,1,2,33,819,7,56656,655,3217,0.1503865728625057,0,0,1,0,0,0.0001348640387978249,0,Low
4,3,0,2,23,947,8,68105,530,3931,0.0983323521315159,0,0,1,7,0,0.0001348640387978249,0,Low
0,3,0,2,23,3095,1,52796,657,3684,0.1192129403895704,0,0,1,3,0,0.0001348640387978249,0,Low
2,3,0,2,30,2863,6,35230,741,5421,0.0933147642622493,0,0,1,11,0,0.0001348640387978249,0,Low
1,3,0,2,28,3269,8,46588,627,5741,0.1495164893266992,0,0,1,3,0,0.0001348640387978249,0,Low
3,0,1,0,1,1908,24,82356,526,5280,0.1768744578016745,0,0,0,0,0,0.00013445120024080615,0,Low
2,1,0,1,10,2178,19,82919,505,3123,0.2155534610068656,0,0,1,9,0,0.00013445120024080615,0,Low
2,0,0,0,3,899,19,79953,688,5843,0.1845129908735326,0,0,1,13,0,0.00013445120024080615,0,Low
3,1,0,0,9,2467,19,80622,681,4264,0.1887227971797564,0,0,1,1,0,0.00013445120024080615,0,Low
1,2,0,1,7,939,23,79514,580,4897,0.21613824321118,0,0,1,13,0,0.00013445120024080615,0,Low
0,3,0,1,19,1642,24,90887,580,3981,0.1518494593800562,0,0,1,8,0,0.00013431871591266075,0,Low
1,3,1,1,36,1245,21,31905,602,4145,0.1952822228574447,0,0,1,4,0,0.0001333806610870026,0,Low
4,1,1,0,32,1556,15,36858,656,3264,0.1801857091872817,0,0,1,10,0,0.00013276710104262056,0,Low
4,1,1,1,28,2943,13,62735,708,3141,0.1175090903433239,0,0,1,12,0,0.00013276710104262056,0,Low
3,0,0,2,8,2889,17,88591,582,3459,0.1841044701088298,1,0,1,5,0,0.00013185617709431102,0,Low
1,0,1,2,5,1255,16,95905,581,3182,0.1654539604354083,1,0,1,4,0,0.00013185617709431102,0,Low
0,1,0,2,9,3325,24,93059,540,4041,0.1833987646280419,1,0,0,9,0,0.00013185617709431102,0,Low
0,3,0,2,27,1313,5,63757,712,1591,0.1953144589099001,0,0,1,9,0,0.0001308122955658139,0,Low
2,3,0,2,34,2229,9,63959,666,2062,0.2112058548855721,0,0,1,12,0,0.0001308122955658139,0,Low
1,1,0,0,9,2388,22,80831,531,1891,0.1716495261386886,0,0,1,3,0,0.0001280429977416072,0,Low
2,0,1,2,13,2452,22,84303,544,2058,0.2196405382449489,0,0,1,14,0,0.0001280429977416072,0,Low
2,1,0,1,1,3429,22,83334,717,2755,0.1924109424345331,0,0,0,5,0,0.0001280429977416072,0,Low
3,0,0,1,36,2723,19,85333,513,1195,0.1959705938938838,0,0,1,0,0,0.0001280429977416072,0,Low
3,1,0,2,1,1957,20,81298,514,2072,0.216534038527018,0,0,1,10,0,0.0001280429977416072,0,Low
2,2,0,1,37,3307,21,84311,574,1049,0.1902809524225806,0,1,1,12,0,0.0001280429977416072,0,Low
3,0,0,0,23,1924,22,82726,707,2531,0.1808983037939897,0,0,1,2,0,0.0001280429977416072,0,Low
1,1,0,0,15,1401,20,88372,701,1124,0.1814497443369543,0,0,1,8,0,0.0001280429977416072,0,Low
0,0,0,2,15,1870,22,86404,587,2934,0.1951074393317471,0,0,1,11,0,0.0001280429977416072,0,Low
0,0,0,0,13,2946,22,85370,712,1294,0.1881375815125287,0,0,1,11,0,0.0001280429977416072,0,Low
1,2,1,2,37,2361,19,87635,563,1554,0.1758709084610793,0,0,0,4,0,0.0001280429977416072,0,Low
2,0,0,1,34,2194,23,77261,551,2488,0.1716465335880308,0,0,1,0,0,0.0001280429977416072,0,Low
3,0,0,1,29,971,22,86821,716,2117,0.1821928502186375,0,0,1,3,0,0.0001280429977416072,0,Low
3,1,1,1,9,1895,20,76124,627,2734,0.1886182208049004,0,0,1,3,0,0.0001280429977416072,0,Low
2,0,0,0,6,1774,22,74531,533,1576,0.192417515368964,0,0,1,12,0,0.0001280429977416072,0,Low
3,0,1,0,30,2276,22,78799,515,2055,0.1995602077034333,0,0,1,12,0,0.0001280429977416072,0,Low
1,0,1,0,7,3365,22,79475,696,2925,0.1712370720093899,0,0,1,3,0,0.0001280429977416072,0,Low
3,1,0,1,10,2965,21,74167,716,2079,0.181101327679504,0,0,1,1,0,0.0001280429977416072,0,Low
1,0,1,1,8,2641,22,79307,502,1933,0.1803246110327319,0,0,1,12,0,0.0001280429977416072,0,Low
4,2,0,2,27,2218,20,75276,514,2175,0.1761053382607952,0,0,1,13,0,0.0001280429977416072,0,Low
3,0,0,1,27,1112,20,81737,528,2322,0.1915433560147729,0,0,1,11,0,0.0001280429977416072,0,Low
0,0,0,1,6,2171,22,79905,581,1322,0.1790111782037296,0,0,1,4,0,0.0001280429977416072,0,Low
2,3,1,0,37,1920,19,30664,604,3066,0.1718626609537922,0,0,1,0,0,0.00012697245858780363,0,Low
0,3,1,0,15,2224,23,88918,549,4912,0.127481976765311,0,0,1,6,0,0.00012542191875963585,0,Low
3,1,1,2,16,2961,12,95347,690,2177,0.1067449724216413,0,0,0,11,0,0.0001234657324648095,0,Low
1,2,0,2,18,1055,12,95012,684,2082,0.109828127548837,0,0,1,11,0,0.0001234657324648095,0,Low
0,1,0,2,17,1722,6,46244,507,3281,0.1756050980033345,0,0,0,0,0,0.0001220217055160672,0,Low
0,0,1,2,18,1910,6,42747,723,5607,0.1013907758564925,0,0,0,14,0,0.0001220217055160672,0,Low
1,2,0,2,18,1886,0,52461,661,4152,0.2043669190739331,1,0,1,1,0,0.0001220217055160672,0,Low
3,1,1,2,16,2309,16,59876,532,4869,0.1669637893955408,0,0,1,1,0,0.0001220217055160672,0,Low
0,1,0,2,20,2722,8,48283,746,4543,0.1991093001200098,0,0,1,5,0,0.0001220217055160672,0,Low
2,1,1,2,22,2346,5,47629,542,5879,0.1334838176639681,0,0,0,12,0,0.0001220217055160672,0,Low
2,0,0,2,20,1288,3,81499,540,4279,0.120565800281973,1,0,1,7,0,0.0001220217055160672,0,Low
0,1,0,2,22,2566,7,91358,530,5848,0.1704138409822391,1,0,1,3,0,0.0001220217055160672,0,Low
1,2,0,2,21,2039,7,69082,730,5491,0.0942462361675683,0,0,1,13,0,0.0001220217055160672,0,Low
0,1,0,2,19,1923,3,55835,643,5482,0.2031857978184356,0,0,1,14,0,0.0001220217055160672,0,Low
3,0,0,2,20,2483,1,63066,539,5947,0.1209194654200852,0,0,1,14,0,0.0001220217055160672,0,Low
2,1,0,2,22,2706,7,62318,738,5989,0.1092509563832932,0,0,1,10,0,0.0001220217055160672,0,Low
0,0,0,2,19,1199,1,60412,645,5636,0.2167174207833929,0,0,1,4,0,0.0001220217055160672,0,Low
2,1,0,2,18,873,4,98294,659,5283,0.1986443033890148,1,0,1,8,0,0.0001220217055160672,0,Low
1,1,1,2,22,2683,2,33623,565,5171,0.1864694346205558,0,0,1,2,0,0.0001220217055160672,0,Low
2,2,0,2,16,3123,8,65977,684,4643,0.1261542312056881,0,0,1,8,0,0.0001220217055160672,0,Low
2,2,1,2,19,3250,11,57598,537,4363,0.0921198900984841,0,0,1,11,0,0.0001220217055160672,0,Low
0,0,0,2,21,1646,8,70763,588,5703,0.1181304791532342,0,0,1,10,0,0.0001220217055160672,0,Low
3,0,1,2,19,1987,0,42247,621,4347,0.104880580532094,1,0,0,1,0,0.0001220217055160672,0,Low
1,0,1,2,17,3415,9,48556,538,5969,0.0955806348359813,1,0,0,3,0,0.0001220217055160672,0,Low
0,2,0,2,21,3292,21,56800,536,3817,0.0981672521531649,1,0,1,9,0,0.0001220217055160672,0,Low
2,0,1,2,20,2938,0,66112,520,5686,0.1771143240519359,0,0,0,2,0,0.0001220217055160672,0,Low
0,1,1,2,17,3078,1,34772,652,3559,0.2159783456163418,0,0,1,12,0,0.0001220217055160672,0,Low
2,0,0,2,16,2668,7,57772,627,5965,0.1899406415294235,0,1,1,2,0,0.0001220217055160672,0,Low
1,0,0,2,17,1508,0,41959,645,5537,0.1678709154946699,0,0,1,6,0,0.0001220217055160672,0,Low
2,1,0,2,22,2910,10,52543,640,5633,0.1924282601124964,0,0,1,11,0,0.0001220217055160672,0,Low
2,2,0,2,21,1331,10,72923,604,3527,0.1172288056098453,1,0,1,12,0,0.0001220217055160672,0,Low
1,1,1,2,22,876,4,75243,631,3690,0.0945216420724776,1,0,1,5,0,0.0001220217055160672,0,Low
2,0,0,2,16,1498,2,43937,689,3612,0.2027804179382342,0,0,1,3,0,0.0001220217055160672,0,Low
1,1,0,2,21,3314,4,53928,642,3627,0.1239412648760123,0,0,1,4,0,0.0001220217055160672,0,Low
0,1,0,2,21,3244,24,31016,514,3634,0.2137980867188311,1,0,1,3,0,0.0001220217055160672,0,Low
1,1,0,2,22,1721,15,50460,666,3412,0.1746079337315256,0,1,1,11,0,0.0001220217055160672,0,Low
2,2,0,2,22,2521,3,31946,619,4367,0.1839007983084687,0,0,1,11,0,0.0001220217055160672,0,Low
1,1,0,2,16,2015,10,40090,529,3700,0.1955604014473694,0,0,0,2,0,0.0001220217055160672,0,Low
2,2,0,2,22,3106,8,37907,597,5057,0.1170744503738348,0,0,1,6,0,0.0001220217055160672,0,Low
1,1,0,2,18,988,8,35504,674,4169,0.109022791460304,1,0,1,11,0,0.0001220217055160672,0,Low
3,1,1,2,21,3340,16,86932,528,3746,0.156415729027513,1,1,1,0,0,0.0001220217055160672,0,Low
2,0,0,2,22,3258,3,46300,672,4539,0.1457024699824181,0,0,0,3,0,0.0001220217055160672,0,Low
4,0,0,2,20,2420,2,44500,516,5907,0.1593792714817044,1,0,1,8,0,0.0001220217055160672,0,Low
0,1,0,2,17,2854,11,59699,569,3889,0.1811437115574412,0,0,1,9,0,0.0001220217055160672,0,Low
2,2,0,2,18,1232,9,43316,514,5857,0.1522366642634306,1,0,1,4,0,0.0001220217055160672,0,Low
2,1,0,2,21,3348,8,31273,677,4975,0.1165119880232205,0,0,1,6,0,0.0001220217055160672,0,Low
2,0,0,2,22,2492,22,73772,693,3130,0.1111886178778296,0,0,1,14,0,0.0001220217055160672,0,Low
3,2,0,2,21,2153,15,54766,747,3926,0.1890098949394429,0,0,1,10,0,0.0001220217055160672,0,Low
2,1,2,1,36,2203,13,44595,635,5678,0.1835493827786213,0,0,1,5,0,0.00012079049065819483,0,Low
0,0,2,0,37,894,2,39415,520,4977,0.1753346093935516,0,0,1,12,0,0.00012079049065819483,0,Low
0,0,2,0,37,2120,20,38803,583,3322,0.1507827522366971,0,0,0,11,0,0.00012079049065819483,0,Low
1,0,2,0,37,999,6,72495,539,4454,0.179994177267563,0,0,1,14,0,0.00012079049065819483,0,Low
0,2,2,0,37,860,1,71657,573,3532,0.1727966940426231,0,0,1,2,0,0.00012079049065819483,0,Low
0,2,2,1,36,2571,19,53109,645,5807,0.1902491665287462,0,0,1,8,0,0.00012079049065819483,0,Low
2,1,0,0,16,1542,24,67309,642,4805,0.2186656911244097,0,0,0,2,0,0.00012053832780524492,0,Low
2,1,1,0,18,1927,20,61201,722,3395,0.1752645200048031,0,0,1,10,0,0.00012053832780524492,0,Low
1,2,0,1,22,1335,24,53385,555,3598,0.186163943244122,0,0,1,9,0,0.00012053832780524492,0,Low
2,0,0,1,16,1304,24,43589,641,3763,0.1817129317892814,0,0,1,6,0,0.00012053832780524492,0,Low
1,1,0,1,18,2686,22,56032,731,3647,0.2163177260463878,0,0,1,3,0,0.00012053832780524492,0,Low
1,0,0,1,16,2724,23,59285,738,5634,0.1933170218631065,0,0,1,2,0,0.00012053832780524492,0,Low
0,0,0,1,16,2476,23,62554,561,4047,0.2092225104622585,0,0,1,7,0,0.00012053832780524492,0,Low
2,0,1,0,16,1714,24,64805,596,3520,0.1968587713719409,0,0,1,8,0,0.00012053832780524492,0,Low
1,1,0,0,20,1400,19,60010,716,3188,0.2087287090800293,0,1,1,6,0,0.00012053832780524492,0,Low
2,1,0,1,18,2607,21,54562,724,3281,0.185810810336323,0,0,1,13,0,0.00012053832780524492,0,Low
2,0,0,0,18,3082,20,46044,617,3791,0.1907289954900527,0,0,1,2,0,0.00012053832780524492,0,Low
0,3,0,1,21,1387,20,71831,537,2102,0.1958396093959471,0,0,1,9,0,0.00011963548950706233,0,Low
4,0,0,0,20,1829,20,52253,692,1878,0.1610564446257294,0,0,1,7,0,0.00011902192946268027,0,Low
4,0,0,0,22,2645,13,54019,698,1530,0.155214251219892,0,0,1,14,0,0.00011902192946268027,0,Low
2,3,0,2,14,3353,4,45914,601,5309,0.1856197595876699,0,0,1,1,0,0.00011863027256405867,0,Low
3,3,0,2,3,1839,0,60147,677,4741,0.0953562725524782,0,0,1,0,0,0.00011863027256405867,0,Low
1,3,0,2,7,3212,18,39528,571,4097,0.1539042927154135,0,0,0,12,0,0.00011863027256405867,0,Low
2,0,0,2,20,1726,6,71402,682,1993,0.1968120190884543,0,0,0,13,0,0.00011796996228405621,0,Low
0,3,0,1,9,2581,21,31063,511,3546,0.1963082946764638,0,0,1,12,0,0.0001171468948532364,0,Low
4,0,0,1,10,1842,14,54992,688,3728,0.1410642678421452,0,0,1,0,0,0.00011653333480885432,0,Low
4,2,1,1,13,1506,22,32278,662,5734,0.0972684984782711,0,0,1,11,0,0.00011653333480885432,0,Low
4,1,0,1,3,896,13,43975,668,5617,0.1327425468899789,0,0,1,2,0,0.00011653333480885432,0,Low
4,2,0,1,5,3058,21,68392,723,4674,0.1419276105455342,0,0,1,2,0,0.00011653333480885432,0,Low
4,0,0,0,11,911,16,57675,742,5311,0.1538546582103782,0,0,1,10,0,0.00011653333480885432,0,Low
4,2,1,0,11,3417,24,59616,688,3128,0.1254671857909481,0,0,1,8,0,0.00011653333480885432,0,Low
4,0,0,0,9,1989,16,37146,657,3111,0.1048744100913177,0,0,1,8,0,0.00011653333480885432,0,Low
4,1,0,1,11,2223,16,55346,660,5823,0.0974221703304381,0,0,1,8,0,0.00011653333480885432,0,Low
3,1,0,2,13,1993,12,74869,561,3090,0.1499992925745002,0,0,1,2,0,0.00011456893531178458,0,Low
3,1,1,2,23,1200,14,77882,610,2615,0.1780001319317808,0,0,1,8,0,0.00011456893531178458,0,Low
3,2,1,2,24,3012,14,82677,735,1173,0.1738452407101605,0,0,1,1,0,0.00011456893531178458,0,Low
3,0,0,2,3,1521,13,89360,686,3069,0.0973014488630052,0,0,1,13,0,0.00011456893531178458,0,Low
3,1,0,2,4,3429,12,78877,587,1347,0.1067248051581692,0,0,1,3,0,0.00011456893531178458,0,Low
0,1,0,2,34,2776,13,86867,570,1393,0.178899786946836,0,0,1,0,0,0.00011456893531178458,0,Low
1,0,1,2,35,1726,14,77047,711,2004,0.1577298663476734,0,0,1,3,0,0.00011456893531178458,0,Low
0,2,0,2,27,1249,12,83173,583,2699,0.1699668833112783,0,0,0,10,0,0.00011456893531178458,0,Low
4,0,1,2,37,1667,13,93700,551,2711,0.0839402747246436,0,0,1,5,0,0.00011456893531178458,0,Low
0,0,0,2,2,2285,12,85169,682,1200,0.1066934097015671,0,0,1,4,0,0.00011456893531178458,0,Low
0,1,0,2,29,1663,6,51737,507,3335,0.1865284246994493,0,0,1,10,0,0.00011312490836304229,0,Low
2,0,0,2,27,2180,10,70413,521,4036,0.1754474741678671,1,0,1,1,0,0.00011312490836304229,0,Low
3,1,0,2,23,1903,15,48963,552,3130,0.107288711462128,0,0,1,8,0,0.00011312490836304229,0,Low
0,1,0,2,38,1175,5,60769,607,3277,0.176535984884549,0,0,1,12,0,0.00011312490836304229,0,Low
2,1,0,2,15,3260,15,55802,636,5603,0.1791707840546288,1,0,0,4,0,0.00011312490836304229,0,Low
1,1,0,2,15,1728,10,51732,682,5324,0.2077994231247538,0,0,1,1,0,0.00011312490836304229,0,Low
3,0,1,2,27,2502,8,54689,621,5370,0.1202199802864396,0,0,1,9,0,0.00011312490836304229,0,Low
3,1,0,2,27,1851,20,53036,555,4120,0.1204474374133953,0,0,1,11,0,0.00011312490836304229,0,Low
4,0,0,2,25,1662,2,49065,593,4814,0.1443896261047174,0,0,1,4,0,0.00011312490836304229,0,Low
1,0,2,2,36,987,8,86592,670,3303,0.1486823863587844,1,0,1,10,0,0.00011312490836304229,0,Low
1,1,0,2,29,3173,2,72076,622,5016,0.1120371777150077,1,0,1,7,0,0.00011312490836304229,0,Low
1,0,0,2,33,1642,11,61762,648,3976,0.1874733909213181,0,0,1,3,0,0.00011312490836304229,0,Low
3,1,0,2,35,2661,6,48179,513,3517,0.1817954664204003,0,0,1,4,0,0.00011312490836304229,0,Low
1,1,0,2,27,3057,17,58973,563,3454,0.2158745857754876,0,0,1,3,0,0.00011312490836304229,0,Low
2,0,0,2,38,2245,7,59719,648,3367,0.1661817762790419,0,0,0,9,0,0.00011312490836304229,0,Low
2,2,0,2,23,1119,3,52687,537,4944,0.1954583440763165,0,1,1,13,0,0.00011312490836304229,0,Low
3,1,0,2,39,884,2,32935,580,5402,0.1150959285029143,0,0,1,4,0,0.00011312490836304229,0,Low
1,2,0,2,36,1138,8,67142,590,3524,0.2105729294584609,0,0,1,5,0,0.00011312490836304229,0,Low
4,2,1,2,23,2509,3,34237,600,4859,0.118364346981826,0,0,1,7,0,0.00011312490836304229,0,Low
3,1,1,2,30,2322,8,61518,605,4674,0.122907365429128,0,0,1,1,0,0.00011312490836304229,0,Low
1,0,0,2,29,2207,8,73362,550,3989,0.1927339236339549,1,1,1,7,0,0.00011312490836304229,0,Low
2,1,0,2,30,2976,10,34566,562,4068,0.1397041959477459,1,0,0,2,0,0.00011312490836304229,0,Low
4,1,1,2,29,3137,8,72187,547,5067,0.2109613475430446,0,0,0,14,0,0.00011312490836304229,0,Low
1,2,0,2,36,3351,8,73781,527,4078,0.0850136274895591,1,0,0,1,0,0.00011312490836304229,0,Low
1,1,1,2,26,861,10,34104,735,5351,0.1330519304001152,0,0,1,9,0,0.00011312490836304229,0,Low
3,2,1,2,33,1957,4,40918,530,3982,0.1632944503317345,0,0,1,7,0,0.00011312490836304229,0,Low
1,1,0,2,35,2141,8,60039,556,4303,0.10136398727817,0,0,0,0,0,0.00011312490836304229,0,Low
4,0,1,2,37,3081,2,68099,583,4148,0.1524960212365829,0,0,1,11,0,0.00011312490836304229,0,Low
1,0,0,2,31,1396,9,55473,675,3534,0.2144325764178506,0,0,1,11,0,0.00011312490836304229,0,Low
0,0,1,2,27,2695,0,38529,746,4989,0.1272766482404711,0,0,0,1,0,0.00011312490836304229,0,Low
3,2,0,2,31,3365,0,44441,586,5725,0.1856573504963385,0,0,1,5,0,0.00011312490836304229,0,Low
2,1,0,2,32,3071,4,41064,514,3677,0.2059649027493937,0,0,1,3,0,0.00011312490836304229,0,Low
0,1,0,2,26,1407,3,72256,681,3513,0.1558522807395415,0,0,1,11,0,0.00011312490836304229,0,Low
2,0,1,2,27,998,0,38182,741,5257,0.1673715114824174,0,0,1,12,0,0.00011312490836304229,0,Low
2,1,0,2,31,2831,9,38208,546,5487,0.2024856152241954,0,0,1,13,0,0.00011312490836304229,0,Low
2,1,1,2,23,1983,8,30145,627,4093,0.0902639672329222,0,0,1,1,0,0.00011312490836304229,0,Low
1,2,0,2,32,1565,18,36076,711,3769,0.0843185093370349,0,0,1,5,0,0.00011312490836304229,0,Low
2,1,0,2,37,3024,21,44840,553,3352,0.1494291334922138,0,0,1,8,0,0.00011312490836304229,0,Low
2,1,0,2,25,2504,20,88455,560,3167,0.1740575484665157,1,0,1,11,0,0.00011312490836304229,0,Low
2,0,0,2,26,3238,22,53155,604,3633,0.1596474759381277,1,0,1,5,0,0.00011312490836304229,0,Low
1,0,0,2,29,2244,9,57392,621,3175,0.1183824530059272,0,0,0,8,0,0.00011312490836304229,0,Low
2,0,0,2,38,1785,9,48957,632,5536,0.208694183870327,0,0,1,10,0,0.00011312490836304229,0,Low
2,1,0,2,26,2088,8,30433,590,4531,0.116586134218344,1,0,1,12,0,0.00011312490836304229,0,Low
1,1,0,2,24,2295,2,55139,615,3544,0.1189986769629802,0,0,1,4,0,0.00011312490836304229,0,Low
0,0,0,2,15,2375,6,57140,557,4571,0.2101998044795122,1,0,1,13,0,0.00011312490836304229,0,Low
2,0,0,2,31,2833,18,55745,523,3990,0.1347893255024407,0,0,1,1,0,0.00011312490836304229,0,Low
1,0,0,2,38,2027,6,36056,600,5576,0.0933061641689579,0,0,1,2,0,0.00011312490836304229,0,Low
1,1,0,2,32,1783,10,33609,575,3594,0.154363510819677,0,0,0,13,0,0.00011312490836304229,0,Low
1,1,0,2,23,1176,10,66111,592,4595,0.1502546696062257,0,0,1,7,0,0.00011312490836304229,0,Low
2,1,0,2,28,3115,4,56622,512,4769,0.1375548739897543,0,1,1,2,0,0.00011312490836304229,0,Low
2,0,0,2,26,2421,8,57780,743,3922,0.1220665173228015,0,0,1,14,0,0.00011312490836304229,0,Low
2,0,1,2,30,1536,11,55406,649,4187,0.2170721678101968,0,0,1,10,0,0.00011312490836304229,0,Low
0,1,2,2,28,1377,9,57218,554,3288,0.1812856911558952,1,0,0,1,0,0.00011312490836304229,0,Low
3,0,0,2,33,3358,1,69516,617,3863,0.1249744918613601,0,0,1,5,0,0.00011312490836304229,0,Low
3,0,1,2,28,946,22,56777,622,3378,0.0851900984860516,0,0,0,8,0,0.00011312490836304229,0,Low
1,0,1,2,39,2354,1,36215,592,4948,0.1103438997713675,0,0,0,13,0,0.00011312490836304229,0,Low
2,1,0,2,37,1756,5,42182,526,3856,0.0802992994863518,0,0,0,7,0,0.00011312490836304229,0,Low
2,1,1,2,31,2698,0,39685,606,3707,0.1904643984378012,0,0,0,3,0,0.00011312490836304229,0,Low
3,0,1,2,23,3172,22,68355,614,3596,0.1617245346173378,1,0,1,6,0,0.00011312490836304229,0,Low
1,2,0,2,29,3153,2,34549,601,5543,0.1485716635354858,0,1,1,9,0,0.00011312490836304229,0,Low
3,0,1,2,37,2034,21,55034,637,3206,0.1522771265681312,0,0,1,12,0,0.00011312490836304229,0,Low
3,0,0,2,26,2744,3,50032,691,4368,0.1765907343715963,0,0,1,11,0,0.00011312490836304229,0,Low
2,1,1,2,38,920,0,32355,501,4301,0.1332279889089782,0,0,1,13,0,0.00011312490836304229,0,Low
3,0,0,2,39,2777,3,61181,633,4907,0.1580929923786631,0,0,1,12,0,0.00011312490836304229,0,Low
1,1,0,2,29,1610,5,34220,558,5139,0.1512046445581524,0,0,1,6,0,0.00011312490836304229,0,Low
1,1,0,2,34,2888,5,33863,642,4449,0.110352127927061,0,1,1,12,0,0.00011312490836304229,0,Low
3,1,1,2,31,1230,6,57635,546,5175,0.1966543027079046,0,0,1,12,0,0.00011312490836304229,0,Low
2,2,0,2,28,1623,7,32333,522,5875,0.1626730028187505,0,0,1,3,0,0.00011312490836304229,0,Low
2,1,1,2,25,2852,4,92797,624,4032,0.1099950419359905,1,0,1,11,0,0.00011312490836304229,0,Low
1,0,0,2,23,2785,7,40950,612,4444,0.1743037211961793,1,0,0,12,0,0.00011312490836304229,0,Low
2,0,1,2,39,2810,4,44624,561,4865,0.1526565632955907,1,0,0,6,0,0.00011312490836304229,0,Low
3,2,0,2,28,2960,5,56692,562,3402,0.1504142335322476,0,0,1,8,0,0.00011312490836304229,0,Low
1,2,1,2,34,2055,9,38396,597,3969,0.1896373585106771,0,0,0,9,0,0.00011312490836304229,0,Low
2,1,0,2,36,2521,4,56762,616,3282,0.1766520103994073,0,0,0,0,0,0.00011312490836304229,0,Low
2,0,0,2,32,2682,9,65968,528,5689,0.1120959929376359,0,0,1,0,0,0.00011312490836304229,0,Low
0,2,0,2,32,920,15,40498,521,3269,0.1382734371707501,0,0,1,13,0,0.00011312490836304229,0,Low
2,0,0,2,30,2235,11,44933,608,5400,0.0991622591490691,0,0,1,9,0,0.00011312490836304229,0,Low
3,1,0,2,27,925,9,52665,745,3568,0.1659870146858261,0,0,1,5,0,0.00011312490836304229,0,Low
1,0,1,2,23,2930,10,75942,644,5277,0.1537564654410712,1,0,1,6,0,0.00011312490836304229,0,Low
2,0,0,2,30,2450,0,63826,526,5740,0.1979459268979573,0,0,1,7,0,0.00011312490836304229,0,Low
2,1,0,2,39,3026,1,76669,644,3663,0.1738315663525438,1,0,1,0,0,0.00011312490836304229,0,Low
1,1,0,2,15,2344,1,38557,509,5542,0.1148529792391541,0,0,1,7,0,0.00011312490836304229,0,Low
1,0,1,2,36,3492,7,61518,638,5159,0.1541532717659693,0,1,1,0,0,0.00011312490836304229,0,Low
3,0,0,2,24,975,15,71683,736,3162,0.082538276420822,0,0,1,3,0,0.00011312490836304229,0,Low
3,2,0,2,24,2704,11,30196,640,4262,0.1689961312736183,1,0,1,8,0,0.00011312490836304229,0,Low
1,1,0,2,29,3086,21,61762,546,3613,0.1400210880319384,1,0,1,6,0,0.00011312490836304229,0,Low
2,1,0,2,34,1179,11,73065,628,5565,0.1321405186646058,0,0,1,9,0,0.00011312490836304229,0,Low
2,2,1,2,27,3174,2,47698,626,3323,0.1798933057180168,1,1,1,9,0,0.00011312490836304229,0,Low
1,2,0,2,23,3133,0,32327,519,3997,0.1039668943481856,0,0,1,3,0,0.00011312490836304229,0,Low
1,1,1,2,30,1945,6,62464,643,3136,0.0837275359536534,0,0,1,1,0,0.00011312490836304229,0,Low
2,2,1,2,31,2615,20,55610,606,4045,0.1121945659399143,0,0,1,1,0,0.00011312490836304229,0,Low
0,2,0,2,35,1503,7,41818,512,4028,0.1232885347124277,0,0,0,10,0,0.00011312490836304229,0,Low
1,1,1,2,15,2292,20,43887,640,4318,0.1405493520582801,0,0,1,1,0,0.00011312490836304229,0,Low
0,0,0,2,38,2318,2,62879,563,4937,0.1586922312419949,0,0,1,14,0,0.00011312490836304229,0,Low
1,1,1,2,38,1423,5,52313,569,5596,0.0846407119954373,0,0,1,2,0,0.00011312490836304229,0,Low
1,1,0,2,27,3135,5,40053,623,3495,0.1395343550511275,1,0,1,7,0,0.00011312490836304229,0,Low
1,1,2,2,24,803,7,66048,578,5902,0.1580591668294798,1,0,1,9,0,0.00011312490836304229,0,Low
0,1,1,2,15,1565,9,36725,728,4279,0.1955240338626326,0,0,1,4,0,0.00011312490836304229,0,Low
2,0,0,2,32,1261,6,39215,629,3380,0.2086508811654738,0,1,0,14,0,0.00011312490836304229,0,Low
3,0,0,2,27,920,1,47915,677,5640,0.1373333890513484,1,0,1,6,0,0.00011312490836304229,0,Low
3,1,1,2,30,3002,19,43008,614,4122,0.1165776419395809,0,0,0,6,0,0.00011312490836304229,0,Low
3,0,1,2,33,1117,7,67448,550,4282,0.1907454488526221,0,0,1,1,0,0.00011312490836304229,0,Low
3,0,0,2,34,1917,10,55341,529,3489,0.1934191697116417,0,0,1,8,0,0.00011312490836304229,0,Low
1,1,0,2,33,2898,4,82054,662,3574,0.1340941278998429,1,0,1,13,0,0.00011312490836304229,0,Low
1,2,0,2,36,2379,0,61275,502,4500,0.1480474584747808,0,0,1,13,0,0.00011312490836304229,0,Low
2,2,1,2,30,934,8,55003,508,3612,0.1087358545491875,0,1,1,4,0,0.00011312490836304229,0,Low
2,0,0,2,33,2369,2,41967,544,4147,0.1722433575492364,0,0,1,5,0,0.00011312490836304229,0,Low
4,0,0,2,29,2045,11,64664,637,3923,0.1536557389193177,0,0,1,9,0,0.00011312490836304229,0,Low
1,0,0,2,37,1373,20,42256,533,4154,0.1529042531879279,1,1,0,1,0,0.00011312490836304229,0,Low
0,1,0,2,37,1865,0,40176,573,3892,0.180297926812569,0,0,1,4,0,0.00011312490836304229,0,Low
2,2,1,2,29,2645,17,45573,605,4047,0.0885383719832162,1,0,1,2,0,0.00011312490836304229,0,Low
3,0,1,2,29,2345,7,57877,746,4474,0.0820318850989404,0,0,0,7,0,0.00011312490836304229,0,Low
3,0,0,2,15,2007,18,63806,550,5299,0.0901393836373602,1,0,0,5,0,0.00011312490836304229,0,Low
2,1,0,2,24,2007,19,34378,725,3642,0.1162733031872449,0,0,1,6,0,0.00011312490836304229,0,Low
1,1,1,2,23,1791,16,48140,577,3340,0.1573784289996099,0,0,1,10,0,0.00011312490836304229,0,Low
2,1,0,2,28,809,5,39675,619,5115,0.0979754045271237,0,0,1,9,0,0.00011312490836304229,0,Low
2,2,0,2,23,3201,7,62286,506,4651,0.1755482743937099,0,0,1,5,0,0.00011312490836304229,0,Low
3,2,1,2,35,1033,8,64486,736,4282,0.1112440384372936,0,0,0,8,0,0.00011312490836304229,0,Low
1,2,0,2,32,2264,6,68528,593,4345,0.152772331260388,0,0,1,3,0,0.00011312490836304229,0,Low
2,0,1,2,29,2021,1,38654,620,3593,0.1970040269438248,0,0,1,12,0,0.00011312490836304229,0,Low
3,2,0,2,25,2094,10,80573,503,4875,0.0807810689327228,1,0,1,4,0,0.00011312490836304229,0,Low
0,0,0,2,23,807,8,56898,553,5210,0.0881540434689344,0,0,0,14,0,0.00011312490836304229,0,Low
1,2,0,2,34,3113,5,52303,561,4169,0.1664409217939794,0,0,1,8,0,0.00011312490836304229,0,Low
1,0,1,2,26,3235,18,51730,628,3486,0.1357141432224241,0,1,1,9,0,0.00011312490836304229,0,Low
0,2,1,2,23,3150,6,66906,615,5618,0.1135257783683533,0,0,0,12,0,0.00011312490836304229,0,Low
4,2,1,1,18,2696,17,89533,648,3982,0.1501851818807736,0,0,1,5,0,0.00011257958547787815,0,Low
3,1,1,0,22,1683,17,97162,550,3765,0.0929794332377727,0,0,1,9,0,0.00011257958547787815,0,Low
1,1,1,0,16,1239,20,89923,617,3349,0.1567300595936591,0,0,1,13,0,0.00011257958547787815,0,Low
1,0,0,0,17,2417,17,92698,631,3749,0.1235363216556593,0,0,1,13,0,0.00011257958547787815,0,Low
2,0,0,1,28,2952,24,59970,692,3146,0.2018463641976086,0,0,1,8,0,0.00011164153065222001,0,Low
0,2,0,1,38,3312,21,35113,649,4108,0.1935997058652752,0,0,0,6,0,0.00011164153065222001,0,Low
3,0,0,1,15,2646,24,63101,571,4956,0.1887542181131209,0,0,1,6,0,0.00011164153065222001,0,Low
0,2,0,1,38,1713,24,64134,579,3521,0.2192662836625988,0,0,1,12,0,0.00011164153065222001,0,Low
2,0,0,1,26,2226,21,58034,531,3168,0.2013419921863432,0,0,1,2,0,0.00011164153065222001,0,Low
1,1,0,0,15,1516,24,53462,576,5575,0.1957709460222253,0,0,1,9,0,0.00011164153065222001,0,Low
1,2,0,1,28,2395,21,52360,605,4124,0.1695327828223681,0,0,1,10,0,0.00011164153065222001,0,Low
2,2,0,0,15,2806,21,74028,678,5731,0.1948974752387409,0,0,1,6,0,0.00011164153065222001,0,Low
2,1,0,0,26,2477,20,37681,624,4114,0.1996883228137719,0,0,1,10,0,0.00011164153065222001,0,Low
1,1,1,1,33,1012,24,35165,610,3551,0.1686881196326822,0,0,1,12,0,0.00011164153065222001,0,Low
2,0,0,0,27,3437,20,64789,666,3554,0.1689485373813211,0,0,1,3,0,0.00011164153065222001,0,Low
0,2,0,1,38,1066,19,39751,679,3907,0.1942826720614417,0,0,1,5,0,0.00011164153065222001,0,Low
3,0,1,1,25,970,20,68304,616,3353,0.1677497374876716,0,0,1,3,0,0.00011164153065222001,0,Low
1,2,0,1,27,2803,19,60828,557,3233,0.1890306470013145,0,0,1,13,0,0.00011164153065222001,0,Low
0,0,0,0,32,3333,24,69400,723,4029,0.1947521540070474,0,0,1,11,0,0.00011164153065222001,0,Low
2,0,0,0,34,1978,20,72183,581,3600,0.2153167814203688,0,0,1,5,0,0.00011164153065222001,0,Low
1,1,1,1,39,1985,21,59938,573,3714,0.2016487148765232,0,0,1,12,0,0.00011164153065222001,0,Low
2,0,1,0,15,829,23,39456,624,5670,0.2131869758073606,0,0,1,14,0,0.00011164153065222001,0,Low
2,1,0,0,32,1653,22,46142,607,3382,0.2004300688017157,0,0,1,11,0,0.00011164153065222001,0,Low
2,3,0,1,2,1177,22,60927,631,2379,0.2099230597893524,0,0,0,9,0,0.00011073869235403742,0,Low
3,3,0,1,14,2673,19,64039,513,2091,0.2153780281166409,0,0,1,6,0,0.00011073869235403742,0,Low
1,3,0,2,6,1605,21,51476,739,2749,0.2130452714363493,0,0,1,4,0,0.00011073869235403742,0,Low
1,3,1,1,9,3020,22,56083,742,1928,0.1712889044112812,0,0,0,1,0,0.00011073869235403742,0,Low
4,1,1,1,3,2039,23,42281,667,1629,0.1054178494593936,0,1,1,4,0,0.00011012513230965534,0,Low
4,0,0,1,0,3409,22,69675,664,2851,0.1148285081211722,0,0,1,0,0,0.00011012513230965534,0,Low
4,2,0,1,29,1223,19,69483,661,2310,0.131806139151669,0,0,1,11,0,0.00011012513230965534,0,Low
4,2,0,0,7,1838,22,41412,735,1647,0.1545877279283271,0,0,0,10,0,0.00011012513230965534,0,Low
4,1,0,2,9,1622,23,73645,745,2575,0.1013524303612302,0,0,0,12,0,0.00011012513230965534,0,Low
4,1,0,0,1,1099,24,57328,702,2359,0.0857414769864718,0,0,0,0,0,0.00011012513230965534,0,Low
4,0,0,0,10,984,15,30454,723,2135,0.1973580286523168,0,0,1,11,0,0.00011012513230965534,0,Low
4,1,1,1,37,3055,15,53080,678,1036,0.1240757468175086,0,0,1,13,0,0.00011012513230965534,0,Low
4,2,0,0,6,1012,13,33392,678,2371,0.0899666676050172,0,0,1,6,0,0.00011012513230965534,0,Low
4,2,1,1,30,955,19,67652,737,1857,0.1467196907256613,0,0,1,7,0,0.00011012513230965534,0,Low
4,0,1,0,28,3009,17,68848,702,2899,0.1298579770126405,0,0,1,8,0,0.00011012513230965534,0,Low
2,3,0,0,12,3199,22,97329,607,5331,0.1099706022816963,0,1,1,7,0,0.00010918815252586962,0,Low
0,3,1,1,8,1072,18,92027,533,4148,0.1869924382974928,0,0,0,3,0,0.00010918815252586962,0,Low
2,3,0,0,7,2969,23,95506,700,4638,0.1488564783271626,0,0,1,12,0,0.00010918815252586962,0,Low
1,0,0,2,25,2861,17,72530,692,1572,0.21068778260491,0,0,0,13,0,0.00010907316513103132,0,Low
0,0,0,3,22,2086,2,62939,701,1145,0.2092549353075962,0,0,1,2,0,0.00010907316513103132,0,Low
2,2,0,3,4,2796,0,73188,666,2761,0.2055425664997685,0,0,1,10,0,0.00010907316513103132,0,Low
1,1,0,2,8,2616,5,73928,672,1813,0.1943204013210503,0,0,1,2,0,0.00010907316513103132,0,Low
2,2,0,3,3,1630,16,70975,683,5401,0.1790214194599988,0,0,1,3,0,0.00010907316513103132,0,Low
1,0,0,2,9,2118,7,72078,674,1773,0.1927091507491296,0,0,1,5,0,0.00010907316513103132,0,Low
5,0,1,2,20,2844,11,85487,564,5044,0.183459281984249,0,0,1,13,0,0.00010578793928230098,0,Low
1,0,1,3,34,3099,20,48873,558,4120,0.2033729794220132,0,0,0,5,0,0.00010523332815302103,0,Low
0,1,1,3,22,1341,24,55404,575,3393,0.196043222342015,0,0,1,2,0,0.00010523332815302103,0,Low
1,2,0,3,21,2262,23,67726,561,3196,0.2005611021689579,0,0,1,3,0,0.00010523332815302103,0,Low
5,1,2,1,8,1010,4,59316,688,5326,0.1605462187076123,0,0,1,3,0,0.0001045567244244286,0,Low
2,0,0,0,32,1364,24,93572,682,3481,0.16143281076727,0,0,1,4,0,0.00010368278832485326,0,Low
1,0,0,0,31,2922,24,95905,712,3173,0.0941277312448079,0,0,1,1,0,0.00010368278832485326,0,Low
0,2,0,1,33,2779,18,89550,664,4014,0.1315866185920804,0,0,1,1,0,0.00010368278832485326,0,Low
3,0,1,1,23,944,24,90067,504,3515,0.1214837911175051,0,0,1,8,0,0.00010368278832485326,0,Low
2,0,0,1,36,1708,22,94664,685,3554,0.1293736995247545,0,0,1,11,0,0.00010368278832485326,0,Low
1,1,0,1,28,1700,22,89260,640,3476,0.0984090854661953,0,0,1,14,0,0.00010368278832485326,0,Low
2,1,0,0,30,2573,18,97056,564,4045,0.092234992147952,0,0,0,13,0,0.00010368278832485326,0,Low
3,1,0,1,29,943,19,96768,633,4141,0.124123957378942,0,0,1,12,0,0.00010368278832485326,0,Low
3,0,1,0,33,3103,19,96924,693,3394,0.0857782139828097,0,0,1,3,0,0.00010368278832485326,0,Low
2,1,0,0,32,2501,24,90322,668,3514,0.1042283296642531,0,0,1,5,0,0.00010368278832485326,0,Low
1,1,0,0,27,2010,17,91564,515,3984,0.1882169076068787,0,0,1,0,0,0.00010368278832485326,0,Low
2,0,0,0,25,1300,20,94895,528,3127,0.1601775132014649,0,0,1,3,0,0.00010368278832485326,0,Low
0,0,0,0,32,3062,16,93015,725,3816,0.1764153337322259,0,0,1,5,0,0.00010368278832485326,0,Low
3,1,1,1,36,3138,18,96152,591,3899,0.0826101038319517,0,0,1,7,0,0.00010368278832485326,0,Low
2,3,0,0,24,3346,21,93670,679,2737,0.1464123869220941,0,0,1,9,0,0.00010277995002667064,0,Low
3,3,0,1,29,849,16,95082,700,2874,0.1763766504632895,0,0,0,0,0,0.00010277995002667064,0,Low
0,3,0,1,14,1677,19,90355,719,1937,0.1310158046221782,0,0,0,6,0,0.00010277995002667064,0,Low
0,0,2,3,12,2093,8,89992,600,2754,0.0955398484076677,0,0,1,7,0,0.00010012983868090713,0,Low
3,3,1,1,20,3016,24,79501,602,3488,0.1435351761170591,0,0,0,9,0,9.93536809476258e-05,0,Low
3,3,1,0,21,951,10,96349,613,3963,0.1695970184142856,0,0,1,9,0,9.93536809476258e-05,0,Low
1,3,0,1,20,3411,8,75529,611,4200,0.1947180737494887,0,0,1,8,0,9.93536809476258e-05,0,Low
2,3,0,1,22,1189,10,90824,710,3567,0.196587054910144,0,0,0,6,0,9.93536809476258e-05,0,Low
4,3,1,1,21,3441,14,97676,605,3438,0.0818348378341339,0,0,0,8,0,9.93536809476258e-05,0,Low
1,3,1,1,21,3135,7,80924,667,3466,0.0949922078774056,0,0,0,9,0,9.93536809476258e-05,0,Low
2,3,0,0,17,1660,5,98111,622,3631,0.1759849549446068,0,0,1,12,0,9.93536809476258e-05,0,Low
2,3,1,0,21,1042,24,76380,619,4132,0.0908426036233936,0,0,1,11,0,9.93536809476258e-05,0,Low
4,3,0,0,18,803,24,85544,634,3350,0.1612827230443094,0,1,1,9,0,9.93536809476258e-05,0,Low
2,3,1,0,20,3160,12,85775,587,4176,0.1267098058022817,0,0,1,11,0,9.93536809476258e-05,0,Low
0,3,0,1,22,2011,8,93203,665,4057,0.0919913308474724,0,0,1,1,0,9.93536809476258e-05,0,Low
2,2,2,2,36,1798,17,53076,552,2467,0.1687718818028807,0,0,1,4,0,9.814852192522963e-05,0,Low
5,1,2,0,8,2249,4,90519,581,2703,0.1779469795421435,0,0,1,2,0,9.814852192522963e-05,0,Low
1,0,2,0,38,1797,9,55250,601,1886,0.1665344966057266,0,0,1,0,0,9.814852192522963e-05,0,Low
2,1,2,1,38,1374,18,59576,586,2053,0.1630947029377456,0,0,1,13,0,9.814852192522963e-05,0,Low
2,0,2,0,37,1353,20,48440,600,1626,0.1796729298925371,0,0,0,8,0,9.814852192522963e-05,0,Low
5,1,2,1,1,1387,15,73653,613,1296,0.2065928722770829,0,0,1,11,0,9.814852192522963e-05,0,Low
2,1,2,0,37,1408,5,32747,584,1698,0.1120091076888698,0,0,1,12,0,9.814852192522963e-05,0,Low
1,1,1,1,17,2319,19,60871,688,1722,0.1879413894358777,0,0,0,6,0,9.789635907227974e-05,0,Low
1,0,0,0,18,2624,23,41077,509,1686,0.1689668197104994,0,0,1,9,0,9.789635907227974e-05,0,Low
1,0,1,2,17,1964,20,34589,612,2178,0.178466012750905,0,0,1,5,0,9.789635907227974e-05,0,Low
3,0,0,0,20,1838,22,39505,718,1007,0.1844576776911258,0,0,1,13,0,9.789635907227974e-05,0,Low
1,2,0,1,22,1155,21,56432,557,2818,0.1772160387897912,0,0,1,4,0,9.789635907227974e-05,0,Low
2,0,0,0,19,2669,21,73896,660,1590,0.2111114531831351,0,0,1,3,0,9.789635907227974e-05,0,Low
1,2,0,0,21,2497,19,63079,639,1979,0.2016596225402594,0,0,1,5,0,9.789635907227974e-05,0,Low
0,2,1,0,21,2606,19,58265,714,1542,0.1825938789767021,0,0,1,11,0,9.789635907227974e-05,0,Low
2,0,0,1,22,3319,19,31984,595,1796,0.1996768602660767,0,0,1,9,0,9.789635907227974e-05,0,Low
3,0,0,2,18,2130,20,44417,673,2868,0.1825898666464903,0,0,1,1,0,9.789635907227974e-05,0,Low
3,1,1,0,19,1953,22,43731,522,1347,0.1904320155657952,0,0,1,11,0,9.789635907227974e-05,0,Low
3,2,1,0,21,1354,20,31146,511,1987,0.1708897542476801,0,0,0,4,0,9.789635907227974e-05,0,Low
1,0,0,1,22,2861,21,59833,727,1287,0.166661341491242,0,0,1,1,0,9.789635907227974e-05,0,Low
1,1,0,2,17,1920,20,35640,728,1329,0.1827179712855097,0,0,1,4,0,9.789635907227974e-05,0,Low
0,2,0,1,21,1880,21,35476,653,2193,0.1889854571645028,0,0,1,6,0,9.789635907227974e-05,0,Low
3,1,0,1,16,1792,22,34274,592,3004,0.199279917704203,0,0,0,6,0,9.789635907227974e-05,0,Low
1,1,0,0,18,2167,24,63743,597,1209,0.2105385358247949,0,0,0,4,0,9.789635907227974e-05,0,Low
2,2,1,1,22,1616,20,51158,707,1822,0.1892953236699243,0,0,0,13,0,9.789635907227974e-05,0,Low
4,2,0,0,17,2785,23,30230,631,1086,0.1880360006898233,0,0,0,7,0,9.789635907227974e-05,0,Low
2,0,1,2,3,823,18,53645,713,4942,0.0838744376813988,0,0,1,11,0,9.689114212927606e-05,0,Low
1,0,1,2,8,1256,21,37782,669,3943,0.1225293924131894,1,0,1,14,0,9.689114212927606e-05,0,Low
3,1,1,2,0,883,18,72995,689,4149,0.2037091400304681,0,0,1,11,0,9.689114212927606e-05,0,Low
2,1,0,2,12,1733,18,34716,649,5840,0.1479934204105963,1,0,1,7,0,9.689114212927606e-05,0,Low
2,1,0,2,2,2681,15,67041,672,5326,0.126816187912227,1,0,0,7,0,9.689114212927606e-05,0,Low
0,1,0,2,1,973,4,50189,580,5031,0.1895588097748808,0,0,1,5,0,9.689114212927606e-05,0,Low
2,1,2,2,4,810,23,86694,590,4331,0.0986911072360292,1,0,1,1,0,9.689114212927606e-05,0,Low
2,0,0,2,14,1692,8,54015,654,5575,0.1745597949023312,0,0,1,3,0,9.689114212927606e-05,0,Low
2,1,0,2,3,2625,23,37562,662,3203,0.1074282258985879,0,0,1,4,0,9.689114212927606e-05,0,Low
5,0,0,2,31,2567,11,64860,512,3789,0.1852057008983177,0,0,1,2,0,9.689114212927606e-05,0,Low
2,0,0,2,3,3381,6,44013,511,4978,0.1210829958396391,0,0,1,6,0,9.689114212927606e-05,0,Low
2,0,0,2,5,2201,3,42853,588,3820,0.1817292610530357,0,0,1,7,0,9.689114212927606e-05,0,Low
0,2,0,2,7,2072,15,46111,516,4237,0.1844182077272621,0,1,1,8,0,9.689114212927606e-05,0,Low
3,1,1,2,5,2921,0,38304,641,3827,0.1555942678210336,0,1,1,12,0,9.689114212927606e-05,0,Low
1,1,1,2,11,3097,16,70161,548,4544,0.1899846826902651,0,0,0,4,0,9.689114212927606e-05,0,Low
3,0,0,2,8,1307,17,32041,615,3197,0.136579185144552,0,0,1,6,0,9.689114212927606e-05,0,Low
1,1,0,2,9,2481,3,33271,588,4716,0.2071583683768382,0,0,0,1,0,9.689114212927606e-05,0,Low
3,0,0,2,14,1676,5,62064,508,5265,0.0948630732042802,0,1,1,2,0,9.689114212927606e-05,0,Low
2,1,0,2,13,1740,15,57046,669,5234,0.2176479499880442,0,0,1,9,0,9.689114212927606e-05,0,Low
1,0,0,2,5,2772,18,46987,523,3711,0.1908284516930636,1,0,1,9,0,9.689114212927606e-05,0,Low
1,1,0,2,12,2565,9,53321,625,5443,0.1647214092146536,0,0,1,0,0,9.689114212927606e-05,0,Low
0,0,1,2,3,1394,16,48783,625,3485,0.1303050923496679,1,0,1,9,0,9.689114212927606e-05,0,Low
2,0,0,2,4,2789,0,31457,687,3153,0.2054867347310482,0,0,1,1,0,9.689114212927606e-05,0,Low
1,2,1,2,4,1175,6,49361,689,5054,0.1926107618065538,0,0,1,0,0,9.689114212927606e-05,0,Low
2,1,1,2,0,1525,3,45838,515,5357,0.1428004297027088,0,0,1,9,0,9.689114212927606e-05,0,Low
3,1,1,2,8,3208,2,66910,587,3944,0.2025008028661492,0,0,1,11,0,9.689114212927606e-05,0,Low
3,0,0,2,14,1783,20,57409,570,3872,0.0868006968681155,0,0,1,14,0,9.689114212927606e-05,0,Low
2,2,0,2,0,1008,11,33272,709,3965,0.1321124848960209,0,0,1,3,0,9.689114212927606e-05,0,Low
1,2,1,2,5,2100,17,71499,552,4769,0.1903283452619343,0,0,1,5,0,9.689114212927606e-05,0,Low
2,2,0,2,1,812,23,56285,616,5029,0.1755188403865807,1,0,1,6,0,9.689114212927606e-05,0,Low
1,1,1,2,11,3256,6,56855,572,5465,0.2113228831267209,1,0,1,12,0,9.689114212927606e-05,0,Low
2,0,0,2,9,1381,19,33387,592,4539,0.0922642272836149,0,0,1,14,0,9.689114212927606e-05,0,Low
2,2,0,2,5,1566,10,68009,686,3247,0.1215261187729368,0,0,1,12,0,9.689114212927606e-05,0,Low
3,2,1,2,9,3044,2,67882,628,3190,0.1433095700742521,1,0,1,8,0,9.689114212927606e-05,0,Low
2,0,1,2,10,1531,11,60580,568,4551,0.1819854870845394,1,0,1,10,0,9.689114212927606e-05,0,Low
0,0,1,2,9,1056,3,73110,698,3603,0.1519165710530005,0,0,1,2,0,9.689114212927606e-05,0,Low
2,1,1,2,14,1977,23,30929,509,3629,0.1319816772008193,0,0,1,7,0,9.689114212927606e-05,0,Low
2,0,0,2,13,2340,15,34884,557,4640,0.1458589890170715,0,0,0,0,0,9.689114212927606e-05,0,Low
5,1,1,2,36,1547,7,81638,662,4867,0.0947613466771751,0,0,1,2,0,9.689114212927606e-05,0,Low
0,1,0,2,0,1387,17,48226,573,3393,0.1321375965597819,0,0,0,7,0,9.689114212927606e-05,0,Low
2,2,0,2,11,928,16,42194,562,3594,0.1389763496973024,0,0,1,7,0,9.689114212927606e-05,0,Low
1,1,0,2,0,3041,15,57254,719,4427,0.1675815949537948,0,0,1,5,0,9.689114212927606e-05,0,Low
3,1,0,2,9,917,6,70284,660,3607,0.1960463773184733,0,0,1,13,0,9.689114212927606e-05,0,Low
1,1,1,2,7,2571,3,40710,718,5852,0.1504691794608115,0,0,1,8,0,9.689114212927606e-05,0,Low
1,2,1,2,12,2488,19,66186,580,4760,0.1057497477058912,1,0,1,8,0,9.689114212927606e-05,0,Low
1,0,0,2,11,1701,1,38571,590,5163,0.1210578539356261,0,0,0,1,0,9.689114212927606e-05,0,Low
2,0,1,2,13,821,0,92962,622,3611,0.1600735143100153,1,0,1,3,0,9.689114212927606e-05,0,Low
2,0,1,2,7,2636,6,77033,593,3443,0.138664622192256,1,0,1,3,0,9.689114212927606e-05,0,Low
3,0,2,2,14,2018,7,92018,588,5517,0.1279196234251143,1,0,1,7,0,9.689114212927606e-05,0,Low
5,0,0,2,28,3177,3,52769,596,5038,0.1291809186564106,0,0,1,2,0,9.689114212927606e-05,0,Low
2,1,0,2,2,1494,17,36420,726,5031,0.1571284230593148,0,0,1,7,0,9.689114212927606e-05,0,Low
5,0,0,2,26,2800,5,69317,698,3405,0.1624926087689085,0,1,1,2,0,9.689114212927606e-05,0,Low
4,1,0,2,5,2282,9,48044,708,4480,0.1565947007153069,0,0,1,9,0,9.689114212927606e-05,0,Low
2,0,1,2,13,2286,23,50119,725,4888,0.1340246404393388,0,0,1,10,0,9.689114212927606e-05,0,Low
3,2,0,2,14,3110,8,51195,623,5941,0.1006097099858453,1,0,1,0,0,9.689114212927606e-05,0,Low
1,0,1,2,7,2073,21,35637,562,5616,0.1571743837471064,0,0,1,2,0,9.689114212927606e-05,0,Low
5,0,0,2,30,2990,1,35721,625,5323,0.2048068372700933,0,0,1,9,0,9.689114212927606e-05,0,Low
3,1,1,2,11,1063,9,52702,711,5460,0.1804452355454961,0,0,1,1,0,9.689114212927606e-05,0,Low
0,0,1,2,0,998,0,31100,690,4497,0.1816977098544724,0,0,0,6,0,9.689114212927606e-05,0,Low
1,1,0,2,9,2015,17,68329,654,5607,0.1046351552843698,0,0,1,11,0,9.689114212927606e-05,0,Low
2,2,0,2,6,840,15,38059,564,3740,0.142968269839036,1,0,1,0,0,9.689114212927606e-05,0,Low
3,0,0,2,10,3101,9,47697,549,5267,0.1606594732930798,0,0,1,6,0,9.689114212927606e-05,0,Low
1,2,0,2,1,837,5,73424,698,5843,0.0824944982258413,0,0,0,0,0,9.689114212927606e-05,0,Low
2,0,0,2,3,1703,0,72991,539,3760,0.1949595135832644,0,1,1,1,0,9.689114212927606e-05,0,Low
2,1,0,2,3,2383,1,60571,643,4645,0.1945523881415402,0,0,0,8,0,9.689114212927606e-05,0,Low
2,0,1,2,14,1005,15,57985,663,5472,0.0824135239311137,0,0,1,1,0,9.689114212927606e-05,0,Low
3,1,0,2,0,847,0,41927,676,4268,0.1376268044954715,0,0,1,11,0,9.689114212927606e-05,0,Low
1,1,1,2,0,1654,1,70392,635,5857,0.1286358594790679,0,0,1,10,0,9.689114212927606e-05,0,Low
2,0,1,2,11,2921,24,73834,663,3958,0.168251686839773,1,0,0,2,0,9.689114212927606e-05,0,Low
1,1,1,2,11,2445,0,45761,539,5402,0.1043592779913476,0,0,0,3,0,9.689114212927606e-05,0,Low
3,0,0,2,8,2450,17,39612,570,3640,0.144225800363431,0,0,1,6,0,9.689114212927606e-05,0,Low
1,1,1,2,3,2485,18,30841,583,3806,0.185079528856912,0,0,1,13,0,9.689114212927606e-05,0,Low
1,1,0,2,5,1534,11,39704,614,5442,0.1019471225510542,0,0,1,11,0,9.689114212927606e-05,0,Low
4,1,0,2,1,1365,6,54186,734,4027,0.2089202112521321,0,0,1,9,0,9.689114212927606e-05,0,Low
0,1,0,2,5,2576,2,86227,597,5599,0.1862268132955085,1,0,1,2,0,9.689114212927606e-05,0,Low
3,0,0,2,0,1682,21,47786,594,3448,0.0845340468743115,0,0,0,9,0,9.689114212927606e-05,0,Low
2,2,1,2,1,2870,5,38849,630,3603,0.1323327805297389,0,1,1,6,0,9.689114212927606e-05,0,Low
0,1,0,2,13,1192,3,32966,556,5339,0.2075386681272431,0,0,1,2,0,9.689114212927606e-05,0,Low
1,2,0,2,7,3085,20,49649,587,4329,0.103861093797942,0,0,1,6,0,9.689114212927606e-05,0,Low
3,1,0,2,1,1000,11,44325,503,4515,0.1063198800089766,0,0,0,14,0,9.689114212927606e-05,0,Low
3,0,0,2,6,2777,10,39178,505,3593,0.2049563528219125,0,0,1,0,0,9.689114212927606e-05,0,Low
2,2,1,2,14,1891,21,72681,579,3744,0.1493397003900501,0,0,1,12,0,9.689114212927606e-05,0,Low
2,0,0,2,13,3415,3,40113,540,5249,0.1804279941154533,0,0,1,7,0,9.689114212927606e-05,0,Low
2,2,0,2,3,2603,5,30473,657,4236,0.1465656196962645,0,0,1,7,0,9.689114212927606e-05,0,Low
3,0,0,2,13,971,5,41961,604,3283,0.0943250411008632,0,0,0,3,0,9.689114212927606e-05,0,Low
3,1,0,2,3,1937,17,58420,564,3347,0.1688518751481168,0,0,1,10,0,9.689114212927606e-05,0,Low
4,0,1,2,9,1142,18,52928,615,5317,0.1434656915676969,0,0,1,0,0,9.689114212927606e-05,0,Low
2,0,0,2,4,2812,4,50876,668,3284,0.0985449886917656,1,0,1,6,0,9.689114212927606e-05,0,Low
1,1,2,2,13,2426,19,82396,547,3108,0.152652506596188,1,0,1,7,0,9.689114212927606e-05,0,Low
2,1,0,2,1,3286,4,68905,529,3136,0.1674199070912606,0,0,1,12,0,9.689114212927606e-05,0,Low
1,1,0,2,8,3260,7,48227,678,4502,0.1410088476128761,0,0,1,4,0,9.689114212927606e-05,0,Low
3,1,0,2,14,2608,7,65422,589,4122,0.2149004740528786,0,0,1,13,0,9.689114212927606e-05,0,Low
2,1,1,2,14,3310,21,51745,619,3920,0.1408840912317935,0,0,1,10,0,9.689114212927606e-05,0,Low
2,1,0,2,1,1226,15,60014,745,5642,0.1726943600585213,0,0,1,2,0,9.689114212927606e-05,0,Low
0,0,0,2,2,2477,17,68078,735,5192,0.0913406989719564,0,0,0,12,0,9.689114212927606e-05,0,Low
1,0,0,2,1,1069,11,63714,649,4920,0.1698372588122398,0,0,0,5,0,9.689114212927606e-05,0,Low
0,1,0,2,4,906,0,79211,615,4213,0.1492160069030438,1,0,1,9,0,9.689114212927606e-05,0,Low
4,0,0,2,9,1234,11,49355,628,4757,0.1652222542007209,0,0,1,9,0,9.689114212927606e-05,0,Low
1,1,1,2,0,1776,16,65142,673,5426,0.089515065432277,0,0,1,4,0,9.689114212927606e-05,0,Low
4,2,0,2,10,2570,3,31665,583,4165,0.1558016697721829,1,0,0,5,0,9.689114212927606e-05,0,Low
1,0,0,2,11,996,10,53769,662,5291,0.2187694011358482,0,0,1,8,0,9.689114212927606e-05,0,Low
4,0,0,2,9,1856,0,38035,579,4282,0.1932839034455091,1,0,1,9,0,9.689114212927606e-05,0,Low
3,1,0,2,0,1054,5,61174,565,5590,0.1453922840661057,0,0,1,8,0,9.689114212927606e-05,0,Low
5,0,0,2,10,1278,20,33882,635,4061,0.1565704332838164,0,0,1,9,0,9.689114212927606e-05,0,Low
3,1,1,2,11,1916,3,43451,666,3194,0.1720590984917585,0,0,1,14,0,9.689114212927606e-05,0,Low
0,1,0,2,9,1046,10,67297,741,5791,0.1061789022859754,0,0,1,9,0,9.689114212927606e-05,0,Low
1,1,0,2,12,864,22,72600,541,4039,0.1021235434111368,1,0,1,1,0,9.689114212927606e-05,0,Low
1,1,0,2,6,2069,16,31482,663,5905,0.1699117970419176,1,0,1,13,0,9.689114212927606e-05,0,Low
1,0,0,2,5,1459,16,61222,532,3368,0.1919543621877412,0,0,1,14,0,9.689114212927606e-05,0,Low
4,0,0,2,10,3076,16,53473,655,4633,0.1255550279903793,0,0,1,13,0,9.689114212927606e-05,0,Low
2,1,0,2,7,2641,17,57870,600,4735,0.1606010043193109,1,0,1,12,0,9.689114212927606e-05,0,Low
1,0,0,2,12,1692,3,69030,568,4830,0.1817154605407009,0,0,1,6,0,9.689114212927606e-05,0,Low
1,0,1,2,13,1734,8,60369,583,4531,0.189638306835163,0,0,0,14,0,9.689114212927606e-05,0,Low
1,1,0,2,11,2648,4,72715,663,3624,0.0922524471855747,0,0,1,14,0,9.689114212927606e-05,0,Low
1,0,0,2,7,2861,4,73479,642,4428,0.1965140536534835,0,1,1,13,0,9.689114212927606e-05,0,Low
1,0,0,2,8,2210,21,54617,604,3141,0.1446734003235227,0,0,1,6,0,9.689114212927606e-05,0,Low
1,0,0,2,6,2317,20,56593,514,4496,0.1442974476579029,0,0,1,3,0,9.689114212927606e-05,0,Low
2,2,1,2,0,836,24,45709,565,5055,0.0890608488455506,1,0,1,13,0,9.689114212927606e-05,0,Low
3,0,0,2,10,2635,7,52295,585,4677,0.1607580454952659,1,0,1,3,0,9.689114212927606e-05,0,Low
3,2,0,2,5,2606,19,52847,611,5917,0.1072067796881815,0,0,1,6,0,9.689114212927606e-05,0,Low
3,1,1,2,12,2434,5,51247,548,3208,0.1074138834964968,0,0,1,8,0,9.689114212927606e-05,0,Low
3,1,0,2,11,927,10,65068,669,5914,0.102596272692539,0,0,1,7,0,9.689114212927606e-05,0,Low
2,1,2,2,1,2140,1,94915,540,3489,0.1266010123435877,1,0,1,7,0,9.689114212927606e-05,0,Low
2,1,1,2,5,1317,18,40899,590,4858,0.1555848510722877,0,0,1,10,0,9.689114212927606e-05,0,Low
3,1,0,2,6,2324,10,78221,653,4386,0.1332872505956456,1,0,1,3,0,9.689114212927606e-05,0,Low
2,0,0,2,1,1293,15,32157,727,3177,0.1592833026391881,0,1,1,11,0,9.689114212927606e-05,0,Low
2,1,1,2,11,2054,22,57080,656,4345,0.1404290522392323,0,0,1,3,0,9.689114212927606e-05,0,Low
0,0,0,2,0,2063,16,74020,594,5769,0.148261451352791,0,0,1,1,0,9.689114212927606e-05,0,Low
5,1,0,2,2,2060,3,92321,701,5002,0.0981430611539167,0,0,1,2,0,9.689114212927606e-05,0,Low
2,0,0,2,10,844,3,57463,695,5695,0.1779485133126161,0,0,1,7,0,9.689114212927606e-05,0,Low
1,1,0,2,8,3340,2,40227,715,5244,0.1542098058632093,0,0,1,11,0,9.689114212927606e-05,0,Low
1,0,0,2,5,2724,2,66427,525,3248,0.1960404095003511,0,0,1,0,0,9.689114212927606e-05,0,Low
2,1,0,2,11,2949,11,30543,565,5779,0.2182425860309818,0,0,0,8,0,9.689114212927606e-05,0,Low
4,1,0,2,4,1486,4,70210,725,4690,0.2104809878735916,0,0,1,5,0,9.689114212927606e-05,0,Low
2,0,0,2,4,1209,6,30408,731,4009,0.0873590108848235,0,0,1,3,0,9.689114212927606e-05,0,Low
5,0,0,2,11,2985,18,61765,588,4850,0.1542270521264088,0,1,1,0,0,9.689114212927606e-05,0,Low
2,2,1,2,13,1471,5,43877,522,4828,0.1804993764638791,0,0,1,8,0,9.689114212927606e-05,0,Low
0,0,0,2,14,898,18,43578,746,4233,0.0989285025479612,0,0,1,12,0,9.689114212927606e-05,0,Low
2,2,0,1,7,2080,20,51980,640,4052,0.197676731537983,0,0,1,0,0,9.540776441845379e-05,0,Low
2,1,0,1,5,2100,24,61413,737,3857,0.1914601370904616,0,0,1,8,0,9.540776441845379e-05,0,Low
2,0,0,1,0,1651,21,54094,655,4595,0.2107977950767278,0,0,1,8,0,9.540776441845379e-05,0,Low
2,0,0,1,14,2394,21,34297,525,4543,0.2112342923428548,0,0,1,12,0,9.540776441845379e-05,0,Low
1,0,0,1,4,3136,21,67379,580,3829,0.1830112602013202,0,0,0,4,0,9.540776441845379e-05,0,Low
2,2,1,1,10,1495,20,34603,629,3709,0.1844078239294755,0,0,0,8,0,9.540776441845379e-05,0,Low
3,0,0,0,6,1532,24,63590,700,3211,0.1723902075702068,0,0,1,1,0,9.540776441845379e-05,0,Low
1,1,1,0,9,1338,19,59422,622,5886,0.1901090215650031,0,0,1,1,0,9.540776441845379e-05,0,Low
1,1,0,1,14,2999,21,43410,640,4653,0.1946504526555745,0,1,1,2,0,9.540776441845379e-05,0,Low
4,1,1,1,13,3113,21,72474,560,4669,0.1741524263005167,0,0,0,12,0,9.540776441845379e-05,0,Low
1,0,0,1,12,1319,21,73383,632,3824,0.2093039937200054,0,0,1,14,0,9.540776441845379e-05,0,Low
1,2,0,1,0,2782,23,51232,505,4061,0.2181556002970462,0,0,1,6,0,9.540776441845379e-05,0,Low
3,1,0,1,4,2404,21,42862,736,4402,0.1958629446877888,0,0,1,14,0,9.540776441845379e-05,0,Low
3,1,0,1,3,1128,21,39330,624,5290,0.1728498745956077,0,0,1,14,0,9.540776441845379e-05,0,Low
3,1,0,0,11,2371,23,73187,619,5220,0.1902005738873082,0,0,1,14,0,9.540776441845379e-05,0,Low
3,1,0,1,5,2182,19,73867,530,3466,0.1750712305836255,0,0,1,8,0,9.540776441845379e-05,0,Low
3,0,0,1,3,3471,23,57639,606,5289,0.1959456489847675,0,0,1,9,0,9.540776441845379e-05,0,Low
0,1,0,0,9,3184,22,68760,613,5969,0.1957545735351066,0,0,1,4,0,9.540776441845379e-05,0,Low
4,0,0,1,10,2677,23,44750,500,5648,0.2172990254701917,0,0,0,14,0,9.540776441845379e-05,0,Low
2,0,0,0,9,958,19,35036,530,3798,0.1699759243128681,0,0,1,12,0,9.540776441845379e-05,0,Low
1,1,0,0,12,1186,21,51156,551,3218,0.1749342512617778,0,0,1,13,0,9.540776441845379e-05,0,Low
5,1,1,0,4,3112,22,53372,702,5466,0.1944373966530379,0,0,1,2,0,9.540776441845379e-05,0,Low
2,0,0,0,5,1674,20,62307,636,5086,0.2021596618404773,0,0,1,13,0,9.540776441845379e-05,0,Low
0,0,1,0,3,1625,22,65926,567,4219,0.1896260289573048,0,0,1,5,0,9.540776441845379e-05,0,Low
1,2,0,1,11,1232,20,54832,640,3836,0.2187701412475167,0,1,1,5,0,9.540776441845379e-05,0,Low
1,2,0,1,7,3325,24,37002,662,5465,0.1725434226128351,0,0,1,7,0,9.540776441845379e-05,0,Low
4,0,0,1,5,3363,22,61404,564,4127,0.1692027755721442,0,0,1,14,0,9.540776441845379e-05,0,Low
2,2,0,1,4,2479,19,38314,649,5280,0.1954516081660066,0,0,1,7,0,9.540776441845379e-05,0,Low
1,0,1,1,10,1039,19,41487,525,5950,0.1940744413931278,0,0,1,3,0,9.540776441845379e-05,0,Low
4,2,1,0,0,1937,20,69533,571,4480,0.1685229199687993,0,0,1,14,0,9.540776441845379e-05,0,Low
5,1,1,0,36,1856,21,38498,510,3609,0.1693119302725776,0,0,1,9,0,9.540776441845379e-05,0,Low
5,1,0,1,15,959,23,41649,565,3195,0.1807567804472514,0,0,1,6,0,9.540776441845379e-05,0,Low
2,0,0,0,13,1978,23,45353,622,5423,0.1813558060624211,0,0,1,3,0,9.540776441845379e-05,0,Low
0,0,1,0,14,1837,24,58844,714,4096,0.194617694865784,0,0,0,12,0,9.540776441845379e-05,0,Low
2,2,1,1,7,2572,21,52472,549,5736,0.1822108040938886,0,0,0,14,0,9.540776441845379e-05,0,Low
3,0,0,1,9,2299,19,71749,656,3768,0.2178047859135419,0,0,1,13,0,9.540776441845379e-05,0,Low
2,1,1,0,14,803,20,62687,635,5653,0.1847506851554112,0,0,1,3,0,9.540776441845379e-05,0,Low
2,1,0,0,4,1533,21,55730,656,5701,0.1829051867689148,0,0,1,9,0,9.540776441845379e-05,0,Low
2,0,0,0,14,1110,20,32004,581,5015,0.2122068231386475,0,0,1,8,0,9.540776441845379e-05,0,Low
1,1,0,1,1,1883,24,47463,735,4392,0.2122376674039521,0,0,1,1,0,9.540776441845379e-05,0,Low
1,0,0,0,0,3131,19,34235,706,4091,0.1916342593546654,0,0,0,1,0,9.540776441845379e-05,0,Low
4,1,0,1,7,988,23,52176,541,5837,0.2082467836640325,0,0,1,13,0,9.540776441845379e-05,0,Low
2,1,1,2,26,2236,12,43294,533,3055,0.178656019192072,0,1,1,8,0,9.175926572319845e-05,0,Low
1,1,0,2,36,2164,14,63003,586,3068,0.1965015864900932,0,0,1,6,0,9.175926572319845e-05,0,Low
3,3,1,0,30,2507,23,85305,623,4048,0.144749824728883,0,0,1,7,0,9.04568837946009e-05,0,Low
2,3,1,1,38,2056,4,79232,607,4163,0.1703655980474889,0,0,1,10,0,9.04568837946009e-05,0,Low
2,3,0,0,27,2807,17,82801,563,3320,0.1189033403744286,0,0,1,10,0,9.04568837946009e-05,0,Low
3,3,0,0,23,1581,8,81068,512,3530,0.1521401283333943,0,0,1,10,0,9.04568837946009e-05,0,Low
3,3,1,1,23,3405,1,87693,573,5096,0.0817356750693986,0,0,1,13,0,9.04568837946009e-05,0,Low
2,3,1,0,26,1109,12,82124,620,3882,0.1847878539803524,0,0,1,4,0,9.04568837946009e-05,0,Low
0,3,0,0,35,2338,2,88613,572,4190,0.2108212480842015,0,0,1,11,0,9.04568837946009e-05,0,Low
2,1,0,1,20,2573,21,91480,683,2665,0.1429332025954349,0,0,1,4,0,8.993761674491294e-05,0,Low
1,1,1,1,16,1439,16,88958,546,1159,0.1868919366909649,0,0,1,3,0,8.993761674491294e-05,0,Low
1,1,0,1,21,1404,19,95508,505,2640,0.1259110470596511,0,0,1,0,0,8.993761674491294e-05,0,Low
0,1,1,0,17,2382,18,91551,746,2452,0.1293367149504507,0,0,1,7,0,8.993761674491294e-05,0,Low
0,2,0,0,17,1657,19,92413,631,1514,0.1292195817149067,0,0,1,1,0,8.993761674491294e-05,0,Low
2,1,1,1,21,2553,17,93960,633,2765,0.1243509502940029,0,0,1,6,0,8.993761674491294e-05,0,Low
2,0,0,1,19,2285,22,89598,711,1380,0.1221064050815656,0,0,1,0,0,8.993761674491294e-05,0,Low
2,1,0,0,21,2947,23,94482,501,2171,0.105140494214025,0,0,0,2,0,8.993761674491294e-05,0,Low
3,0,0,1,20,1039,18,90435,621,2659,0.1176721355614601,0,0,1,8,0,8.993761674491294e-05,0,Low
0,0,0,2,16,2051,20,94829,714,1346,0.1414661636469277,0,0,1,8,0,8.993761674491294e-05,0,Low
0,0,1,0,32,1271,21,33864,729,1384,0.1791323445323395,0,1,1,2,0,8.899956191925481e-05,0,Low
3,1,0,0,25,1423,24,46668,651,1688,0.1837858873158684,0,0,0,8,0,8.899956191925481e-05,0,Low
1,0,0,1,13,833,23,60265,549,3017,0.1976600429090761,0,0,1,12,0,8.899956191925481e-05,0,Low
1,0,1,1,11,982,20,42427,608,2544,0.1967566590254522,0,0,1,11,0,8.899956191925481e-05,0,Low
3,0,1,2,15,2094,23,46622,604,1938,0.184527887245315,0,0,1,3,0,8.899956191925481e-05,0,Low
0,2,1,1,32,3139,23,58586,698,2222,0.1943131569165112,0,0,1,1,0,8.899956191925481e-05,0,Low
1,1,0,3,1,1016,22,35115,509,4024,0.2096460939368381,0,0,1,2,0,8.899956191925481e-05,0,Low
1,1,0,0,7,3336,24,73910,620,2237,0.192795687291259,0,0,1,1,0,8.899956191925481e-05,0,Low
3,0,1,2,23,3372,22,32059,574,2043,0.1975142123039868,0,1,0,6,0,8.899956191925481e-05,0,Low
1,1,0,1,32,1875,23,71083,569,2717,0.1939878433035854,0,0,1,2,0,8.899956191925481e-05,0,Low
1,1,1,1,4,1898,22,66624,598,2825,0.1921993988330485,0,0,1,1,0,8.899956191925481e-05,0,Low
1,2,0,1,1,1661,24,56460,631,1449,0.2006365856053857,0,0,1,3,0,8.899956191925481e-05,0,Low
2,1,0,1,3,2967,22,73200,530,1477,0.1872862519028645,0,0,1,13,0,8.899956191925481e-05,0,Low
2,2,0,0,2,2930,19,45641,542,1263,0.2125260326309654,0,0,1,11,0,8.899956191925481e-05,0,Low
1,2,0,0,14,3468,23,36857,569,1342,0.1725676105615981,0,0,1,13,0,8.899956191925481e-05,0,Low
2,1,0,0,14,2095,21,46487,556,2468,0.2051223573080555,0,0,1,12,0,8.899956191925481e-05,0,Low
5,2,0,0,4,1291,22,34024,542,1407,0.1853046722840398,0,0,0,1,0,8.899956191925481e-05,0,Low
2,2,1,0,26,3397,24,72606,603,2918,0.1795882402931143,0,0,1,1,0,8.899956191925481e-05,0,Low
3,0,0,0,33,868,20,65434,748,3003,0.2016954668491256,0,0,1,1,0,8.899956191925481e-05,0,Low
1,0,0,1,31,2039,23,34852,529,2402,0.2151156167421594,0,0,1,1,0,8.899956191925481e-05,0,Low
1,1,0,0,0,1658,19,45437,706,2285,0.2093330012473941,0,0,1,13,0,8.899956191925481e-05,0,Low
1,0,0,0,34,3198,19,47522,622,1810,0.1785846925463985,0,1,1,1,0,8.899956191925481e-05,0,Low
1,0,0,0,23,1446,19,34212,711,2926,0.2191235585972997,0,0,1,6,0,8.899956191925481e-05,0,Low
3,1,0,2,14,1902,22,48745,563,2185,0.2041524623799796,0,0,1,3,0,8.899956191925481e-05,0,Low
3,1,0,1,28,1696,21,54619,660,1322,0.1888749901045832,0,0,0,9,0,8.899956191925481e-05,0,Low
3,1,0,1,27,2106,23,61414,713,2252,0.1739514299169621,0,0,1,2,0,8.899956191925481e-05,0,Low
3,1,0,0,15,3321,21,31358,576,2173,0.1757105424754187,0,0,1,0,0,8.899956191925481e-05,0,Low
3,0,0,1,6,3307,19,62600,542,2388,0.1778654044032409,0,0,0,0,0,8.899956191925481e-05,0,Low
2,2,0,0,35,1887,23,43315,649,2349,0.1769393829770287,0,0,0,2,0,8.899956191925481e-05,0,Low
2,0,1,0,15,2800,19,63059,674,1599,0.1757949886562725,0,0,1,2,0,8.899956191925481e-05,0,Low
1,1,0,0,31,1907,20,40184,605,2942,0.1849168336625221,0,0,1,11,0,8.899956191925481e-05,0,Low
0,1,1,1,1,2237,24,50135,652,2232,0.1807634686259872,0,0,1,0,0,8.899956191925481e-05,0,Low
2,1,0,0,6,1057,22,49556,533,2787,0.2189235922534355,0,0,0,10,0,8.899956191925481e-05,0,Low
3,1,1,1,5,2246,19,62132,525,1922,0.20886611523554,0,0,0,14,0,8.899956191925481e-05,0,Low
2,2,0,0,7,3255,24,66478,679,1546,0.2111053401773041,0,0,1,4,0,8.899956191925481e-05,0,Low
3,2,1,2,15,2629,19,64850,533,2161,0.1888794499641711,0,0,1,9,0,8.899956191925481e-05,0,Low
3,2,0,0,29,2910,20,30745,736,2623,0.197081331925111,0,0,1,11,0,8.899956191925481e-05,0,Low
2,2,0,2,11,2176,20,42219,721,2705,0.1707025830923079,0,0,1,8,0,8.899956191925481e-05,0,Low
3,1,0,0,36,2859,20,62065,505,2343,0.1855543676945986,0,0,1,10,0,8.899956191925481e-05,0,Low
2,0,1,1,2,3453,20,37490,510,2432,0.1842695650025508,0,0,1,14,0,8.899956191925481e-05,0,Low
3,2,0,1,12,3032,21,35282,520,1952,0.2134482910254347,0,1,0,4,0,8.899956191925481e-05,0,Low
5,0,0,1,34,3461,20,72876,502,2263,0.2175704504007525,0,0,1,3,0,8.899956191925481e-05,0,Low
2,1,0,1,33,1989,20,32163,710,2660,0.2025591847419711,0,0,1,7,0,8.899956191925481e-05,0,Low
2,0,0,1,3,950,21,71422,644,2351,0.1772315043723096,0,0,1,1,0,8.899956191925481e-05,0,Low
0,0,1,1,29,2383,20,65891,501,2037,0.1889143926492568,0,0,1,3,0,8.899956191925481e-05,0,Low
1,2,0,3,14,2099,19,57402,656,5379,0.1958117126261317,0,0,1,0,0,8.899956191925481e-05,0,Low
2,0,0,2,37,990,20,35237,522,1382,0.194865016617198,0,0,1,3,0,8.899956191925481e-05,0,Low
1,2,0,1,4,3340,20,47445,601,2202,0.1892394251102632,0,0,0,4,0,8.899956191925481e-05,0,Low
1,0,1,1,30,1615,20,38996,591,2861,0.1709343091208154,0,0,1,9,0,8.899956191925481e-05,0,Low
3,1,1,1,10,2676,19,61419,548,2882,0.1857765072018008,0,0,1,6,0,8.899956191925481e-05,0,Low
1,1,0,0,36,2523,23,63505,670,2484,0.2150425963158202,0,0,1,3,0,8.899956191925481e-05,0,Low
1,1,0,0,12,866,24,56171,703,1548,0.1777007235353783,0,0,0,7,0,8.899956191925481e-05,0,Low
4,0,0,2,9,1156,23,68943,567,2126,0.2155387047037933,0,0,1,6,0,8.899956191925481e-05,0,Low
3,2,1,0,23,2031,22,34990,667,1364,0.1864286108929067,0,0,0,12,0,8.899956191925481e-05,0,Low
3,0,0,2,13,3416,19,63842,591,2894,0.2148230782819347,0,0,1,10,0,8.899956191925481e-05,0,Low
1,1,0,3,11,3088,20,56134,564,3092,0.2094819878315416,0,0,1,8,0,8.899956191925481e-05,0,Low
3,1,0,2,35,1546,23,43636,618,2152,0.2105864638184946,0,0,1,5,0,8.899956191925481e-05,0,Low
0,0,0,1,33,2816,20,55239,738,1054,0.1677612990224335,0,0,1,8,0,8.899956191925481e-05,0,Low
5,0,0,1,30,2914,21,59829,587,2236,0.1929588451155462,0,0,0,6,0,8.899956191925481e-05,0,Low
3,2,0,0,31,1427,23,32466,684,2525,0.2133674909909323,0,0,1,2,0,8.899956191925481e-05,0,Low
1,0,0,1,7,3039,19,47743,729,2553,0.2107379211651132,0,0,1,0,0,8.899956191925481e-05,0,Low
3,0,1,2,4,3293,21,35007,618,2291,0.175757668216628,0,0,1,8,0,8.899956191925481e-05,0,Low
1,0,1,0,31,2229,20,56389,665,2800,0.1743199344640777,0,0,1,4,0,8.899956191925481e-05,0,Low
2,2,0,0,25,1115,19,51060,599,2296,0.1736680019984714,0,0,1,10,0,8.899956191925481e-05,0,Low
1,2,0,0,14,1243,22,71078,732,1288,0.2021145625061932,0,0,1,5,0,8.899956191925481e-05,0,Low
1,0,0,3,29,2220,19,45815,635,2428,0.1972103642293669,0,0,1,2,0,8.899956191925481e-05,0,Low
0,2,0,0,28,3160,19,73238,570,2513,0.2189304411709988,0,0,1,13,0,8.899956191925481e-05,0,Low
2,2,0,0,3,1608,19,47156,703,3053,0.2160230802091983,0,0,1,5,0,8.899956191925481e-05,0,Low
4,0,0,1,29,2278,21,49790,636,2019,0.2013126861594856,0,1,1,14,0,8.899956191925481e-05,0,Low
4,0,0,0,13,862,19,59551,520,2035,0.1939248350821769,0,0,1,2,0,8.899956191925481e-05,0,Low
1,1,0,1,13,2792,21,50827,697,2452,0.1980764801766437,0,0,1,1,0,8.899956191925481e-05,0,Low
3,2,1,1,15,2942,19,57807,528,1361,0.1771334271910625,0,0,1,9,0,8.899956191925481e-05,0,Low
2,2,0,0,37,1715,20,42430,528,2093,0.1778537021666939,0,0,1,11,0,8.899956191925481e-05,0,Low
2,2,0,0,24,1934,23,37938,578,2836,0.1907760279062444,0,0,0,5,0,8.899956191925481e-05,0,Low
4,1,1,1,33,1393,23,66317,550,2699,0.1822257785717635,0,0,1,3,0,8.899956191925481e-05,0,Low
0,0,1,0,10,1379,22,65616,641,2409,0.1884603014639356,0,0,1,6,0,8.899956191925481e-05,0,Low
2,0,1,2,9,818,23,47215,584,2763,0.1847066823407411,0,0,1,3,0,8.899956191925481e-05,0,Low
0,0,0,0,30,3134,22,47876,718,2429,0.2132712755909938,0,0,1,13,0,8.899956191925481e-05,0,Low
2,1,0,2,13,2746,20,73907,514,1840,0.1798040944190568,0,0,0,9,0,8.899956191925481e-05,0,Low
4,1,0,0,11,3348,22,43954,560,1960,0.1854936873593781,0,0,1,14,0,8.899956191925481e-05,0,Low
3,0,0,0,38,3018,19,50351,539,1848,0.1717422702366308,0,0,1,1,0,8.899956191925481e-05,0,Low
1,1,1,1,31,1978,23,48212,564,1799,0.1754570093217469,0,0,1,8,0,8.899956191925481e-05,0,Low
3,1,0,0,10,1876,24,44170,572,1143,0.1959830023520026,0,0,1,5,0,8.899956191925481e-05,0,Low
4,0,0,3,14,1679,23,42045,523,4926,0.2091674782933996,0,0,1,9,0,8.899956191925481e-05,0,Low
1,1,0,1,15,1442,24,50693,627,1511,0.214373757184652,0,0,0,1,0,8.899956191925481e-05,0,Low
1,0,0,0,25,2281,19,39309,730,1558,0.2009113394061849,0,0,0,8,0,8.899956191925481e-05,0,Low
1,0,1,2,25,2306,19,45587,665,2669,0.1873039444738813,0,0,1,12,0,8.899956191925481e-05,0,Low
2,0,1,3,34,1647,22,31586,532,1617,0.1953481457316171,0,0,0,5,0,8.899956191925481e-05,0,Low
2,2,1,1,4,3345,22,73506,710,2394,0.1987873658475827,0,0,1,2,0,8.899956191925481e-05,0,Low
3,0,0,0,9,2147,24,52244,734,2637,0.1670034419559519,0,0,1,11,0,8.899956191925481e-05,0,Low
1,1,0,1,31,1920,19,66095,618,1843,0.1699607143878225,0,0,0,3,0,8.899956191925481e-05,0,Low
1,1,0,1,8,1099,16,90057,718,3257,0.1827657047389912,0,0,1,2,0,8.744902209108701e-05,0,Low
1,2,0,0,12,3054,17,98504,684,5744,0.1195274024783075,0,0,1,12,0,8.744902209108701e-05,0,Low
2,1,0,0,0,1173,19,92812,531,3144,0.1002823021236471,0,0,0,8,0,8.744902209108701e-05,0,Low
3,2,0,0,7,2865,21,98224,651,3222,0.152025975089903,0,0,1,10,0,8.744902209108701e-05,0,Low
4,0,1,0,13,1070,22,89890,637,5047,0.1150112477315214,0,0,1,10,0,8.744902209108701e-05,0,Low
3,2,0,0,1,963,23,91722,638,3785,0.1580501854148368,0,0,1,7,0,8.744902209108701e-05,0,Low
1,2,1,0,5,3061,21,90069,648,4156,0.1417221615200509,0,0,1,4,0,8.744902209108701e-05,0,Low
4,2,1,0,10,1143,18,88831,650,4194,0.1345128280344727,0,0,1,12,0,8.744902209108701e-05,0,Low
1,1,1,1,7,1209,16,94734,638,5931,0.10778241051725,0,0,1,1,0,8.744902209108701e-05,0,Low
2,0,0,0,0,2715,24,95600,669,3593,0.1601721248490822,0,0,1,9,0,8.744902209108701e-05,0,Low
1,0,0,0,14,2167,22,93776,505,4129,0.156999066951793,0,0,1,2,0,8.744902209108701e-05,0,Low
1,0,0,1,0,3115,24,89478,588,5062,0.1636826835097645,0,0,0,6,0,8.744902209108701e-05,0,Low
2,0,1,1,2,2603,18,90551,658,5247,0.1063832089087665,0,0,1,14,0,8.744902209108701e-05,0,Low
0,0,1,0,2,2060,18,95106,612,5602,0.1512371323603289,0,0,1,4,0,8.744902209108701e-05,0,Low
2,2,0,0,11,1599,22,90121,567,5874,0.1393368088924017,0,0,1,2,0,8.744902209108701e-05,0,Low
2,2,0,0,14,2560,18,98637,676,4550,0.1082304088479663,0,0,1,10,0,8.744902209108701e-05,0,Low
3,0,0,0,10,2948,20,93070,616,5468,0.104178427739445,0,0,1,7,0,8.744902209108701e-05,0,Low
1,0,1,1,4,2772,24,89782,730,5252,0.1056420824527833,0,0,1,11,0,8.744902209108701e-05,0,Low
2,1,0,0,1,965,23,93205,519,4123,0.1211753045259562,0,0,1,7,0,8.744902209108701e-05,0,Low
0,0,1,1,14,2146,22,94699,670,4782,0.1176447535041986,0,0,1,6,0,8.744902209108701e-05,0,Low
1,1,1,0,2,2441,23,97857,675,3288,0.0884221992806947,0,0,0,2,0,8.744902209108701e-05,0,Low
1,0,1,0,13,1407,20,92667,528,4151,0.1122651564721504,0,0,1,7,0,8.744902209108701e-05,0,Low
1,1,0,1,11,1089,23,89831,627,5950,0.1232437723489197,0,0,1,4,0,8.744902209108701e-05,0,Low
2,1,0,0,10,3185,23,94033,502,5848,0.0812793216308111,0,0,1,6,0,8.744902209108701e-05,0,Low
3,1,0,0,9,810,22,92468,704,4441,0.1033427055562208,0,0,1,6,0,8.744902209108701e-05,0,Low
2,1,1,0,12,969,17,96447,530,3548,0.1239783654579439,0,0,0,2,0,8.744902209108701e-05,0,Low
3,0,0,1,7,3354,18,98489,536,3958,0.1695606095797097,0,0,0,0,0,8.744902209108701e-05,0,Low
3,0,0,1,0,1503,18,97731,504,5099,0.1747668518306692,0,0,1,8,0,8.744902209108701e-05,0,Low
3,0,0,0,13,2120,16,90112,739,5961,0.1831495301410108,0,0,1,8,0,8.744902209108701e-05,0,Low
1,1,1,0,14,2844,23,92503,531,5192,0.088306685816313,0,0,1,10,0,8.744902209108701e-05,0,Low
4,0,0,1,12,1762,19,97380,585,4251,0.1103894719993679,0,0,1,9,0,8.744902209108701e-05,0,Low
1,0,0,1,1,1370,17,91804,637,4760,0.0898070895489627,0,0,0,2,0,8.744902209108701e-05,0,Low
2,1,1,0,10,2192,22,93146,733,4883,0.087269676538986,0,0,1,8,0,8.744902209108701e-05,0,Low
2,0,1,0,8,1587,16,92000,592,4300,0.086820713641857,0,0,1,11,0,8.744902209108701e-05,0,Low
1,0,1,2,18,2691,12,73215,507,1535,0.1629043745563032,0,0,1,1,0,8.442229664245711e-05,0,Low
4,1,1,2,17,905,13,42646,559,2921,0.1695144632372268,0,0,1,2,0,8.442229664245711e-05,0,Low
3,1,0,2,22,2866,13,41023,523,1611,0.1914993871489536,0,0,1,11,0,8.442229664245711e-05,0,Low
0,1,0,2,19,1395,14,71668,610,1785,0.2021113149315906,1,0,1,0,0,8.442229664245711e-05,0,Low
0,2,0,2,21,897,13,30633,613,1203,0.1747826351994064,0,0,1,14,0,8.442229664245711e-05,0,Low
1,0,0,2,17,2244,14,33823,634,2703,0.1568544875370518,0,0,1,12,0,8.442229664245711e-05,0,Low
2,1,0,2,21,2780,13,92214,567,2426,0.1570882411985421,1,0,1,8,0,8.442229664245711e-05,0,Low
3,3,0,0,32,2544,18,87208,682,3061,0.1842204048599932,0,0,0,10,0,8.404868129540192e-05,0,Low
1,2,1,0,9,2546,18,89388,679,1561,0.1237135057490656,0,0,1,4,0,8.104081959188803e-05,0,Low
1,1,0,1,28,2964,22,90797,534,2860,0.0859666140698584,0,0,1,8,0,8.104081959188803e-05,0,Low
2,1,0,0,34,2634,22,98481,540,1025,0.1121421099540301,0,0,1,13,0,8.104081959188803e-05,0,Low
2,1,0,0,13,2940,16,92217,728,3090,0.1079503849371227,0,0,1,13,0,8.104081959188803e-05,0,Low
0,0,1,0,24,2133,24,90147,594,2193,0.1602282714974874,0,0,1,1,0,8.104081959188803e-05,0,Low
1,1,1,2,4,802,23,98379,738,2267,0.1624756666528678,0,0,1,0,0,8.104081959188803e-05,0,Low
3,0,0,0,3,1908,23,88921,512,1983,0.1030917932832771,0,0,1,11,0,8.104081959188803e-05,0,Low
1,0,1,2,24,2273,19,91558,619,2602,0.1581388267581451,0,0,1,7,0,8.104081959188803e-05,0,Low
1,0,0,1,25,1748,24,94630,697,1546,0.0813243303304108,0,0,1,10,0,8.104081959188803e-05,0,Low
1,0,0,2,3,940,23,93391,565,2684,0.1346139911091228,0,0,0,4,0,8.104081959188803e-05,0,Low
1,0,0,0,39,2102,20,89411,610,1193,0.1282520058370157,0,0,1,9,0,8.104081959188803e-05,0,Low
1,1,0,1,33,1379,21,93238,624,1940,0.1456999886038332,0,0,1,10,0,8.104081959188803e-05,0,Low
2,1,1,0,10,3286,18,93007,748,2825,0.1068422848299744,0,0,1,6,0,8.104081959188803e-05,0,Low
0,2,0,0,37,2995,24,98684,518,1806,0.0844992043250132,0,0,1,5,0,8.104081959188803e-05,0,Low
0,1,0,0,32,805,24,94107,575,2620,0.1407837044789432,0,0,1,0,0,8.104081959188803e-05,0,Low
1,2,0,1,5,1482,23,96997,745,1145,0.1151426576801159,0,0,1,12,0,8.104081959188803e-05,0,Low
0,2,0,2,27,2275,20,95770,560,2329,0.1091910827558188,0,0,1,5,0,8.104081959188803e-05,0,Low
2,2,0,0,14,1108,22,98640,621,2713,0.0950971337755338,0,0,1,4,0,8.104081959188803e-05,0,Low
3,1,0,1,4,3366,22,94089,577,1285,0.1149191557107295,0,0,1,2,0,8.104081959188803e-05,0,Low
3,0,0,0,26,854,22,92610,630,1817,0.1236598038374693,0,0,1,8,0,8.104081959188803e-05,0,Low
1,2,1,1,26,1143,18,96114,661,2030,0.1237629493794306,0,0,0,9,0,8.104081959188803e-05,0,Low
3,1,0,1,31,2386,22,99252,537,2668,0.1068190402258813,0,0,1,7,0,8.104081959188803e-05,0,Low
1,0,0,0,12,3298,16,96654,738,2454,0.1467685183480699,0,0,1,5,0,8.104081959188803e-05,0,Low
3,0,0,2,32,1098,16,98614,686,1547,0.1082790850359887,0,0,1,12,0,8.104081959188803e-05,0,Low
1,2,0,1,27,3092,20,92095,510,2993,0.1373654506742107,0,0,0,14,0,8.104081959188803e-05,0,Low
1,0,0,1,31,850,17,94552,598,1035,0.093508194986937,0,0,1,0,0,8.104081959188803e-05,0,Low
2,0,1,1,13,1516,23,91581,644,1101,0.1143333458863334,0,0,1,11,0,8.104081959188803e-05,0,Low
4,0,0,1,0,2626,16,95235,544,2913,0.131917808947546,0,0,1,5,0,8.104081959188803e-05,0,Low
2,0,0,1,11,2574,20,94579,669,2776,0.1360811133899016,0,0,1,4,0,8.104081959188803e-05,0,Low
3,0,1,0,6,3382,21,99461,536,1056,0.1170935260944606,0,0,1,4,0,8.104081959188803e-05,0,Low
3,1,0,1,26,2537,21,90591,694,2010,0.1091699818616901,0,0,0,4,0,8.104081959188803e-05,0,Low
0,0,1,2,9,3259,21,94008,663,2028,0.1550790158512621,0,0,1,0,0,8.104081959188803e-05,0,Low
2,1,0,1,30,2075,23,92005,680,2069,0.143013495721269,0,0,0,5,0,8.104081959188803e-05,0,Low
0,1,1,2,37,1254,22,97442,681,1242,0.0828886524478337,0,0,0,5,0,8.104081959188803e-05,0,Low
2,1,0,1,30,2582,16,92953,600,2225,0.1545877102805141,0,0,1,5,0,8.104081959188803e-05,0,Low
1,0,0,0,11,3013,24,96033,510,1886,0.1177376677199088,0,0,0,12,0,8.104081959188803e-05,0,Low
1,1,1,1,15,3046,16,90911,728,1741,0.0945873511239989,0,0,1,1,0,8.104081959188803e-05,0,Low
1,2,0,0,32,1244,23,98878,528,2766,0.1036642648308585,0,0,1,4,0,8.104081959188803e-05,0,Low
0,1,0,0,14,2279,19,99067,696,2614,0.081548131035347,0,0,1,14,0,8.104081959188803e-05,0,Low
2,2,0,0,4,1928,21,94451,746,1505,0.1569055936616831,0,0,1,14,0,8.104081959188803e-05,0,Low
2,2,0,0,35,2925,20,90476,579,1356,0.1123136931472412,0,0,1,7,0,8.104081959188803e-05,0,Low
2,1,1,0,3,1605,23,92174,747,1227,0.083325688554424,0,0,1,14,0,8.104081959188803e-05,0,Low
0,0,0,0,37,2736,19,90450,621,1187,0.1172259815204219,0,0,1,13,0,8.104081959188803e-05,0,Low
1,0,0,1,38,1720,19,94053,600,2525,0.1023621744932698,0,0,0,4,0,8.104081959188803e-05,0,Low
0,2,1,1,7,2791,18,97813,616,1164,0.1088081503684459,0,0,1,6,0,8.104081959188803e-05,0,Low
4,1,0,1,34,2415,17,98190,515,1321,0.1660505607501083,0,0,1,7,0,8.104081959188803e-05,0,Low
0,1,1,2,8,3138,16,90394,574,2930,0.0811355044528371,0,0,1,10,0,8.104081959188803e-05,0,Low
4,0,0,0,11,1788,19,93323,578,1162,0.1112981829743323,0,0,0,10,0,8.104081959188803e-05,0,Low
4,1,0,0,29,3445,23,90965,519,2989,0.1220554553431164,0,0,1,9,0,8.104081959188803e-05,0,Low
2,0,1,0,8,3476,23,93022,673,1236,0.1558439069867134,0,1,1,9,0,8.104081959188803e-05,0,Low
2,1,0,1,2,1980,20,99813,675,2728,0.1657738266338985,0,0,1,8,0,8.104081959188803e-05,0,Low
1,2,0,1,9,1944,22,97120,708,2156,0.1268029376526528,0,0,1,14,0,8.104081959188803e-05,0,Low
3,2,0,1,10,2999,17,98702,665,1515,0.1349109956561494,0,0,0,4,0,8.104081959188803e-05,0,Low
3,1,0,1,3,2427,22,90281,601,1259,0.1134547706559365,0,0,1,1,0,8.104081959188803e-05,0,Low
3,1,1,0,34,853,18,99189,596,1884,0.1351780493761677,0,0,1,1,0,8.104081959188803e-05,0,Low
3,0,1,0,20,2792,2,81604,568,4779,0.087207675380241,0,0,1,4,0,7.761455051284319e-05,0,Low
2,1,1,0,22,3343,7,80836,724,5200,0.1220099301036928,0,0,1,3,0,7.761455051284319e-05,0,Low
3,1,0,0,19,2305,0,87836,562,4415,0.1681841251493576,0,0,1,8,0,7.761455051284319e-05,0,Low
2,1,1,0,22,1555,9,80619,553,4226,0.0834901198327693,0,0,1,3,0,7.761455051284319e-05,0,Low
2,1,0,0,20,1087,13,95298,529,3233,0.1009592384500759,0,0,1,12,0,7.761455051284319e-05,0,Low
1,2,0,0,18,3166,12,80923,641,5753,0.2015391949384409,0,0,1,14,0,7.761455051284319e-05,0,Low
2,0,1,1,18,1905,13,97621,717,3363,0.128880181672307,0,0,0,9,0,7.761455051284319e-05,0,Low
2,0,0,0,16,3148,15,74819,541,3198,0.0999563726802774,0,0,0,3,0,7.761455051284319e-05,0,Low
2,0,0,1,16,1279,2,85707,692,4416,0.1407272205237929,0,0,1,3,0,7.761455051284319e-05,0,Low
1,2,1,0,20,2578,12,81173,507,5649,0.1247326371273432,0,0,0,8,0,7.761455051284319e-05,0,Low
3,0,1,0,16,1898,5,96046,534,4630,0.1953165873995446,0,0,1,7,0,7.761455051284319e-05,0,Low
2,0,0,0,16,1020,12,90491,631,5181,0.1586055858966979,0,0,1,6,0,7.761455051284319e-05,0,Low
1,0,0,0,21,2873,8,75849,671,4840,0.1877452334125323,0,0,0,0,0,7.761455051284319e-05,0,Low
1,1,0,1,19,1338,11,75583,518,5174,0.1976732432432292,0,0,1,9,0,7.761455051284319e-05,0,Low
4,2,1,0,22,2466,8,83756,531,3636,0.1446415993444786,0,0,1,8,0,7.761455051284319e-05,0,Low
1,1,0,0,18,2379,21,78769,697,4016,0.1076204014049716,0,0,1,10,0,7.761455051284319e-05,0,Low
3,0,1,0,17,1507,0,88732,565,4442,0.1741795180691153,0,0,1,8,0,7.761455051284319e-05,0,Low
3,1,0,1,18,2170,9,95186,675,5560,0.1762109267034882,0,0,1,6,0,7.761455051284319e-05,0,Low
3,2,0,0,17,2794,10,75561,716,3297,0.0900041150806916,0,0,1,3,0,7.761455051284319e-05,0,Low
1,0,1,0,20,2362,8,80119,579,4081,0.0995608649200635,0,0,1,7,0,7.761455051284319e-05,0,Low
4,1,0,0,16,1304,13,93367,621,3392,0.1418400400968105,0,0,1,3,0,7.761455051284319e-05,0,Low
1,0,0,1,22,3154,5,75355,590,5521,0.1856456772870639,0,0,0,0,0,7.761455051284319e-05,0,Low
2,2,0,0,20,937,12,74587,556,3605,0.178524995104455,0,0,1,0,0,7.761455051284319e-05,0,Low
0,0,1,0,21,949,10,76143,513,5241,0.0882849568370514,0,0,1,11,0,7.761455051284319e-05,0,Low
3,0,1,1,19,3459,10,80815,600,3789,0.1588146598791456,0,0,1,5,0,7.761455051284319e-05,0,Low
3,0,0,1,22,1739,4,90877,676,5432,0.1684675643480323,0,0,1,2,0,7.761455051284319e-05,0,Low
1,2,0,0,21,1417,4,76517,502,3416,0.1806353253320988,0,0,1,13,0,7.761455051284319e-05,0,Low
0,1,0,0,19,2889,6,81267,696,3729,0.1271673448313606,0,0,1,3,0,7.761455051284319e-05,0,Low
2,0,0,1,19,3239,2,89343,732,3370,0.0992554824958365,0,0,1,1,0,7.761455051284319e-05,0,Low
2,1,1,0,18,848,9,86483,640,4635,0.177114729538541,0,0,1,12,0,7.761455051284319e-05,0,Low
1,0,1,0,20,3264,5,90676,742,4532,0.1416656175688111,0,0,1,14,0,7.761455051284319e-05,0,Low
3,1,0,1,22,1899,12,83255,594,3241,0.1785504565612755,0,0,0,9,0,7.761455051284319e-05,0,Low
4,0,0,1,18,1389,2,77523,585,3868,0.1107199331148175,0,0,1,10,0,7.761455051284319e-05,0,Low
1,0,0,1,18,1834,4,82087,684,5496,0.1783629012624959,0,0,1,11,0,7.761455051284319e-05,0,Low
1,0,0,1,22,1696,10,81850,727,5990,0.1689615881798722,0,0,1,9,0,7.761455051284319e-05,0,Low
3,0,1,1,19,1676,3,79173,626,4537,0.119086591838785,0,0,1,6,0,7.761455051284319e-05,0,Low
3,0,0,1,22,1108,1,95326,651,4777,0.1528683340187343,0,0,1,4,0,7.761455051284319e-05,0,Low
0,1,0,0,20,1642,12,80932,576,3626,0.1877053735944174,0,0,1,4,0,7.761455051284319e-05,0,Low
4,1,0,1,22,1130,3,86523,700,5049,0.1572704146581898,0,0,1,5,0,7.761455051284319e-05,0,Low
1,1,0,0,18,1912,11,96049,501,5228,0.0810758472163848,0,0,1,7,0,7.761455051284319e-05,0,Low
2,0,0,0,17,1175,6,79838,530,5466,0.1895793897848493,0,0,0,3,0,7.761455051284319e-05,0,Low
3,1,1,1,16,2096,3,80648,720,4869,0.0884879777172706,0,0,1,10,0,7.761455051284319e-05,0,Low
3,0,0,1,20,2997,12,90239,610,3834,0.1536024008846454,0,0,1,2,0,7.761455051284319e-05,0,Low
0,1,0,0,18,1176,9,76077,563,5264,0.2054934591448647,0,0,1,6,0,7.761455051284319e-05,0,Low
1,2,0,1,19,2947,1,80032,533,5611,0.1000658630551424,0,0,1,2,0,7.761455051284319e-05,0,Low
2,0,0,1,17,1175,14,77985,503,3427,0.1608595852603465,0,0,1,8,0,7.761455051284319e-05,0,Low
1,1,0,1,19,2392,20,78058,617,3384,0.0921992174873211,0,0,1,4,0,7.761455051284319e-05,0,Low
0,1,1,0,22,1958,5,85500,608,5180,0.1190975665087463,0,0,1,8,0,7.761455051284319e-05,0,Low
0,1,1,0,20,3342,2,76728,631,4325,0.1772630619058687,0,0,1,1,0,7.761455051284319e-05,0,Low
2,0,0,0,22,1248,6,92658,562,3629,0.1337963482095297,0,0,1,2,0,7.761455051284319e-05,0,Low
3,2,0,0,16,2830,19,78171,728,4584,0.0996189612769985,0,0,0,1,0,7.761455051284319e-05,0,Low
2,0,0,0,20,2280,10,89922,612,5820,0.1150147374281558,0,0,1,2,0,7.761455051284319e-05,0,Low
2,1,0,0,16,1582,6,90100,744,5446,0.1236490003719096,0,0,1,13,0,7.761455051284319e-05,0,Low
2,0,1,1,20,2646,21,84316,583,4062,0.1290587101837034,0,0,1,3,0,7.761455051284319e-05,0,Low
1,1,0,1,21,2762,1,78050,728,4999,0.1181211596788829,0,0,0,12,0,7.761455051284319e-05,0,Low
2,0,0,1,16,1784,6,86554,509,4410,0.1788075073846832,0,0,1,8,0,7.761455051284319e-05,0,Low
2,0,0,1,20,2182,6,87996,551,4160,0.1680569947452205,0,0,0,6,0,7.761455051284319e-05,0,Low
1,1,1,1,16,3389,11,88936,584,3727,0.1065508338087092,0,0,1,9,0,7.761455051284319e-05,0,Low
2,0,1,1,21,2436,2,97738,506,4052,0.1260962190188191,0,0,0,9,0,7.761455051284319e-05,0,Low
3,2,0,1,16,2144,11,74492,690,3876,0.0823774812336622,0,0,1,4,0,7.761455051284319e-05,0,Low
2,2,0,1,16,3335,0,82371,522,5877,0.2115878008661587,0,0,0,3,0,7.761455051284319e-05,0,Low
4,1,0,0,19,1480,7,86106,727,3994,0.1167411664632149,0,0,1,13,0,7.761455051284319e-05,0,Low
1,1,0,1,19,1218,0,79554,518,5768,0.1184446067962743,0,0,1,11,0,7.761455051284319e-05,0,Low
3,2,0,0,19,1147,8,79781,617,5169,0.1328721849553083,0,1,1,9,0,7.761455051284319e-05,0,Low
2,1,0,1,22,2373,10,79035,712,4093,0.0964539093055064,0,0,1,12,0,7.761455051284319e-05,0,Low
3,2,0,0,21,2465,15,78281,741,3655,0.1223209748834704,0,1,0,5,0,7.761455051284319e-05,0,Low
2,0,0,1,21,1439,11,76734,703,5036,0.1706522201030554,0,0,1,9,0,7.761455051284319e-05,0,Low
1,2,0,0,20,1503,0,89255,599,4805,0.1339631716783811,0,0,1,9,0,7.761455051284319e-05,0,Low
1,0,0,1,21,2186,11,76617,722,3791,0.0943012525520394,0,0,1,14,0,7.761455051284319e-05,0,Low
0,1,1,1,19,1710,15,91412,528,3414,0.0833681854844861,0,0,1,4,0,7.761455051284319e-05,0,Low
2,2,0,0,21,1430,6,86474,577,4832,0.1042271321342205,0,0,1,6,0,7.761455051284319e-05,0,Low
2,2,0,0,20,3046,10,79070,522,4882,0.1080857004841198,0,0,1,0,0,7.761455051284319e-05,0,Low
2,1,0,0,16,1032,16,79709,604,4525,0.1859058462727995,0,0,1,4,0,7.761455051284319e-05,0,Low
1,1,0,0,16,1273,10,89431,672,3471,0.0935591621036428,0,0,1,11,0,7.761455051284319e-05,0,Low
3,1,1,1,17,3241,2,86282,624,3538,0.0939147154646306,0,0,1,2,0,7.761455051284319e-05,0,Low
2,0,0,0,18,2361,8,94516,525,4237,0.1571769023212141,0,0,1,0,0,7.761455051284319e-05,0,Low
3,1,0,1,19,3166,1,83864,617,3814,0.1423645615415592,0,0,1,0,0,7.761455051284319e-05,0,Low
3,0,0,0,20,3002,15,82772,517,4077,0.1889787867740658,0,0,0,0,0,7.761455051284319e-05,0,Low
1,0,0,0,20,3055,4,92548,725,3143,0.1857903871432365,0,0,1,13,0,7.761455051284319e-05,0,Low
2,1,0,1,20,1668,1,75262,655,4993,0.1437947885947663,0,0,1,12,0,7.761455051284319e-05,0,Low
2,0,1,1,20,1495,0,87429,606,5541,0.1992112927007198,0,1,1,11,0,7.761455051284319e-05,0,Low
2,3,0,1,18,2386,6,75255,609,1712,0.0966804887010901,0,0,1,2,0,7.671171221466058e-05,0,Low
2,3,0,1,16,2861,6,97314,574,1540,0.1010225723556683,0,0,1,2,0,7.671171221466058e-05,0,Low
1,3,1,0,22,1107,11,87816,690,1075,0.1060326599774114,0,0,0,11,0,7.671171221466058e-05,0,Low
4,3,0,1,19,1275,15,90822,561,1045,0.1032711974991383,0,0,1,2,0,7.671171221466058e-05,0,Low
3,3,1,0,18,2843,12,88066,665,1119,0.2052828607826549,0,0,0,12,0,7.671171221466058e-05,0,Low
0,3,1,1,16,2056,4,93544,693,3011,0.1051652537006587,0,1,1,9,0,7.671171221466058e-05,0,Low
3,2,0,2,35,2493,14,37345,733,2787,0.1299158829955094,0,0,1,1,0,7.55254994894322e-05,0,Low
2,1,0,2,13,2761,12,76496,577,2144,0.1759517550831483,1,0,1,1,0,7.55254994894322e-05,0,Low
1,0,0,2,27,3228,12,65103,745,2588,0.1216310159221252,0,0,1,11,0,7.55254994894322e-05,0,Low
2,0,0,2,9,2406,12,51720,740,2893,0.1927769208035757,0,1,1,1,0,7.55254994894322e-05,0,Low
0,0,0,2,23,1938,12,36044,534,1345,0.1347875591168883,0,0,0,9,0,7.55254994894322e-05,0,Low
2,0,1,2,39,2804,13,54838,637,1807,0.1094756823765242,0,0,0,12,0,7.55254994894322e-05,0,Low
3,1,0,2,0,3065,14,48430,508,1955,0.1885758223408841,0,0,1,10,0,7.55254994894322e-05,0,Low
1,0,1,2,37,1131,14,57664,526,2044,0.1198865732075505,0,0,1,8,0,7.55254994894322e-05,0,Low
4,0,1,2,38,1911,13,33188,529,2807,0.0915791641459703,0,0,0,8,0,7.55254994894322e-05,0,Low
1,1,0,2,12,2132,13,43213,656,2339,0.2182147122949747,0,0,1,8,0,7.55254994894322e-05,0,Low
3,2,1,2,14,1909,12,52989,553,1579,0.0868940494561152,0,0,1,12,0,7.55254994894322e-05,0,Low
4,0,1,2,6,2915,12,36346,538,3081,0.1238525228986257,1,0,0,0,0,7.55254994894322e-05,0,Low
3,1,1,2,13,3481,12,73419,631,1421,0.1046580049365897,1,0,0,4,0,7.55254994894322e-05,0,Low
2,1,1,2,37,3086,14,60027,568,1248,0.1212622604869197,0,1,1,3,0,7.55254994894322e-05,0,Low
3,0,0,2,2,2433,14,73732,607,1686,0.1982710804812663,0,0,1,8,0,7.55254994894322e-05,0,Low
2,1,1,2,25,1799,14,53729,591,2243,0.1758641392444496,0,0,1,13,0,7.55254994894322e-05,0,Low
3,2,0,2,3,1309,13,51271,587,2614,0.212103497368962,0,0,0,10,0,7.55254994894322e-05,0,Low
1,1,0,2,32,2388,12,47768,679,2794,0.0844150593227989,0,0,1,6,0,7.55254994894322e-05,0,Low
1,1,0,2,14,2517,14,39270,680,2341,0.1378439193352606,0,0,1,4,0,7.55254994894322e-05,0,Low
2,1,0,2,9,1059,12,86216,629,1914,0.0878888679246595,1,0,1,11,0,7.55254994894322e-05,0,Low
1,1,0,2,11,1869,14,59382,727,1301,0.1080478077185161,0,0,0,5,0,7.55254994894322e-05,0,Low
2,1,1,2,36,2228,13,47607,598,2973,0.0981506119354157,1,0,0,1,0,7.55254994894322e-05,0,Low
2,2,1,2,25,911,12,63386,526,1882,0.0859537298747075,0,0,1,4,0,7.55254994894322e-05,0,Low
2,0,0,2,1,2956,12,42594,540,1900,0.1991288135666361,0,0,1,2,0,7.55254994894322e-05,0,Low
1,0,0,2,1,3346,14,40528,526,2053,0.1933997943108296,0,0,1,13,0,7.55254994894322e-05,0,Low
3,0,0,2,37,819,14,53956,594,1402,0.1880102821849309,0,0,1,11,0,7.55254994894322e-05,0,Low
2,1,0,2,24,3356,12,71821,733,2482,0.1088637306371941,0,0,1,8,0,7.55254994894322e-05,0,Low
2,0,1,2,34,3057,12,44537,738,2291,0.1578807702307142,0,0,0,7,0,7.55254994894322e-05,0,Low
1,1,1,2,27,3312,13,69446,618,1281,0.1044696119450027,0,0,1,1,0,7.55254994894322e-05,0,Low
4,3,1,1,11,2062,2,92632,637,5427,0.1855352924723728,0,0,1,1,0,7.422311756083465e-05,0,Low
2,3,0,0,1,867,7,96515,698,4509,0.1568942472442099,0,0,1,13,0,7.422311756083465e-05,0,Low
1,3,1,1,8,3047,16,81175,624,5566,0.0807720448272263,0,0,1,14,0,7.422311756083465e-05,0,Low
2,3,0,1,10,1725,3,78598,585,4969,0.156651526669255,0,0,1,0,0,7.422311756083465e-05,0,Low
1,3,0,1,6,1375,11,80187,604,3819,0.1258186821376583,0,0,1,1,0,7.422311756083465e-05,0,Low
1,3,0,1,8,1324,6,86431,551,5504,0.1065885555352921,0,0,1,2,0,7.422311756083465e-05,0,Low
3,3,1,1,0,1374,19,81453,559,3660,0.1431615764659957,0,0,0,5,0,7.422311756083465e-05,0,Low
0,3,0,1,10,2204,9,85325,507,4924,0.2058426668950058,0,0,1,9,0,7.422311756083465e-05,0,Low
2,3,0,0,9,1941,7,93381,555,5220,0.0801911434506778,0,0,1,7,0,7.422311756083465e-05,0,Low
3,3,0,1,2,3283,23,84894,647,4055,0.1459915302444651,0,0,0,0,0,7.422311756083465e-05,0,Low
2,3,1,1,6,1539,2,97026,686,5225,0.1571664295173465,0,0,1,11,0,7.422311756083465e-05,0,Low
4,3,1,0,4,2868,2,92119,620,5625,0.1482690121970493,0,0,0,3,0,7.422311756083465e-05,0,Low
2,3,0,0,3,1201,1,83664,564,3666,0.1039810181449968,0,0,1,12,0,7.422311756083465e-05,0,Low
3,3,0,1,12,1158,2,79221,609,4912,0.0995654785634432,0,0,1,0,0,7.422311756083465e-05,0,Low
2,2,0,0,16,2898,18,97923,646,3638,0.0838509081332107,1,0,1,5,0,7.353614965552579e-05,0,Low
1,2,0,1,20,2484,19,88595,673,3179,0.1461490896633661,1,0,1,1,0,7.353614965552579e-05,0,Low
1,1,0,1,22,3225,0,95527,639,3053,0.0903702368460021,0,0,0,9,0,7.120634801364421e-05,0,Low
1,0,1,1,19,2201,0,84808,711,3025,0.1023977377897849,0,0,0,7,0,7.120634801364421e-05,0,Low
0,1,1,1,16,3329,14,97629,588,3031,0.1873159978160636,0,0,1,12,0,7.120634801364421e-05,0,Low
3,0,0,2,18,958,18,75983,678,3024,0.110518073404114,0,1,1,9,0,7.120634801364421e-05,0,Low
0,1,0,1,30,2350,8,85676,611,5677,0.1169087056602941,0,0,0,9,0,6.871775335981828e-05,0,Low
1,0,0,1,36,3393,20,87166,513,3856,0.0907055190874839,0,0,0,8,0,6.871775335981828e-05,0,Low
1,2,0,0,26,1691,15,95961,650,3879,0.1258078025817979,0,0,1,3,0,6.871775335981828e-05,0,Low
1,1,0,0,32,1335,1,76781,546,4659,0.0982052111899478,0,0,1,12,0,6.871775335981828e-05,0,Low
2,1,0,0,15,1432,17,74777,553,5420,0.1925277699947618,0,0,1,2,0,6.871775335981828e-05,0,Low
0,1,0,1,30,3197,1,91036,580,3738,0.0873682823095804,0,0,1,6,0,6.871775335981828e-05,0,Low
1,0,1,0,27,2026,9,77163,746,5299,0.1115838356317345,0,0,0,10,0,6.871775335981828e-05,0,Low
2,0,1,0,34,2971,2,96656,704,4665,0.1750207742726365,0,0,0,11,0,6.871775335981828e-05,0,Low
2,1,1,0,24,2624,19,86262,643,3224,0.1236649536963039,0,1,1,6,0,6.871775335981828e-05,0,Low
3,0,0,0,39,3377,22,83268,656,3989,0.166010160712525,0,0,1,5,0,6.871775335981828e-05,0,Low
3,0,0,1,15,3140,5,88652,673,3538,0.1656452798616383,0,0,1,8,0,6.871775335981828e-05,0,Low
2,0,1,0,30,3001,9,98462,684,3840,0.1596685468958675,0,0,1,4,0,6.871775335981828e-05,0,Low
2,1,0,0,26,1845,9,76684,727,3196,0.1007977161640846,0,0,1,13,0,6.871775335981828e-05,0,Low
2,2,1,0,24,1520,7,85027,655,5904,0.1455267970080069,0,0,1,14,0,6.871775335981828e-05,0,Low
2,1,0,0,18,2515,12,99413,649,5536,0.1368328630423207,0,0,1,14,0,6.871775335981828e-05,0,Low
1,1,0,1,36,2338,13,76054,634,3559,0.1283910407568828,0,0,1,3,0,6.871775335981828e-05,0,Low
3,1,0,1,35,881,8,85789,529,5882,0.1401286118250042,0,0,1,1,0,6.871775335981828e-05,0,Low
2,1,1,1,29,1330,0,89068,651,5405,0.1623580981386674,0,0,1,7,0,6.871775335981828e-05,0,Low
3,1,1,1,26,1801,7,96138,558,5888,0.1066455312164867,0,0,1,0,0,6.871775335981828e-05,0,Low
1,0,0,1,27,3011,12,78728,528,4811,0.2191493397476052,0,0,1,6,0,6.871775335981828e-05,0,Low
0,1,0,1,34,909,6,98081,567,5844,0.145746178730065,0,0,1,7,0,6.871775335981828e-05,0,Low
2,2,0,0,34,2987,22,82904,643,3269,0.1249890392848309,0,0,0,5,0,6.871775335981828e-05,0,Low
3,0,0,1,26,946,4,90840,514,3403,0.1886929342984876,0,0,1,3,0,6.871775335981828e-05,0,Low
2,2,0,1,30,1460,11,84103,599,5207,0.1406685526810776,0,1,1,7,0,6.871775335981828e-05,0,Low
1,1,0,1,26,1095,2,74492,617,4005,0.130475033545897,0,0,1,7,0,6.871775335981828e-05,0,Low
0,0,0,1,24,1691,20,76078,599,3749,0.1208560166997812,0,0,1,13,0,6.871775335981828e-05,0,Low
3,1,0,0,29,2682,11,80535,638,5138,0.1190795653753954,0,0,1,5,0,6.871775335981828e-05,0,Low
4,0,0,0,15,2109,0,94525,538,4301,0.0832449136995785,0,0,1,5,0,6.871775335981828e-05,0,Low
1,0,0,1,30,2072,1,96134,564,3524,0.1778027874581485,0,0,0,8,0,6.871775335981828e-05,0,Low
3,0,1,1,15,1098,10,96771,624,4832,0.1069875800901672,0,0,1,5,0,6.871775335981828e-05,0,Low
2,1,0,1,34,3445,10,75203,696,5536,0.1936078194448615,0,0,1,9,0,6.871775335981828e-05,0,Low
3,2,0,0,37,3083,3,77275,594,4295,0.1954677217309564,0,0,1,2,0,6.871775335981828e-05,0,Low
1,2,1,0,31,1501,3,76342,591,4387,0.1360012638819028,0,0,1,6,0,6.871775335981828e-05,0,Low
0,0,0,0,33,1909,22,85424,712,3798,0.1652207599114299,0,0,0,10,0,6.871775335981828e-05,0,Low
1,2,1,0,24,1851,0,93607,700,3439,0.1215776995836962,0,0,1,4,0,6.871775335981828e-05,0,Low
1,1,0,1,23,3391,4,91611,597,4633,0.1071128116800576,0,0,1,6,0,6.871775335981828e-05,0,Low
2,2,1,0,30,1055,15,94988,740,4052,0.0968629153017819,0,0,1,9,0,6.871775335981828e-05,0,Low
1,1,0,0,34,2991,1,83434,670,3478,0.2133522173243285,0,0,1,1,0,6.871775335981828e-05,0,Low
1,1,0,1,36,2953,9,99638,580,3812,0.1920593733605149,0,0,1,7,0,6.871775335981828e-05,0,Low
3,1,1,1,39,3330,11,79618,556,5321,0.1563071814765262,0,0,1,6,0,6.871775335981828e-05,0,Low
2,0,1,0,23,2344,6,74945,615,4135,0.1411589333675791,0,0,1,13,0,6.871775335981828e-05,0,Low
1,0,0,1,33,1542,11,94272,732,3665,0.1059138408178557,0,0,1,8,0,6.871775335981828e-05,0,Low
4,0,0,0,26,2369,10,85327,560,5316,0.1940211100670016,0,0,1,2,0,6.871775335981828e-05,0,Low
1,1,1,1,28,2142,8,74434,570,5719,0.13093453598311,0,1,1,1,0,6.871775335981828e-05,0,Low
2,1,0,1,27,2851,11,91743,717,4878,0.1299033773734031,0,0,0,6,0,6.871775335981828e-05,0,Low
0,2,0,0,24,1474,15,96596,654,3820,0.195182473167347,0,1,1,8,0,6.871775335981828e-05,0,Low
3,1,0,1,24,1857,11,91053,578,4864,0.1345500649756301,0,0,1,8,0,6.871775335981828e-05,0,Low
3,0,1,1,38,2477,11,74536,634,3414,0.1402553457624042,0,0,0,9,0,6.871775335981828e-05,0,Low
3,2,1,1,33,3089,9,96167,585,5372,0.1785988821104873,0,0,1,10,0,6.871775335981828e-05,0,Low
4,1,0,1,26,2341,8,95107,613,4210,0.1562195599442657,0,0,1,1,0,6.871775335981828e-05,0,Low
1,1,0,1,35,1359,0,91825,716,3131,0.1457712085755927,0,0,1,13,0,6.871775335981828e-05,0,Low
0,0,1,0,35,924,9,82564,576,5085,0.1679906737819555,0,0,1,11,0,6.871775335981828e-05,0,Low
2,0,1,1,26,1207,0,76443,507,3687,0.168685942264274,0,0,1,3,0,6.871775335981828e-05,0,Low
0,0,0,0,26,2631,12,94500,730,4588,0.1921559587611047,0,0,1,7,0,6.871775335981828e-05,0,Low
3,1,1,1,31,3267,9,83221,600,5458,0.1762816489815868,0,0,1,7,0,6.871775335981828e-05,0,Low
2,1,0,1,24,2854,1,99678,640,5754,0.1997466614711038,0,0,0,3,0,6.871775335981828e-05,0,Low
2,1,0,0,15,1143,13,79198,659,5709,0.209567610323362,0,0,1,1,0,6.871775335981828e-05,0,Low
1,1,1,1,36,2895,2,98504,649,3634,0.1184398598740431,0,0,0,13,0,6.871775335981828e-05,0,Low
2,0,0,0,24,2818,6,97133,556,3931,0.1426059547014895,0,1,1,12,0,6.871775335981828e-05,0,Low
4,2,0,1,25,1706,11,82395,712,4053,0.1801338469388348,0,0,1,11,0,6.871775335981828e-05,0,Low
3,0,0,1,27,1077,3,78016,598,5618,0.2050234265869273,0,0,1,11,0,6.871775335981828e-05,0,Low
3,0,0,0,32,2978,8,97107,729,4268,0.1096250985473286,0,0,1,2,0,6.871775335981828e-05,0,Low
1,0,0,1,34,1797,10,76238,521,5120,0.1437198008835073,0,0,0,12,0,6.871775335981828e-05,0,Low
4,0,1,0,23,2078,6,97430,698,5835,0.1854325611384593,0,0,1,1,0,6.871775335981828e-05,0,Low
2,1,0,1,15,1301,18,77284,738,5830,0.092544835417392,0,0,1,0,0,6.871775335981828e-05,0,Low
2,1,1,1,24,2782,4,97987,608,4268,0.1610800090263345,0,0,1,3,0,6.871775335981828e-05,0,Low
1,1,0,1,33,1762,0,75721,668,3921,0.1487248910747685,0,0,1,3,0,6.871775335981828e-05,0,Low
1,0,0,0,25,2091,9,86317,716,5654,0.1338255749429322,0,0,1,3,0,6.871775335981828e-05,0,Low
2,0,0,0,34,1453,8,85609,517,5476,0.1182972130983666,0,0,1,14,0,6.871775335981828e-05,0,Low
4,1,0,0,35,3006,2,93017,674,5890,0.1131710297289192,0,0,1,12,0,6.871775335981828e-05,0,Low
4,1,1,0,25,2755,7,77468,740,4331,0.1285842617234762,0,0,1,13,0,6.871775335981828e-05,0,Low
2,2,1,0,24,2034,1,78914,693,3775,0.1638308561288671,0,0,1,6,0,6.871775335981828e-05,0,Low
1,0,1,1,30,2593,4,92524,659,3886,0.1306316342894309,0,0,1,12,0,6.871775335981828e-05,0,Low
0,2,0,1,15,2068,14,92328,548,5582,0.152228995028926,0,0,0,11,0,6.871775335981828e-05,0,Low
3,0,0,0,33,3419,14,94915,504,3516,0.1661491894917378,0,1,1,10,0,6.871775335981828e-05,0,Low
1,0,0,1,27,1037,9,91702,607,4757,0.1106878188348211,0,0,1,1,0,6.871775335981828e-05,0,Low
2,0,0,1,36,1880,8,98504,651,3671,0.1879331338972986,0,0,1,14,0,6.871775335981828e-05,0,Low
4,0,0,0,29,1779,6,88250,565,5134,0.1087941596457151,0,0,1,6,0,6.871775335981828e-05,0,Low
0,1,1,0,25,2682,1,98520,736,5931,0.1304391989306693,0,0,1,9,0,6.871775335981828e-05,0,Low
1,1,0,0,37,1865,5,81078,626,5188,0.1443372034220756,0,0,0,7,0,6.871775335981828e-05,0,Low
3,1,0,0,25,3419,10,85257,614,3133,0.1858135640188186,0,0,1,2,0,6.871775335981828e-05,0,Low
1,1,0,0,35,2936,14,78445,591,3316,0.1969904312861018,0,0,0,4,0,6.871775335981828e-05,0,Low
2,0,1,1,29,843,5,91979,518,3474,0.0840393395415874,0,0,1,6,0,6.871775335981828e-05,0,Low
0,1,0,0,30,2870,8,88794,713,4469,0.1816436989277075,0,0,1,12,0,6.871775335981828e-05,0,Low
2,2,0,0,37,3056,3,94780,537,5395,0.1276389574038798,0,0,0,9,0,6.871775335981828e-05,0,Low
3,1,0,1,39,2219,4,82493,652,3781,0.1477059358968011,0,0,1,11,0,6.871775335981828e-05,0,Low
2,1,0,0,25,1281,9,91274,748,4304,0.1448790290202596,0,0,0,0,0,6.871775335981828e-05,0,Low
2,1,0,1,35,1757,8,96728,594,5325,0.1032262149582123,0,0,0,8,0,6.871775335981828e-05,0,Low
3,1,0,1,39,1017,6,92198,693,3942,0.1128545204652503,0,0,1,13,0,6.871775335981828e-05,0,Low
1,0,0,1,33,2742,21,74495,729,3288,0.1151488692384752,0,0,1,0,0,6.871775335981828e-05,0,Low
2,1,0,1,27,3407,14,90845,700,3717,0.1002751552520361,0,0,1,13,0,6.871775335981828e-05,0,Low
3,0,0,0,29,2785,3,76208,667,4977,0.1389990231525591,0,0,1,4,0,6.871775335981828e-05,0,Low
1,1,1,1,27,1393,5,83139,582,4656,0.1890749614551062,0,0,0,0,0,6.871775335981828e-05,0,Low
2,0,1,0,34,1703,6,92641,622,5852,0.1208881485903049,0,0,1,11,0,6.871775335981828e-05,0,Low
3,1,0,1,28,3454,9,90730,638,4826,0.1636167819357011,0,0,1,6,0,6.871775335981828e-05,0,Low
3,1,0,0,32,831,12,81297,570,4227,0.2143961095662854,0,0,1,8,0,6.871775335981828e-05,0,Low
4,2,0,1,23,2687,12,83047,544,5548,0.1759428333553941,0,0,1,7,0,6.871775335981828e-05,0,Low
1,1,1,0,33,1945,14,97305,710,3316,0.1864347574854536,0,0,1,12,0,6.871775335981828e-05,0,Low
2,0,0,1,37,3024,12,76805,501,5691,0.1537471728716063,0,0,1,4,0,6.871775335981828e-05,0,Low
1,0,0,0,28,2872,7,76715,682,5314,0.2007555723407933,0,0,1,8,0,6.871775335981828e-05,0,Low
2,0,0,0,30,1618,5,81862,677,4245,0.1053461671709538,0,0,0,6,0,6.871775335981828e-05,0,Low
2,0,0,1,33,2021,10,75910,559,3142,0.2168627761092633,0,0,1,8,0,6.871775335981828e-05,0,Low
2,1,1,1,29,2327,10,98874,578,5283,0.1453618844478109,0,0,1,14,0,6.871775335981828e-05,0,Low
2,1,0,0,23,1163,12,79100,646,5080,0.1338233976485407,0,0,1,4,0,6.871775335981828e-05,0,Low
3,0,0,0,35,2191,18,79853,527,4030,0.1738946736720185,0,0,1,0,0,6.871775335981828e-05,0,Low
3,1,0,1,35,2825,2,77499,589,4286,0.1740712763172614,0,0,1,11,0,6.871775335981828e-05,0,Low
0,0,0,1,26,3042,11,90582,548,4660,0.152520312226782,0,0,1,11,0,6.871775335981828e-05,0,Low
1,0,0,1,36,1338,2,88445,551,3709,0.1274668946874765,0,0,1,2,0,6.871775335981828e-05,0,Low
3,1,1,1,29,964,18,85798,504,3520,0.1889920231693825,0,1,1,1,0,6.871775335981828e-05,0,Low
3,0,0,0,35,2795,5,89563,743,4775,0.1159098543635308,0,0,1,13,0,6.871775335981828e-05,0,Low
0,1,1,1,23,1825,16,85647,583,3464,0.1928831077372795,0,0,1,14,0,6.871775335981828e-05,0,Low
1,2,0,1,24,810,5,89421,719,5816,0.0882073314105288,0,0,0,7,0,6.871775335981828e-05,0,Low
1,0,0,1,35,1811,4,76182,603,3493,0.1734140453164167,0,0,0,0,0,6.871775335981828e-05,0,Low
0,1,1,0,15,3045,4,76428,561,3974,0.1892955633495107,0,0,1,8,0,6.871775335981828e-05,0,Low
2,2,1,0,29,2977,1,90903,606,4982,0.1030562536530763,0,0,0,13,0,6.871775335981828e-05,0,Low
2,0,0,1,34,1810,2,93403,627,4938,0.1807283366019315,0,1,0,1,0,6.871775335981828e-05,0,Low
2,2,0,0,24,863,2,97854,702,3757,0.1413091434180709,0,0,1,12,0,6.871775335981828e-05,0,Low
2,2,0,1,33,1652,6,74597,551,4565,0.1270285297912512,0,0,1,0,0,6.871775335981828e-05,0,Low
2,2,1,0,15,939,12,83970,602,3222,0.1824273018903364,0,0,1,10,0,6.871775335981828e-05,0,Low
3,1,0,0,18,1610,11,99231,630,4792,0.0996800838689514,0,0,1,1,0,6.871775335981828e-05,0,Low
2,0,0,0,27,882,13,98606,512,4100,0.1572161760794344,0,0,0,4,0,6.871775335981828e-05,0,Low
3,0,0,1,31,3244,0,96797,587,5899,0.1632898636582601,0,0,1,2,0,6.871775335981828e-05,0,Low
0,0,1,1,25,1484,0,85297,693,5372,0.1247037043933042,0,0,1,8,0,6.871775335981828e-05,0,Low
1,2,1,0,32,1641,8,97283,613,5760,0.1798797519623269,0,1,1,1,0,6.871775335981828e-05,0,Low
3,1,1,1,24,2881,5,86551,692,3557,0.1941881330102623,0,0,1,8,0,6.871775335981828e-05,0,Low
3,2,1,0,15,2401,1,82819,567,3375,0.1518939925309082,0,0,0,12,0,6.871775335981828e-05,0,Low
0,0,0,0,33,3455,15,85525,635,3964,0.1513402467156457,0,0,1,10,0,6.871775335981828e-05,0,Low
4,1,0,1,26,1958,13,76180,530,3204,0.082086571113135,0,0,1,0,0,6.871775335981828e-05,0,Low
2,1,0,0,37,1138,11,99329,561,5782,0.0960044426528218,0,0,1,10,0,6.871775335981828e-05,0,Low
2,2,0,0,26,2084,12,88404,549,3345,0.0863164601738819,0,0,1,14,0,6.871775335981828e-05,0,Low
1,2,0,0,37,2811,11,75690,608,4180,0.2110924582495127,0,0,1,2,0,6.871775335981828e-05,0,Low
1,1,0,0,33,3238,1,90757,503,5091,0.1504133498858647,0,0,1,2,0,6.871775335981828e-05,0,Low
3,1,0,1,26,2312,10,77006,664,3755,0.0976894155703963,0,0,0,11,0,6.871775335981828e-05,0,Low
1,1,1,0,29,1941,18,74680,666,4130,0.1989464939010407,0,0,1,1,0,6.871775335981828e-05,0,Low
3,0,0,1,15,2750,14,81436,727,5146,0.0947105349681218,0,0,1,12,0,6.871775335981828e-05,0,Low
1,1,0,1,35,2036,12,97873,528,5253,0.1684543819266821,0,0,1,10,0,6.871775335981828e-05,0,Low
3,0,0,0,15,1050,18,82564,727,3189,0.1446977884232788,0,0,0,8,0,6.871775335981828e-05,0,Low
2,0,0,1,35,3187,0,77803,701,4211,0.1754278543102045,0,0,0,9,0,6.871775335981828e-05,0,Low
2,1,0,1,34,2937,2,96580,528,3802,0.1545138973340492,0,0,1,11,0,6.871775335981828e-05,0,Low
2,1,0,1,32,1144,7,82535,569,5188,0.1069321210619095,0,0,1,6,0,6.871775335981828e-05,0,Low
2,1,0,0,33,3136,13,79726,571,3895,0.152109592482419,0,0,1,1,0,6.871775335981828e-05,0,Low
1,0,0,0,27,2817,7,80450,640,4993,0.1318673648709619,0,0,1,6,0,6.871775335981828e-05,0,Low
2,2,0,0,28,1754,10,99688,692,3471,0.0869142530907193,0,0,1,8,0,6.871775335981828e-05,0,Low
2,2,0,1,32,2785,12,83479,697,5819,0.1887470899099113,0,0,1,9,0,6.871775335981828e-05,0,Low
1,1,0,1,15,1921,3,81439,719,5509,0.095456237488404,0,0,0,7,0,6.871775335981828e-05,0,Low
2,1,1,0,15,1367,15,93412,676,3622,0.1324777493153828,0,0,1,7,0,6.871775335981828e-05,0,Low
1,2,1,0,35,3461,3,88431,583,3920,0.1121172417147336,0,0,0,1,0,6.871775335981828e-05,0,Low
2,0,1,1,26,2786,4,83597,506,5853,0.1321225883507724,0,0,1,14,0,6.871775335981828e-05,0,Low
2,0,0,0,15,2369,12,86846,551,3994,0.1367382907850333,0,0,1,8,0,6.871775335981828e-05,0,Low
0,1,0,1,33,1108,11,89534,590,4844,0.1779583990077169,0,0,0,13,0,6.871775335981828e-05,0,Low
1,0,0,0,30,2854,8,85517,690,3560,0.1098091400232906,0,0,1,1,0,6.871775335981828e-05,0,Low
1,0,0,1,29,999,3,97591,516,4985,0.1296825249685833,0,0,0,1,0,6.871775335981828e-05,0,Low
0,0,0,1,30,1938,11,84057,598,3832,0.1342368240532114,0,0,1,5,0,6.871775335981828e-05,0,Low
0,0,0,1,37,3470,7,82202,532,3855,0.1476155829121623,0,0,0,4,0,6.871775335981828e-05,0,Low
0,1,0,0,23,3404,23,80785,532,3585,0.1568206921418792,0,1,0,7,0,6.871775335981828e-05,0,Low
0,1,0,0,34,3317,18,75024,504,3172,0.2131119004702151,0,0,1,14,0,6.871775335981828e-05,0,Low
0,1,0,1,23,1753,4,90478,509,5598,0.1605381922193064,0,0,1,14,0,6.871775335981828e-05,0,Low
3,1,0,1,25,2551,7,87392,701,4868,0.0843280114346242,0,0,1,5,0,6.871775335981828e-05,0,Low
3,0,0,0,24,3222,11,87524,613,4903,0.1029212297601659,0,0,1,3,0,6.871775335981828e-05,0,Low
1,2,0,1,38,3305,9,74401,620,3274,0.1144281356364004,0,0,0,10,0,6.871775335981828e-05,0,Low
2,2,1,0,23,1283,4,79539,532,3906,0.219692479051185,0,0,1,10,0,6.871775335981828e-05,0,Low
3,1,1,1,32,1354,6,84147,596,5030,0.0805937988495232,0,0,1,8,0,6.871775335981828e-05,0,Low
0,1,0,0,37,2028,10,87549,694,5317,0.1576137992019616,0,0,1,10,0,6.871775335981828e-05,0,Low
2,0,0,0,36,3215,14,75609,528,4035,0.2181693264718466,0,0,1,1,0,6.871775335981828e-05,0,Low
1,2,0,1,24,1944,13,96220,570,4094,0.0959829229416369,0,0,1,13,0,6.871775335981828e-05,0,Low
1,2,0,1,35,2457,8,75556,629,4566,0.1567492077957055,0,0,1,1,0,6.871775335981828e-05,0,Low
3,0,0,1,24,1306,3,92490,548,5342,0.109959825907997,0,0,1,2,0,6.871775335981828e-05,0,Low
2,0,0,0,32,3114,5,98833,715,3597,0.193815724106138,0,0,1,0,0,6.871775335981828e-05,0,Low
2,1,0,0,15,820,11,74431,700,3997,0.1611074755114047,0,0,1,6,0,6.871775335981828e-05,0,Low
3,0,1,0,26,1081,18,79210,579,4036,0.1237993584783621,0,0,1,14,0,6.871775335981828e-05,0,Low
3,2,0,0,35,2261,8,86682,523,4075,0.1226933643922645,0,0,0,4,0,6.871775335981828e-05,0,Low
3,2,1,0,36,1908,4,85959,701,4272,0.1648541128076835,0,0,1,8,0,6.871775335981828e-05,0,Low
2,0,1,1,35,953,9,91687,696,5560,0.1350571248867763,0,0,1,8,0,6.871775335981828e-05,0,Low
1,1,0,0,37,2988,4,96733,545,3202,0.1931194916598989,0,0,1,11,0,6.871775335981828e-05,0,Low
3,2,0,0,26,820,10,80825,524,5839,0.10017683353468,0,0,1,4,0,6.871775335981828e-05,0,Low
0,1,0,1,36,2853,6,97160,689,4793,0.1592636701071006,0,0,1,6,0,6.871775335981828e-05,0,Low
1,0,0,1,33,3390,14,78737,545,3499,0.1691539214148547,0,0,1,5,0,6.871775335981828e-05,0,Low
1,0,0,1,37,2903,10,76303,634,3640,0.1381874868249958,0,0,1,13,0,6.871775335981828e-05,0,Low
1,2,0,1,27,1289,0,80457,704,3698,0.1021191571139291,0,0,0,5,0,6.871775335981828e-05,0,Low
2,2,0,0,34,1594,8,88952,644,3177,0.0957744062984084,0,0,1,0,0,6.871775335981828e-05,0,Low
2,1,1,1,32,2009,3,93261,527,4630,0.1165890043254918,0,0,1,14,0,6.871775335981828e-05,0,Low
0,1,0,1,15,1748,12,89890,664,4674,0.1019803375900742,0,0,1,8,0,6.871775335981828e-05,0,Low
0,1,1,1,25,3058,4,95874,701,4904,0.1313882404161935,0,0,1,2,0,6.871775335981828e-05,0,Low
2,0,0,1,31,1328,22,77590,723,4157,0.1150516704441778,0,0,1,1,0,6.871775335981828e-05,0,Low
0,0,0,0,33,3198,0,96550,673,3833,0.1096470165282122,0,0,1,12,0,6.871775335981828e-05,0,Low
1,0,1,1,38,2140,0,94436,657,4627,0.1606223048603264,0,0,1,14,0,6.871775335981828e-05,0,Low
3,0,1,1,37,3224,7,87240,654,3828,0.1599016850029245,0,0,1,12,0,6.871775335981828e-05,0,Low
3,0,0,0,32,3143,3,92193,695,3405,0.1242264920902249,0,0,1,3,0,6.871775335981828e-05,0,Low
1,1,1,1,23,1078,11,91696,548,3995,0.1881132544656399,0,0,1,13,0,6.871775335981828e-05,0,Low
3,0,1,1,35,2533,16,82447,581,3200,0.1497752126159409,0,0,0,10,0,6.871775335981828e-05,0,Low
1,1,1,1,33,2641,9,93719,741,3219,0.1398185761933694,0,0,1,8,0,6.871775335981828e-05,0,Low
1,1,0,0,27,824,2,90080,675,3427,0.1158854416177875,0,0,1,5,0,6.871775335981828e-05,0,Low
1,2,0,0,15,2984,5,99605,677,3549,0.1774417132948344,0,0,1,4,0,6.871775335981828e-05,0,Low
1,1,1,1,26,2975,6,76474,615,5397,0.1736373406533651,0,0,1,5,0,6.871775335981828e-05,0,Low
3,0,0,0,28,1531,4,91584,727,3365,0.1718377756648333,0,0,1,10,0,6.871775335981828e-05,0,Low
2,1,1,1,39,1392,16,84314,567,3981,0.1405230967668368,0,0,1,2,0,6.871775335981828e-05,0,Low
1,0,0,0,38,3338,10,98459,682,5669,0.1925837396919801,0,0,1,10,0,6.871775335981828e-05,0,Low
2,1,1,0,38,2448,7,99473,665,5083,0.1957556635160237,0,0,1,9,0,6.871775335981828e-05,0,Low
1,1,0,1,30,1952,10,91460,703,5619,0.1801579122410878,0,0,1,6,0,6.871775335981828e-05,0,Low
2,0,0,1,31,2273,3,94376,582,3638,0.1039868723016266,0,0,1,6,0,6.871775335981828e-05,0,Low
2,1,0,0,26,1264,11,88270,547,3401,0.1475749859692656,0,0,1,12,0,6.871775335981828e-05,0,Low
2,3,0,0,33,3406,15,90128,662,1777,0.1266769774282322,0,0,0,11,0,6.781491506163569e-05,0,Low
3,3,0,2,36,3098,20,83282,643,2200,0.1442243399351679,0,0,0,13,0,6.781491506163569e-05,0,Low
2,3,0,1,11,2454,24,85040,576,2735,0.0935104573955809,0,0,1,9,0,6.781491506163569e-05,0,Low
2,3,1,0,11,911,4,79901,705,2203,0.1391411232640032,0,0,1,1,0,6.781491506163569e-05,0,Low
2,3,0,1,10,3437,0,86304,615,1794,0.0846690002952654,0,0,0,7,0,6.781491506163569e-05,0,Low
2,3,0,0,0,1877,2,82703,596,3016,0.168780130692519,0,0,1,0,0,6.781491506163569e-05,0,Low
1,3,0,2,0,2231,15,79166,503,1622,0.1071922472872773,0,0,1,13,0,6.781491506163569e-05,0,Low
1,3,0,0,8,2112,23,78755,560,2129,0.0824497053654625,0,0,1,5,0,6.781491506163569e-05,0,Low
3,3,1,0,23,2882,2,81378,676,1198,0.1439964500777828,0,0,1,12,0,6.781491506163569e-05,0,Low
3,3,0,1,11,2751,16,82303,692,2404,0.1649936101936477,0,0,0,2,0,6.781491506163569e-05,0,Low
1,3,1,0,1,1582,3,76149,688,1496,0.1123068422353944,0,0,1,4,0,6.781491506163569e-05,0,Low
1,3,0,2,25,2452,6,91989,553,1487,0.1854817322747073,0,0,1,9,0,6.781491506163569e-05,0,Low
2,3,0,0,5,2570,3,83375,598,2513,0.0965334814837797,0,0,1,9,0,6.781491506163569e-05,0,Low
2,3,0,0,12,1949,3,83413,581,1815,0.1563871738671194,0,0,1,12,0,6.781491506163569e-05,0,Low
2,3,0,0,23,3432,14,86920,585,2067,0.1436231727715832,0,0,0,4,0,6.781491506163569e-05,0,Low
4,3,0,1,32,1790,12,96588,564,2137,0.1319048268023042,0,0,0,4,0,6.781491506163569e-05,0,Low
0,3,0,0,25,3140,8,75252,682,1454,0.1555010580077789,0,1,1,0,0,6.781491506163569e-05,0,Low
1,3,0,1,13,1287,15,76127,666,2555,0.1989580091085605,0,0,1,0,0,6.781491506163569e-05,0,Low
1,3,0,2,10,1461,6,79440,540,2725,0.0874473666134989,0,0,1,2,0,6.781491506163569e-05,0,Low
2,3,0,2,27,3052,10,91897,674,2254,0.1081982293868333,0,0,1,9,0,6.781491506163569e-05,0,Low
2,3,0,0,12,808,5,90428,520,2061,0.1989215069458826,0,0,1,4,0,6.781491506163569e-05,0,Low
1,3,1,0,32,2085,5,80091,712,1558,0.1434138022547335,0,0,0,2,0,6.781491506163569e-05,0,Low
0,3,1,2,10,2173,20,80058,732,2549,0.0927317659737612,0,0,1,7,0,6.781491506163569e-05,0,Low
2,3,1,0,38,2361,1,77880,588,1287,0.1387534810803973,0,0,1,10,0,6.781491506163569e-05,0,Low
1,3,0,1,3,1902,1,89535,703,2904,0.0882337104751015,0,0,1,4,0,6.781491506163569e-05,0,Low
2,3,0,2,6,1670,21,84484,690,2324,0.136143555798853,0,0,0,4,0,6.781491506163569e-05,0,Low
1,0,1,0,24,2961,18,97825,516,3989,0.1567706569815599,1,0,1,12,0,6.463935250250089e-05,0,Low
2,1,0,0,37,3109,17,93192,651,3995,0.1405725415482327,1,0,1,7,0,6.463935250250089e-05,0,Low
3,1,0,0,37,3290,17,94631,568,3321,0.1394400965698506,1,0,0,2,0,6.463935250250089e-05,0,Low
1,1,1,1,36,1248,18,93840,632,4003,0.1157152388840859,1,0,1,1,0,6.463935250250089e-05,0,Low
2,2,2,1,37,954,18,93151,525,5053,0.092049793158491,1,0,1,12,0,6.463935250250089e-05,0,Low
0,0,0,0,27,1519,12,83394,646,3091,0.134906618133525,0,0,1,6,0,6.23095508606193e-05,0,Low
3,0,0,3,30,3428,2,84715,595,4203,0.0900158590026106,0,0,1,5,0,6.23095508606193e-05,0,Low
4,0,0,1,32,2817,10,99227,702,3023,0.1752665283759678,0,0,1,9,0,6.23095508606193e-05,0,Low
1,0,0,3,37,2656,13,81672,628,5767,0.108747932566594,0,0,1,8,0,6.23095508606193e-05,0,Low
2,0,0,3,33,2596,6,75854,604,3165,0.1607278388097599,0,0,0,3,0,6.23095508606193e-05,0,Low
4,1,0,3,16,1693,11,77319,531,5406,0.1796852417391625,0,0,1,0,0,6.23095508606193e-05,0,Low
0,2,0,3,17,3092,4,75078,649,4439,0.10870373101624,0,0,0,8,0,6.23095508606193e-05,0,Low
1,1,1,3,16,3017,5,78717,589,3427,0.1059428114413734,0,0,1,2,0,6.23095508606193e-05,0,Low
1,0,0,3,24,2420,4,97680,715,3743,0.1552882267390113,0,0,1,8,0,6.23095508606193e-05,0,Low
0,0,0,1,31,2544,6,90991,517,3088,0.0956606797382476,0,0,1,7,0,6.23095508606193e-05,0,Low
3,1,0,1,30,3228,4,78386,551,3048,0.0826578709619223,0,0,1,7,0,6.23095508606193e-05,0,Low
1,0,3,0,27,1955,11,83392,597,3057,0.1858922896984441,0,0,0,3,0,6.23095508606193e-05,0,Low
1,0,0,3,33,1366,8,87863,710,5196,0.1275845487922874,0,0,0,4,0,6.23095508606193e-05,0,Low
3,0,0,3,34,1290,7,78211,502,3750,0.1292353729670476,0,0,1,9,0,6.23095508606193e-05,0,Low
3,0,1,3,35,2184,1,75429,535,5851,0.1974356550514567,0,0,1,12,0,6.23095508606193e-05,0,Low
2,2,0,3,20,1300,12,75877,640,4884,0.1024042386319891,0,0,0,12,0,6.23095508606193e-05,0,Low
4,2,0,1,25,1939,6,91789,622,3074,0.1916555068386027,0,0,1,3,0,6.23095508606193e-05,0,Low
2,0,1,3,38,3084,0,84603,563,5543,0.1470093012683278,0,0,0,0,0,6.23095508606193e-05,0,Low
1,1,0,3,36,2495,4,90048,503,3263,0.1082293176999901,0,0,1,7,0,6.23095508606193e-05,0,Low
2,0,0,3,27,947,3,90628,688,5072,0.1028013348677664,0,0,0,13,0,6.23095508606193e-05,0,Low
1,0,0,3,26,2355,11,81928,597,4893,0.1952220779762545,0,0,0,6,0,6.23095508606193e-05,0,Low
0,1,1,1,23,3318,11,88235,636,3078,0.1422397115624872,0,0,1,6,0,6.23095508606193e-05,0,Low
2,2,0,3,36,2563,20,86115,587,4168,0.0891420975677023,0,0,1,8,0,6.23095508606193e-05,0,Low
2,2,0,1,26,2477,0,74169,680,3041,0.2038904339789722,0,0,1,0,0,6.23095508606193e-05,0,Low
1,0,0,3,20,1936,2,91678,513,4878,0.1549745997115175,0,0,0,11,0,6.23095508606193e-05,0,Low
1,1,0,1,33,977,14,98753,576,3085,0.1936222398809045,0,0,1,9,0,6.23095508606193e-05,0,Low
3,0,0,2,30,2395,4,80240,639,3089,0.1099005961653411,0,0,0,4,0,6.23095508606193e-05,0,Low
0,1,0,2,36,1455,15,79440,692,3071,0.102326771409338,0,0,1,1,0,6.23095508606193e-05,0,Low
2,2,0,1,24,2228,18,74930,730,3102,0.1753052431463795,0,0,1,11,0,6.23095508606193e-05,0,Low
0,1,0,3,26,2226,16,79695,726,5809,0.1123615467180544,0,0,1,9,0,6.23095508606193e-05,0,Low
3,1,2,3,26,1382,1,41971,501,2417,0.1610106825766136,0,0,1,4,0,6.108640285855476e-05,0,Low
2,3,0,0,22,1923,4,36572,519,3362,0.1322970684523174,0,1,1,12,0,6.031024512527343e-05,0,Low
2,3,0,0,18,1884,0,31724,686,4974,0.1229473602171427,0,0,1,13,0,6.031024512527343e-05,0,Low
1,3,0,0,20,1481,10,57159,697,4929,0.1758362920832083,0,0,1,5,0,6.031024512527343e-05,0,Low
3,3,0,1,19,2324,2,52277,528,5209,0.1604953679095964,0,0,1,9,0,6.031024512527343e-05,0,Low
2,3,0,0,19,2173,22,74082,557,3890,0.1530805766927468,0,0,1,5,0,6.031024512527343e-05,0,Low
3,3,0,1,19,2554,5,72444,733,5381,0.1852281720081253,0,1,0,8,0,6.031024512527343e-05,0,Low
3,2,1,1,22,930,10,79810,647,2898,0.1898888347576112,0,0,1,14,0,5.497258177987798e-05,0,Low
2,2,0,1,19,3218,7,82999,570,2501,0.1214767118540364,0,0,1,11,0,5.497258177987798e-05,0,Low
1,0,0,0,21,3396,4,85403,693,1725,0.1218839904710682,0,0,0,13,0,5.497258177987798e-05,0,Low
2,0,0,1,21,1537,3,75598,584,2786,0.1882185995542238,0,0,1,2,0,5.497258177987798e-05,0,Low
3,0,0,2,17,2584,9,95601,678,1797,0.177185994933617,0,0,0,2,0,5.497258177987798e-05,0,Low
3,0,1,2,17,2713,20,80363,673,1437,0.0914765933636559,0,0,1,9,0,5.497258177987798e-05,0,Low
2,0,1,1,20,2579,14,90024,635,1002,0.0951609533602725,0,0,1,1,0,5.497258177987798e-05,0,Low
3,1,1,2,18,2668,18,77987,724,1301,0.1432773517709321,0,0,1,11,0,5.497258177987798e-05,0,Low
0,2,0,1,21,1241,15,86403,598,1722,0.1776325252866037,0,0,1,10,0,5.497258177987798e-05,0,Low
3,2,1,0,20,2243,5,94015,534,2441,0.130403699934085,0,0,0,4,0,5.497258177987798e-05,0,Low
1,0,0,1,16,1646,3,81337,710,1551,0.2012543423879472,0,0,1,7,0,5.497258177987798e-05,0,Low
0,0,1,2,21,1637,16,74655,735,1317,0.1595097513678054,0,0,1,11,0,5.497258177987798e-05,0,Low
0,1,0,0,20,2756,7,96034,555,2640,0.1235489010825146,0,0,1,1,0,5.497258177987798e-05,0,Low
1,0,0,1,18,1031,0,81588,599,2867,0.1332156452935436,0,0,1,6,0,5.497258177987798e-05,0,Low
2,0,0,1,20,1822,6,90298,657,2813,0.1162937177590525,0,0,1,6,0,5.497258177987798e-05,0,Low
1,2,1,1,21,965,5,86523,592,1479,0.1870318139041307,0,0,1,5,0,5.497258177987798e-05,0,Low
1,0,0,1,18,2184,11,93987,729,1398,0.0893935069582438,0,0,1,1,0,5.497258177987798e-05,0,Low
3,1,1,0,16,1388,9,96815,592,2680,0.1877359294961955,0,0,1,7,0,5.497258177987798e-05,0,Low
1,2,0,1,18,2118,5,89391,522,1648,0.1066941342011777,0,1,0,14,0,5.497258177987798e-05,0,Low
1,0,1,2,16,2880,3,92788,539,2273,0.1975201982194077,0,0,1,1,0,5.497258177987798e-05,0,Low
0,1,0,0,22,2072,4,97703,553,2825,0.1612001259985006,0,0,1,6,0,5.497258177987798e-05,0,Low
2,0,0,2,17,3292,9,85533,547,2852,0.1527892431986586,0,0,0,14,0,5.497258177987798e-05,0,Low
3,1,0,1,17,2238,15,75597,550,1406,0.1433918989525388,0,0,1,5,0,5.497258177987798e-05,0,Low
4,2,1,0,20,1322,1,97281,601,1158,0.1148976177683591,0,0,1,6,0,5.497258177987798e-05,0,Low
1,1,0,2,20,2018,9,83397,644,2624,0.2039092729209287,0,0,1,2,0,5.497258177987798e-05,0,Low
2,0,0,1,20,2251,4,80119,505,2636,0.1489458453204943,0,0,1,7,0,5.497258177987798e-05,0,Low
1,1,1,1,22,2878,2,76178,699,2245,0.1356544043923816,0,0,1,13,0,5.497258177987798e-05,0,Low
2,1,1,0,18,2909,11,83332,704,1319,0.1079299271964893,0,0,1,9,0,5.497258177987798e-05,0,Low
1,2,0,0,21,2680,17,88057,689,2803,0.1123678638431298,0,0,1,3,0,5.497258177987798e-05,0,Low
2,0,0,0,17,2894,9,88638,619,2670,0.1933499948665122,0,0,1,8,0,5.497258177987798e-05,0,Low
1,2,1,0,22,1460,3,96160,714,2603,0.1199278343582286,0,0,1,12,0,5.497258177987798e-05,0,Low
1,0,0,0,18,1511,11,79012,693,2348,0.1940416521879441,0,0,1,8,0,5.497258177987798e-05,0,Low
0,1,0,0,17,2969,9,97017,576,1831,0.1933469649635044,0,0,0,4,0,5.497258177987798e-05,0,Low
3,0,1,1,20,2375,22,76414,734,1276,0.1354033137083707,0,0,1,12,0,5.497258177987798e-05,0,Low
1,1,0,0,21,1182,10,96707,581,2938,0.1483334011387859,0,0,1,1,0,5.497258177987798e-05,0,Low
2,0,0,0,16,2941,8,94627,734,2800,0.0826117234626507,0,0,1,3,0,5.497258177987798e-05,0,Low
2,1,0,1,17,1472,9,80160,666,2228,0.1953949468744493,0,0,1,1,0,5.497258177987798e-05,0,Low
2,0,1,1,18,2714,22,86784,625,2262,0.1110471947956985,0,0,1,10,0,5.497258177987798e-05,0,Low
3,2,1,0,20,1545,9,79381,727,2743,0.2080372742612654,0,0,0,11,0,5.497258177987798e-05,0,Low
1,1,1,1,19,3052,13,85366,651,2602,0.0818487810767849,0,0,1,8,0,5.497258177987798e-05,0,Low
1,0,0,1,18,3015,3,86929,553,2505,0.1635379393796755,0,0,0,14,0,5.497258177987798e-05,0,Low
3,1,0,1,19,1386,0,74443,519,1355,0.097249453862402,0,0,0,0,0,5.497258177987798e-05,0,Low
3,1,1,2,18,1073,23,77531,560,1688,0.0932973317778228,0,0,1,8,0,5.497258177987798e-05,0,Low
3,1,1,2,16,1853,7,85483,638,1237,0.1223494465127559,0,0,1,5,0,5.497258177987798e-05,0,Low
1,0,1,1,19,3346,12,86382,629,1216,0.1759449583876403,0,0,1,14,0,5.497258177987798e-05,0,Low
4,0,0,0,20,3207,7,89491,561,1014,0.1684970502684313,0,0,0,6,0,5.497258177987798e-05,0,Low
2,1,1,0,21,883,3,95566,517,2825,0.1101830179400995,0,0,0,2,0,5.497258177987798e-05,0,Low
3,0,0,0,21,3431,14,88307,710,1778,0.1288047577713468,0,0,0,13,0,5.497258177987798e-05,0,Low
1,0,0,2,16,993,18,80032,510,1022,0.1818091670298727,0,0,1,5,0,5.497258177987798e-05,0,Low
2,1,1,1,16,2920,7,84994,738,2669,0.1766885726716908,0,0,1,3,0,5.497258177987798e-05,0,Low
3,2,0,0,19,2159,16,86542,715,1321,0.132842340786233,0,0,1,0,0,5.497258177987798e-05,0,Low
0,1,0,0,16,1107,17,86100,598,1603,0.1951744446904479,0,0,1,5,0,5.497258177987798e-05,0,Low
2,1,0,0,21,2271,4,81500,553,2574,0.0804597343858103,0,1,1,9,0,5.497258177987798e-05,0,Low
2,1,1,1,18,997,1,83561,616,2827,0.1437237294896826,0,0,1,12,0,5.497258177987798e-05,0,Low
2,1,0,0,19,1283,15,90804,695,1047,0.1653046415748427,0,0,1,13,0,5.497258177987798e-05,0,Low
1,2,0,1,16,2104,7,77390,735,1455,0.0840972593098989,0,0,1,10,0,5.497258177987798e-05,0,Low
2,0,0,0,17,3044,7,93851,646,1906,0.1111835317319496,0,0,0,12,0,5.497258177987798e-05,0,Low
3,0,1,1,16,1584,16,85379,683,1103,0.1642191150971612,0,0,1,3,0,5.497258177987798e-05,0,Low
2,1,1,0,18,2202,8,91326,530,2574,0.1454666036733605,0,0,1,6,0,5.497258177987798e-05,0,Low
1,0,0,0,22,1077,12,97605,538,2832,0.1369172593306239,0,0,0,6,0,5.497258177987798e-05,0,Low
3,1,1,2,17,3438,5,97091,533,1584,0.1690633006064253,0,0,1,1,0,5.497258177987798e-05,0,Low
2,0,0,0,18,2036,2,91450,735,2794,0.1764621802306949,0,0,0,5,0,5.497258177987798e-05,0,Low
0,2,0,2,22,1580,10,87930,646,1717,0.1127452510167346,0,0,1,13,0,5.497258177987798e-05,0,Low
0,0,1,0,21,2604,7,84145,689,2851,0.1157034862551499,0,0,0,2,0,5.497258177987798e-05,0,Low
2,1,0,1,22,856,4,95049,590,1003,0.1350701694612382,0,0,1,10,0,5.497258177987798e-05,0,Low
1,1,0,1,18,1498,23,80248,576,1785,0.101741982384682,0,0,1,8,0,5.497258177987798e-05,0,Low
3,0,1,2,20,3483,18,82527,667,2726,0.0810971034720381,0,0,1,9,0,5.497258177987798e-05,0,Low
3,1,1,1,21,2852,13,85028,632,2010,0.1434949621728769,0,0,1,4,0,5.497258177987798e-05,0,Low
2,1,0,0,19,1631,4,78718,746,1103,0.1472021386106887,0,0,1,3,0,5.497258177987798e-05,0,Low
2,1,0,0,16,2950,7,96390,533,2089,0.1729316142172935,0,0,1,9,0,5.497258177987798e-05,0,Low
2,1,0,1,17,2756,8,98201,588,1565,0.1904127061807501,0,0,1,0,0,5.497258177987798e-05,0,Low
0,0,0,1,19,2496,15,82421,627,1939,0.162559907368845,0,0,0,14,0,5.497258177987798e-05,0,Low
2,1,1,0,21,2124,13,97160,581,2235,0.1323061409840518,0,0,1,9,0,5.497258177987798e-05,0,Low
1,0,1,1,21,1517,13,77002,522,1385,0.1671924899172392,0,0,1,0,0,5.497258177987798e-05,0,Low
0,0,0,0,18,2554,23,78325,564,1338,0.1120142625803478,0,0,0,4,0,5.497258177987798e-05,0,Low
1,0,0,0,21,1506,11,93204,658,2046,0.133190035076559,0,0,1,4,0,5.497258177987798e-05,0,Low
3,1,0,1,19,1596,21,88443,690,2185,0.1354911085985334,0,0,0,8,0,5.497258177987798e-05,0,Low
3,2,0,0,20,2209,24,78191,584,2252,0.0948601313977464,0,0,1,10,0,5.497258177987798e-05,0,Low
3,2,1,2,17,1333,20,87667,520,1632,0.1605971702374002,0,0,1,2,0,5.497258177987798e-05,0,Low
0,0,0,1,18,3124,10,76098,655,1857,0.1231168330519889,0,0,1,0,0,5.497258177987798e-05,0,Low
0,1,1,1,16,1743,11,98284,721,2600,0.1439323723259765,0,0,1,2,0,5.497258177987798e-05,0,Low
3,1,0,0,21,2657,9,75862,525,2757,0.103161908290024,0,0,1,1,0,5.497258177987798e-05,0,Low
1,0,0,1,16,2742,2,75983,732,1770,0.1874418147410762,0,0,0,3,0,5.497258177987798e-05,0,Low
3,0,0,1,20,1225,1,74613,638,1754,0.2192143095240367,0,0,1,0,0,5.497258177987798e-05,0,Low
2,1,1,0,16,1590,7,98233,608,1149,0.0800268559464312,0,0,1,11,0,5.497258177987798e-05,0,Low
2,2,1,1,19,2051,8,83098,603,1973,0.1649311197835994,0,0,0,6,0,5.497258177987798e-05,0,Low
4,2,1,0,21,2550,17,77216,600,2738,0.13641481285661,0,0,1,9,0,5.497258177987798e-05,0,Low
3,0,0,0,21,2255,12,91398,596,2432,0.1772390583767413,0,0,1,0,0,5.497258177987798e-05,0,Low
4,0,0,1,16,3328,11,75325,526,1332,0.2126439522239748,0,0,0,13,0,5.497258177987798e-05,0,Low
1,1,0,0,21,2178,15,97191,688,1820,0.1444898120409764,0,0,1,14,0,5.497258177987798e-05,0,Low
1,1,0,1,22,1292,2,78719,716,1853,0.1234955065192057,0,0,1,13,0,5.497258177987798e-05,0,Low
2,3,0,0,16,3194,2,73291,544,3027,0.0908575449372031,0,0,1,4,0,5.390204262607445e-05,0,Low
2,0,0,1,3,1567,5,94448,625,5175,0.1199328314322632,0,0,1,0,0,5.248398712605205e-05,0,Low
2,2,0,0,7,989,11,80901,588,5106,0.1081030087023488,0,0,1,12,0,5.248398712605205e-05,0,Low
2,0,1,0,12,2979,6,85701,687,4614,0.146519680045686,0,0,1,5,0,5.248398712605205e-05,0,Low
3,2,0,0,13,1262,14,81913,638,3672,0.1641835770333463,0,0,1,0,0,5.248398712605205e-05,0,Low
0,0,1,0,14,2685,6,79245,522,3391,0.1980333944607485,0,0,1,7,0,5.248398712605205e-05,0,Low
3,2,0,1,7,3386,14,75703,517,5380,0.1753629065828089,0,0,1,3,0,5.248398712605205e-05,0,Low
2,1,1,1,3,2596,15,81428,723,4333,0.0894713449707008,0,0,1,4,0,5.248398712605205e-05,0,Low
4,1,0,0,1,3387,1,81380,558,3313,0.1934021979053303,0,0,1,6,0,5.248398712605205e-05,0,Low
2,0,1,1,9,2610,8,79286,560,3573,0.1227967830783756,0,0,1,3,0,5.248398712605205e-05,0,Low
2,1,0,0,12,1970,10,81953,681,4223,0.1101603448097595,0,1,1,8,0,5.248398712605205e-05,0,Low
2,1,0,0,5,2078,19,87768,503,5179,0.1640478411798689,0,0,1,3,0,5.248398712605205e-05,0,Low
1,1,0,1,1,3162,2,90892,573,3893,0.1785705738143765,0,0,1,2,0,5.248398712605205e-05,0,Low
0,0,0,1,1,2115,24,82762,587,5481,0.0982349524774455,0,0,1,2,0,5.248398712605205e-05,0,Low
0,1,0,0,11,1353,1,80693,599,4353,0.1002006624745356,0,0,0,10,0,5.248398712605205e-05,0,Low
2,2,0,1,11,899,15,79323,740,3351,0.1578869875804764,0,0,1,5,0,5.248398712605205e-05,0,Low
3,1,0,1,0,2766,8,77539,655,4769,0.1696198555258748,0,0,1,12,0,5.248398712605205e-05,0,Low
1,2,0,0,14,1091,7,77377,695,5656,0.0853610862996964,0,0,1,0,0,5.248398712605205e-05,0,Low
3,2,1,1,4,2144,0,86762,747,5616,0.1854737097594686,0,0,1,0,0,5.248398712605205e-05,0,Low
4,1,0,0,8,1274,2,89754,665,4679,0.0949844111804456,0,0,1,0,0,5.248398712605205e-05,0,Low
2,1,0,0,6,3320,10,98171,640,5214,0.0806997835162747,0,0,1,5,0,5.248398712605205e-05,0,Low
2,0,1,0,9,899,12,94073,743,5739,0.0908871727313743,0,0,1,9,0,5.248398712605205e-05,0,Low
1,1,0,1,5,1424,14,77387,609,3978,0.1497781397202714,0,0,0,0,0,5.248398712605205e-05,0,Low
2,0,0,0,7,2727,24,87970,534,3494,0.1310650924649822,0,0,1,5,0,5.248398712605205e-05,0,Low
2,0,1,1,6,2955,14,82573,551,3304,0.1088230373861323,0,0,1,7,0,5.248398712605205e-05,0,Low
1,1,0,0,13,2859,10,97200,705,3961,0.1538392877018853,0,0,1,13,0,5.248398712605205e-05,0,Low
1,2,0,0,3,1631,3,83656,706,5010,0.0964605290092042,0,1,1,8,0,5.248398712605205e-05,0,Low
2,1,0,1,4,1602,0,81126,609,5561,0.0946940958645293,0,0,1,8,0,5.248398712605205e-05,0,Low
1,1,1,0,8,829,1,86288,555,4702,0.1721634179388007,0,0,1,7,0,5.248398712605205e-05,0,Low
2,1,1,0,6,1423,15,99457,570,3303,0.1339220515925149,0,0,1,10,0,5.248398712605205e-05,0,Low
2,0,1,1,8,2219,9,96938,680,5432,0.0804734257687633,0,0,0,3,0,5.248398712605205e-05,0,Low
2,1,0,0,14,1222,7,96429,563,3922,0.1545604670203043,0,0,0,10,0,5.248398712605205e-05,0,Low
1,1,0,0,4,1526,11,88121,686,3365,0.0937234540505084,0,0,0,2,0,5.248398712605205e-05,0,Low
2,1,1,0,4,2568,11,97031,645,5099,0.1015125032160277,0,0,1,2,0,5.248398712605205e-05,0,Low
3,2,1,1,0,2246,3,79006,650,3300,0.1893075398708566,0,0,1,14,0,5.248398712605205e-05,0,Low
0,0,0,1,2,2715,13,91731,651,5313,0.1611720773543553,0,0,1,12,0,5.248398712605205e-05,0,Low
0,1,1,0,5,1879,0,82575,620,5969,0.1807924876781534,0,0,1,0,0,5.248398712605205e-05,0,Low
2,1,0,1,10,1188,8,96440,625,4985,0.1995441501326015,0,0,0,9,0,5.248398712605205e-05,0,Low
2,0,0,1,9,1856,2,81589,597,4673,0.1718089597134602,0,0,1,2,0,5.248398712605205e-05,0,Low
1,0,0,1,3,1741,8,99023,565,3655,0.168894881984923,0,0,1,10,0,5.248398712605205e-05,0,Low
1,1,0,0,9,2538,0,90266,575,3441,0.1342024769497977,0,0,1,9,0,5.248398712605205e-05,0,Low
1,0,0,1,1,3276,10,92612,730,5769,0.1758398293806605,0,0,1,12,0,5.248398712605205e-05,0,Low
0,2,0,1,5,2214,9,77944,503,4189,0.1037297989406185,0,0,0,4,0,5.248398712605205e-05,0,Low
1,0,1,1,0,3430,3,75122,582,5777,0.1971999275842118,0,0,1,7,0,5.248398712605205e-05,0,Low
3,2,1,0,8,2568,18,87097,667,5009,0.1118555802237495,0,0,1,7,0,5.248398712605205e-05,0,Low
3,1,1,0,1,3375,3,87193,622,3949,0.1796652144764538,0,0,1,2,0,5.248398712605205e-05,0,Low
2,1,0,1,2,867,3,94134,603,3220,0.1828304515323722,0,0,1,2,0,5.248398712605205e-05,0,Low
0,0,1,0,2,950,16,74282,600,5667,0.0850632210236105,0,0,1,12,0,5.248398712605205e-05,0,Low
1,2,0,1,9,1800,11,77197,585,4252,0.1162153591889668,0,0,1,13,0,5.248398712605205e-05,0,Low
3,0,0,1,8,2860,12,95235,716,3837,0.1100389150022287,0,0,1,2,0,5.248398712605205e-05,0,Low
2,2,0,0,7,2771,8,79737,559,4057,0.0840478566714134,0,0,1,13,0,5.248398712605205e-05,0,Low
2,1,0,1,14,1291,6,84268,536,3924,0.1796278991870356,0,0,0,1,0,5.248398712605205e-05,0,Low
1,0,1,0,2,2911,6,81973,682,3241,0.1304675657078385,0,0,0,10,0,5.248398712605205e-05,0,Low
4,1,1,0,12,3098,14,82725,576,3506,0.1367719461126303,0,0,0,12,0,5.248398712605205e-05,0,Low
1,2,0,0,4,1478,14,75788,678,3452,0.2175405035233901,0,0,1,5,0,5.248398712605205e-05,0,Low
2,2,1,0,6,2966,13,85628,509,4377,0.1863904081511468,0,0,1,14,0,5.248398712605205e-05,0,Low
3,1,1,0,1,3476,12,83258,572,5634,0.0951506556497154,0,0,1,7,0,5.248398712605205e-05,0,Low
3,0,0,0,0,2284,7,93773,691,5397,0.1444818500884425,0,1,0,14,0,5.248398712605205e-05,0,Low
2,0,0,0,4,3350,7,94148,676,3972,0.1651157778787308,0,1,1,1,0,5.248398712605205e-05,0,Low
2,2,1,0,12,3238,24,87931,594,4577,0.1017280422365336,0,0,1,0,0,5.248398712605205e-05,0,Low
2,2,1,0,5,926,10,88754,596,4858,0.1249960128198029,0,0,1,13,0,5.248398712605205e-05,0,Low
1,2,1,0,6,2016,8,90016,562,3382,0.1026726657750403,0,0,1,0,0,5.248398712605205e-05,0,Low
3,1,1,1,9,2727,15,93210,723,4504,0.1147925803697572,0,0,1,14,0,5.248398712605205e-05,0,Low
4,0,1,0,3,1974,12,86779,583,5190,0.1692920718506235,0,0,0,7,0,5.248398712605205e-05,0,Low
3,0,0,0,4,1090,18,83648,624,5079,0.2184584433304631,0,0,1,12,0,5.248398712605205e-05,0,Low
1,0,0,0,8,3037,2,87903,748,5441,0.1031789212597711,0,0,1,3,0,5.248398712605205e-05,0,Low
0,1,0,1,5,2523,7,90741,719,4877,0.1103448623550196,0,0,1,0,0,5.248398712605205e-05,0,Low
1,1,0,0,14,2724,12,90039,701,3759,0.0838386481562663,0,0,1,10,0,5.248398712605205e-05,0,Low
0,0,0,1,11,1187,7,96841,515,3229,0.0829393948624777,0,1,1,13,0,5.248398712605205e-05,0,Low
2,0,1,0,12,2365,8,98043,652,5004,0.1295929480474248,0,0,1,5,0,5.248398712605205e-05,0,Low
4,0,0,0,10,2913,17,76079,543,4343,0.0887581081834163,0,0,1,5,0,5.248398712605205e-05,0,Low
3,0,0,0,14,1652,2,90356,578,3603,0.1913040399545255,0,0,1,11,0,5.248398712605205e-05,0,Low
0,0,1,1,11,1154,18,83962,504,4649,0.1924990838738625,0,0,1,5,0,5.248398712605205e-05,0,Low
1,0,1,0,14,1587,20,88200,662,3680,0.1661189967633727,0,0,1,0,0,5.248398712605205e-05,0,Low
1,1,1,0,5,1627,7,88213,600,4688,0.1713770221228434,0,0,0,4,0,5.248398712605205e-05,0,Low
3,1,0,1,13,1443,7,98568,588,3486,0.1929431174583302,0,0,0,5,0,5.248398712605205e-05,0,Low
3,1,1,0,8,2645,3,91448,573,5579,0.131148385544311,0,0,0,9,0,5.248398712605205e-05,0,Low
3,2,1,1,10,1957,9,82864,671,4424,0.1657366066744439,0,0,1,12,0,5.248398712605205e-05,0,Low
1,1,0,0,7,3372,18,85662,677,4584,0.0879994303821406,0,0,1,11,0,5.248398712605205e-05,0,Low
1,0,0,1,10,1798,10,76011,705,5746,0.1385527896594194,0,0,1,7,0,5.248398712605205e-05,0,Low
1,2,1,0,0,2098,15,92482,539,4460,0.1699845325125446,0,0,1,3,0,5.248398712605205e-05,0,Low
2,2,0,1,12,1010,11,77908,502,5464,0.1593126884391685,0,1,1,14,0,5.248398712605205e-05,0,Low
1,0,0,1,4,908,8,99732,733,3153,0.1242336415600149,0,0,0,2,0,5.248398712605205e-05,0,Low
3,0,0,0,14,1447,5,95263,527,3375,0.1879297004188954,0,0,1,3,0,5.248398712605205e-05,0,Low
1,1,1,0,10,2087,1,81507,549,3839,0.146245052907345,0,0,0,8,0,5.248398712605205e-05,0,Low
1,2,0,1,6,3426,2,80576,537,5910,0.0994222387986362,0,0,1,8,0,5.248398712605205e-05,0,Low
0,0,0,0,6,3381,13,83749,547,4851,0.1199783830544197,0,0,1,8,0,5.248398712605205e-05,0,Low
3,1,0,0,9,1092,6,85656,611,4896,0.1204811525921941,0,0,1,7,0,5.248398712605205e-05,0,Low
2,2,0,0,1,3427,19,79490,738,4207,0.1486989480536325,0,0,1,9,0,5.248398712605205e-05,0,Low
2,2,0,0,14,2254,14,95813,743,3554,0.1999892066695851,0,0,0,9,0,5.248398712605205e-05,0,Low
1,1,1,0,10,2877,13,85355,586,4674,0.135692129935124,0,0,1,5,0,5.248398712605205e-05,0,Low
2,1,0,1,7,1611,4,81249,684,5971,0.0859473667995916,0,0,0,12,0,5.248398712605205e-05,0,Low
1,1,1,0,10,1069,11,75163,600,3220,0.1859001803386453,0,0,1,8,0,5.248398712605205e-05,0,Low
0,2,1,1,4,1830,11,90452,624,4317,0.0886481112846115,0,0,1,5,0,5.248398712605205e-05,0,Low
1,2,0,0,9,1495,14,75101,575,3160,0.115723106644624,0,0,1,2,0,5.248398712605205e-05,0,Low
3,0,1,0,10,1863,9,80110,657,4675,0.1871501966247308,0,0,1,11,0,5.248398712605205e-05,0,Low
2,0,1,0,9,1330,9,83909,675,4608,0.0839297383552748,0,0,1,6,0,5.248398712605205e-05,0,Low
2,0,1,1,14,1588,11,89337,565,3203,0.1319570847350713,0,0,1,13,0,5.248398712605205e-05,0,Low
2,1,0,0,2,2201,9,86578,747,5296,0.0854329238136633,0,0,1,13,0,5.248398712605205e-05,0,Low
3,0,0,0,12,2685,11,79383,527,3333,0.1554242577861216,0,0,1,6,0,5.248398712605205e-05,0,Low
2,1,0,0,5,1786,8,85498,509,3790,0.1778916825751663,0,0,1,5,0,5.248398712605205e-05,0,Low
2,1,1,1,8,2875,10,92364,699,4077,0.1769216396034582,0,0,0,7,0,5.248398712605205e-05,0,Low
2,0,1,0,10,1438,21,81354,708,4207,0.1396479092686243,0,0,1,3,0,5.248398712605205e-05,0,Low
3,1,1,1,9,1828,11,90513,593,3790,0.1605285331892589,0,1,1,10,0,5.248398712605205e-05,0,Low
3,1,0,1,7,889,1,77083,572,5795,0.1195394064527301,0,0,1,11,0,5.248398712605205e-05,0,Low
4,1,0,0,1,3410,6,74314,700,3113,0.1306668136373107,0,0,1,10,0,5.248398712605205e-05,0,Low
1,1,1,1,12,892,9,83281,583,4360,0.1983988030143115,0,0,1,13,0,5.248398712605205e-05,0,Low
1,0,1,1,13,1182,18,75095,616,4383,0.1723304932446002,0,0,0,14,0,5.248398712605205e-05,0,Low
2,0,0,1,14,1089,19,75865,615,5501,0.0995392468725308,0,0,1,12,0,5.248398712605205e-05,0,Low
1,1,0,0,14,3258,2,88568,625,4257,0.0876059032172349,0,0,0,6,0,5.248398712605205e-05,0,Low
2,1,0,1,4,1076,2,95327,500,4067,0.1896943856091801,0,0,1,2,0,5.248398712605205e-05,0,Low
2,1,1,1,4,1057,10,87501,671,5954,0.177641749169326,0,0,1,11,0,5.248398712605205e-05,0,Low
1,1,1,0,2,1934,8,86741,609,3669,0.1338617157730453,0,0,1,2,0,5.248398712605205e-05,0,Low
4,2,1,0,13,2243,11,74694,579,3648,0.0990559640574905,0,0,0,10,0,5.248398712605205e-05,0,Low
3,1,0,0,9,1582,13,97382,592,4570,0.098928894732547,0,0,1,2,0,5.248398712605205e-05,0,Low
1,2,0,0,13,847,11,88609,571,4968,0.1103898605660755,0,0,1,8,0,5.248398712605205e-05,0,Low
0,0,1,0,9,2313,11,75287,527,5801,0.1938113362101949,0,0,1,9,0,5.248398712605205e-05,0,Low
4,1,0,1,11,3484,3,88305,722,3905,0.0883074557423531,0,0,1,2,0,5.248398712605205e-05,0,Low
4,1,0,0,7,2624,3,78695,575,4427,0.1941931204435815,0,0,1,0,0,5.248398712605205e-05,0,Low
1,0,0,0,8,3483,13,92063,612,4017,0.1748467928801424,0,0,1,13,0,5.248398712605205e-05,0,Low
3,1,1,1,13,3145,1,83382,680,4278,0.0821925127738124,0,0,1,1,0,5.248398712605205e-05,0,Low
2,1,0,0,1,1808,6,79747,556,3929,0.1596644570025072,0,0,1,4,0,5.248398712605205e-05,0,Low
1,2,0,1,11,1272,1,75699,588,5732,0.1314983821429882,0,0,0,6,0,5.248398712605205e-05,0,Low
3,1,1,0,10,1266,13,98401,679,4826,0.1763514918376334,0,0,1,4,0,5.248398712605205e-05,0,Low
1,0,1,1,9,2523,9,88611,654,5847,0.1074623148618558,0,0,1,1,0,5.248398712605205e-05,0,Low
2,1,0,0,14,2745,0,90723,602,4359,0.1807809294091492,0,0,1,4,0,5.248398712605205e-05,0,Low
2,1,0,0,11,2855,11,76824,585,5061,0.1362013794188414,0,0,1,2,0,5.248398712605205e-05,0,Low
1,0,0,1,10,1395,1,88075,645,3195,0.085410101530089,0,0,0,11,0,5.248398712605205e-05,0,Low
0,0,0,0,7,1184,23,81149,674,5923,0.0989676923691111,0,0,1,5,0,5.248398712605205e-05,0,Low
1,0,0,1,6,1513,13,85563,693,4619,0.1297223031005692,0,0,0,1,0,5.248398712605205e-05,0,Low
2,0,0,1,9,2791,11,93838,605,5188,0.1902774480205565,0,0,1,14,0,5.248398712605205e-05,0,Low
2,0,1,1,11,2384,7,74401,502,3893,0.1807584627266171,0,0,1,4,0,5.248398712605205e-05,0,Low
0,1,0,0,4,2116,7,98477,547,3651,0.1758501484524549,0,0,1,2,0,5.248398712605205e-05,0,Low
4,1,1,1,14,1049,8,90926,573,5615,0.1915286128420138,0,0,1,1,0,5.248398712605205e-05,0,Low
3,1,0,0,6,3191,12,81447,644,5193,0.1979566946802854,0,0,1,4,0,5.248398712605205e-05,0,Low
3,0,1,1,1,2967,4,90558,549,3799,0.1682163613582041,0,0,1,9,0,5.248398712605205e-05,0,Low
4,1,1,1,5,1762,3,76074,682,4130,0.1558177884984652,0,0,1,14,0,5.248398712605205e-05,0,Low
0,2,0,0,4,2075,5,87101,729,5251,0.1638063403641383,0,0,1,1,0,5.248398712605205e-05,0,Low
1,2,0,1,6,868,7,91978,501,5494,0.1195158629269527,0,0,0,14,0,5.248398712605205e-05,0,Low
2,0,0,1,5,2934,15,94565,589,3444,0.1751945015529014,0,0,1,6,0,5.248398712605205e-05,0,Low
1,0,1,0,11,2434,17,85526,542,3180,0.1468001985140504,0,0,0,8,0,5.248398712605205e-05,0,Low
2,1,0,0,1,1983,11,76630,550,4295,0.1402150567734801,0,1,1,14,0,5.248398712605205e-05,0,Low
4,2,0,0,4,1593,12,83620,715,3228,0.0995079773387421,0,0,1,6,0,5.248398712605205e-05,0,Low
3,0,0,0,10,1491,9,94539,633,4336,0.1303113541706052,0,0,1,0,0,5.248398712605205e-05,0,Low
1,1,1,1,12,3072,23,79878,605,5026,0.1518238334827238,0,0,1,10,0,5.248398712605205e-05,0,Low
1,0,0,1,12,2997,22,84257,532,4463,0.1275919821660051,0,0,1,5,0,5.248398712605205e-05,0,Low
1,1,0,0,11,2315,3,74616,637,5720,0.1332406903253735,0,0,1,3,0,5.248398712605205e-05,0,Low
1,1,1,1,5,2791,13,90540,675,4372,0.1048658777485702,0,0,1,10,0,5.248398712605205e-05,0,Low
1,0,0,1,10,2289,0,96931,591,4460,0.1226192648213158,0,0,0,9,0,5.248398712605205e-05,0,Low
1,1,1,0,3,1967,15,90380,735,5639,0.1696963239251837,0,0,1,8,0,5.248398712605205e-05,0,Low
3,1,0,0,13,1442,4,83886,748,3311,0.1499409029798907,0,0,1,10,0,5.248398712605205e-05,0,Low
0,0,0,1,5,2655,7,81342,747,4512,0.2072611916713184,0,0,1,8,0,5.248398712605205e-05,0,Low
2,1,0,1,1,1880,14,75481,562,3115,0.1220628769502848,0,0,1,1,0,5.248398712605205e-05,0,Low
2,1,0,0,3,919,9,81930,531,4007,0.1972099126646726,0,0,1,6,0,5.248398712605205e-05,0,Low
3,0,0,0,11,2492,2,81098,556,5861,0.1576181669129814,0,0,1,10,0,5.248398712605205e-05,0,Low
0,1,1,0,6,1682,13,85107,712,3560,0.1465106235374899,0,0,1,6,0,5.248398712605205e-05,0,Low
2,0,1,0,3,3268,18,81700,512,5244,0.1364019006974415,0,0,1,4,0,5.248398712605205e-05,0,Low
2,0,0,0,1,1024,19,74605,669,3215,0.1086463184334219,0,0,1,4,0,5.248398712605205e-05,0,Low
0,0,0,0,9,932,6,93252,515,3661,0.1759887997437791,0,0,1,9,0,5.248398712605205e-05,0,Low
1,0,0,0,12,1538,6,76177,684,4214,0.2183112633268141,0,1,0,8,0,5.248398712605205e-05,0,Low
2,1,0,0,1,1705,7,90698,576,3741,0.1724690557957894,0,0,1,10,0,5.248398712605205e-05,0,Low
3,1,0,0,2,1587,2,93823,539,5768,0.1995093450520146,0,0,1,10,0,5.248398712605205e-05,0,Low
3,1,1,1,14,2138,13,80651,514,3449,0.1725712011995501,0,0,0,11,0,5.248398712605205e-05,0,Low
0,2,0,1,12,2278,20,78702,735,5169,0.1192419347094595,0,0,1,6,0,5.248398712605205e-05,0,Low
4,0,0,0,9,2522,19,77999,565,3673,0.0917245313289384,0,0,1,2,0,5.248398712605205e-05,0,Low
2,0,1,1,9,3271,7,82929,592,4476,0.1651796518369971,0,0,1,5,0,5.248398712605205e-05,0,Low
1,1,0,1,12,2569,16,88098,676,3250,0.1568093980379638,0,0,1,6,0,5.248398712605205e-05,0,Low
1,1,0,0,4,2650,11,76167,655,4513,0.1940464321130624,0,1,1,4,0,5.248398712605205e-05,0,Low
4,0,0,0,1,1528,12,92143,705,5840,0.0919572065274145,0,0,1,3,0,5.248398712605205e-05,0,Low
2,1,1,1,0,3025,6,98597,602,3291,0.1626593242751611,0,0,1,14,0,5.248398712605205e-05,0,Low
1,0,0,0,0,2452,19,74327,671,4366,0.1657880954997202,0,0,0,8,0,5.248398712605205e-05,0,Low
2,1,0,1,9,1409,12,91876,603,4550,0.0809866657501414,0,0,1,6,0,5.248398712605205e-05,0,Low
0,0,0,1,9,3391,4,93195,719,3313,0.0920048307987103,0,0,1,0,0,5.248398712605205e-05,0,Low
3,1,0,1,10,1101,6,78389,727,3875,0.1814415449222246,0,0,0,8,0,5.248398712605205e-05,0,Low
3,0,0,1,6,1855,0,95889,626,5146,0.1798516347213408,0,0,0,4,0,5.248398712605205e-05,0,Low
3,1,0,0,0,1985,4,77200,573,4337,0.2194674183524999,0,0,1,1,0,5.248398712605205e-05,0,Low
0,0,0,0,2,2403,6,75884,639,4706,0.2068248562664689,0,0,0,0,0,5.248398712605205e-05,0,Low
2,0,1,1,12,2783,4,86773,709,5450,0.1329702371749449,0,1,0,14,0,5.248398712605205e-05,0,Low
0,0,0,0,4,926,17,86001,513,5538,0.0901157703278892,0,0,0,5,0,5.248398712605205e-05,0,Low
2,0,0,0,13,2707,8,80243,568,5976,0.0843955114502784,0,0,1,10,0,5.248398712605205e-05,0,Low
1,1,0,1,11,1214,11,94625,628,4541,0.0948924215409525,0,0,1,5,0,5.248398712605205e-05,0,Low
3,0,0,1,6,2582,17,79415,691,3184,0.0902235399448757,0,0,1,8,0,5.248398712605205e-05,0,Low
1,1,0,1,9,3155,8,77625,661,3235,0.1415937832343934,0,0,1,2,0,5.248398712605205e-05,0,Low
1,2,0,1,1,1212,1,86590,733,3533,0.1742894452227357,0,0,1,2,0,5.248398712605205e-05,0,Low
3,0,0,1,4,2591,18,76739,585,5570,0.171307009493579,0,0,1,8,0,5.248398712605205e-05,0,Low
0,1,0,1,10,1398,2,83253,600,4520,0.0986658387085307,0,0,1,10,0,5.248398712605205e-05,0,Low
1,0,1,1,8,1106,15,80519,612,4499,0.1363034189105445,0,0,1,6,0,5.248398712605205e-05,0,Low
0,1,1,1,7,1481,0,91765,746,4215,0.117792517255916,0,0,0,7,0,5.248398712605205e-05,0,Low
1,0,0,1,1,1563,14,95887,519,4555,0.1360656445170198,0,0,1,4,0,5.248398712605205e-05,0,Low
3,1,0,1,12,1440,13,96983,723,3246,0.0925018714973152,0,0,1,1,0,5.248398712605205e-05,0,Low
3,1,0,1,3,2403,8,80949,623,4561,0.1521216171442492,0,0,1,4,0,5.248398712605205e-05,0,Low
1,0,0,1,3,3435,3,85757,701,3375,0.1543421357903464,0,0,1,0,0,5.248398712605205e-05,0,Low
4,1,1,1,13,2878,8,85872,601,5790,0.0856513969668472,0,0,0,11,0,5.248398712605205e-05,0,Low
0,1,0,1,7,2002,0,96527,748,4914,0.0870337094550867,0,0,1,13,0,5.248398712605205e-05,0,Low
1,0,0,1,2,2104,17,80269,588,3250,0.1977043872438267,0,1,0,12,0,5.248398712605205e-05,0,Low
1,0,0,0,2,2344,8,81871,746,5242,0.0844501250543446,0,0,1,11,0,5.248398712605205e-05,0,Low
1,0,0,0,14,3310,1,82063,584,5282,0.15213117073025,0,0,1,7,0,5.248398712605205e-05,0,Low
1,0,1,1,6,1865,19,87582,511,4197,0.1148518234219617,0,0,1,2,0,5.248398712605205e-05,0,Low
1,1,0,0,2,3360,6,87473,701,3705,0.1570085760641065,0,0,1,2,0,5.248398712605205e-05,0,Low
4,0,0,0,6,802,20,86636,571,5032,0.1082907727416416,0,0,1,7,0,5.248398712605205e-05,0,Low
2,2,0,0,4,2182,13,81436,604,5037,0.1825231069060557,0,0,1,1,0,5.248398712605205e-05,0,Low
0,1,1,0,2,940,3,89469,695,4615,0.1020880606406723,0,0,1,3,0,5.248398712605205e-05,0,Low
1,1,0,0,10,2490,6,94379,590,5590,0.106981840886469,0,0,0,8,0,5.248398712605205e-05,0,Low
1,1,0,0,4,1264,10,98125,639,5238,0.1709018353313903,0,0,1,0,0,5.248398712605205e-05,0,Low
1,1,0,1,7,1410,5,84846,543,4568,0.0887172957741573,0,0,0,4,0,5.248398712605205e-05,0,Low
1,0,1,1,0,2695,13,93879,534,3349,0.120070579052006,0,0,0,12,0,5.248398712605205e-05,0,Low
0,0,0,1,9,1326,3,90256,696,3511,0.0802240504807535,0,0,0,3,0,5.248398712605205e-05,0,Low
2,1,0,1,12,1239,20,80846,523,4822,0.0848606647549127,0,0,1,4,0,5.248398712605205e-05,0,Low
1,1,1,0,14,2874,7,99436,539,4247,0.0857168428944202,0,0,1,3,0,5.248398712605205e-05,0,Low
3,0,0,0,5,2710,14,76659,532,5277,0.1150976490220991,0,0,1,4,0,5.248398712605205e-05,0,Low
2,1,0,0,7,946,2,88646,542,5179,0.1361549893420479,0,0,1,12,0,5.248398712605205e-05,0,Low
4,1,1,0,9,2532,4,99112,668,5067,0.0844999538951865,0,0,1,7,0,5.248398712605205e-05,0,Low
3,0,1,1,3,2289,9,85121,722,5939,0.1791761569290109,0,0,1,3,0,5.248398712605205e-05,0,Low
1,1,1,0,5,2261,8,84045,747,3689,0.151928523848093,0,0,1,4,0,5.248398712605205e-05,0,Low
1,0,0,1,8,1615,11,95209,725,3912,0.0880455043552597,0,0,1,9,0,5.248398712605205e-05,0,Low
0,1,0,0,9,2459,2,98500,675,4074,0.1655527737012278,0,0,0,4,0,5.248398712605205e-05,0,Low
2,0,1,1,4,2742,1,91874,707,5760,0.1671210606793702,0,1,0,4,0,5.248398712605205e-05,0,Low
2,0,1,1,1,3129,6,90337,622,5522,0.1337226071786656,0,0,1,12,0,5.248398712605205e-05,0,Low
1,0,0,1,9,2691,2,86407,558,3916,0.1138662175496266,0,0,1,4,0,5.248398712605205e-05,0,Low
1,2,0,1,2,2249,11,93365,652,5347,0.1245773331113511,0,0,1,10,0,5.248398712605205e-05,0,Low
3,2,0,0,5,1567,18,80007,541,5433,0.1936927166787709,0,0,1,5,0,5.248398712605205e-05,0,Low
2,1,0,0,4,1225,10,76324,572,4948,0.1282834528098074,0,0,1,0,0,5.248398712605205e-05,0,Low
3,0,1,0,12,1650,11,80632,543,5007,0.115766514957195,0,0,1,7,0,5.248398712605205e-05,0,Low
0,1,0,0,0,1897,14,89591,637,3800,0.0801586219947625,0,0,1,1,0,5.248398712605205e-05,0,Low
2,2,0,1,5,3045,12,99061,586,5319,0.1254686387495071,0,0,1,2,0,5.248398712605205e-05,0,Low
4,1,0,1,12,2326,4,76249,608,3423,0.204200375907613,0,0,1,12,0,5.248398712605205e-05,0,Low
2,1,0,1,0,2314,15,80694,587,3850,0.0915602344971843,0,0,1,2,0,5.248398712605205e-05,0,Low
1,1,1,0,1,3457,4,82040,708,4160,0.1788574276003345,0,1,1,4,0,5.248398712605205e-05,0,Low
1,1,1,1,3,1812,16,85528,653,3715,0.1988765396025928,0,0,1,14,0,5.248398712605205e-05,0,Low
3,1,0,0,12,2603,3,92021,539,3404,0.1059006303967396,0,0,1,1,0,5.248398712605205e-05,0,Low
2,1,0,1,10,2014,15,96227,645,4579,0.1037979862001248,0,0,1,7,0,5.248398712605205e-05,0,Low
2,1,1,1,13,3140,23,79736,645,3240,0.0984950963821991,0,0,1,9,0,5.248398712605205e-05,0,Low
3,0,0,0,4,1326,8,92062,582,4407,0.0863856074489927,0,0,1,6,0,5.248398712605205e-05,0,Low
2,0,0,0,5,1656,13,89322,558,4170,0.0889397365949582,0,0,1,3,0,5.248398712605205e-05,0,Low
3,2,0,1,1,1751,15,80220,674,5264,0.1875481989282678,0,0,1,8,0,5.248398712605205e-05,0,Low
2,1,1,1,9,1125,19,78494,548,4883,0.0903919868519653,0,0,1,9,0,5.248398712605205e-05,0,Low
1,0,0,1,4,3178,8,79955,602,3133,0.1655075919605209,0,0,1,13,0,5.248398712605205e-05,0,Low
2,3,0,0,33,3416,0,71109,744,5302,0.1275506440255255,0,0,0,7,0,5.141344797224853e-05,0,Low
1,3,0,0,38,3251,7,40382,701,5302,0.0974683087975531,0,0,0,13,0,5.141344797224853e-05,0,Low
3,3,0,1,32,2294,14,54730,514,3128,0.0924725267084298,0,0,1,0,0,5.141344797224853e-05,0,Low
1,3,0,1,28,2682,13,58873,651,4087,0.110573199029297,0,1,1,11,0,5.141344797224853e-05,0,Low
3,3,0,1,38,1386,10,50885,577,3433,0.1337576508411404,0,0,1,2,0,5.141344797224853e-05,0,Low
2,3,0,0,26,2074,5,40457,673,3470,0.1222171804807401,0,0,1,7,0,5.141344797224853e-05,0,Low
1,3,1,1,35,1056,8,38073,502,5003,0.0867678985275724,0,0,1,9,0,5.141344797224853e-05,0,Low
4,3,0,1,35,1291,1,54015,530,5252,0.080815471371409,0,0,1,2,0,5.141344797224853e-05,0,Low
1,3,1,1,35,2731,17,66125,652,3339,0.085718023914865,0,0,0,9,0,5.141344797224853e-05,0,Low
2,3,0,0,25,2413,0,62137,658,4119,0.2101589321525395,0,0,0,3,0,5.141344797224853e-05,0,Low
1,3,1,1,27,1199,21,43080,637,3806,0.100870408182947,0,0,1,6,0,5.141344797224853e-05,0,Low
2,3,1,1,34,2229,14,51624,652,3707,0.0821036323297554,0,0,1,1,0,5.141344797224853e-05,0,Low
1,3,0,1,25,1277,15,56502,611,3529,0.1866216450670238,0,0,0,1,0,5.141344797224853e-05,0,Low
2,3,1,1,24,1603,3,32676,691,3477,0.1256004921373897,0,0,1,5,0,5.141344797224853e-05,0,Low
0,3,0,0,37,3314,24,45648,556,4141,0.119858029636091,0,0,1,4,0,5.141344797224853e-05,0,Low
3,3,0,0,32,1428,22,50079,621,3792,0.1159161920603718,0,0,1,2,0,5.141344797224853e-05,0,Low
1,3,1,0,29,2467,10,68293,582,4850,0.1812070513107154,0,0,1,0,0,5.141344797224853e-05,0,Low
2,3,1,1,30,1022,5,45075,582,5635,0.1356494610482409,0,0,1,10,0,5.141344797224853e-05,0,Low
2,3,0,1,38,2131,0,72038,516,4822,0.1705952554357803,0,0,1,10,0,5.141344797224853e-05,0,Low
0,3,0,1,25,3382,9,61220,671,5276,0.1837136471170705,0,0,1,13,0,5.141344797224853e-05,0,Low
2,3,0,0,28,1885,10,49803,510,3308,0.1211434454328647,0,0,1,9,0,5.141344797224853e-05,0,Low
2,3,0,1,28,3055,7,38317,734,3767,0.1910249988849257,0,0,1,6,0,5.141344797224853e-05,0,Low
3,3,1,0,28,858,2,46692,643,4250,0.1036230417755831,0,0,0,8,0,5.141344797224853e-05,0,Low
0,1,0,1,19,910,20,94144,608,2671,0.0885483850381062,1,0,1,5,0,5.089418092256058e-05,0,Low
2,0,1,0,7,2139,16,95925,619,5814,0.1075486566826869,1,0,1,6,0,4.8405586268734644e-05,0,Low
1,1,0,0,13,876,22,98188,610,5687,0.098527461721014,1,0,0,3,0,4.8405586268734644e-05,0,Low
5,0,0,0,13,1149,21,97051,640,3685,0.1193972533922895,0,1,1,7,0,4.8405586268734644e-05,0,Low
4,2,0,0,12,3131,18,94258,526,4639,0.1227079711836805,1,0,1,9,0,4.8405586268734644e-05,0,Low
4,1,1,1,12,1643,24,93021,542,4046,0.109151307764626,1,0,1,6,0,4.8405586268734644e-05,0,Low
1,0,0,1,36,2606,22,85250,558,2592,0.1609141578180667,0,0,0,12,0,4.607578462685307e-05,0,Low
2,1,0,1,9,2894,14,84566,621,2837,0.1516685571920931,0,0,1,8,0,4.607578462685307e-05,0,Low
2,1,0,1,9,3173,2,85879,510,2042,0.1222667167636701,0,0,0,0,0,4.607578462685307e-05,0,Low
0,1,0,2,36,2553,10,94462,650,2758,0.1802945892725315,0,0,0,14,0,4.607578462685307e-05,0,Low
3,1,0,0,35,3274,3,99625,580,1465,0.0966601861349705,0,0,1,10,0,4.607578462685307e-05,0,Low
3,2,0,0,33,3105,15,90945,634,2368,0.1531662138960089,0,0,1,10,0,4.607578462685307e-05,0,Low
3,0,0,2,27,2598,15,91454,516,2714,0.1777523488682846,0,0,0,5,0,4.607578462685307e-05,0,Low
4,0,0,1,12,3213,0,91635,556,1235,0.192784881213904,0,0,1,9,0,4.607578462685307e-05,0,Low
3,2,1,0,2,1289,2,74561,513,1590,0.1418831127221235,0,0,0,12,0,4.607578462685307e-05,0,Low
3,0,0,1,11,2713,6,77031,643,2342,0.1486887842531406,0,0,1,7,0,4.607578462685307e-05,0,Low
0,0,0,2,26,2384,2,83520,652,2405,0.1190463947023428,0,0,1,0,0,4.607578462685307e-05,0,Low
2,0,0,1,30,2416,1,97445,710,2250,0.1708815910730957,0,0,0,14,0,4.607578462685307e-05,0,Low
3,0,0,0,14,1411,17,75845,721,2596,0.1468432913641023,0,0,1,6,0,4.607578462685307e-05,0,Low
0,0,0,3,1,2250,7,86485,709,5535,0.1511695746449919,0,0,1,4,0,4.607578462685307e-05,0,Low
0,0,0,2,2,2511,17,78732,600,1644,0.18751858240336,0,0,0,12,0,4.607578462685307e-05,0,Low
2,0,0,0,9,2011,2,89257,524,1631,0.1370168334124608,0,0,1,2,0,4.607578462685307e-05,0,Low
4,0,1,0,23,2694,23,76096,600,2093,0.0801341983687185,0,0,1,13,0,4.607578462685307e-05,0,Low
2,0,0,1,5,3119,12,86343,682,2453,0.1930705957158254,0,0,1,0,0,4.607578462685307e-05,0,Low
3,1,1,1,32,1954,15,79934,599,1793,0.129253737098916,0,1,1,2,0,4.607578462685307e-05,0,Low
0,2,0,3,19,3247,23,81871,670,1583,0.1009221596234047,0,0,0,12,0,4.607578462685307e-05,0,Low
1,0,1,3,0,1943,8,94605,640,5701,0.1046604923054588,0,0,1,3,0,4.607578462685307e-05,0,Low
1,0,1,1,24,1938,6,81252,701,2504,0.1226036158612592,0,0,1,0,0,4.607578462685307e-05,0,Low
3,0,0,0,37,1802,22,81073,621,2935,0.1040502627977718,0,0,1,3,0,4.607578462685307e-05,0,Low
2,1,0,0,25,1543,7,81642,570,1312,0.0981502216084413,0,0,1,11,0,4.607578462685307e-05,0,Low
0,0,0,2,6,3390,18,75766,614,1902,0.1126949974810562,0,0,0,1,0,4.607578462685307e-05,0,Low
2,2,0,3,12,1947,3,89765,731,4091,0.1036681642553953,0,0,1,0,0,4.607578462685307e-05,0,Low
1,1,0,0,11,2521,10,77961,725,2372,0.1294986481647419,0,0,1,9,0,4.607578462685307e-05,0,Low
1,1,0,0,9,1338,2,87745,506,1198,0.0996593688599568,0,0,1,6,0,4.607578462685307e-05,0,Low
0,0,0,0,9,2269,10,87922,661,1280,0.0954584131092815,0,0,1,14,0,4.607578462685307e-05,0,Low
1,1,0,2,30,2928,5,81627,608,2425,0.1208444769575832,0,0,1,7,0,4.607578462685307e-05,0,Low
3,0,1,1,6,3036,13,95910,630,1825,0.1678892481857175,0,0,1,4,0,4.607578462685307e-05,0,Low
3,1,0,2,29,1030,2,80701,643,3001,0.1446563410733415,0,0,1,14,0,4.607578462685307e-05,0,Low
3,0,1,0,5,1070,4,98557,700,1345,0.0803005229445053,0,0,1,2,0,4.607578462685307e-05,0,Low
2,1,0,1,6,1126,20,82031,619,1005,0.1320475094937968,0,0,1,6,0,4.607578462685307e-05,0,Low
0,1,0,3,29,2099,13,92571,578,2653,0.090929821408535,0,0,1,2,0,4.607578462685307e-05,0,Low
1,0,1,1,23,1044,11,86418,558,2096,0.1603272930215263,0,0,0,2,0,4.607578462685307e-05,0,Low
4,1,0,0,30,2032,10,79942,546,1811,0.1822417534915169,0,0,0,8,0,4.607578462685307e-05,0,Low
4,1,0,3,8,2464,14,84379,535,3441,0.1013290377738828,0,0,1,6,0,4.607578462685307e-05,0,Low
1,0,0,1,28,2169,21,75846,732,1510,0.1550286730897326,0,0,0,7,0,4.607578462685307e-05,0,Low
4,1,0,1,27,1595,1,83653,616,2309,0.1588397216532683,0,0,1,3,0,4.607578462685307e-05,0,Low
1,0,1,0,6,1503,19,76450,646,2434,0.1422534296002238,0,0,1,6,0,4.607578462685307e-05,0,Low
0,0,0,0,27,1476,15,74321,621,2857,0.1760564229126932,0,0,1,0,0,4.607578462685307e-05,0,Low
1,0,1,2,15,851,16,80623,547,1329,0.1080854079937921,0,0,1,9,0,4.607578462685307e-05,0,Low
3,2,1,0,4,2285,4,98540,568,1541,0.0821039256028003,0,0,1,5,0,4.607578462685307e-05,0,Low
0,0,0,3,30,2388,21,90147,581,1257,0.114006754161062,0,0,1,3,0,4.607578462685307e-05,0,Low
2,2,1,3,11,1238,13,74522,592,1301,0.1878328227751984,0,0,1,4,0,4.607578462685307e-05,0,Low
1,1,0,0,25,3074,17,76132,675,2049,0.2085521529833016,0,0,1,9,0,4.607578462685307e-05,0,Low
1,1,0,0,35,1235,10,75670,545,2112,0.2048057370009079,0,0,0,10,0,4.607578462685307e-05,0,Low
2,0,0,1,25,2753,4,85306,737,1758,0.0975756046658513,0,0,0,8,0,4.607578462685307e-05,0,Low
4,0,0,1,0,1023,5,75503,575,1819,0.1938524386814018,0,0,1,3,0,4.607578462685307e-05,0,Low
1,1,0,0,38,2376,12,91907,622,2191,0.1699662133234179,0,0,1,8,0,4.607578462685307e-05,0,Low
3,0,0,0,0,3333,19,82890,577,2623,0.126641248636046,0,0,1,1,0,4.607578462685307e-05,0,Low
1,0,1,0,25,2626,16,78074,742,1417,0.1026413140450694,0,0,1,2,0,4.607578462685307e-05,0,Low
1,1,0,1,32,1219,1,83305,728,1023,0.1488595709640769,0,1,0,7,0,4.607578462685307e-05,0,Low
2,1,0,3,11,1258,6,96551,641,1547,0.0995694049291888,0,0,1,5,0,4.607578462685307e-05,0,Low
2,1,1,2,14,3026,4,87372,579,1527,0.1252692551069247,0,0,1,14,0,4.607578462685307e-05,0,Low
1,0,0,0,26,1895,21,74879,518,2683,0.0893462762888733,0,0,0,14,0,4.607578462685307e-05,0,Low
1,1,1,1,10,3083,4,88667,632,2223,0.1517922912514252,0,0,1,14,0,4.607578462685307e-05,0,Low
3,0,0,0,24,1016,16,82235,698,1386,0.1144479564517213,0,0,1,3,0,4.607578462685307e-05,0,Low
0,1,0,0,0,2726,11,78808,625,2196,0.0940826193260327,0,0,1,9,0,4.607578462685307e-05,0,Low
1,0,0,0,27,3411,5,78429,697,2806,0.1025629199820279,0,0,1,2,0,4.607578462685307e-05,0,Low
2,1,1,0,7,1880,10,81706,645,1719,0.0804136807465882,0,0,1,0,0,4.607578462685307e-05,0,Low
0,2,0,1,23,3416,6,90896,639,2744,0.1262188773152508,0,0,1,8,0,4.607578462685307e-05,0,Low
1,1,1,1,35,1864,5,86151,515,2579,0.1139650799308362,0,0,1,11,0,4.607578462685307e-05,0,Low
1,1,0,2,30,3331,1,76061,522,2605,0.1286607620549572,0,0,1,1,0,4.607578462685307e-05,0,Low
2,0,1,0,23,841,2,85550,698,1484,0.1595532946711683,0,0,1,5,0,4.607578462685307e-05,0,Low
2,1,1,0,32,2380,24,84832,693,2106,0.1355250542373479,0,0,1,6,0,4.607578462685307e-05,0,Low
3,1,0,1,23,1628,11,87644,651,2598,0.1585336368806387,0,0,1,7,0,4.607578462685307e-05,0,Low
3,1,0,3,29,1861,11,88662,588,1829,0.1444072910780289,0,0,1,6,0,4.607578462685307e-05,0,Low
0,1,1,2,8,2301,19,76081,526,3012,0.1642615126757776,0,0,1,8,0,4.607578462685307e-05,0,Low
0,1,0,3,9,1339,20,84794,715,2035,0.1162710247446193,0,0,1,9,0,4.607578462685307e-05,0,Low
2,0,0,1,29,2164,1,96176,670,1508,0.0992935141683785,0,0,0,11,0,4.607578462685307e-05,0,Low
4,0,0,1,1,3411,20,80899,521,2902,0.1247162358987869,0,0,1,13,0,4.607578462685307e-05,0,Low
1,1,1,0,35,957,12,76432,576,2257,0.1421294643931355,0,0,1,14,0,4.607578462685307e-05,0,Low
3,1,0,3,8,3320,21,81173,578,4893,0.0884931889029657,0,0,1,10,0,4.607578462685307e-05,0,Low
1,0,0,1,0,2316,18,83034,694,1412,0.2170863750446254,0,0,1,3,0,4.607578462685307e-05,0,Low
0,0,0,0,29,966,18,75486,537,1400,0.1209867063670013,0,0,1,3,0,4.607578462685307e-05,0,Low
1,2,0,0,12,3319,9,78510,512,1403,0.1789460961276204,0,0,1,12,0,4.607578462685307e-05,0,Low
2,2,1,1,27,2599,15,75013,586,1266,0.1519266260725214,0,0,0,7,0,4.607578462685307e-05,0,Low
0,0,0,0,27,3162,10,80594,548,1228,0.1310742245115426,0,0,0,0,0,4.607578462685307e-05,0,Low
1,2,0,0,9,943,5,98674,519,1068,0.130747839168587,0,0,1,2,0,4.607578462685307e-05,0,Low
2,1,0,3,31,856,8,93173,507,2000,0.162172077830722,0,0,1,2,0,4.607578462685307e-05,0,Low
2,0,0,1,31,2013,8,77785,598,1770,0.1237297103531516,0,0,1,8,0,4.607578462685307e-05,0,Low
1,2,1,0,26,2950,2,90174,694,1877,0.183675759997354,0,0,1,13,0,4.607578462685307e-05,0,Low
3,0,0,1,34,2673,24,87357,585,1614,0.1070693180017751,0,0,1,10,0,4.607578462685307e-05,0,Low
3,0,0,0,39,2634,9,86557,560,2714,0.1382602169507137,0,0,1,7,0,4.607578462685307e-05,0,Low
1,0,0,1,28,2272,13,94189,516,2960,0.108897925967416,0,0,0,1,0,4.607578462685307e-05,0,Low
2,0,0,0,3,1241,13,79793,512,1788,0.1468939488549051,0,0,1,5,0,4.607578462685307e-05,0,Low
1,1,0,1,15,3221,18,79671,601,2041,0.1858320121805123,0,0,1,8,0,4.607578462685307e-05,0,Low
4,0,1,0,14,2043,4,92002,721,1461,0.089524874669297,0,0,0,7,0,4.607578462685307e-05,0,Low
3,2,0,1,10,2850,1,90791,686,2768,0.1296590280407617,0,0,1,13,0,4.607578462685307e-05,0,Low
3,1,0,1,25,2557,21,79010,602,1990,0.0944435291043516,0,0,1,0,0,4.607578462685307e-05,0,Low
3,0,0,1,4,2423,7,96042,696,2567,0.1208436691142629,0,0,1,5,0,4.607578462685307e-05,0,Low
4,2,1,0,3,1992,22,77098,632,2088,0.1038029108507266,0,0,1,5,0,4.607578462685307e-05,0,Low
1,1,0,3,3,2663,23,95686,533,4893,0.1348099487305246,0,0,1,0,0,4.607578462685307e-05,0,Low
1,0,1,1,32,1722,10,76652,563,2771,0.199087500466957,0,0,1,9,0,4.607578462685307e-05,0,Low
1,0,0,1,14,2521,6,97817,682,2272,0.1181438801072339,0,0,1,13,0,4.607578462685307e-05,0,Low
3,0,0,1,26,1242,21,88357,694,1572,0.162363846563511,0,0,1,9,0,4.607578462685307e-05,0,Low
0,1,1,1,9,805,11,96257,535,1930,0.1253610604919855,0,0,1,12,0,4.607578462685307e-05,0,Low
3,1,0,1,35,1213,5,89129,695,2432,0.1832764763128895,0,0,1,1,0,4.607578462685307e-05,0,Low
4,1,1,1,10,1757,19,81207,637,1095,0.1349051845418187,0,0,1,10,0,4.607578462685307e-05,0,Low
1,1,0,0,33,2195,5,80783,523,1732,0.116357675863821,0,0,0,3,0,4.607578462685307e-05,0,Low
3,0,0,2,10,1466,6,81339,727,2998,0.1852242233643113,0,0,1,12,0,4.607578462685307e-05,0,Low
3,1,0,1,14,1388,7,95514,515,2110,0.0978750066653414,0,0,1,1,0,4.607578462685307e-05,0,Low
4,1,1,1,31,1420,2,83228,529,1197,0.2168357500864858,0,0,1,12,0,4.607578462685307e-05,0,Low
0,1,1,1,4,3245,23,75246,527,1276,0.1323990120159595,0,0,1,2,0,4.607578462685307e-05,0,Low
1,0,0,1,10,3156,9,82104,648,2828,0.0858461733463084,0,0,1,1,0,4.607578462685307e-05,0,Low
2,0,0,0,6,2212,7,95033,718,2361,0.1961619365297271,0,1,0,3,0,4.607578462685307e-05,0,Low
1,2,0,1,1,873,14,96129,730,2498,0.1206290044358594,0,0,0,13,0,4.607578462685307e-05,0,Low
4,1,0,0,4,941,3,74549,538,2330,0.0996376026454161,0,0,1,0,0,4.607578462685307e-05,0,Low
2,0,3,1,0,2090,13,83432,538,1028,0.193128662381713,0,0,0,3,0,4.607578462685307e-05,0,Low
4,1,0,1,5,856,9,90397,588,2924,0.1705732233363923,0,0,1,1,0,4.607578462685307e-05,0,Low
2,1,0,1,28,3134,7,75893,542,2623,0.1270332449699349,0,0,1,9,0,4.607578462685307e-05,0,Low
3,1,1,1,28,1047,13,87142,727,2501,0.1671145199482239,0,0,1,11,0,4.607578462685307e-05,0,Low
3,1,0,1,34,1063,5,84762,649,2133,0.182564500124562,0,0,1,1,0,4.607578462685307e-05,0,Low
0,1,0,1,34,2405,22,77753,704,2832,0.1430873977688562,0,0,1,9,0,4.607578462685307e-05,0,Low
0,2,1,2,31,3027,11,90889,566,1549,0.1635000964850632,0,0,1,3,0,4.607578462685307e-05,0,Low
3,1,0,0,26,2403,12,82156,534,1382,0.203568628425253,0,0,1,8,0,4.607578462685307e-05,0,Low
1,0,1,1,5,1490,18,83820,747,1593,0.1534255183970729,0,0,1,12,0,4.607578462685307e-05,0,Low
2,0,0,0,7,2311,1,92660,704,2744,0.1256512257849352,0,0,1,9,0,4.607578462685307e-05,0,Low
4,1,0,2,11,2063,9,84442,718,1996,0.0824111726439287,0,0,0,1,0,4.607578462685307e-05,0,Low
3,0,1,0,2,1276,0,80202,748,1399,0.1770521236706711,0,0,1,11,0,4.607578462685307e-05,0,Low
1,1,0,1,3,3066,7,75318,663,2772,0.1878083621107777,0,0,1,9,0,4.607578462685307e-05,0,Low
2,1,0,2,27,1717,1,88144,586,2689,0.1424615616525257,0,0,1,4,0,4.607578462685307e-05,0,Low
3,0,0,1,34,2986,0,90992,634,1426,0.1391959058002016,0,0,1,0,0,4.607578462685307e-05,0,Low
1,1,0,0,34,1339,1,98308,607,1189,0.1927797358242224,0,0,1,7,0,4.607578462685307e-05,0,Low
2,2,0,0,7,1623,2,82138,711,2394,0.1749352001391941,0,0,1,2,0,4.607578462685307e-05,0,Low
0,0,1,0,27,1750,3,90018,572,1702,0.1444123323191845,0,0,1,2,0,4.607578462685307e-05,0,Low
1,0,1,1,27,1993,5,80298,713,2943,0.1824757133883209,0,0,1,6,0,4.607578462685307e-05,0,Low
2,2,0,2,27,1131,11,84255,539,2615,0.1264470198895249,0,0,1,1,0,4.607578462685307e-05,0,Low
1,2,0,0,29,2724,19,80847,744,2306,0.1129237581497973,0,0,1,8,0,4.607578462685307e-05,0,Low
0,2,0,1,25,2216,9,75106,697,2195,0.0932946642806491,0,0,1,2,0,4.607578462685307e-05,0,Low
2,2,1,1,0,1345,19,82992,668,2177,0.1032689132670398,0,0,1,11,0,4.607578462685307e-05,0,Low
2,0,1,1,12,2874,5,81089,533,1163,0.114148925464507,0,0,0,12,0,4.607578462685307e-05,0,Low
0,1,0,1,15,1356,16,82459,687,1982,0.1711746084807332,0,0,0,5,0,4.607578462685307e-05,0,Low
2,2,0,1,31,2391,11,98440,626,1528,0.0890145649469545,0,0,1,12,0,4.607578462685307e-05,0,Low
2,0,0,0,7,2337,15,85729,664,2305,0.115656965224042,0,0,1,10,0,4.607578462685307e-05,0,Low
3,2,1,0,11,3432,14,85674,576,1568,0.1165249954503927,0,0,0,4,0,4.607578462685307e-05,0,Low
3,0,0,1,9,2961,17,87984,672,1770,0.1515547352136245,0,0,1,7,0,4.607578462685307e-05,0,Low
2,1,0,0,33,3026,14,89400,721,1796,0.1295222556580056,0,0,1,4,0,4.607578462685307e-05,0,Low
3,2,0,1,6,2922,5,80066,726,2683,0.1945727977486131,0,0,1,14,0,4.607578462685307e-05,0,Low
1,0,0,2,9,3024,5,87469,612,1881,0.1105461532509816,0,0,1,1,0,4.607578462685307e-05,0,Low
1,0,0,1,25,2240,1,94929,666,2787,0.1471318149156377,0,0,0,5,0,4.607578462685307e-05,0,Low
0,1,1,0,1,3160,17,75617,547,2484,0.2053367699939692,0,0,1,10,0,4.607578462685307e-05,0,Low
2,1,0,0,35,1954,17,83660,614,2175,0.1512702170924627,0,0,1,9,0,4.607578462685307e-05,0,Low
1,1,0,1,24,946,10,87110,532,2680,0.0912433540357464,0,0,1,13,0,4.607578462685307e-05,0,Low
4,2,1,1,13,2340,11,79345,525,2505,0.1931779899719716,0,0,1,13,0,4.607578462685307e-05,0,Low
4,2,1,0,25,3255,5,74601,656,2480,0.10944097977225,0,0,1,13,0,4.607578462685307e-05,0,Low
4,1,1,1,24,1468,6,76094,518,1441,0.152526722058361,0,0,1,5,0,4.607578462685307e-05,0,Low
1,1,0,0,5,1346,6,90598,721,1046,0.1239662973563833,0,0,1,8,0,4.607578462685307e-05,0,Low
4,0,0,2,14,1668,7,77283,523,1802,0.1333941402942835,0,0,0,14,0,4.607578462685307e-05,0,Low
2,0,0,2,12,1339,0,75933,699,3042,0.1715749997027055,0,0,0,7,0,4.607578462685307e-05,0,Low
2,0,0,0,31,2146,18,81703,617,2794,0.0843596655525335,0,0,1,4,0,4.607578462685307e-05,0,Low
1,0,0,1,14,2832,1,97514,644,1778,0.0801134625921665,0,0,1,12,0,4.607578462685307e-05,0,Low
1,2,0,0,33,1908,0,86009,558,2048,0.1567329946331832,0,0,1,6,0,4.607578462685307e-05,0,Low
1,2,1,0,25,2070,0,79076,561,1134,0.1516776165851129,0,0,1,1,0,4.607578462685307e-05,0,Low
2,1,1,3,0,2942,6,98385,701,2585,0.0803145458617373,0,0,1,8,0,4.607578462685307e-05,0,Low
2,1,0,0,27,3331,15,94236,583,1352,0.0928660159185884,0,0,1,11,0,4.607578462685307e-05,0,Low
2,1,0,1,2,969,13,89854,643,1419,0.1239412061046305,0,0,1,4,0,4.607578462685307e-05,0,Low
0,1,0,2,5,1647,1,94216,550,1786,0.1637777702543026,0,0,1,6,0,4.607578462685307e-05,0,Low
1,0,0,1,7,3160,8,98870,699,1912,0.1633964876167516,0,0,1,14,0,4.607578462685307e-05,0,Low
2,1,0,3,31,1726,3,89013,548,1494,0.1096675926135421,0,0,1,0,0,4.607578462685307e-05,0,Low
2,0,0,2,37,3103,8,88486,618,2114,0.1996618228533211,0,1,1,6,0,4.607578462685307e-05,0,Low
0,0,0,2,39,873,10,85225,613,1575,0.170403603839304,0,0,0,10,0,4.607578462685307e-05,0,Low
2,2,1,1,13,2194,24,88415,648,2642,0.1525503105534875,0,0,1,11,0,4.607578462685307e-05,0,Low
2,2,0,2,10,2363,20,83676,682,2580,0.1574087289861488,0,0,1,13,0,4.607578462685307e-05,0,Low
3,1,0,1,6,3267,9,97677,608,1296,0.1313003153503423,0,0,0,2,0,4.607578462685307e-05,0,Low
4,0,0,2,2,2694,6,98932,509,1249,0.1321949242909732,0,0,1,3,0,4.607578462685307e-05,0,Low
1,1,0,3,5,2493,0,86863,585,3295,0.1613480435398652,0,0,1,2,0,4.607578462685307e-05,0,Low
2,1,0,0,9,1538,19,78430,640,2648,0.1322078453451644,0,0,1,6,0,4.607578462685307e-05,0,Low
0,1,1,1,7,2126,8,94999,637,2339,0.1680496634108479,0,0,0,7,0,4.607578462685307e-05,0,Low
1,2,0,0,28,1089,11,94898,553,1602,0.0944059602766756,0,0,1,6,0,4.607578462685307e-05,0,Low
3,1,0,0,24,2622,1,81693,732,1525,0.1809350739245769,0,0,1,4,0,4.607578462685307e-05,0,Low
1,1,0,1,9,892,0,88766,633,2224,0.1509368949737921,0,0,1,1,0,4.607578462685307e-05,0,Low
1,1,1,1,30,3220,3,85801,717,1877,0.0987562741174277,0,0,1,11,0,4.607578462685307e-05,0,Low
2,2,1,0,5,3449,10,98897,679,2963,0.1518297592914628,0,0,1,4,0,4.607578462685307e-05,0,Low
3,1,0,1,14,3057,8,78754,546,2323,0.1135008854792887,0,0,1,8,0,4.607578462685307e-05,0,Low
4,1,0,0,15,3349,6,81239,643,2639,0.1880082744074031,0,0,1,1,0,4.607578462685307e-05,0,Low
1,0,0,1,32,1403,6,75500,599,2081,0.2061621189081523,0,0,1,13,0,4.607578462685307e-05,0,Low
3,0,0,3,8,1876,14,81937,581,4843,0.139073696122668,0,0,1,9,0,4.607578462685307e-05,0,Low
3,1,0,1,36,1759,13,80047,569,2640,0.1973883559959502,0,0,0,1,0,4.607578462685307e-05,0,Low
2,0,0,0,30,2636,4,84407,583,1168,0.1096538327078084,0,0,1,5,0,4.607578462685307e-05,0,Low
1,0,0,1,12,2426,6,75134,689,2153,0.1353072752804737,0,1,1,6,0,4.607578462685307e-05,0,Low
2,0,1,2,24,1447,2,83235,585,1931,0.1686538365442941,0,0,1,8,0,4.607578462685307e-05,0,Low
2,1,0,0,26,3207,1,81381,720,1683,0.0889915245315037,0,0,0,5,0,4.607578462685307e-05,0,Low
2,0,1,1,13,2533,1,99200,648,2883,0.1389601539263795,0,0,1,12,0,4.607578462685307e-05,0,Low
2,2,0,2,34,2068,7,81868,627,2493,0.1924148391513844,0,0,1,12,0,4.607578462685307e-05,0,Low
1,2,0,0,6,3356,11,82117,740,1930,0.1806235797680788,0,0,1,0,0,4.607578462685307e-05,0,Low
0,0,0,1,12,1862,0,88700,542,1343,0.0817567514472001,0,0,1,1,0,4.607578462685307e-05,0,Low
2,0,0,0,7,2836,13,75651,533,2895,0.1532100733876785,0,0,1,3,0,4.607578462685307e-05,0,Low
2,1,0,1,9,2015,4,79736,620,1802,0.1585223674398308,0,0,1,11,0,4.607578462685307e-05,0,Low
4,0,0,3,2,3451,21,83322,556,3244,0.1506727047298685,0,0,1,7,0,4.607578462685307e-05,0,Low
0,0,1,1,26,969,7,82921,607,1223,0.1290866607839252,0,0,1,2,0,4.607578462685307e-05,0,Low
2,0,0,2,3,937,3,79227,685,1895,0.1648594323205224,0,1,0,10,0,4.607578462685307e-05,0,Low
1,1,0,3,14,1842,9,86202,651,1573,0.1203248961852238,0,0,1,9,0,4.607578462685307e-05,0,Low
3,0,0,0,39,2214,4,78584,682,2162,0.1058332856429169,0,0,1,8,0,4.607578462685307e-05,0,Low
1,1,0,1,9,3273,5,85426,689,1417,0.1632900891695361,0,0,0,1,0,4.607578462685307e-05,0,Low
1,0,1,2,12,2913,7,93004,656,1213,0.1790479703112581,0,0,1,0,0,4.607578462685307e-05,0,Low
2,2,1,2,37,3112,4,76241,680,2154,0.1137113512887449,0,0,0,7,0,4.607578462685307e-05,0,Low
4,1,0,2,14,2728,15,82881,614,2818,0.1866696545497819,0,0,1,3,0,4.607578462685307e-05,0,Low
2,2,0,0,0,1585,13,86715,695,1071,0.1824826633253171,0,0,1,4,0,4.607578462685307e-05,0,Low
1,1,0,0,11,3421,3,74476,603,2683,0.0880349950804136,0,0,1,7,0,4.607578462685307e-05,0,Low
1,0,1,2,0,2435,3,96676,690,2383,0.172711564693488,0,0,1,13,0,4.607578462685307e-05,0,Low
3,0,0,3,3,2229,4,88598,522,1982,0.1214610591232988,0,0,1,9,0,4.607578462685307e-05,0,Low
3,0,0,1,37,915,6,92509,701,1805,0.1889439364990342,0,0,0,3,0,4.607578462685307e-05,0,Low
1,1,1,1,2,1631,19,76834,720,2050,0.1521558647446069,0,0,1,0,0,4.607578462685307e-05,0,Low
3,1,0,1,27,2325,3,91670,700,2601,0.0984608443067719,0,0,1,13,0,4.607578462685307e-05,0,Low
2,0,0,0,26,1943,5,95982,670,2051,0.1896368649712918,0,0,0,0,0,4.607578462685307e-05,0,Low
3,2,0,0,6,2303,10,80479,525,1694,0.199797512869156,0,0,1,7,0,4.607578462685307e-05,0,Low
3,0,0,1,2,2886,2,80457,701,2020,0.1279934986828094,0,0,1,5,0,4.607578462685307e-05,0,Low
3,1,0,1,31,946,2,77976,715,1269,0.1530452991928311,0,0,1,10,0,4.607578462685307e-05,0,Low
3,0,0,0,35,1178,10,91124,614,2993,0.1842126492256944,0,0,1,13,0,4.607578462685307e-05,0,Low
2,2,0,0,12,1595,13,89663,588,2453,0.1083421992226888,0,0,1,2,0,4.607578462685307e-05,0,Low
0,2,1,1,8,2884,22,77612,720,1121,0.1290899649823739,0,0,1,9,0,4.607578462685307e-05,0,Low
1,0,0,0,23,2515,7,93742,643,2430,0.1217087097029904,0,0,1,4,0,4.607578462685307e-05,0,Low
0,0,0,2,31,810,17,85476,656,2858,0.0956040779420954,0,0,1,2,0,4.607578462685307e-05,0,Low
1,1,0,3,17,2905,14,84595,597,1265,0.147658122081502,0,0,1,8,0,4.607578462685307e-05,0,Low
4,2,1,1,27,2066,12,79413,652,2470,0.1924237065792849,0,0,1,5,0,4.607578462685307e-05,0,Low
2,2,0,0,27,3301,3,94866,597,2079,0.093818668216138,0,0,1,6,0,4.607578462685307e-05,0,Low
0,0,0,1,35,2547,3,96756,707,1123,0.1286101684551183,0,0,1,7,0,4.607578462685307e-05,0,Low
0,0,0,0,31,1979,2,77011,623,2583,0.1084722718831148,0,1,1,8,0,4.607578462685307e-05,0,Low
2,2,0,0,2,2747,9,85573,530,2695,0.1347071658808158,0,0,1,13,0,4.607578462685307e-05,0,Low
1,0,1,1,15,2220,17,88360,657,2164,0.166082400557767,0,0,1,13,0,4.607578462685307e-05,0,Low
1,1,0,3,27,869,0,87886,684,2673,0.1250029039293909,0,0,0,11,0,4.607578462685307e-05,0,Low
0,1,0,1,7,1560,2,78961,697,1207,0.1841261752727356,0,0,1,10,0,4.607578462685307e-05,0,Low
0,0,1,3,21,2317,2,81670,510,2759,0.1758398888330261,0,0,1,3,0,4.607578462685307e-05,0,Low
2,0,1,0,31,2475,10,93250,616,2372,0.0953073635924755,0,0,1,1,0,4.607578462685307e-05,0,Low
0,1,0,0,15,1521,13,76509,591,2915,0.1607142146433786,0,0,1,9,0,4.607578462685307e-05,0,Low
1,1,0,4,19,2535,14,93542,646,1375,0.0894620396683721,0,0,1,2,0,4.607578462685307e-05,0,Low
1,2,0,3,24,3455,11,89374,626,1689,0.1853846918993887,0,0,0,4,0,4.607578462685307e-05,0,Low
1,1,0,3,17,3000,24,87370,697,1340,0.0891573869849941,0,0,1,2,0,4.607578462685307e-05,0,Low
4,2,1,0,36,2609,10,86532,552,1053,0.1618635439108193,0,0,1,10,0,4.607578462685307e-05,0,Low
2,0,0,1,2,2238,18,75376,552,2804,0.2083941783373506,0,0,1,9,0,4.607578462685307e-05,0,Low
0,1,0,1,1,978,17,76715,683,2186,0.1409182129785869,0,0,1,0,0,4.607578462685307e-05,0,Low
2,0,0,2,9,1946,11,83658,717,1669,0.1276561989764681,0,0,1,1,0,4.607578462685307e-05,0,Low
1,0,1,0,25,1942,0,79893,511,1312,0.1986805223123132,0,0,1,6,0,4.607578462685307e-05,0,Low
2,0,1,0,14,2953,5,75427,601,1980,0.1416028500406398,0,0,1,13,0,4.607578462685307e-05,0,Low
0,1,1,1,27,2506,4,85450,699,2696,0.155614744371737,0,0,1,3,0,4.607578462685307e-05,0,Low
2,2,0,2,31,1093,18,84847,576,1305,0.1684467599295758,0,1,1,8,0,4.607578462685307e-05,0,Low
1,1,0,2,30,2888,1,86824,506,2028,0.1135110816724564,0,0,1,2,0,4.607578462685307e-05,0,Low
4,2,0,2,25,1430,3,86289,529,1820,0.1760388674263856,0,0,1,10,0,4.607578462685307e-05,0,Low
2,0,1,3,33,1934,8,78315,540,2352,0.2006966198705774,0,0,1,2,0,4.607578462685307e-05,0,Low
2,0,0,1,6,1029,4,93065,506,2601,0.1210968883456079,0,0,0,9,0,4.607578462685307e-05,0,Low
0,1,0,0,27,2041,1,83440,505,2057,0.2140172884449634,0,0,1,13,0,4.607578462685307e-05,0,Low
0,1,1,0,33,3448,5,95897,535,1515,0.1189682394982279,0,0,0,4,0,4.607578462685307e-05,0,Low
4,2,0,0,27,1645,4,90453,527,1457,0.1244426287971619,0,0,1,7,0,4.607578462685307e-05,0,Low
3,1,1,0,29,1374,15,74182,557,1687,0.1878155094942626,0,0,0,6,0,4.607578462685307e-05,0,Low
2,2,1,0,9,1874,0,98295,602,2673,0.1439454498070364,0,0,1,2,0,4.607578462685307e-05,0,Low
1,0,0,0,6,1282,15,87108,629,2753,0.1286045283499876,0,0,1,2,0,4.607578462685307e-05,0,Low
2,1,0,0,4,1350,2,99538,580,2053,0.1729981372443364,0,0,1,7,0,4.607578462685307e-05,0,Low
2,0,0,2,4,1396,20,76940,508,2719,0.0975026512943421,0,0,1,12,0,4.607578462685307e-05,0,Low
1,0,1,0,33,2653,2,97062,694,1190,0.1184201659774563,0,0,1,6,0,4.607578462685307e-05,0,Low
0,0,0,1,13,2070,8,82234,534,2366,0.1397079568453295,0,0,1,6,0,4.607578462685307e-05,0,Low
2,0,0,0,0,2996,13,87410,738,1603,0.1914318923417012,0,0,1,13,0,4.607578462685307e-05,0,Low
2,0,0,2,28,2091,8,90581,595,2097,0.1721867018505564,0,0,0,12,0,4.607578462685307e-05,0,Low
3,0,1,1,0,2814,18,75690,720,1313,0.1003508891783333,0,0,1,11,0,4.607578462685307e-05,0,Low
3,2,0,1,35,2086,19,74684,697,1935,0.1134231145503479,0,0,0,8,0,4.607578462685307e-05,0,Low
1,0,0,1,14,3117,2,76859,511,1397,0.0934743883054773,0,0,1,7,0,4.607578462685307e-05,0,Low
2,0,0,3,38,1049,9,97159,560,2697,0.0961792149107366,0,0,1,6,0,4.607578462685307e-05,0,Low
3,0,1,1,2,2205,1,80835,643,2223,0.1263884050573691,0,0,1,5,0,4.607578462685307e-05,0,Low
1,2,0,0,6,1117,15,87626,714,2207,0.1049253671605545,0,0,1,3,0,4.607578462685307e-05,0,Low
2,0,1,1,11,3357,8,87548,571,1438,0.194816092754124,0,1,1,8,0,4.607578462685307e-05,0,Low
1,0,1,0,5,2992,3,86105,605,2517,0.0961812797164433,0,0,1,10,0,4.607578462685307e-05,0,Low
1,0,0,0,37,1086,11,85051,519,1304,0.156787007444701,0,0,1,9,0,4.607578462685307e-05,0,Low
0,2,1,0,5,1295,14,86880,675,2439,0.1441086817637372,0,0,1,3,0,4.607578462685307e-05,0,Low
1,0,0,0,33,1443,23,81669,604,2686,0.129459321928626,0,0,1,8,0,4.607578462685307e-05,0,Low
1,1,0,0,7,3236,12,88251,691,2274,0.1165172354879371,0,0,1,2,0,4.607578462685307e-05,0,Low
3,1,0,0,39,1120,21,79241,561,2134,0.1075744806376137,0,0,1,11,0,4.607578462685307e-05,0,Low
3,2,1,0,39,2693,15,92467,512,2523,0.1570298373271621,0,0,0,4,0,4.607578462685307e-05,0,Low
4,2,0,1,25,1834,11,92099,542,1581,0.1924505761998006,0,0,1,3,0,4.607578462685307e-05,0,Low
2,1,0,3,12,1567,22,77648,534,5740,0.1464295597622948,0,0,1,8,0,4.607578462685307e-05,0,Low
2,1,0,2,15,3030,3,98175,506,1930,0.1287705879343655,0,0,1,3,0,4.607578462685307e-05,0,Low
3,0,0,1,13,3324,10,80571,539,1017,0.1132457294659417,0,0,1,12,0,4.607578462685307e-05,0,Low
2,1,0,2,3,2503,11,79900,687,1170,0.1337964853315931,0,0,1,10,0,4.607578462685307e-05,0,Low
2,0,0,1,25,3349,20,83993,666,1861,0.1335307838881581,0,1,1,13,0,4.607578462685307e-05,0,Low
3,0,1,0,4,1309,6,75378,596,3066,0.1473030553831294,0,0,1,4,0,4.607578462685307e-05,0,Low
0,1,1,2,32,1159,1,95654,549,2367,0.1231970591377073,0,0,0,4,0,4.607578462685307e-05,0,Low
2,1,0,1,33,2741,20,80065,674,2677,0.1169197528956582,0,0,1,14,0,4.607578462685307e-05,0,Low
2,0,0,0,30,1669,16,79115,714,2821,0.0859420738883271,0,0,1,12,0,4.607578462685307e-05,0,Low
1,1,0,0,2,1039,15,93765,702,1934,0.0915701958884341,0,0,1,1,0,4.607578462685307e-05,0,Low
0,0,1,1,7,1319,6,82323,581,1844,0.1120929769662121,0,0,1,2,0,4.607578462685307e-05,0,Low
1,2,1,1,33,2669,24,76552,693,2361,0.1057569587315172,0,0,1,12,0,4.607578462685307e-05,0,Low
4,1,1,2,25,2907,8,79596,727,1542,0.1136570154913439,0,0,1,2,0,4.607578462685307e-05,0,Low
4,1,0,0,24,911,8,83349,612,2197,0.096476605776735,0,0,1,0,0,4.607578462685307e-05,0,Low
2,2,0,0,9,2016,9,87683,698,2800,0.1738459237113238,0,0,1,0,0,4.607578462685307e-05,0,Low
2,1,1,1,32,2233,12,79822,654,2462,0.1480865566788266,0,0,1,4,0,4.607578462685307e-05,0,Low
1,1,1,3,25,2717,11,76176,636,2273,0.1738529202816612,0,1,1,6,0,4.607578462685307e-05,0,Low
1,2,0,1,12,1244,16,83292,552,2994,0.1832634292264149,0,0,1,10,0,4.607578462685307e-05,0,Low
2,1,0,1,13,1573,14,84909,500,2605,0.1219006795191668,0,0,0,4,0,4.607578462685307e-05,0,Low
2,0,0,0,36,982,7,90258,685,1536,0.1972187863359542,0,0,1,1,0,4.607578462685307e-05,0,Low
2,1,0,1,9,869,6,83547,645,1588,0.1668401344954085,0,1,1,12,0,4.607578462685307e-05,0,Low
3,2,0,0,39,1675,2,87766,563,2592,0.1918925303809361,0,0,1,4,0,4.607578462685307e-05,0,Low
3,0,0,0,2,1422,12,94985,555,2216,0.1590745351390181,0,0,1,5,0,4.607578462685307e-05,0,Low
3,0,1,0,14,1562,0,75050,727,1608,0.2014512997700547,0,0,1,12,0,4.607578462685307e-05,0,Low
1,0,0,2,37,2689,7,75149,561,1950,0.2039724606669115,0,0,1,11,0,4.607578462685307e-05,0,Low
2,1,0,1,3,2418,21,79868,666,2080,0.1489902321241884,0,0,1,1,0,4.607578462685307e-05,0,Low
2,1,0,1,0,3154,3,79362,631,2454,0.1333354303311664,0,0,1,0,0,4.607578462685307e-05,0,Low
2,0,0,0,15,1569,6,82500,685,1918,0.1713708283914049,0,0,1,4,0,4.607578462685307e-05,0,Low
0,1,0,1,8,3064,8,76453,501,1630,0.208055783155373,0,0,1,13,0,4.607578462685307e-05,0,Low
1,0,0,2,15,2568,5,93860,720,2013,0.1281501887386696,0,0,1,10,0,4.607578462685307e-05,0,Low
0,0,0,2,31,1303,6,84762,682,2041,0.1560612857627961,0,0,0,5,0,4.607578462685307e-05,0,Low
3,0,1,2,11,3067,15,90656,748,1965,0.1161556926409838,0,0,1,10,0,4.607578462685307e-05,0,Low
0,2,0,1,2,2708,14,75057,730,1574,0.1035462449302329,0,0,0,9,0,4.607578462685307e-05,0,Low
0,0,0,1,7,2797,15,97890,675,1543,0.147203484933,0,0,0,11,0,4.607578462685307e-05,0,Low
0,1,0,3,2,3131,7,81814,530,5190,0.1539615894126085,0,0,1,13,0,4.607578462685307e-05,0,Low
4,1,0,1,4,2242,6,96512,639,1263,0.1709884463323443,0,0,1,3,0,4.607578462685307e-05,0,Low
3,1,1,3,11,2274,14,92443,516,2157,0.1791500173545412,0,0,1,3,0,4.607578462685307e-05,0,Low
1,1,0,1,4,1141,0,89383,631,1572,0.0953844828980413,0,0,1,6,0,4.607578462685307e-05,0,Low
1,2,1,0,37,1651,17,84824,577,3011,0.1979029138139649,0,0,0,12,0,4.607578462685307e-05,0,Low
0,2,0,1,24,2227,10,80133,531,2761,0.1100966612174258,0,1,1,9,0,4.607578462685307e-05,0,Low
3,2,0,1,27,1146,2,85747,595,1910,0.1703640631330895,0,0,1,2,0,4.607578462685307e-05,0,Low
3,0,0,1,37,1093,15,93651,520,2985,0.1671087730691705,0,1,1,1,0,4.607578462685307e-05,0,Low
1,0,0,1,6,856,13,88133,638,1693,0.104897020127627,0,0,1,9,0,4.607578462685307e-05,0,Low
3,2,0,0,1,870,18,75912,558,1204,0.16851581709194,0,0,1,10,0,4.607578462685307e-05,0,Low
0,0,1,0,12,2948,22,79949,662,1019,0.0927615221564674,0,0,1,9,0,4.607578462685307e-05,0,Low
3,2,0,0,39,2320,14,85274,703,2062,0.1556344716280207,0,0,0,7,0,4.607578462685307e-05,0,Low
2,1,1,3,24,804,0,96222,601,2888,0.1688678261591582,0,0,1,11,0,4.607578462685307e-05,0,Low
2,1,1,1,7,1186,6,98183,583,1531,0.1512631251116566,0,0,1,6,0,4.607578462685307e-05,0,Low
2,1,0,0,28,2395,6,87118,547,2231,0.1157671327950438,0,0,1,0,0,4.607578462685307e-05,0,Low
2,0,0,0,5,1798,24,75554,724,1828,0.1578070631904587,0,0,1,11,0,4.607578462685307e-05,0,Low
3,1,0,0,2,991,5,92716,525,2944,0.1450039673553549,0,0,1,7,0,4.607578462685307e-05,0,Low
3,0,0,0,33,1826,20,85921,680,1282,0.1420522253432473,0,0,1,10,0,4.607578462685307e-05,0,Low
1,2,1,0,15,2537,3,79677,620,1390,0.1661932892678791,0,0,1,14,0,4.607578462685307e-05,0,Low
0,0,0,0,29,1242,6,93822,509,2999,0.1064011752012469,0,0,1,7,0,4.607578462685307e-05,0,Low
2,1,0,1,10,806,14,89091,643,1796,0.0902710719638063,0,0,1,2,0,4.607578462685307e-05,0,Low
2,2,1,1,0,3108,2,75016,609,2916,0.1886070056515605,0,1,1,10,0,4.607578462685307e-05,0,Low
3,1,1,0,4,1760,23,83337,729,2288,0.1075640499127337,0,0,1,3,0,4.607578462685307e-05,0,Low
1,2,1,2,10,1546,15,87376,600,1519,0.1346482809251192,0,1,1,8,0,4.607578462685307e-05,0,Low
1,2,0,0,3,2468,16,75203,667,1092,0.2052777493767962,0,1,1,7,0,4.607578462685307e-05,0,Low
1,0,1,0,30,2514,9,80023,618,1915,0.1693473389954609,0,0,1,3,0,4.607578462685307e-05,0,Low
0,0,0,3,12,2415,18,79170,658,5363,0.2141074602119559,0,0,1,6,0,4.607578462685307e-05,0,Low
2,0,1,1,26,832,15,92086,619,2551,0.1974680775219478,0,0,1,5,0,4.607578462685307e-05,0,Low
2,1,1,2,24,3364,6,86302,598,1246,0.0960336298097854,0,0,1,1,0,4.607578462685307e-05,0,Low
3,0,0,0,35,2842,24,83056,664,2684,0.1200314721583222,0,0,1,10,0,4.607578462685307e-05,0,Low
1,0,1,0,0,1473,3,80732,511,1386,0.1894871404774497,0,0,1,14,0,4.607578462685307e-05,0,Low
1,2,0,3,27,3417,11,76972,554,1043,0.1164124451967726,0,0,1,2,0,4.607578462685307e-05,0,Low
2,0,0,0,15,3417,14,88311,642,1134,0.1651460343137653,0,0,1,11,0,4.607578462685307e-05,0,Low
0,0,0,2,33,2566,21,85767,571,1308,0.1098741323166948,0,1,1,6,0,4.607578462685307e-05,0,Low
3,2,1,2,24,1767,2,84214,727,2838,0.0827060436351974,0,0,1,12,0,4.607578462685307e-05,0,Low
1,1,1,0,5,2241,6,89273,546,2595,0.1858459225130089,0,0,1,8,0,4.607578462685307e-05,0,Low
3,0,0,1,4,1897,7,89772,742,1253,0.1974456706899633,0,0,1,2,0,4.607578462685307e-05,0,Low
3,0,1,0,8,1150,2,75506,512,1901,0.1868670232410175,0,0,1,6,0,4.607578462685307e-05,0,Low
2,2,1,1,29,1521,12,90538,532,1654,0.1221075104847684,0,0,1,12,0,4.607578462685307e-05,0,Low
0,1,0,0,35,1421,8,90099,517,2154,0.1806322113623651,0,0,1,6,0,4.607578462685307e-05,0,Low
4,2,0,2,15,3404,17,79396,576,1454,0.0829592107812673,0,0,1,5,0,4.607578462685307e-05,0,Low
0,1,1,0,33,2139,24,81558,698,2732,0.1264217860197945,0,0,1,6,0,4.607578462685307e-05,0,Low
1,0,0,0,28,2842,1,75920,518,2045,0.1846604007072442,0,0,1,14,0,4.607578462685307e-05,0,Low
1,1,0,3,12,2431,16,85216,724,5868,0.1040772065935045,0,0,1,9,0,4.607578462685307e-05,0,Low
3,2,0,0,4,1697,9,93657,649,2718,0.0984421269415815,0,0,1,5,0,4.607578462685307e-05,0,Low
3,1,0,1,31,1101,5,82038,555,2300,0.1077577314958527,0,0,1,10,0,4.607578462685307e-05,0,Low
4,1,1,1,13,1297,22,84419,611,2670,0.1348527426416739,0,0,0,3,0,4.607578462685307e-05,0,Low
2,0,0,0,13,1437,17,83970,670,1475,0.1413595632419901,0,0,1,3,0,4.607578462685307e-05,0,Low
1,1,0,1,7,2194,18,79790,616,1352,0.0809611840346399,0,0,1,2,0,4.607578462685307e-05,0,Low
3,1,0,0,23,1092,7,77064,742,2033,0.1369066358803044,0,0,1,0,0,4.607578462685307e-05,0,Low
1,2,0,1,2,2596,12,91351,699,3048,0.1528579560911754,0,0,1,14,0,4.607578462685307e-05,0,Low
1,2,0,1,25,2614,11,88736,536,2471,0.1524662646154621,0,0,1,4,0,4.607578462685307e-05,0,Low
2,2,1,1,32,1673,6,78380,595,1301,0.1964265476768816,0,0,1,10,0,4.607578462685307e-05,0,Low
1,0,0,0,28,1878,10,98810,723,2127,0.1549227944370649,0,0,1,2,0,4.607578462685307e-05,0,Low
1,0,1,0,30,2923,18,79489,616,2272,0.1525877076556286,0,0,1,6,0,4.607578462685307e-05,0,Low
0,0,0,0,9,2836,20,84115,676,3083,0.1553576122130056,0,0,1,8,0,4.607578462685307e-05,0,Low
0,2,0,2,4,868,15,95767,706,2646,0.1618553555057212,0,0,1,14,0,4.607578462685307e-05,0,Low
4,2,0,1,38,3051,11,90319,510,1582,0.1183404767787488,0,0,1,5,0,4.607578462685307e-05,0,Low
1,0,0,2,39,1369,10,80170,596,2685,0.1231424940415002,0,0,1,9,0,4.607578462685307e-05,0,Low
2,0,0,1,11,2572,2,74735,735,2912,0.0894524619019654,0,0,0,1,0,4.607578462685307e-05,0,Low
1,2,0,1,26,1150,0,74633,549,1050,0.0938617371551897,0,0,0,4,0,4.607578462685307e-05,0,Low
0,1,0,3,5,2691,11,83121,654,5572,0.1347028263942918,0,0,1,0,0,4.607578462685307e-05,0,Low
4,0,0,0,35,3457,19,74445,528,1660,0.1186178993104123,0,0,1,0,0,4.607578462685307e-05,0,Low
1,2,0,1,6,1751,6,86261,582,1750,0.190569000068652,0,0,1,6,0,4.607578462685307e-05,0,Low
1,2,1,0,13,2281,8,85549,521,2880,0.1936007173795614,0,0,1,13,0,4.607578462685307e-05,0,Low
2,1,1,0,33,2480,23,88020,501,1782,0.1659912386466013,0,0,0,12,0,4.607578462685307e-05,0,Low
1,0,1,0,5,1653,6,93929,698,2945,0.159513861913877,0,0,1,4,0,4.607578462685307e-05,0,Low
4,1,1,0,9,1830,11,92118,578,1807,0.1857991897202294,0,0,1,8,0,4.607578462685307e-05,0,Low
2,1,1,1,23,1128,0,79114,724,1572,0.1654616922664368,0,0,1,4,0,4.607578462685307e-05,0,Low
0,0,0,2,9,2350,1,83345,554,2326,0.1378230095019019,0,0,1,2,0,4.607578462685307e-05,0,Low
2,0,1,2,2,3328,3,89732,662,2451,0.1155914650594208,0,0,1,10,0,4.607578462685307e-05,0,Low
1,2,0,1,34,2855,14,93023,611,1548,0.1513353993016829,0,0,0,12,0,4.607578462685307e-05,0,Low
3,0,0,1,23,2227,24,82689,722,1048,0.0963896559232412,0,0,1,2,0,4.607578462685307e-05,0,Low
1,0,0,0,25,2348,14,95776,660,2600,0.1683272454479408,0,0,1,3,0,4.607578462685307e-05,0,Low
3,1,0,1,4,2719,9,88317,591,2245,0.1201900447975425,0,0,1,10,0,4.607578462685307e-05,0,Low
1,0,0,2,26,3358,11,81079,604,1288,0.1118145271893022,0,0,1,6,0,4.607578462685307e-05,0,Low
3,2,1,0,2,2337,10,81181,744,1140,0.1994639211262874,0,1,1,4,0,4.607578462685307e-05,0,Low
2,1,0,1,33,2739,20,85821,701,2767,0.1123842752111849,0,0,0,0,0,4.607578462685307e-05,0,Low
1,0,1,1,13,3179,7,86592,516,2330,0.110906996828852,0,0,0,4,0,4.607578462685307e-05,0,Low
1,1,0,2,4,2704,4,97128,715,1222,0.1239991888567253,0,0,0,11,0,4.607578462685307e-05,0,Low
2,1,0,1,34,1220,13,99358,561,1166,0.1877129288110152,0,0,1,11,0,4.607578462685307e-05,0,Low
0,0,0,0,4,1723,5,79480,548,1010,0.1501435663652649,0,0,0,4,0,4.607578462685307e-05,0,Low
3,2,0,0,29,1994,4,97997,559,1322,0.1551973160943239,0,0,1,4,0,4.607578462685307e-05,0,Low
0,1,1,2,32,3010,1,95356,680,2753,0.1623744602083132,0,0,1,9,0,4.607578462685307e-05,0,Low
2,0,0,1,27,1302,1,86706,741,1277,0.1672886911178782,0,0,1,5,0,4.607578462685307e-05,0,Low
3,1,1,0,8,2283,14,90769,608,1469,0.1954690690609369,0,0,1,3,0,4.607578462685307e-05,0,Low
2,1,0,0,11,1894,5,81673,537,2296,0.1914755456942115,0,0,1,7,0,4.607578462685307e-05,0,Low
2,1,0,0,12,3087,0,92778,710,2135,0.1034293564418344,0,0,0,14,0,4.607578462685307e-05,0,Low
0,0,0,0,2,812,5,89924,688,2549,0.1078388157855523,0,0,1,9,0,4.607578462685307e-05,0,Low
3,1,0,2,10,2672,15,82640,685,1752,0.142496016144175,0,0,1,14,0,4.607578462685307e-05,0,Low
3,1,0,2,25,2977,9,94003,723,2852,0.1242414026336401,0,0,0,3,0,4.607578462685307e-05,0,Low
0,0,0,1,30,2750,15,82395,743,1750,0.0859466137828332,0,0,1,8,0,4.607578462685307e-05,0,Low
2,0,0,2,12,1793,7,94571,530,1454,0.1036317381317933,0,0,1,6,0,4.607578462685307e-05,0,Low
3,1,0,1,5,2771,0,91637,742,1463,0.1680959250471778,0,0,1,6,0,4.607578462685307e-05,0,Low
0,0,0,3,11,1771,9,83057,653,4773,0.2119768673396133,0,0,1,9,0,4.607578462685307e-05,0,Low
1,0,0,1,15,1614,9,98658,506,2039,0.0914728094543869,0,0,1,12,0,4.607578462685307e-05,0,Low
3,0,0,1,7,1069,15,78790,641,1114,0.1789004867101544,0,0,1,5,0,4.607578462685307e-05,0,Low
1,0,1,1,11,1779,15,93278,711,2713,0.1712778950542426,0,0,0,5,0,4.607578462685307e-05,0,Low
3,2,0,3,13,3009,22,79728,516,3354,0.1636729186757389,0,0,1,0,0,4.607578462685307e-05,0,Low
2,1,1,1,0,837,8,85693,734,2538,0.1796684972019295,0,0,1,11,0,4.607578462685307e-05,0,Low
4,2,0,1,38,1548,7,80411,541,1073,0.1685074564382369,0,0,1,3,0,4.607578462685307e-05,0,Low
1,1,0,1,1,1411,11,76785,710,1180,0.1062155370496489,0,0,1,3,0,4.607578462685307e-05,0,Low
1,0,0,0,10,2541,9,92600,691,2913,0.1715939216157143,0,0,1,6,0,4.607578462685307e-05,0,Low
1,0,0,1,4,1819,10,87367,696,1318,0.088034614281317,0,0,0,7,0,4.607578462685307e-05,0,Low
1,0,1,3,7,2325,19,96406,629,5045,0.0801893951410594,0,0,1,12,0,4.607578462685307e-05,0,Low
2,1,0,0,17,1768,5,99665,511,1276,0.1591080200030463,0,0,1,4,0,4.607578462685307e-05,0,Low
3,0,0,1,3,2871,14,97070,541,1982,0.0999128856214134,0,0,0,5,0,4.607578462685307e-05,0,Low
1,0,1,0,35,2009,12,89482,542,2956,0.0887272374003702,0,0,1,8,0,4.607578462685307e-05,0,Low
4,0,0,0,32,3289,16,80548,516,2546,0.1504642289504997,0,0,1,14,0,4.607578462685307e-05,0,Low
0,1,0,3,4,2459,15,96471,601,2343,0.1673711003129757,0,0,1,8,0,4.607578462685307e-05,0,Low
2,0,0,3,6,3257,13,90524,547,2553,0.1053638494196399,0,0,1,13,0,4.607578462685307e-05,0,Low
0,1,0,1,33,1139,2,79777,741,2937,0.2053535358654192,0,0,0,11,0,4.607578462685307e-05,0,Low
0,0,0,1,33,2199,13,80093,698,2458,0.2105967162138124,0,0,1,0,0,4.607578462685307e-05,0,Low
4,2,0,1,37,3077,18,82406,528,2616,0.1364540671776457,0,0,1,11,0,4.607578462685307e-05,0,Low
0,0,0,1,31,1713,2,90746,511,2752,0.1400945175081835,0,0,1,2,0,4.607578462685307e-05,0,Low
2,2,1,0,14,1457,4,91481,527,1243,0.1349631876450067,0,1,1,0,0,4.607578462685307e-05,0,Low
4,0,0,2,13,2526,10,83931,564,2810,0.1900735028228518,0,0,1,12,0,4.607578462685307e-05,0,Low
0,2,0,0,11,1998,21,84159,570,2964,0.0936359921401586,0,0,1,5,0,4.607578462685307e-05,0,Low
1,0,0,1,10,1323,10,93369,653,1008,0.1734042330120214,0,0,1,12,0,4.607578462685307e-05,0,Low
1,1,0,1,15,2288,19,75735,533,2051,0.1456613564802951,0,0,1,4,0,4.607578462685307e-05,0,Low
1,1,1,1,1,935,1,82300,644,2934,0.0884763652829585,0,0,1,11,0,4.607578462685307e-05,0,Low
0,2,0,0,4,3134,7,75851,576,1308,0.0850177977093089,0,0,0,5,0,4.607578462685307e-05,0,Low
3,0,0,2,4,1177,16,85202,509,1134,0.1370038834097153,0,0,1,4,0,4.607578462685307e-05,0,Low
2,0,0,1,37,1464,6,74195,673,1992,0.0892742087322334,0,0,1,0,0,4.607578462685307e-05,0,Low
1,1,0,2,0,1901,9,89915,610,2113,0.1800198411798967,0,0,0,14,0,4.607578462685307e-05,0,Low
2,0,1,1,35,1362,16,88134,618,1958,0.1145043010340831,0,0,1,7,0,4.607578462685307e-05,0,Low
1,0,0,2,11,2305,7,83633,552,2268,0.1004374497593307,0,0,1,8,0,4.607578462685307e-05,0,Low
4,2,1,1,28,1910,2,85374,606,1969,0.1206355194231348,0,0,1,14,0,4.607578462685307e-05,0,Low
0,0,1,0,31,3453,11,94866,691,1265,0.0816890032310641,0,0,1,0,0,4.607578462685307e-05,0,Low
2,1,0,1,33,2608,8,86582,543,2572,0.1225271385682245,0,0,1,11,0,4.607578462685307e-05,0,Low
2,0,1,0,3,1707,14,91065,549,2795,0.1385984173701144,0,0,1,12,0,4.607578462685307e-05,0,Low
1,0,0,1,30,952,3,96441,650,1314,0.113838779187918,0,0,1,13,0,4.607578462685307e-05,0,Low
3,0,1,1,6,1296,3,76437,533,2507,0.1393588941276558,0,0,1,8,0,4.607578462685307e-05,0,Low
1,1,1,1,9,1924,0,96924,561,1414,0.1277476700659288,0,0,0,8,0,4.607578462685307e-05,0,Low
0,1,0,0,11,1145,6,76289,719,2821,0.1887375062933492,0,0,1,9,0,4.607578462685307e-05,0,Low
4,1,1,1,15,2993,15,97651,561,1009,0.1672048052641872,0,0,1,11,0,4.607578462685307e-05,0,Low
0,1,0,1,39,1805,12,94905,612,2850,0.1121573717927319,0,0,1,5,0,4.607578462685307e-05,0,Low
1,1,1,2,1,2658,0,83768,731,2303,0.1021364144066539,0,0,1,3,0,4.607578462685307e-05,0,Low
1,0,1,0,9,1752,7,74574,690,2822,0.1780087182699745,0,0,1,14,0,4.607578462685307e-05,0,Low
0,0,0,3,7,2818,20,88105,626,5253,0.0916938460772812,0,0,0,13,0,4.607578462685307e-05,0,Low
2,2,1,0,38,2302,2,90479,566,3009,0.1647025977281598,0,0,1,0,0,4.607578462685307e-05,0,Low
1,0,0,1,26,3175,2,78854,659,2599,0.1753057073221405,0,1,0,8,0,4.607578462685307e-05,0,Low
1,2,0,0,7,1461,16,77973,546,1256,0.1171683271107929,0,0,1,1,0,4.607578462685307e-05,0,Low
4,1,0,1,0,1635,5,88689,732,1579,0.1576524666576846,0,0,0,7,0,4.607578462685307e-05,0,Low
2,4,0,1,5,1722,7,80261,508,5598,0.0955504810502305,0,0,0,0,0,4.5451638321551346e-05,0,Low
2,2,0,0,25,2767,24,88987,546,1103,0.1327146989936904,1,0,0,11,0,4.199738376953567e-05,0,Low
4,1,0,1,26,2639,20,98423,514,1588,0.1812262687549058,1,0,1,6,0,4.199738376953567e-05,0,Low
2,0,1,2,31,3203,21,98382,526,1844,0.089406506965684,1,0,1,2,0,4.199738376953567e-05,0,Low
5,1,0,2,8,1152,23,91636,635,1590,0.1348858493740314,1,0,1,5,0,4.199738376953567e-05,0,Low
2,1,0,2,2,1498,22,98176,601,1445,0.1414712593329303,1,0,0,13,0,4.199738376953567e-05,0,Low
1,0,1,2,14,3168,20,89281,581,2063,0.1870815134421549,1,0,1,0,0,4.199738376953567e-05,0,Low
1,2,0,1,38,1311,23,89984,606,1411,0.142674401312091,1,0,1,2,0,4.199738376953567e-05,0,Low
5,0,1,1,23,2388,24,92756,631,1859,0.1639929925312069,0,0,1,11,0,4.199738376953567e-05,0,Low
1,1,0,1,25,2498,23,99019,680,2489,0.1302727708283511,1,0,0,2,0,4.199738376953567e-05,0,Low
2,2,0,0,29,1035,23,98322,618,2377,0.0830260604851702,1,0,1,10,0,4.199738376953567e-05,0,Low
3,0,1,1,14,2903,22,88918,596,1276,0.1287797932141504,1,0,1,9,0,4.199738376953567e-05,0,Low
1,0,0,0,34,2455,21,91100,502,1750,0.1502445748121386,1,0,0,7,0,4.199738376953567e-05,0,Low
4,2,1,0,33,855,21,89972,599,1723,0.1565423579588208,1,0,1,2,0,4.199738376953567e-05,0,Low
3,1,0,1,11,1018,20,91685,641,1182,0.0891554989035102,1,0,1,7,0,4.199738376953567e-05,0,Low
2,2,0,2,9,2197,20,94006,614,2115,0.1437711968644694,1,0,0,11,0,4.199738376953567e-05,0,Low
1,2,0,0,31,1496,22,91427,560,1417,0.1381246163882773,1,0,1,13,0,4.199738376953567e-05,0,Low
1,1,1,1,17,1861,0,30533,647,4554,0.1776832496977057,0,0,1,6,0,3.857111469049082e-05,0,Low
1,2,1,1,17,3230,12,38359,565,4951,0.1084779128171678,0,0,1,13,0,3.857111469049082e-05,0,Low
2,0,0,0,19,2049,8,56923,515,3290,0.1464274841595959,0,0,0,10,0,3.857111469049082e-05,0,Low
3,0,0,0,18,2972,6,69944,588,5406,0.1598190025092543,1,0,1,9,0,3.857111469049082e-05,0,Low
4,2,0,0,16,1772,9,35836,712,4164,0.1683055723562623,0,0,0,14,0,3.857111469049082e-05,0,Low
1,1,1,1,19,1001,15,32064,591,4034,0.0920641930771733,1,0,1,1,0,3.857111469049082e-05,0,Low
3,2,1,0,19,2923,9,52251,520,4029,0.213787823317461,0,0,1,11,0,3.857111469049082e-05,0,Low
1,0,0,0,18,2243,6,46437,663,3123,0.0852557519204622,1,0,1,4,0,3.857111469049082e-05,0,Low
1,1,0,0,17,1584,6,36402,664,4169,0.1322681353175481,0,0,1,13,0,3.857111469049082e-05,0,Low
4,0,1,1,19,2518,12,50883,542,5574,0.1835021922229506,0,0,1,11,0,3.857111469049082e-05,0,Low
3,1,0,1,19,1168,5,72144,627,3353,0.0904727847830242,1,0,0,5,0,3.857111469049082e-05,0,Low
0,1,0,1,22,2567,0,36864,617,4818,0.1618529781697674,0,0,1,10,0,3.857111469049082e-05,0,Low
1,0,1,0,21,2474,2,35828,682,4499,0.0858456522058505,0,0,1,7,0,3.857111469049082e-05,0,Low
3,0,0,0,20,1436,9,55485,520,5811,0.1016942391670161,1,1,1,1,0,3.857111469049082e-05,0,Low
2,1,1,1,17,3104,10,48947,511,4999,0.122071235000052,0,0,1,13,0,3.857111469049082e-05,0,Low
2,1,1,0,16,2051,8,91279,671,3502,0.1872999988362697,1,0,1,0,0,3.857111469049082e-05,0,Low
0,0,0,1,20,1124,19,53373,506,4021,0.0888470179305924,0,0,1,1,0,3.857111469049082e-05,0,Low
1,1,0,1,20,2996,18,31337,641,3188,0.1755572703342233,1,0,1,4,0,3.857111469049082e-05,0,Low
2,1,1,0,22,1437,1,67092,645,5925,0.166403268537534,1,0,1,7,0,3.857111469049082e-05,0,Low
2,2,1,1,18,1608,4,62161,569,3734,0.1923590010490877,0,0,1,7,0,3.857111469049082e-05,0,Low
2,0,0,1,18,2786,6,91908,558,3805,0.196953326684983,1,0,1,7,0,3.857111469049082e-05,0,Low
0,2,0,1,21,1035,1,59720,579,3869,0.2062618204022858,1,0,1,5,0,3.857111469049082e-05,0,Low
1,1,1,0,16,1868,7,69673,704,5102,0.1466393516912215,0,0,1,7,0,3.857111469049082e-05,0,Low
1,0,0,1,19,2785,5,57831,554,4496,0.2148191122013646,0,0,1,6,0,3.857111469049082e-05,0,Low
2,0,0,1,19,962,12,64239,708,5748,0.1288673408978918,0,0,1,11,0,3.857111469049082e-05,0,Low
3,1,1,1,16,1680,6,82852,526,3316,0.1240165988271164,1,0,1,0,0,3.857111469049082e-05,0,Low
1,1,1,0,16,906,3,58576,597,5193,0.1340703598100808,0,0,1,3,0,3.857111469049082e-05,0,Low
2,1,1,0,16,1656,7,52015,672,5910,0.0970172223321592,0,0,1,9,0,3.857111469049082e-05,0,Low
3,1,1,1,21,3254,11,49798,626,5179,0.1861241808458535,1,0,1,0,0,3.857111469049082e-05,0,Low
0,0,0,1,18,2271,6,66102,748,3961,0.1540090834263376,0,0,1,14,0,3.857111469049082e-05,0,Low
2,1,0,0,22,2056,0,58907,575,5837,0.208747612055372,1,0,0,10,0,3.857111469049082e-05,0,Low
0,2,1,1,20,2808,15,41635,678,3969,0.172218055395259,1,0,0,12,0,3.857111469049082e-05,0,Low
2,1,0,1,20,1027,6,52731,519,3593,0.1199507334754078,0,0,1,11,0,3.857111469049082e-05,0,Low
3,1,0,0,21,3342,17,56510,614,3603,0.0896777803699106,0,0,1,6,0,3.857111469049082e-05,0,Low
3,0,0,0,22,3107,0,63795,686,3265,0.1097039784822781,0,0,0,0,0,3.857111469049082e-05,0,Low
3,2,0,1,22,3333,7,91800,633,3216,0.1224265312707743,1,0,0,8,0,3.857111469049082e-05,0,Low
3,0,1,1,21,3492,3,75882,531,4436,0.0972298072183057,1,0,1,8,0,3.857111469049082e-05,0,Low
4,0,0,1,16,1632,16,57601,630,3772,0.1105187256168068,0,0,1,13,0,3.857111469049082e-05,0,Low
0,1,1,1,17,1086,2,67531,564,3206,0.1689174591800167,0,0,1,2,0,3.857111469049082e-05,0,Low
1,2,0,1,16,1905,24,72799,549,4012,0.1342764050334671,0,0,0,6,0,3.857111469049082e-05,0,Low
1,1,0,1,18,1914,3,35316,698,4531,0.2193135147111594,0,0,1,5,0,3.857111469049082e-05,0,Low
2,2,0,1,17,1613,4,90168,641,3752,0.1909481096153095,1,0,1,9,0,3.857111469049082e-05,0,Low
1,2,1,1,16,3445,14,86244,521,5593,0.137708781106461,1,0,1,8,0,3.857111469049082e-05,0,Low
3,0,0,1,18,2713,8,44480,537,3452,0.1142882019184204,1,0,1,8,0,3.857111469049082e-05,0,Low
1,2,0,0,16,2217,10,41452,641,5982,0.0817455668179414,1,0,1,10,0,3.857111469049082e-05,0,Low
1,0,1,0,19,1436,9,38271,684,4246,0.1454544989260769,0,1,1,12,0,3.857111469049082e-05,0,Low
3,0,0,0,16,2441,0,41485,702,4742,0.0984849687198616,0,0,1,13,0,3.857111469049082e-05,0,Low
0,1,1,0,16,2423,14,70709,531,4473,0.1066724306811672,0,0,0,9,0,3.857111469049082e-05,0,Low
2,1,1,1,16,3028,16,67157,542,4859,0.0996712781299395,1,0,1,4,0,3.857111469049082e-05,0,Low
2,1,2,0,18,3380,6,33398,521,4552,0.1848283463234136,1,0,1,9,0,3.857111469049082e-05,0,Low
1,0,1,1,20,2062,4,34884,503,4808,0.1138249599000859,0,0,1,12,0,3.857111469049082e-05,0,Low
2,0,0,0,17,2693,2,50051,530,4162,0.1119757962085099,0,0,1,9,0,3.857111469049082e-05,0,Low
0,0,0,0,22,3437,4,53870,530,5306,0.1498809525781946,0,0,1,0,0,3.857111469049082e-05,0,Low
1,2,0,1,16,2746,24,66154,711,3598,0.1164635133661233,0,0,1,9,0,3.857111469049082e-05,0,Low
0,1,0,1,16,2057,19,57825,743,4450,0.1625193144864944,0,0,1,4,0,3.857111469049082e-05,0,Low
4,2,1,0,16,2692,3,40682,579,3774,0.0953131974976141,0,0,0,13,0,3.857111469049082e-05,0,Low
0,1,0,0,21,3098,7,45966,547,3198,0.1478858171954253,0,0,1,7,0,3.857111469049082e-05,0,Low
1,1,0,1,17,968,4,38592,515,5974,0.0831128737046963,0,0,1,2,0,3.857111469049082e-05,0,Low
4,1,0,0,20,1626,23,33148,513,4006,0.0919183151964186,0,0,1,11,0,3.857111469049082e-05,0,Low
1,1,0,1,17,2644,16,45561,523,3711,0.121801034526582,0,0,1,7,0,3.857111469049082e-05,0,Low
0,1,0,1,22,1718,3,55935,737,3353,0.1216783832168901,0,0,0,8,0,3.857111469049082e-05,0,Low
2,0,1,0,16,1697,22,53586,615,4139,0.0861124698484447,0,0,1,10,0,3.857111469049082e-05,0,Low
0,1,1,0,21,2307,7,44190,507,5413,0.1394539084475457,0,0,0,11,0,3.857111469049082e-05,0,Low
2,1,1,1,17,3337,3,38307,623,3871,0.0869858092440419,0,0,1,11,0,3.857111469049082e-05,0,Low
2,0,1,0,17,1280,4,86373,656,3129,0.1712031905028192,1,0,1,9,0,3.857111469049082e-05,0,Low
3,1,1,1,16,1467,13,56155,584,4094,0.1631685617848958,0,1,1,4,0,3.857111469049082e-05,0,Low
2,0,1,1,19,1144,11,69001,695,4518,0.1483992750562217,0,0,1,5,0,3.857111469049082e-05,0,Low
3,1,0,1,17,997,7,78158,512,5393,0.1089551117991838,1,1,1,2,0,3.857111469049082e-05,0,Low
2,2,1,0,16,3198,3,42220,633,3779,0.1927051628594587,0,0,1,3,0,3.857111469049082e-05,0,Low
4,1,0,1,19,1350,6,36224,702,3909,0.1010089801361991,0,0,1,8,0,3.857111469049082e-05,0,Low
1,1,0,1,17,1139,7,44129,650,5146,0.2033254124777196,0,0,1,0,0,3.857111469049082e-05,0,Low
1,0,1,0,19,1803,12,50005,588,5650,0.1016609974320504,0,0,0,4,0,3.857111469049082e-05,0,Low
2,1,1,0,16,2638,4,61215,688,3212,0.143982916543937,0,0,1,8,0,3.857111469049082e-05,0,Low
0,0,0,1,22,2206,18,76908,541,4073,0.1166326932107043,1,0,0,13,0,3.857111469049082e-05,0,Low
3,0,0,1,21,1421,7,73385,676,5706,0.1008627619859189,0,0,1,12,0,3.857111469049082e-05,0,Low
3,2,0,0,22,1182,5,56560,515,3451,0.2098471979624188,0,0,1,2,0,3.857111469049082e-05,0,Low
1,2,0,0,21,1101,8,75828,543,4215,0.1585415583436051,1,0,0,2,0,3.857111469049082e-05,0,Low
2,0,0,1,22,2536,6,59251,646,4853,0.1092711314324103,0,0,1,9,0,3.857111469049082e-05,0,Low
0,2,0,0,16,910,21,57664,589,4309,0.1543012539667818,0,0,1,2,0,3.857111469049082e-05,0,Low
4,1,0,1,17,2267,2,62252,575,4091,0.1628442128864014,0,0,1,4,0,3.857111469049082e-05,0,Low
2,1,1,0,20,2260,19,57122,619,4126,0.087012052798506,0,0,1,14,0,3.857111469049082e-05,0,Low
3,0,1,1,17,1713,7,63075,738,4698,0.1507518801730709,0,0,1,7,0,3.857111469049082e-05,0,Low
1,2,0,0,19,1416,12,60254,587,3218,0.1698452355060361,0,0,1,13,0,3.857111469049082e-05,0,Low
0,2,0,1,16,2519,15,72453,652,4776,0.1384051174331403,0,0,0,1,0,3.857111469049082e-05,0,Low
2,2,1,0,19,2651,1,66557,726,3776,0.1866974060419505,0,0,1,6,0,3.857111469049082e-05,0,Low
2,1,0,1,19,1320,19,45175,706,4093,0.1542099831021774,0,1,1,14,0,3.857111469049082e-05,0,Low
1,2,0,0,18,2817,13,61380,543,3546,0.1753189155424088,0,0,1,7,0,3.857111469049082e-05,0,Low
1,0,0,1,21,1072,3,61644,673,4469,0.0937633789382679,0,0,1,10,0,3.857111469049082e-05,0,Low
2,0,1,1,20,2845,11,89323,517,4827,0.1148333564785069,1,0,1,7,0,3.857111469049082e-05,0,Low
1,0,0,0,16,2547,7,30645,687,5531,0.1998102015163577,0,0,1,0,0,3.857111469049082e-05,0,Low
1,1,1,1,21,2447,11,40785,692,3322,0.1874842207669998,0,0,1,2,0,3.857111469049082e-05,0,Low
4,1,0,0,22,3025,4,85528,538,3427,0.1073112686853648,1,1,1,1,0,3.857111469049082e-05,0,Low
0,1,0,0,16,2100,18,37046,688,4043,0.1652242130040935,0,0,0,10,0,3.857111469049082e-05,0,Low
4,1,0,1,21,2086,14,44407,540,3270,0.1596784793727284,0,0,1,7,0,3.857111469049082e-05,0,Low
1,1,1,0,16,806,9,42370,523,3673,0.1663871746902852,0,0,1,2,0,3.857111469049082e-05,0,Low
0,1,1,0,16,2156,1,59410,508,5023,0.1750306953023404,0,0,0,9,0,3.857111469049082e-05,0,Low
4,0,0,1,21,2876,10,63918,690,4895,0.0898250285485031,0,0,1,2,0,3.857111469049082e-05,0,Low
3,0,0,0,18,2216,8,53068,737,5398,0.2088779147346988,0,0,1,13,0,3.857111469049082e-05,0,Low
1,1,0,1,16,3335,19,68282,696,4319,0.1221306477339797,0,0,0,14,0,3.857111469049082e-05,0,Low
1,1,0,1,22,1922,14,31653,527,3462,0.0814003318068705,0,0,1,4,0,3.857111469049082e-05,0,Low
1,1,0,0,18,2362,1,34466,676,3979,0.1895730968618593,0,0,1,8,0,3.857111469049082e-05,0,Low
1,1,0,1,21,2041,3,44534,555,5725,0.1451525476371446,0,0,1,3,0,3.857111469049082e-05,0,Low
4,0,0,0,16,1758,13,57004,549,5863,0.1053148014547691,0,0,0,2,0,3.857111469049082e-05,0,Low
2,2,1,1,16,2361,20,77715,538,4712,0.1850161550440565,1,0,1,11,0,3.857111469049082e-05,0,Low
4,2,1,0,16,1773,10,62348,696,5882,0.1016673709742246,0,0,1,14,0,3.857111469049082e-05,0,Low
4,0,1,1,19,861,1,43260,617,4165,0.0868361346548513,0,0,1,6,0,3.857111469049082e-05,0,Low
1,2,1,1,21,2894,3,39625,513,3183,0.1280527331546474,1,0,1,10,0,3.857111469049082e-05,0,Low
3,0,0,0,22,1230,0,54501,642,4132,0.1459666639012372,1,0,0,5,0,3.857111469049082e-05,0,Low
0,0,0,1,21,1760,5,47243,588,5751,0.1116508048883681,0,0,1,1,0,3.857111469049082e-05,0,Low
2,0,1,0,21,1233,22,63220,665,3243,0.0868800217107895,0,0,1,4,0,3.857111469049082e-05,0,Low
2,0,1,1,20,2995,11,52787,572,5426,0.1667834302194082,1,0,1,7,0,3.857111469049082e-05,0,Low
3,2,1,0,16,2685,3,58982,553,4995,0.1947319691220396,0,1,1,5,0,3.857111469049082e-05,0,Low
0,1,1,1,18,1644,9,72476,695,4743,0.197984969219952,0,0,1,0,0,3.857111469049082e-05,0,Low
1,1,0,1,21,1726,0,71639,735,4219,0.1816034717685484,0,0,1,4,0,3.857111469049082e-05,0,Low
3,2,0,0,16,1791,13,78668,600,3506,0.1098640120471769,1,0,1,9,0,3.857111469049082e-05,0,Low
2,1,0,0,16,1128,1,74333,582,4421,0.0942347863598196,1,0,1,8,0,3.857111469049082e-05,0,Low
4,0,0,0,18,2811,1,35257,582,4995,0.1965988530380495,0,1,0,14,0,3.857111469049082e-05,0,Low
2,1,0,1,19,3123,22,49619,717,3346,0.1020550730835581,0,1,1,1,0,3.857111469049082e-05,0,Low
2,0,1,0,17,3091,7,36299,526,3586,0.1005712595710828,0,0,1,11,0,3.857111469049082e-05,0,Low
1,0,0,0,18,3122,5,71006,616,4661,0.1949613271461353,0,0,1,3,0,3.857111469049082e-05,0,Low
0,0,0,0,18,2993,6,62144,616,3228,0.1949273283137885,0,0,1,8,0,3.857111469049082e-05,0,Low
1,0,1,0,21,3454,5,34189,637,5037,0.1103724922119803,0,0,1,2,0,3.857111469049082e-05,0,Low
3,2,0,0,17,1082,8,57691,673,4432,0.179474748952493,1,0,1,1,0,3.857111469049082e-05,0,Low
2,0,1,0,16,1505,21,31974,600,5302,0.1273956353171002,0,0,1,2,0,3.857111469049082e-05,0,Low
4,2,1,1,19,3165,3,34943,506,5876,0.1522522712810965,1,0,1,8,0,3.857111469049082e-05,0,Low
2,1,1,1,19,1557,0,75625,663,5191,0.1188878813075767,1,0,1,9,0,3.857111469049082e-05,0,Low
4,1,1,1,16,3327,11,65303,604,3613,0.1878089093651688,0,0,1,3,0,3.857111469049082e-05,0,Low
2,1,1,0,20,2903,8,59679,542,5491,0.1977522149221802,0,0,1,11,0,3.857111469049082e-05,0,Low
3,1,0,1,17,1390,4,49198,596,4056,0.203436743222032,0,0,1,3,0,3.857111469049082e-05,0,Low
3,0,1,1,20,2853,3,45946,554,4105,0.1554146248081034,0,0,0,12,0,3.857111469049082e-05,0,Low
2,0,0,0,18,1883,7,34703,568,4140,0.1667928087471408,0,0,1,4,0,3.857111469049082e-05,0,Low
3,0,0,0,17,1308,7,42377,693,3521,0.1892470905263129,0,0,1,6,0,3.857111469049082e-05,0,Low
1,1,0,1,16,2459,11,37303,584,5111,0.1052072568696885,1,0,1,11,0,3.857111469049082e-05,0,Low
2,2,0,0,16,2440,3,94660,527,3959,0.1995895016000407,1,1,1,11,0,3.857111469049082e-05,0,Low
1,2,0,1,22,2064,22,53391,741,3255,0.0947402454793937,0,0,0,6,0,3.857111469049082e-05,0,Low
0,2,0,0,18,3208,18,55485,537,3254,0.1285268797329309,0,0,1,8,0,3.857111469049082e-05,0,Low
3,1,0,0,16,2883,22,37559,636,5790,0.148618348258606,0,0,0,10,0,3.857111469049082e-05,0,Low
1,0,2,1,17,1267,1,46751,565,3169,0.1824142972932121,1,0,1,7,0,3.857111469049082e-05,0,Low
2,1,0,0,22,2787,2,55916,558,4121,0.2146317556838793,0,0,1,5,0,3.857111469049082e-05,0,Low
1,2,0,1,17,3460,7,36026,568,4988,0.2059285909138211,0,1,1,3,0,3.857111469049082e-05,0,Low
2,0,0,1,19,1691,1,81839,588,3698,0.176140369010807,1,0,1,4,0,3.857111469049082e-05,0,Low
0,0,2,0,22,2238,13,34819,595,4792,0.1578514000361734,1,0,1,10,0,3.857111469049082e-05,0,Low
2,0,0,0,19,980,6,64897,722,3888,0.2168104546903859,0,0,0,7,0,3.857111469049082e-05,0,Low
0,1,0,1,16,945,7,45274,660,3963,0.2051495167231536,0,1,1,7,0,3.857111469049082e-05,0,Low
2,0,0,1,22,3098,11,40282,638,5380,0.1326523869424372,0,0,0,1,0,3.857111469049082e-05,0,Low
0,1,1,0,16,818,21,40385,538,4490,0.0802554237192695,0,0,1,7,0,3.857111469049082e-05,0,Low
4,2,0,0,20,2168,2,56704,514,5090,0.1006747060718457,0,0,1,0,0,3.857111469049082e-05,0,Low
0,1,1,1,21,2480,8,46691,631,3193,0.0871389550225828,1,0,1,8,0,3.857111469049082e-05,0,Low
2,1,0,0,20,1178,7,37556,724,5412,0.1065743236915212,0,0,1,11,0,3.857111469049082e-05,0,Low
1,0,0,1,20,1640,13,38523,706,3822,0.186073066008745,0,0,1,5,0,3.857111469049082e-05,0,Low
1,2,0,1,16,1848,14,49846,554,4024,0.1266481811544,1,0,1,6,0,3.857111469049082e-05,0,Low
2,1,0,0,17,2184,0,44230,731,4594,0.2131401865277715,0,0,1,4,0,3.857111469049082e-05,0,Low
1,0,0,1,22,960,1,46551,572,3702,0.1009474272359795,0,0,1,11,0,3.857111469049082e-05,0,Low
2,2,1,1,19,2264,6,54076,532,3292,0.1352570327610207,0,0,1,5,0,3.857111469049082e-05,0,Low
0,0,0,1,18,954,11,89718,531,4464,0.1765082083208914,1,0,1,1,0,3.857111469049082e-05,0,Low
2,0,1,0,22,3399,17,73376,528,3677,0.1738197276171246,1,0,1,1,0,3.857111469049082e-05,0,Low
1,0,0,0,16,985,15,80997,646,5214,0.2042710451292704,1,0,1,6,0,3.857111469049082e-05,0,Low
2,0,0,1,18,906,15,72165,554,3617,0.1248113423347755,0,0,1,11,0,3.857111469049082e-05,0,Low
1,1,1,0,18,2867,22,70106,715,3888,0.1309813646320254,0,0,1,11,0,3.857111469049082e-05,0,Low
2,2,0,1,20,1608,4,92289,604,5296,0.1530881797534878,1,0,1,14,0,3.857111469049082e-05,0,Low
1,1,0,0,17,2715,11,37444,650,5221,0.1672160572817371,0,0,1,1,0,3.857111469049082e-05,0,Low
1,0,0,1,18,2261,8,51611,731,4630,0.1519314434307876,0,0,0,14,0,3.857111469049082e-05,0,Low
0,2,0,1,22,3232,2,69159,504,3614,0.1312064591421055,0,0,0,1,0,3.857111469049082e-05,0,Low
1,0,0,1,18,2980,6,41229,625,4344,0.1440091309218678,0,0,1,3,0,3.857111469049082e-05,0,Low
3,2,0,0,16,920,17,55516,509,4294,0.1049221530959242,0,1,1,3,0,3.857111469049082e-05,0,Low
1,2,0,1,20,2667,9,70193,620,4009,0.2181768180345978,0,0,1,1,0,3.857111469049082e-05,0,Low
1,1,0,0,16,2755,18,50331,518,4455,0.0878041547987922,0,0,1,0,0,3.857111469049082e-05,0,Low
4,1,0,0,18,2669,1,33261,621,4935,0.1509525872155235,0,0,1,6,0,3.857111469049082e-05,0,Low
4,1,0,0,19,2874,2,60197,546,5164,0.1986067940219286,0,0,1,7,0,3.857111469049082e-05,0,Low
0,2,1,1,19,840,11,69444,646,4691,0.1497006284873463,0,0,1,2,0,3.857111469049082e-05,0,Low
2,2,0,0,16,3033,16,87538,564,3313,0.1196389811865706,1,0,1,2,0,3.857111469049082e-05,0,Low
1,1,0,1,19,2606,1,57090,662,3983,0.1815165665189073,1,0,1,5,0,3.857111469049082e-05,0,Low
2,0,1,1,20,1217,9,61786,627,3743,0.1305999743715447,0,0,1,2,0,3.857111469049082e-05,0,Low
1,1,2,1,18,1167,20,53912,646,3703,0.1466920761820112,1,0,1,13,0,3.857111469049082e-05,0,Low
1,1,0,1,22,3039,7,66436,538,3264,0.1879552346926448,0,0,1,10,0,3.857111469049082e-05,0,Low
1,1,0,0,21,1822,7,56423,522,4101,0.2074076709922805,0,0,1,1,0,3.857111469049082e-05,0,Low
3,0,0,1,20,2457,4,78673,605,5609,0.158761228487471,1,0,1,2,0,3.857111469049082e-05,0,Low
2,0,0,0,16,2121,9,44197,604,5429,0.2074009994940784,0,0,1,10,0,3.857111469049082e-05,0,Low
1,2,1,1,21,2491,3,35194,703,3983,0.1772361385266155,0,0,0,5,0,3.857111469049082e-05,0,Low
1,1,0,0,18,1418,3,43865,525,5178,0.2075781313547259,0,0,1,4,0,3.857111469049082e-05,0,Low
0,1,1,0,17,3387,4,58829,731,4571,0.1326798557167892,0,0,1,0,0,3.857111469049082e-05,0,Low
1,2,0,1,17,1519,1,69869,666,5581,0.082067471008776,0,0,0,0,0,3.857111469049082e-05,0,Low
3,2,0,0,18,3112,12,74126,565,4349,0.1283924690622246,0,0,1,10,0,3.857111469049082e-05,0,Low
1,1,1,0,18,1927,9,70415,681,5776,0.0860095738582599,0,0,1,14,0,3.857111469049082e-05,0,Low
1,1,0,1,19,1432,3,44827,642,5751,0.1659965024420298,0,0,1,0,0,3.857111469049082e-05,0,Low
2,1,1,0,18,1711,10,39857,504,5578,0.161941736154604,1,0,1,5,0,3.857111469049082e-05,0,Low
1,0,0,1,22,1847,5,78660,595,4337,0.1872530716961719,1,0,1,2,0,3.857111469049082e-05,0,Low
2,0,0,1,17,1563,10,42942,593,3731,0.0892248059075222,1,0,0,1,0,3.857111469049082e-05,0,Low
4,1,1,1,20,2046,0,33863,666,3258,0.2108037996123228,0,0,1,13,0,3.857111469049082e-05,0,Low
1,1,0,1,18,2966,1,64826,502,5393,0.086651642400804,0,0,1,11,0,3.857111469049082e-05,0,Low
0,1,0,1,17,1370,6,69912,710,4165,0.1278302913212088,0,1,1,13,0,3.857111469049082e-05,0,Low
2,0,1,1,17,2893,21,69209,694,3168,0.1010369667835194,0,0,1,3,0,3.857111469049082e-05,0,Low
1,1,0,1,20,3462,9,45100,579,4679,0.0887960612415367,0,0,0,2,0,3.857111469049082e-05,0,Low
0,1,0,0,20,2512,9,48201,666,3620,0.19805243926965,0,0,1,14,0,3.857111469049082e-05,0,Low
4,0,1,1,16,2021,12,54337,640,5093,0.1403256712099174,1,0,1,9,0,3.857111469049082e-05,0,Low
3,0,1,1,16,1583,7,42369,631,5135,0.1389411768983511,0,0,1,2,0,3.857111469049082e-05,0,Low
2,1,1,0,21,3063,11,40385,510,3612,0.1125285757695306,0,0,1,0,0,3.857111469049082e-05,0,Low
4,0,1,1,17,2221,7,45316,720,3547,0.1787331074988747,0,0,1,4,0,3.857111469049082e-05,0,Low
0,0,0,0,16,2526,2,45942,594,4186,0.1168416591119536,0,0,1,7,0,3.857111469049082e-05,0,Low
4,2,0,0,21,1968,1,72135,651,5385,0.1550099324370116,0,0,0,8,0,3.857111469049082e-05,0,Low
1,0,0,1,20,1679,12,66905,604,4944,0.1132608979895057,0,0,1,14,0,3.857111469049082e-05,0,Low
1,1,1,0,21,3213,4,49703,533,3910,0.1975002406741841,0,0,1,9,0,3.857111469049082e-05,0,Low
2,0,1,0,18,2162,11,53034,571,4449,0.2137870548626665,0,0,1,13,0,3.857111469049082e-05,0,Low
2,1,0,1,16,3197,18,68222,519,4625,0.094789484979895,0,0,0,1,0,3.857111469049082e-05,0,Low
2,0,0,1,20,1691,7,35489,623,3572,0.1687891393625158,0,0,1,10,0,3.857111469049082e-05,0,Low
2,0,0,1,16,2372,6,40805,563,3935,0.2122907745554018,0,0,1,9,0,3.857111469049082e-05,0,Low
1,0,1,1,17,3400,7,65461,581,4067,0.1246743550438987,0,0,1,7,0,3.857111469049082e-05,0,Low
2,3,1,1,21,1577,22,67243,575,1925,0.0805037342345915,0,1,0,9,0,3.766827639230822e-05,0,Low
0,3,0,1,16,3245,18,65054,578,1825,0.0847740435951692,0,0,1,3,0,3.766827639230822e-05,0,Low
3,3,1,2,17,1116,11,45739,517,1189,0.1463476572276739,0,0,0,9,0,3.766827639230822e-05,0,Low
2,3,0,2,19,1819,23,71808,737,2508,0.0855328473760592,0,0,1,2,0,3.766827639230822e-05,0,Low
1,3,1,0,17,2180,4,45065,612,2029,0.085085242313875,0,0,1,9,0,3.766827639230822e-05,0,Low
2,3,0,2,20,1944,15,47334,564,2777,0.1409209749980901,0,0,1,1,0,3.766827639230822e-05,0,Low
2,3,0,2,21,2116,8,67170,572,1372,0.2059230656642161,0,0,1,6,0,3.766827639230822e-05,0,Low
1,3,1,0,16,2535,0,31594,515,2308,0.0819694199860196,0,0,1,9,0,3.766827639230822e-05,0,Low
3,3,0,1,19,838,8,52946,665,1581,0.1313572821711575,0,0,1,10,0,3.766827639230822e-05,0,Low
2,3,0,2,22,2342,8,48451,616,2371,0.1268933314874437,0,0,1,8,0,3.766827639230822e-05,0,Low
0,3,0,1,16,2703,9,47857,516,2762,0.1910780349977783,0,0,1,7,0,3.766827639230822e-05,0,Low
3,3,0,1,16,1513,16,56521,509,1760,0.1308649644563314,0,0,1,2,0,3.766827639230822e-05,0,Low
0,3,0,2,21,1677,15,44274,529,2329,0.129432794056318,0,0,1,14,0,3.766827639230822e-05,0,Low
3,3,0,1,1,1438,6,47292,689,5818,0.0985904021636529,0,0,1,13,0,3.5179681738482286e-05,0,Low
1,3,0,1,2,2533,23,38033,539,5178,0.1497341391460326,0,0,0,0,0,3.5179681738482286e-05,0,Low
1,3,0,1,10,2603,6,40240,508,3324,0.0847967027638996,0,0,1,1,0,3.5179681738482286e-05,0,Low
3,3,1,0,2,1571,14,70155,546,3893,0.1581710696971986,0,0,1,1,0,3.5179681738482286e-05,0,Low
2,3,1,1,14,2974,11,42424,725,3750,0.1627484558197,0,0,1,12,0,3.5179681738482286e-05,0,Low
1,3,1,0,13,2934,4,48966,622,3175,0.1771291953680252,0,0,0,4,0,3.5179681738482286e-05,0,Low
1,3,1,0,7,1056,21,38349,521,3218,0.1538877803150214,0,0,1,12,0,3.5179681738482286e-05,0,Low
3,3,0,0,10,2321,0,44056,620,5608,0.198528653218495,0,0,0,6,0,3.5179681738482286e-05,0,Low
4,3,0,1,4,1455,18,32234,625,4054,0.1824047429925422,0,0,1,9,0,3.5179681738482286e-05,0,Low
1,3,1,1,8,869,4,52722,743,5331,0.1844746666666693,0,0,0,1,0,3.5179681738482286e-05,0,Low
3,3,0,0,10,1383,6,62276,627,3859,0.1315897507691106,0,0,1,9,0,3.5179681738482286e-05,0,Low
3,3,0,0,7,1334,5,62532,632,3757,0.1037841601421084,0,0,1,2,0,3.5179681738482286e-05,0,Low
0,3,1,0,12,2344,6,73889,725,4019,0.0902785827816158,0,0,1,1,0,3.5179681738482286e-05,0,Low
0,3,1,1,4,1208,4,73126,618,5403,0.1566077510210007,0,0,1,12,0,3.5179681738482286e-05,0,Low
2,3,1,1,10,2796,3,72149,558,5554,0.1560019317275374,0,0,1,7,0,3.5179681738482286e-05,0,Low
2,3,1,1,4,1549,4,32621,542,3124,0.1886522340781782,0,0,1,12,0,3.5179681738482286e-05,0,Low
3,3,1,0,0,2862,22,41664,557,4175,0.1286176843513266,0,0,0,9,0,3.5179681738482286e-05,0,Low
0,3,1,0,13,2835,21,63430,587,5384,0.0894852862600089,0,0,1,7,0,3.5179681738482286e-05,0,Low
1,3,1,0,5,3462,8,61807,594,5258,0.1142568176482197,0,0,1,3,0,3.5179681738482286e-05,0,Low
0,3,1,0,13,1358,21,63826,546,3427,0.1205961397196901,0,0,1,13,0,3.5179681738482286e-05,0,Low
2,3,1,0,10,3173,2,67737,716,3522,0.0817185079007306,0,0,1,8,0,3.5179681738482286e-05,0,Low
1,3,0,1,3,1061,15,45650,546,3136,0.2095860417613763,0,0,1,14,0,3.5179681738482286e-05,0,Low
2,3,0,1,1,1849,17,69233,539,5226,0.1992507276199898,0,0,1,8,0,3.5179681738482286e-05,0,Low
2,3,0,1,10,2035,3,34600,599,5643,0.0910735944528876,0,0,1,6,0,3.5179681738482286e-05,0,Low
0,3,0,1,0,963,5,49374,502,3994,0.1662176666611805,0,0,1,0,0,3.5179681738482286e-05,0,Low
1,3,0,0,1,3135,0,45530,731,3255,0.2100464316996389,0,0,1,3,0,3.5179681738482286e-05,0,Low
2,3,0,0,14,1216,2,55286,637,4560,0.1875843619571882,0,0,1,13,0,3.5179681738482286e-05,0,Low
3,3,1,1,5,2480,4,63345,711,4214,0.2125930904073817,0,0,1,12,0,3.5179681738482286e-05,0,Low
3,3,0,0,4,2674,9,72353,642,4191,0.1858124030986311,0,0,1,3,0,3.5179681738482286e-05,0,Low
1,3,0,1,1,1166,21,57485,510,3921,0.1399532836749542,0,0,1,12,0,3.5179681738482286e-05,0,Low
0,3,1,1,2,1039,1,39074,578,3443,0.1535816610115389,0,0,1,5,0,3.5179681738482286e-05,0,Low
1,3,0,0,9,3330,4,72819,612,4475,0.0853086118441006,0,0,1,5,0,3.5179681738482286e-05,0,Low
2,3,0,1,7,2488,9,62723,523,4802,0.2103762230117323,0,0,1,14,0,3.5179681738482286e-05,0,Low
3,2,0,1,21,3339,3,34838,633,3091,0.2014906833614021,0,0,0,3,0,3.216291219129185e-05,0,Low
4,0,1,1,22,2390,0,58838,695,3049,0.1990397769976662,0,0,1,10,0,3.216291219129185e-05,0,Low
0,1,0,1,17,1514,5,39770,672,3086,0.1006658223651518,0,0,1,12,0,3.216291219129185e-05,0,Low
1,0,1,0,18,1121,2,46719,707,3025,0.1534374748144122,0,0,1,14,0,3.216291219129185e-05,0,Low
3,1,0,2,20,1925,5,64986,608,3059,0.0921276827967498,0,0,1,10,0,3.216291219129185e-05,0,Low
3,1,0,1,21,2728,5,40361,671,3037,0.1884241442262633,1,0,1,2,0,3.216291219129185e-05,0,Low
2,0,0,0,17,884,22,56097,528,3082,0.1555551199416455,0,0,1,4,0,3.216291219129185e-05,0,Low
1,1,0,1,22,3329,7,61172,503,3073,0.1169759313506811,0,1,0,12,0,3.216291219129185e-05,0,Low
1,0,0,1,16,2387,16,85031,665,3093,0.1075621946875263,1,0,1,8,0,3.216291219129185e-05,0,Low
1,0,0,0,20,963,3,39876,613,3036,0.1141913872885811,0,0,0,1,0,3.216291219129185e-05,0,Low
2,0,1,0,15,2021,17,61783,541,4148,0.1475631417603118,1,0,0,5,0,2.9674317537465917e-05,0,Low
3,2,1,0,33,856,0,49604,651,5627,0.1617835593328161,0,0,0,1,0,2.9674317537465917e-05,0,Low
2,0,0,0,30,3300,8,64834,668,3294,0.0985826373730902,0,0,1,14,0,2.9674317537465917e-05,0,Low
2,1,0,0,35,2214,1,73840,503,4189,0.1257412677081086,0,1,1,1,0,2.9674317537465917e-05,0,Low
1,0,0,0,15,2834,24,57092,600,5289,0.1057432809724331,0,0,1,11,0,2.9674317537465917e-05,0,Low
0,0,1,1,36,1223,23,64017,528,3217,0.125561696970753,0,1,1,5,0,2.9674317537465917e-05,0,Low
0,1,0,1,29,1476,4,53432,586,3780,0.1459632310769391,1,0,0,2,0,2.9674317537465917e-05,0,Low
1,0,0,0,39,2524,9,48835,591,4813,0.1504173518154847,0,0,1,7,0,2.9674317537465917e-05,0,Low
2,2,1,0,15,1963,7,53769,509,4007,0.1621874803539936,0,0,1,6,0,2.9674317537465917e-05,0,Low
4,0,1,0,30,1212,8,44895,683,4008,0.1494636104675395,0,0,1,9,0,2.9674317537465917e-05,0,Low
2,0,0,0,31,2871,21,44257,558,4138,0.1552456144233132,1,0,1,10,0,2.9674317537465917e-05,0,Low
4,1,1,1,33,2023,3,31850,656,4102,0.193072934197247,0,0,1,4,0,2.9674317537465917e-05,0,Low
1,0,0,0,26,1869,18,31911,599,3343,0.1336928081863533,0,0,0,6,0,2.9674317537465917e-05,0,Low
2,0,0,1,34,1942,9,57255,512,5119,0.1970432601150633,0,0,1,14,0,2.9674317537465917e-05,0,Low
1,2,1,0,27,2107,16,39889,687,3747,0.1947471423646928,0,0,1,3,0,2.9674317537465917e-05,0,Low
3,2,0,1,37,1610,17,42446,622,3538,0.2147466598341009,0,0,1,11,0,2.9674317537465917e-05,0,Low
1,2,0,1,30,1553,8,53481,658,4492,0.1077639822451165,0,0,1,2,0,2.9674317537465917e-05,0,Low
1,1,1,0,30,837,1,38078,558,4658,0.1114665123648019,0,0,1,0,0,2.9674317537465917e-05,0,Low
2,1,0,1,26,2985,8,71602,621,5196,0.092333737943844,0,0,1,0,0,2.9674317537465917e-05,0,Low
3,0,1,0,31,918,2,39533,617,3376,0.1208342964159382,0,0,1,6,0,2.9674317537465917e-05,0,Low
4,0,1,1,37,3089,21,66477,615,3494,0.1400794663780568,0,0,1,8,0,2.9674317537465917e-05,0,Low
4,1,0,1,15,2133,7,31217,737,5904,0.1098567593490839,0,0,1,0,0,2.9674317537465917e-05,0,Low
2,0,1,1,31,2409,9,52173,533,4085,0.1314287036704494,0,0,1,8,0,2.9674317537465917e-05,0,Low
4,1,1,1,27,908,5,49870,559,5300,0.1315850002330507,0,0,1,9,0,2.9674317537465917e-05,0,Low
1,1,1,1,27,1013,6,35327,669,5903,0.1395393853367352,0,0,0,10,0,2.9674317537465917e-05,0,Low
1,1,0,1,28,2016,23,32879,640,3781,0.1098371315968756,0,0,1,0,0,2.9674317537465917e-05,0,Low
2,2,0,0,29,2294,8,59191,684,5037,0.1265761579785727,0,0,1,13,0,2.9674317537465917e-05,0,Low
1,2,0,0,28,2676,11,65097,544,5130,0.0832345722672743,1,0,1,2,0,2.9674317537465917e-05,0,Low
2,1,0,1,28,2927,3,51449,531,5881,0.2047119981090511,0,0,1,9,0,2.9674317537465917e-05,0,Low
1,0,0,1,28,1185,2,35995,679,3997,0.161611780176932,0,0,1,4,0,2.9674317537465917e-05,0,Low
4,1,0,0,15,3186,22,70395,603,3704,0.2104293226749839,1,0,0,8,0,2.9674317537465917e-05,0,Low
2,0,0,0,32,1423,4,58868,559,3337,0.1880943184899595,0,0,1,2,0,2.9674317537465917e-05,0,Low
3,0,0,0,25,2735,2,39881,601,3269,0.1388769649843651,0,0,1,3,0,2.9674317537465917e-05,0,Low
2,0,0,1,37,3481,12,45244,639,4274,0.0895465683319043,0,1,1,3,0,2.9674317537465917e-05,0,Low
2,1,0,0,32,2078,12,38397,541,4901,0.145892894033038,1,0,1,3,0,2.9674317537465917e-05,0,Low
1,0,0,1,25,1157,9,71574,586,5219,0.0814722284564624,1,0,1,2,0,2.9674317537465917e-05,0,Low
1,1,2,1,32,1320,12,53709,528,5696,0.2016712643482596,1,0,1,14,0,2.9674317537465917e-05,0,Low
1,1,1,1,33,1153,12,60380,566,3580,0.2083348958701313,0,0,1,13,0,2.9674317537465917e-05,0,Low
2,0,1,0,28,1641,4,57558,521,3318,0.1160203029290695,0,0,1,10,0,2.9674317537465917e-05,0,Low
4,1,0,1,32,1565,15,69607,642,3852,0.1698317916603748,1,0,1,2,0,2.9674317537465917e-05,0,Low
3,0,0,1,32,1470,10,42517,565,5162,0.0933887276923852,0,0,0,4,0,2.9674317537465917e-05,0,Low
2,0,0,1,30,2217,2,73943,704,4789,0.1788853727052741,0,0,1,2,0,2.9674317537465917e-05,0,Low
1,1,1,0,24,1829,12,35492,501,3734,0.0883248136127976,0,0,1,12,0,2.9674317537465917e-05,0,Low
3,2,0,0,27,1197,12,39507,745,4793,0.1115051182308499,0,0,1,13,0,2.9674317537465917e-05,0,Low
1,0,1,1,30,1286,9,64373,729,3929,0.1411012029212868,0,0,1,8,0,2.9674317537465917e-05,0,Low
0,2,1,1,15,930,24,63915,549,5272,0.1252801929010442,0,0,1,11,0,2.9674317537465917e-05,0,Low
3,0,0,0,37,3128,7,37060,657,3540,0.1637222337639928,0,0,1,7,0,2.9674317537465917e-05,0,Low
0,0,1,1,25,2837,6,31522,544,4533,0.114483599590254,0,0,1,2,0,2.9674317537465917e-05,0,Low
3,0,0,0,31,3018,9,52286,640,3676,0.0866365105606798,0,0,1,4,0,2.9674317537465917e-05,0,Low
2,0,0,1,26,3435,16,61636,670,3389,0.1746392305768857,0,0,1,13,0,2.9674317537465917e-05,0,Low
0,2,0,0,27,3001,14,52890,713,4032,0.0874459564475816,0,0,1,1,0,2.9674317537465917e-05,0,Low
2,2,0,1,29,2776,9,70606,735,5789,0.170577404961486,0,0,1,2,0,2.9674317537465917e-05,0,Low
1,0,0,1,30,2023,4,57739,567,4135,0.1814764599390382,0,0,1,12,0,2.9674317537465917e-05,0,Low
1,2,0,0,32,880,9,73386,526,5120,0.1433129572637547,0,0,1,10,0,2.9674317537465917e-05,0,Low
0,2,1,0,30,3473,2,42406,583,3587,0.1541682366302791,0,0,1,12,0,2.9674317537465917e-05,0,Low
3,2,0,1,32,1148,2,55778,722,5149,0.1191085152282225,0,0,1,12,0,2.9674317537465917e-05,0,Low
0,2,0,1,25,2080,10,34492,637,5246,0.1989580492336081,0,0,1,9,0,2.9674317537465917e-05,0,Low
3,2,1,0,24,2441,9,39044,563,5097,0.1971514440250791,0,0,1,12,0,2.9674317537465917e-05,0,Low
1,0,0,1,23,2072,12,46192,614,4569,0.2092007098879059,0,0,1,11,0,2.9674317537465917e-05,0,Low
1,0,1,1,32,1693,2,42261,580,5770,0.1273571626094136,0,0,1,10,0,2.9674317537465917e-05,0,Low
2,2,0,0,28,3020,6,60538,547,3126,0.1306361121661572,0,0,1,9,0,2.9674317537465917e-05,0,Low
1,1,0,0,23,2393,6,73220,571,5404,0.1929458133134558,1,0,1,8,0,2.9674317537465917e-05,0,Low
2,1,0,1,37,2501,9,64883,514,4641,0.1358697208158768,0,0,1,5,0,2.9674317537465917e-05,0,Low
2,0,0,0,32,3252,0,58520,608,5862,0.1310802095746273,0,0,1,6,0,2.9674317537465917e-05,0,Low
3,1,0,1,27,1962,2,69415,599,3328,0.167176389068539,0,0,1,9,0,2.9674317537465917e-05,0,Low
0,0,0,0,27,1008,0,42970,632,4539,0.1725260195916163,0,0,1,14,0,2.9674317537465917e-05,0,Low
0,0,0,0,35,2929,1,56285,576,3343,0.1891002413838111,0,0,1,8,0,2.9674317537465917e-05,0,Low
0,2,0,0,15,3120,2,42418,698,3543,0.1867294178402078,0,0,1,4,0,2.9674317537465917e-05,0,Low
0,0,0,0,28,1635,13,43065,722,3154,0.1489073054917315,0,0,0,3,0,2.9674317537465917e-05,0,Low
2,0,0,1,15,1347,6,72844,553,5583,0.1579309637528353,0,0,1,9,0,2.9674317537465917e-05,0,Low
0,0,1,0,27,2026,7,49136,617,3945,0.2034580288276723,1,0,1,14,0,2.9674317537465917e-05,0,Low
3,0,0,1,32,818,5,39633,710,5679,0.1770828497493847,0,0,1,11,0,2.9674317537465917e-05,0,Low
2,0,1,1,38,1316,2,65869,579,4338,0.0972940757374165,0,0,1,7,0,2.9674317537465917e-05,0,Low
2,1,0,0,25,3348,16,68867,540,4094,0.1958728679478343,0,0,1,1,0,2.9674317537465917e-05,0,Low
2,1,0,0,30,1485,2,39022,671,4533,0.1953492645839529,0,0,1,5,0,2.9674317537465917e-05,0,Low
1,1,1,1,26,2817,0,55909,632,3700,0.1610720998810043,0,0,1,3,0,2.9674317537465917e-05,0,Low
2,2,0,0,25,3101,3,49071,614,5228,0.1382019988195724,0,0,1,10,0,2.9674317537465917e-05,0,Low
3,0,0,1,39,1939,8,70246,561,3715,0.0939875472150536,0,0,0,3,0,2.9674317537465917e-05,0,Low
2,0,0,0,35,2652,1,54650,740,3567,0.0969942369293921,0,0,0,0,0,2.9674317537465917e-05,0,Low
1,1,0,0,39,1086,1,70825,674,4073,0.1555070641244104,0,0,1,3,0,2.9674317537465917e-05,0,Low
3,0,0,1,35,3379,8,43415,654,5735,0.1019347152022977,0,0,1,6,0,2.9674317537465917e-05,0,Low
1,0,0,1,36,1587,15,41137,583,3428,0.1552621357644318,0,0,1,10,0,2.9674317537465917e-05,0,Low
3,0,0,0,24,2109,10,70777,636,4166,0.1376796516142623,0,0,1,10,0,2.9674317537465917e-05,0,Low
0,2,0,0,37,1752,1,56363,581,3740,0.1834802073046446,0,0,1,4,0,2.9674317537465917e-05,0,Low
2,1,1,1,35,2022,5,73978,591,5879,0.1904220836384621,1,0,1,11,0,2.9674317537465917e-05,0,Low
4,1,0,1,38,2949,0,33728,567,4947,0.1212151969183766,0,0,1,5,0,2.9674317537465917e-05,0,Low
2,1,0,0,23,2549,4,41517,613,3341,0.2113589548224762,0,0,1,6,0,2.9674317537465917e-05,0,Low
3,0,0,1,27,3345,3,67170,668,3253,0.1764550064647475,0,0,1,5,0,2.9674317537465917e-05,0,Low
4,1,1,1,32,3491,18,79645,649,3361,0.1617069071641704,1,0,1,9,0,2.9674317537465917e-05,0,Low
1,0,1,0,28,3019,9,60139,658,5717,0.1395019669979272,0,0,1,9,0,2.9674317537465917e-05,0,Low
4,0,0,1,26,2747,17,54727,577,3763,0.1349995527348149,0,0,1,0,0,2.9674317537465917e-05,0,Low
3,2,0,0,26,2406,9,64850,629,3379,0.0882135048557095,0,0,1,5,0,2.9674317537465917e-05,0,Low
2,0,1,0,37,3152,0,59281,588,3184,0.1252928190502371,0,0,0,0,0,2.9674317537465917e-05,0,Low
0,1,0,1,30,1358,3,48143,556,4705,0.174714267026268,0,0,1,8,0,2.9674317537465917e-05,0,Low
0,2,0,1,34,963,23,78272,544,3401,0.1656826909148976,1,0,0,1,0,2.9674317537465917e-05,0,Low
4,0,0,1,34,2648,0,33877,692,5613,0.192066438478857,0,0,1,8,0,2.9674317537465917e-05,0,Low
2,1,0,1,32,1785,1,55252,612,5748,0.1479080411636433,0,0,1,13,0,2.9674317537465917e-05,0,Low
0,2,0,0,15,984,8,52074,536,5621,0.19734449389791,0,0,1,12,0,2.9674317537465917e-05,0,Low
1,1,1,0,33,2709,5,30338,645,5325,0.1217153541775848,0,0,1,6,0,2.9674317537465917e-05,0,Low
1,1,0,1,32,2789,17,80077,562,3498,0.1112472183803233,1,0,1,14,0,2.9674317537465917e-05,0,Low
0,1,1,1,38,2793,3,69937,682,3397,0.1852432004161887,0,0,1,9,0,2.9674317537465917e-05,0,Low
2,0,0,0,25,3182,18,53320,666,3270,0.20703109744534,0,0,1,13,0,2.9674317537465917e-05,0,Low
4,2,1,1,31,2850,0,41787,721,5028,0.1947195081386103,0,0,0,13,0,2.9674317537465917e-05,0,Low
2,2,1,0,23,2010,23,56975,687,4056,0.1463618939231345,0,0,0,1,0,2.9674317537465917e-05,0,Low
2,1,1,0,23,1520,2,65517,673,5064,0.0949119856099543,0,0,1,1,0,2.9674317537465917e-05,0,Low
2,0,1,1,26,3131,0,82229,662,4854,0.1442266372610329,1,0,1,3,0,2.9674317537465917e-05,0,Low
2,2,1,1,29,1299,12,87438,576,4765,0.1587440348323741,1,1,0,11,0,2.9674317537465917e-05,0,Low
1,2,1,1,24,1842,8,45030,638,4984,0.1567253708682182,0,0,1,9,0,2.9674317537465917e-05,0,Low
1,0,0,1,26,2745,10,38586,500,5244,0.1734550015463903,0,0,1,5,0,2.9674317537465917e-05,0,Low
3,0,1,0,38,1944,12,35477,576,3880,0.1232731468820744,0,0,1,5,0,2.9674317537465917e-05,0,Low
2,1,0,0,29,2273,15,62279,652,3504,0.0872840415457641,0,0,1,12,0,2.9674317537465917e-05,0,Low
2,1,1,1,24,1498,1,44943,699,4145,0.2105325764694824,0,0,1,12,0,2.9674317537465917e-05,0,Low
4,0,0,0,36,2557,12,72946,586,4426,0.102048409394977,0,0,0,1,0,2.9674317537465917e-05,0,Low
1,0,0,1,30,2554,8,60824,681,5081,0.0971137604606188,0,1,1,6,0,2.9674317537465917e-05,0,Low
1,1,1,0,35,3088,17,52433,636,3857,0.1711918833482754,0,0,0,8,0,2.9674317537465917e-05,0,Low
2,2,0,0,29,3158,20,43991,700,3851,0.0805033618216216,0,0,1,3,0,2.9674317537465917e-05,0,Low
1,0,1,1,34,2405,19,38389,588,3331,0.1027646139527826,1,0,1,9,0,2.9674317537465917e-05,0,Low
2,0,0,1,25,915,3,73998,667,4656,0.1448193685125476,0,0,1,10,0,2.9674317537465917e-05,0,Low
3,0,1,1,32,2958,14,50869,567,3635,0.1656883438001302,1,0,0,4,0,2.9674317537465917e-05,0,Low
4,1,0,0,38,1843,22,46497,616,3757,0.1319739573654016,0,0,1,6,0,2.9674317537465917e-05,0,Low
1,2,0,0,24,2183,8,66739,679,4710,0.1331854329603863,0,0,1,12,0,2.9674317537465917e-05,0,Low
3,1,0,1,27,2859,6,59649,552,4376,0.1430563519338939,0,0,1,12,0,2.9674317537465917e-05,0,Low
4,1,0,1,32,1964,15,59610,641,3360,0.1577468362184703,0,0,1,8,0,2.9674317537465917e-05,0,Low
4,1,0,0,29,920,5,33719,573,5734,0.1979048261290573,1,0,1,9,0,2.9674317537465917e-05,0,Low
1,1,0,0,26,1868,7,47268,633,5530,0.1885970862651872,0,0,1,2,0,2.9674317537465917e-05,0,Low
2,2,0,1,30,3455,6,72376,729,3963,0.1686182128965227,0,0,0,13,0,2.9674317537465917e-05,0,Low
2,0,0,1,15,2787,9,42790,579,5287,0.1611006776380753,0,0,1,7,0,2.9674317537465917e-05,0,Low
1,1,1,0,34,1566,11,67062,702,4207,0.1392730486656773,0,0,1,7,0,2.9674317537465917e-05,0,Low
3,2,1,1,33,3052,13,64775,633,3911,0.1947550799618454,1,0,1,1,0,2.9674317537465917e-05,0,Low
4,1,0,1,34,1537,6,83300,518,3312,0.1919453913571129,1,0,0,0,0,2.9674317537465917e-05,0,Low
2,0,1,1,26,3327,10,30339,586,3657,0.0867403669841686,1,0,1,12,0,2.9674317537465917e-05,0,Low
2,1,1,0,37,3489,3,43911,603,5479,0.0892418302600109,1,0,1,7,0,2.9674317537465917e-05,0,Low
1,1,0,0,23,999,0,33032,542,5199,0.1858933792894883,1,0,1,14,0,2.9674317537465917e-05,0,Low
1,2,0,1,35,3117,1,68794,700,3531,0.1863470722223219,0,0,1,10,0,2.9674317537465917e-05,0,Low
3,2,1,1,39,996,14,70939,622,3430,0.1827712892525184,0,0,1,14,0,2.9674317537465917e-05,0,Low
2,0,0,0,26,2675,6,61625,538,4461,0.1813958407446641,0,0,0,9,0,2.9674317537465917e-05,0,Low
1,1,1,0,27,937,8,51766,676,4234,0.1199153052857948,0,0,1,6,0,2.9674317537465917e-05,0,Low
0,1,1,0,38,829,15,70025,670,3589,0.172008838693225,0,0,0,11,0,2.9674317537465917e-05,0,Low
1,0,1,1,15,2449,16,34894,606,3203,0.1282721480741456,1,0,1,8,0,2.9674317537465917e-05,0,Low
3,1,0,1,24,3468,2,60424,541,3963,0.1738000500530649,0,0,1,10,0,2.9674317537465917e-05,0,Low
2,1,1,1,26,1253,1,73054,687,5745,0.17476375639894,0,0,1,2,0,2.9674317537465917e-05,0,Low
2,0,0,1,29,2675,9,47384,568,4957,0.0972702631648766,0,0,0,1,0,2.9674317537465917e-05,0,Low
3,0,1,1,24,3227,12,65866,551,4028,0.0992450931754536,0,0,0,2,0,2.9674317537465917e-05,0,Low
2,2,0,1,28,3109,0,51831,653,5245,0.2119251192317863,0,0,0,0,0,2.9674317537465917e-05,0,Low
0,0,1,0,36,3205,9,98612,545,4974,0.174368861670731,1,0,1,7,0,2.9674317537465917e-05,0,Low
4,1,0,1,35,3013,3,56941,592,4220,0.1893535398565353,0,0,1,13,0,2.9674317537465917e-05,0,Low
0,1,0,1,38,3225,10,31734,573,5896,0.085198078324032,1,0,0,10,0,2.9674317537465917e-05,0,Low
2,0,0,1,37,2692,13,63837,600,3651,0.1197577576582666,0,0,1,4,0,2.9674317537465917e-05,0,Low
2,1,0,1,27,2265,8,45428,634,5408,0.1215970324592217,1,0,1,7,0,2.9674317537465917e-05,0,Low
2,1,1,0,28,3286,0,66018,579,5192,0.0922954985336736,0,0,1,14,0,2.9674317537465917e-05,0,Low
3,0,1,0,33,2372,8,73332,610,4731,0.0967788456646723,0,0,0,7,0,2.9674317537465917e-05,0,Low
2,1,0,1,15,2162,18,53608,503,4716,0.1005434955962154,0,0,0,4,0,2.9674317537465917e-05,0,Low
1,1,1,1,36,1590,11,44095,531,4499,0.2089894484832998,1,0,1,11,0,2.9674317537465917e-05,0,Low
4,2,1,0,26,2428,11,39378,561,4439,0.1726278379158475,0,0,1,1,0,2.9674317537465917e-05,0,Low
3,0,0,0,31,1752,6,70472,558,4108,0.0892254427688156,0,0,1,6,0,2.9674317537465917e-05,0,Low
1,1,0,1,38,2277,5,41647,601,5819,0.1010506378789031,0,0,0,10,0,2.9674317537465917e-05,0,Low
3,0,0,1,27,1378,0,56738,615,5332,0.1788869783232262,0,0,1,11,0,2.9674317537465917e-05,0,Low
3,1,1,0,28,1471,15,43780,605,3907,0.129721416762095,0,0,1,12,0,2.9674317537465917e-05,0,Low
1,1,1,1,24,2744,5,31504,596,3190,0.1362591876600511,0,0,0,11,0,2.9674317537465917e-05,0,Low
3,0,0,1,32,1285,3,87231,665,3936,0.0847699904637706,1,0,1,3,0,2.9674317537465917e-05,0,Low
4,1,1,0,35,1298,19,41954,611,3901,0.0830412598886889,1,0,1,0,0,2.9674317537465917e-05,0,Low
0,0,0,1,36,2173,23,56150,647,4033,0.129813023059758,0,0,1,8,0,2.9674317537465917e-05,0,Low
3,1,0,0,15,3222,10,48345,576,4135,0.2166229236244295,0,0,1,3,0,2.9674317537465917e-05,0,Low
1,1,0,0,30,3034,13,74125,730,3445,0.1740949720260974,0,0,1,5,0,2.9674317537465917e-05,0,Low
2,1,0,1,32,2398,9,50687,540,5222,0.1163405216561005,0,0,1,5,0,2.9674317537465917e-05,0,Low
1,0,0,0,24,1409,10,43673,641,3961,0.1168949637214698,0,0,1,10,0,2.9674317537465917e-05,0,Low
2,1,0,1,37,3254,14,73829,580,3887,0.11115425486422,0,0,1,5,0,2.9674317537465917e-05,0,Low
1,1,0,0,32,3262,9,73622,578,3575,0.2138997044019563,0,0,0,1,0,2.9674317537465917e-05,0,Low
2,1,0,0,23,1536,1,48069,715,4491,0.1509773696262404,0,1,1,8,0,2.9674317537465917e-05,0,Low
1,1,1,0,15,2898,2,63672,676,4363,0.1380382201364043,1,0,1,4,0,2.9674317537465917e-05,0,Low
2,0,0,1,38,2550,5,51134,589,4189,0.0853098394802228,0,0,0,1,0,2.9674317537465917e-05,0,Low
2,1,0,0,31,1103,13,46603,613,3125,0.139924429101023,1,0,1,0,0,2.9674317537465917e-05,0,Low
1,1,0,1,26,2970,7,39401,575,4635,0.0914951631080801,0,0,1,6,0,2.9674317537465917e-05,0,Low
1,0,0,1,15,1878,15,65041,630,5196,0.1040375802397772,0,0,0,11,0,2.9674317537465917e-05,0,Low
1,0,1,0,37,1218,3,65327,611,3248,0.1495115308745126,1,0,1,10,0,2.9674317537465917e-05,0,Low
0,0,1,0,34,3131,5,40690,605,5572,0.1789416879809352,0,0,1,3,0,2.9674317537465917e-05,0,Low
1,0,1,1,32,1956,10,74089,561,4146,0.1345830686609493,0,0,0,2,0,2.9674317537465917e-05,0,Low
0,1,0,1,39,1812,7,46813,573,4721,0.1310826568045385,0,0,0,3,0,2.9674317537465917e-05,0,Low
0,0,0,1,39,966,12,56927,625,4514,0.1873448763585397,0,0,1,2,0,2.9674317537465917e-05,0,Low
1,1,1,1,24,2529,12,33331,699,4607,0.0821518255792304,0,0,1,12,0,2.9674317537465917e-05,0,Low
1,2,0,1,27,2539,7,49170,524,5511,0.1512933622826117,1,0,1,1,0,2.9674317537465917e-05,0,Low
3,0,0,0,36,1525,17,68319,543,3854,0.2053171637680782,0,0,1,1,0,2.9674317537465917e-05,0,Low
3,2,0,1,33,983,8,71305,529,5919,0.1638490526292075,0,0,1,5,0,2.9674317537465917e-05,0,Low
2,0,1,1,26,1320,1,37379,579,5457,0.11900735592629,0,0,1,1,0,2.9674317537465917e-05,0,Low
2,0,0,0,26,1495,23,59682,742,3234,0.1049059739224286,0,0,0,3,0,2.9674317537465917e-05,0,Low
1,1,0,1,35,2457,24,73148,566,3861,0.1213907194480348,0,0,1,3,0,2.9674317537465917e-05,0,Low
4,1,0,1,26,2395,2,55309,735,3434,0.1757635657614453,0,0,0,10,0,2.9674317537465917e-05,0,Low
1,0,1,1,33,1091,8,40959,504,5606,0.1033279386972411,0,0,0,9,0,2.9674317537465917e-05,0,Low
3,1,0,0,25,2501,13,38438,676,3858,0.1094955127390519,0,0,1,5,0,2.9674317537465917e-05,0,Low
1,1,0,0,26,2524,9,58663,547,5425,0.1523060899567821,0,0,1,6,0,2.9674317537465917e-05,0,Low
1,2,0,0,23,1714,3,59944,637,3236,0.0851281323786896,0,0,1,5,0,2.9674317537465917e-05,0,Low
2,1,0,0,34,3228,3,69131,639,4637,0.1542235532385926,0,0,1,6,0,2.9674317537465917e-05,0,Low
1,0,0,1,15,3194,19,32041,558,5033,0.1343815133392819,0,0,1,10,0,2.9674317537465917e-05,0,Low
3,2,1,0,37,3349,7,48741,585,4467,0.093116888584293,0,0,1,0,0,2.9674317537465917e-05,0,Low
0,2,0,0,32,2820,3,53850,531,4668,0.0842069655513045,1,0,1,0,0,2.9674317537465917e-05,0,Low
2,1,1,0,23,1904,4,89272,656,3680,0.0858878760361153,1,0,1,7,0,2.9674317537465917e-05,0,Low
2,0,0,1,25,1792,14,49543,706,3805,0.2119604836053148,0,0,1,2,0,2.9674317537465917e-05,0,Low
4,1,0,0,27,2619,1,56268,551,3189,0.1378407768745393,0,0,1,4,0,2.9674317537465917e-05,0,Low
1,0,1,0,31,1756,15,38069,693,3877,0.1599656726615023,0,0,1,1,0,2.9674317537465917e-05,0,Low
1,1,0,0,34,2051,8,69276,723,4717,0.0856990043057529,0,0,0,11,0,2.9674317537465917e-05,0,Low
4,0,0,0,36,2333,5,43850,583,5222,0.1938933845210912,0,0,1,6,0,2.9674317537465917e-05,0,Low
2,2,0,0,37,1444,7,45631,559,4586,0.1394539212701752,1,0,1,11,0,2.9674317537465917e-05,0,Low
1,2,0,1,23,2750,8,32472,540,5859,0.0844179204535751,1,0,1,8,0,2.9674317537465917e-05,0,Low
3,0,0,0,29,2544,10,70846,662,5680,0.1679443128833934,0,0,1,11,0,2.9674317537465917e-05,0,Low
2,0,0,0,38,2984,19,68060,648,3443,0.1448373790536162,0,0,1,6,0,2.9674317537465917e-05,0,Low
2,0,1,0,27,2614,9,91975,550,5127,0.1103926914518075,1,0,1,0,0,2.9674317537465917e-05,0,Low
4,0,0,1,15,2566,16,55364,542,4540,0.1466898300111623,0,0,1,1,0,2.9674317537465917e-05,0,Low
2,0,0,0,29,1555,8,44672,673,5768,0.1083445613387117,0,0,0,2,0,2.9674317537465917e-05,0,Low
2,2,0,1,27,1666,3,45041,666,3476,0.1679103637473062,0,0,1,3,0,2.9674317537465917e-05,0,Low
2,0,0,1,33,1729,4,61700,577,3181,0.2043988341702641,0,0,1,5,0,2.9674317537465917e-05,0,Low
3,2,0,0,28,2434,3,37194,603,4573,0.102001003461033,1,0,1,4,0,2.9674317537465917e-05,0,Low
4,1,1,0,30,961,12,39106,684,3820,0.1693053687346289,0,0,1,12,0,2.9674317537465917e-05,0,Low
3,0,1,0,29,1889,10,44768,705,4048,0.1442057605313113,0,0,1,2,0,2.9674317537465917e-05,0,Low
1,2,0,0,35,1269,13,70815,659,4147,0.1598001859762567,0,0,1,1,0,2.9674317537465917e-05,0,Low
3,1,0,1,35,1493,1,51694,658,3751,0.0870004756336152,0,0,1,1,0,2.9674317537465917e-05,0,Low
0,0,1,0,31,3105,0,34757,661,3537,0.0802673691001552,0,0,1,11,0,2.9674317537465917e-05,0,Low
4,0,1,0,27,2333,9,52150,515,3554,0.140894405193676,1,0,1,8,0,2.9674317537465917e-05,0,Low
2,1,1,1,34,1451,16,63706,632,4150,0.0877358138632015,0,0,1,1,0,2.9674317537465917e-05,0,Low
4,0,0,0,26,1579,9,73225,524,3495,0.2171216380986401,0,0,1,14,0,2.9674317537465917e-05,0,Low
4,1,0,0,31,3011,10,85885,528,4702,0.1997383641420587,1,0,1,1,0,2.9674317537465917e-05,0,Low
1,0,0,1,29,1942,7,48505,570,5006,0.1275918857150379,0,0,1,12,0,2.9674317537465917e-05,0,Low
1,1,0,1,31,2775,1,50591,694,4992,0.1646173122633039,0,0,1,6,0,2.9674317537465917e-05,0,Low
2,1,1,0,32,3058,11,67789,719,4324,0.1826347772511372,0,0,0,11,0,2.9674317537465917e-05,0,Low
3,1,0,0,15,1921,10,53576,688,5337,0.1709711777459197,0,0,1,7,0,2.9674317537465917e-05,0,Low
2,1,1,0,27,1227,2,76351,552,3512,0.1121361986152574,1,0,1,7,0,2.9674317537465917e-05,0,Low
3,2,0,1,29,1211,7,66960,680,4302,0.1989630629840753,0,0,1,1,0,2.9674317537465917e-05,0,Low
1,0,0,0,15,1582,2,74981,527,3683,0.1952945802625882,1,0,1,13,0,2.9674317537465917e-05,0,Low
1,0,0,1,25,1895,21,49071,701,3656,0.1516658941720784,0,0,1,4,0,2.9674317537465917e-05,0,Low
4,1,0,1,32,2951,18,69235,637,3386,0.2171321499955816,0,0,0,9,0,2.9674317537465917e-05,0,Low
2,2,0,1,30,863,21,44131,636,4028,0.1915950677385277,1,0,1,2,0,2.9674317537465917e-05,0,Low
4,1,0,1,38,1997,17,30880,541,3176,0.1108735146779387,0,0,1,5,0,2.9674317537465917e-05,0,Low
0,1,0,0,32,2732,5,43029,646,3283,0.2140787002305925,1,0,1,5,0,2.9674317537465917e-05,0,Low
2,1,0,1,34,3293,1,72439,646,5979,0.0893845643228855,0,0,1,12,0,2.9674317537465917e-05,0,Low
2,0,0,0,15,1610,23,49907,635,3662,0.1172281951214112,0,0,0,5,0,2.9674317537465917e-05,0,Low
2,0,0,0,29,2630,6,55984,504,5420,0.1385841542242649,0,0,1,0,0,2.9674317537465917e-05,0,Low
1,1,1,1,23,2408,20,77044,609,3694,0.0830603714738146,1,0,1,9,0,2.9674317537465917e-05,0,Low
0,0,0,0,39,806,11,39891,570,5264,0.1000191180494562,1,0,1,5,0,2.9674317537465917e-05,0,Low
0,1,0,0,36,1407,15,35715,510,3968,0.1127778231444812,0,1,1,1,0,2.9674317537465917e-05,0,Low
1,0,1,0,29,1265,3,68433,714,4804,0.1005030702658686,0,0,1,2,0,2.9674317537465917e-05,0,Low
0,0,0,1,23,2499,5,36873,730,5915,0.1635045191201739,0,0,1,14,0,2.9674317537465917e-05,0,Low
4,2,0,0,24,3269,3,75135,531,3894,0.2014007002086931,1,0,1,1,0,2.9674317537465917e-05,0,Low
3,0,0,0,23,1611,5,54151,684,5864,0.1129441002549674,0,0,1,11,0,2.9674317537465917e-05,0,Low
1,2,0,1,30,1465,11,69901,653,5220,0.1003177489026949,0,0,1,4,0,2.9674317537465917e-05,0,Low
2,0,0,1,27,2729,6,54428,707,4470,0.1464917794615169,0,0,1,1,0,2.9674317537465917e-05,0,Low
1,1,0,0,30,1506,3,48856,733,4316,0.1506654533248304,0,0,0,2,0,2.9674317537465917e-05,0,Low
0,1,0,1,39,1802,20,37310,612,3856,0.1125487107006414,0,0,1,11,0,2.9674317537465917e-05,0,Low
2,1,1,1,30,1026,2,53498,572,5639,0.1672176252214699,1,0,1,10,0,2.9674317537465917e-05,0,Low
3,0,0,0,23,1580,22,72811,648,3559,0.1482369854566181,0,0,1,10,0,2.9674317537465917e-05,0,Low
3,1,0,0,25,2770,2,35132,666,4352,0.1634760879676731,0,0,0,13,0,2.9674317537465917e-05,0,Low
1,1,0,0,34,2955,7,38255,715,3646,0.1248189187682501,0,0,1,13,0,2.9674317537465917e-05,0,Low
2,0,0,0,25,2233,5,41741,740,4875,0.1946346547999461,0,0,1,10,0,2.9674317537465917e-05,0,Low
2,0,0,0,35,3092,2,58379,552,5551,0.0833760988476016,0,0,0,0,0,2.9674317537465917e-05,0,Low
1,0,1,0,30,3230,18,71872,615,3200,0.1330859651436806,1,0,1,4,0,2.9674317537465917e-05,0,Low
2,2,0,0,25,2114,5,52952,700,5691,0.1786526229855278,0,0,1,3,0,2.9674317537465917e-05,0,Low
2,1,0,0,29,2420,3,37996,526,4387,0.119056493530946,1,0,1,5,0,2.9674317537465917e-05,0,Low
3,1,0,1,33,1978,7,38945,676,4951,0.2093106263550359,1,1,1,7,0,2.9674317537465917e-05,0,Low
2,1,1,1,28,1839,3,43575,712,5284,0.1428129442692982,0,0,0,8,0,2.9674317537465917e-05,0,Low
3,0,0,1,34,3284,5,64825,540,3417,0.2141718326035807,1,0,1,2,0,2.9674317537465917e-05,0,Low
1,0,1,1,23,1349,11,35897,657,4814,0.1842936358269396,1,0,1,0,0,2.9674317537465917e-05,0,Low
1,0,0,1,29,2793,7,43862,716,5795,0.1592028126985801,0,0,1,8,0,2.9674317537465917e-05,0,Low
1,0,0,0,38,2656,7,97830,676,5260,0.1975817746356911,1,0,0,7,0,2.9674317537465917e-05,0,Low
1,1,0,0,37,1198,3,52682,667,4608,0.1037190566892731,0,0,1,4,0,2.9674317537465917e-05,0,Low
4,2,1,0,28,1904,9,65196,568,4423,0.1730643218756666,0,0,1,10,0,2.9674317537465917e-05,0,Low
3,0,0,0,39,3311,13,57303,629,4045,0.1007292582878956,0,0,1,2,0,2.9674317537465917e-05,0,Low
3,1,0,1,29,2311,5,57468,552,3337,0.0878266028641744,1,0,1,1,0,2.9674317537465917e-05,0,Low
2,1,0,1,15,1232,17,37062,603,5372,0.0916174773295647,1,0,1,6,0,2.9674317537465917e-05,0,Low
4,1,0,0,30,3308,10,30148,609,3240,0.1886031276887591,1,0,1,8,0,2.9674317537465917e-05,0,Low
1,0,0,0,29,3405,5,33634,721,3362,0.1421631961022619,0,0,1,3,0,2.9674317537465917e-05,0,Low
1,1,0,1,37,2393,14,73805,605,3672,0.1351753065670615,0,0,1,5,0,2.9674317537465917e-05,0,Low
0,2,1,1,29,2757,6,68133,663,4085,0.1022991272885094,0,0,1,1,0,2.9674317537465917e-05,0,Low
0,1,0,0,24,2937,8,51179,671,5209,0.1277449492091559,0,0,1,11,0,2.9674317537465917e-05,0,Low
0,0,0,0,27,2629,1,38645,722,4578,0.1349146831681549,0,0,1,12,0,2.9674317537465917e-05,0,Low
2,1,1,0,23,3221,0,55777,573,4559,0.1433866996757732,0,0,1,4,0,2.9674317537465917e-05,0,Low
2,1,0,0,31,2352,11,35249,514,5084,0.1188592455481644,0,0,1,6,0,2.9674317537465917e-05,0,Low
1,0,0,0,35,1659,2,50306,645,4229,0.1797593332037861,0,0,1,0,0,2.9674317537465917e-05,0,Low
2,0,0,1,29,1602,12,38713,570,3347,0.1857877242672426,1,0,1,12,0,2.9674317537465917e-05,0,Low
2,1,0,1,30,2708,11,64307,743,5159,0.1747670552760208,0,0,1,13,0,2.9674317537465917e-05,0,Low
1,2,0,1,26,1118,0,63357,646,3937,0.1965699180989811,0,0,1,4,0,2.9674317537465917e-05,0,Low
3,1,1,1,29,2554,10,44487,516,4323,0.1713252144776781,0,0,0,7,0,2.9674317537465917e-05,0,Low
3,1,0,1,38,1152,6,67804,648,4756,0.1220015239776176,0,0,1,14,0,2.9674317537465917e-05,0,Low
2,1,1,1,26,1189,10,52122,640,3223,0.2074615026496021,0,0,0,11,0,2.9674317537465917e-05,0,Low
2,1,1,0,37,3192,1,67736,579,4574,0.1079995209979401,0,0,1,3,0,2.9674317537465917e-05,0,Low
1,0,1,0,28,1987,9,46567,636,4599,0.1410982259282591,0,0,1,1,0,2.9674317537465917e-05,0,Low
2,0,0,1,35,2405,3,46964,665,5200,0.0869459048671256,0,0,0,4,0,2.9674317537465917e-05,0,Low
1,1,1,1,29,2652,2,33045,550,5729,0.1902572813205142,0,0,1,2,0,2.9674317537465917e-05,0,Low
2,1,0,0,38,2153,9,33751,640,5577,0.1026058674126665,0,0,0,2,0,2.9674317537465917e-05,0,Low
1,2,0,0,28,2286,7,54434,517,4260,0.1266916582577773,0,0,1,7,0,2.9674317537465917e-05,0,Low
3,0,0,1,28,1544,13,47442,630,3782,0.0865038908188161,1,0,1,3,0,2.9674317537465917e-05,0,Low
3,0,0,1,34,1380,0,67569,669,4053,0.1628675828821558,1,0,0,2,0,2.9674317537465917e-05,0,Low
3,0,0,1,25,3054,8,33457,730,5085,0.1812373643166286,0,0,0,0,0,2.9674317537465917e-05,0,Low
3,2,0,1,38,2294,4,67709,525,3733,0.1304432630148833,0,0,1,6,0,2.9674317537465917e-05,0,Low
2,0,1,1,27,2763,0,72916,506,5955,0.1468289442029572,0,0,1,3,0,2.9674317537465917e-05,0,Low
0,2,0,1,37,2556,0,76754,530,3521,0.1834116248892791,1,0,0,13,0,2.9674317537465917e-05,0,Low
2,1,0,1,27,3483,10,70964,609,5467,0.0804196996406947,0,0,0,5,0,2.9674317537465917e-05,0,Low
1,1,0,0,33,1038,24,46586,523,3499,0.0922749067327726,0,0,1,6,0,2.9674317537465917e-05,0,Low
3,0,0,0,35,2108,10,41463,683,3736,0.1781271721603772,0,0,1,11,0,2.9674317537465917e-05,0,Low
1,0,1,0,28,1563,3,61967,518,5857,0.0981782146835537,1,0,0,1,0,2.9674317537465917e-05,0,Low
3,0,0,1,24,2438,2,53999,634,4831,0.1566585901346096,0,0,1,0,0,2.9674317537465917e-05,0,Low
3,2,1,1,30,2717,6,46012,645,5433,0.1777794991808157,0,0,0,3,0,2.9674317537465917e-05,0,Low
2,1,1,1,23,1655,16,31432,724,3970,0.1519878169633381,0,0,0,4,0,2.9674317537465917e-05,0,Low
1,1,0,1,25,2335,2,66506,555,4105,0.1998981861602259,0,0,1,8,0,2.9674317537465917e-05,0,Low
4,0,0,1,25,2531,4,37012,617,4087,0.2160464491995097,0,0,1,1,0,2.9674317537465917e-05,0,Low
2,0,0,1,26,2663,13,48654,627,3470,0.1444728867614617,1,0,1,12,0,2.9674317537465917e-05,0,Low
2,1,0,0,24,2425,11,60204,653,5642,0.1434856937804282,0,0,1,5,0,2.9674317537465917e-05,0,Low
2,1,0,0,25,3014,4,47469,683,4328,0.1234941515529752,0,0,0,6,0,2.9674317537465917e-05,0,Low
3,2,1,0,31,2893,1,64834,648,5250,0.0801573998370264,0,0,1,3,0,2.9674317537465917e-05,0,Low
1,2,1,0,15,3015,13,58250,562,4979,0.1032301600464581,0,0,0,5,0,2.9674317537465917e-05,0,Low
0,2,1,0,32,2232,5,73264,579,5953,0.1294041086966532,0,0,1,12,0,2.9674317537465917e-05,0,Low
1,0,0,1,23,3118,11,69263,590,3409,0.116141867019387,0,0,1,13,0,2.9674317537465917e-05,0,Low
0,2,1,0,34,2134,14,34769,730,3785,0.1195986727049637,0,0,1,12,0,2.9674317537465917e-05,0,Low
1,0,0,1,24,3181,13,41982,617,3130,0.1317438577597613,0,0,1,14,0,2.9674317537465917e-05,0,Low
3,2,1,1,32,2224,7,74084,620,5928,0.1393108564725436,0,0,1,5,0,2.9674317537465917e-05,0,Low
1,1,1,0,37,907,12,58161,535,3384,0.1834073494866009,0,0,1,2,0,2.9674317537465917e-05,0,Low
1,1,1,0,34,1168,11,65171,622,5001,0.0879456103387252,0,0,1,14,0,2.9674317537465917e-05,0,Low
3,0,0,1,15,1908,11,45248,671,4360,0.0934808460229989,0,0,1,13,0,2.9674317537465917e-05,0,Low
3,0,0,1,23,3465,7,41037,577,4037,0.1611045853018142,0,1,1,10,0,2.9674317537465917e-05,0,Low
3,1,0,0,29,1546,22,67512,719,4095,0.0881915160898339,0,0,1,9,0,2.9674317537465917e-05,0,Low
2,2,0,1,33,1849,8,65291,554,3166,0.2065796609816332,0,0,1,3,0,2.9674317537465917e-05,0,Low
2,0,0,1,35,849,1,68986,589,4931,0.1938215083484702,0,0,1,11,0,2.9674317537465917e-05,0,Low
1,0,0,0,23,1469,6,43122,743,3676,0.1709826466599646,0,0,1,12,0,2.9674317537465917e-05,0,Low
2,1,0,0,26,2908,3,33342,634,4155,0.2072656034255239,0,0,1,8,0,2.9674317537465917e-05,0,Low
2,1,0,0,28,2605,5,42155,529,3654,0.0949799577823235,0,0,1,11,0,2.9674317537465917e-05,0,Low
3,1,0,1,30,1361,3,30156,598,3763,0.209753898994256,0,1,1,5,0,2.9674317537465917e-05,0,Low
1,0,1,1,15,1678,0,70510,682,3389,0.1100621555120201,0,0,1,10,0,2.9674317537465917e-05,0,Low
2,1,0,1,26,1353,24,46493,653,3244,0.1482290529785856,0,0,1,2,0,2.9674317537465917e-05,0,Low
2,0,1,0,36,2704,12,53420,602,4181,0.129819465985098,0,0,1,7,0,2.9674317537465917e-05,0,Low
1,0,1,0,25,3305,12,33214,568,3455,0.187100685383011,0,0,1,8,0,2.9674317537465917e-05,0,Low
3,1,0,1,26,1744,5,49594,567,5282,0.1357045812885061,0,0,1,2,0,2.9674317537465917e-05,0,Low
2,0,1,1,25,3061,17,33120,602,3545,0.1312039738592801,0,0,1,6,0,2.9674317537465917e-05,0,Low
2,0,0,1,35,2353,2,68888,639,4634,0.1897801006795294,1,0,1,2,0,2.9674317537465917e-05,0,Low
3,0,0,1,35,3269,6,58986,568,3245,0.1899594856714967,0,0,1,1,0,2.9674317537465917e-05,0,Low
2,0,1,0,39,2566,3,57746,612,5015,0.1603676573687144,0,0,0,7,0,2.9674317537465917e-05,0,Low
0,0,0,0,28,1417,3,31394,594,3436,0.115204069701804,0,0,0,11,0,2.9674317537465917e-05,0,Low
0,0,0,0,31,2785,3,52458,704,5556,0.112417798473719,0,0,1,7,0,2.9674317537465917e-05,0,Low
1,0,0,0,35,2088,0,60253,538,3119,0.1598020305406736,0,0,1,1,0,2.9674317537465917e-05,0,Low
1,2,0,0,32,1630,9,35218,506,5210,0.0960912477926574,0,0,1,4,0,2.9674317537465917e-05,0,Low
2,1,0,1,39,3421,8,71171,618,5291,0.1630765570111384,0,0,1,4,0,2.9674317537465917e-05,0,Low
0,0,0,0,28,2950,6,30066,646,3253,0.2069110597024084,0,0,1,1,0,2.9674317537465917e-05,0,Low
4,2,0,1,26,2563,12,57750,581,5841,0.1378299821139098,0,0,0,13,0,2.9674317537465917e-05,0,Low
2,0,0,0,35,3160,24,57593,652,3160,0.1378946954503006,1,0,1,10,0,2.9674317537465917e-05,0,Low
1,0,0,1,25,2413,2,50153,648,4069,0.1616275558776246,1,0,1,6,0,2.9674317537465917e-05,0,Low
4,1,0,0,26,3464,2,48934,645,3211,0.2069028552706665,0,0,0,2,0,2.9674317537465917e-05,0,Low
1,2,0,0,23,3429,1,53414,536,5277,0.2184242077131862,1,1,1,3,0,2.9674317537465917e-05,0,Low
1,2,0,1,32,2999,15,58163,689,3173,0.1591058317441343,0,0,1,11,0,2.9674317537465917e-05,0,Low
4,0,1,0,34,1928,7,39126,617,5749,0.0936921685142481,0,0,1,9,0,2.9674317537465917e-05,0,Low
3,0,2,1,33,3368,2,72116,585,4191,0.1515457283401561,1,0,1,3,0,2.9674317537465917e-05,0,Low
3,1,1,1,25,3118,1,37606,639,4125,0.0900162948822427,1,1,1,1,0,2.9674317537465917e-05,0,Low
2,0,0,0,28,1465,21,50730,535,3158,0.0844260336942096,0,0,1,3,0,2.9674317537465917e-05,0,Low
2,1,0,0,23,2919,0,80860,652,5105,0.1869512162909269,1,0,0,1,0,2.9674317537465917e-05,0,Low
2,1,1,0,24,1038,10,97389,544,5860,0.1834464292811613,1,0,1,3,0,2.9674317537465917e-05,0,Low
3,0,0,0,32,1557,12,37669,528,5481,0.1642385592457602,0,0,1,11,0,2.9674317537465917e-05,0,Low
1,1,0,1,30,3475,24,50410,682,3932,0.1026210574603741,0,0,1,6,0,2.9674317537465917e-05,0,Low
4,0,1,0,26,1674,9,81049,645,3916,0.0882523036944447,1,0,1,6,0,2.9674317537465917e-05,0,Low
2,1,0,0,33,1817,6,50122,596,4011,0.1240769250890183,0,0,1,10,0,2.9674317537465917e-05,0,Low
2,0,0,0,39,3382,1,38043,502,3856,0.1207279296151725,0,0,1,7,0,2.9674317537465917e-05,0,Low
1,2,1,0,37,2463,20,54675,689,3653,0.1127818800541332,0,0,1,1,0,2.9674317537465917e-05,0,Low
4,1,0,0,35,972,5,36087,572,5029,0.1783665722853518,0,1,0,5,0,2.9674317537465917e-05,0,Low
4,0,0,1,28,1004,7,52396,587,5411,0.1327309503426042,0,0,1,5,0,2.9674317537465917e-05,0,Low
3,2,1,1,36,2818,1,38237,568,4714,0.1632489323070228,0,0,1,11,0,2.9674317537465917e-05,0,Low
1,1,0,1,27,2896,7,40744,581,3966,0.2012340362578822,0,0,0,7,0,2.9674317537465917e-05,0,Low
1,0,1,0,33,2398,1,32371,650,3466,0.1150151871309638,0,0,1,6,0,2.9674317537465917e-05,0,Low
2,1,0,1,26,3189,1,66469,580,4066,0.0907189060530863,1,0,1,11,0,2.9674317537465917e-05,0,Low
4,0,0,0,30,3006,4,49111,501,5362,0.1310850703247512,0,0,1,11,0,2.9674317537465917e-05,0,Low
2,0,1,0,23,1757,2,69205,720,3555,0.2187777458399165,0,0,1,14,0,2.9674317537465917e-05,0,Low
2,2,0,0,39,2633,2,35923,620,4913,0.0926363936577419,0,0,1,9,0,2.9674317537465917e-05,0,Low
3,2,1,1,35,1791,16,61306,655,3166,0.1964788304794099,0,0,1,14,0,2.9674317537465917e-05,0,Low
1,2,0,1,35,2415,19,44813,686,4084,0.1390322805018085,0,0,1,11,0,2.9674317537465917e-05,0,Low
3,2,1,1,38,2442,21,49577,609,3361,0.1347626309654217,0,0,0,3,0,2.9674317537465917e-05,0,Low
0,2,0,1,26,3409,8,34474,713,3150,0.1226770590774499,0,0,1,13,0,2.9674317537465917e-05,0,Low
1,1,0,0,38,2643,3,48236,702,3241,0.1277356455915355,0,0,1,4,0,2.9674317537465917e-05,0,Low
2,2,0,1,29,2636,15,30059,620,3825,0.1681317032376009,0,0,1,9,0,2.9674317537465917e-05,0,Low
1,1,0,1,34,830,8,32971,605,5388,0.1646838156413771,0,0,0,9,0,2.9674317537465917e-05,0,Low
1,1,0,0,30,1743,12,58704,732,3672,0.2123958685171918,0,0,0,12,0,2.9674317537465917e-05,0,Low
3,0,0,0,28,858,5,52605,633,3678,0.0885028969036107,0,0,1,12,0,2.9674317537465917e-05,0,Low
3,2,1,1,31,2533,6,71112,654,3413,0.1435112024583617,0,1,0,3,0,2.9674317537465917e-05,0,Low
2,2,0,1,28,1767,9,34668,590,4590,0.0820216454906749,0,0,1,2,0,2.9674317537465917e-05,0,Low
2,0,0,0,15,1119,5,61910,556,5266,0.0909150377787675,0,0,0,6,0,2.9674317537465917e-05,0,Low
2,0,1,1,33,959,16,65052,637,3428,0.098959635240143,1,0,1,12,0,2.9674317537465917e-05,0,Low
3,1,1,1,34,2589,9,31308,537,5100,0.1202969254213551,0,0,1,10,0,2.9674317537465917e-05,0,Low
3,1,0,0,31,2110,2,58010,548,4095,0.160487299179852,1,0,1,8,0,2.9674317537465917e-05,0,Low
1,1,0,1,34,3371,12,73683,589,3907,0.1543095120837815,0,0,1,10,0,2.9674317537465917e-05,0,Low
1,2,1,1,31,2314,9,71726,645,5573,0.1173165577676148,0,0,0,13,0,2.9674317537465917e-05,0,Low
0,0,0,0,35,2593,22,53015,686,3490,0.1330779243630664,0,0,1,12,0,2.9674317537465917e-05,0,Low
1,1,1,0,31,1356,4,54439,567,3125,0.1621595290777358,0,0,1,9,0,2.9674317537465917e-05,0,Low
1,1,1,0,30,1470,17,63541,645,3108,0.197281544142363,1,0,1,0,0,2.9674317537465917e-05,0,Low
1,1,0,0,39,3146,0,40124,589,3576,0.1588438634309107,0,0,1,13,0,2.9674317537465917e-05,0,Low
2,1,0,1,23,1634,5,35472,552,5291,0.1941590324022485,0,0,1,13,0,2.9674317537465917e-05,0,Low
2,0,0,0,34,821,1,48532,729,4112,0.1959776712850505,0,0,1,7,0,2.9674317537465917e-05,0,Low
4,1,1,0,38,1053,3,69665,681,4333,0.178888343424616,0,0,1,10,0,2.9674317537465917e-05,0,Low
2,1,0,1,32,3112,2,75575,640,5203,0.1296328525803118,1,0,0,9,0,2.9674317537465917e-05,0,Low
0,1,1,0,28,981,11,42379,564,3994,0.1157041384576731,0,0,1,0,0,2.9674317537465917e-05,0,Low
1,0,1,0,24,2647,12,63623,508,4761,0.0863784623488273,0,0,1,2,0,2.9674317537465917e-05,0,Low
1,0,1,1,29,2479,6,66125,672,5010,0.1670517550521543,0,0,1,8,0,2.9674317537465917e-05,0,Low
1,2,1,1,29,1642,6,51148,628,5179,0.166705753102573,1,0,0,3,0,2.9674317537465917e-05,0,Low
0,1,1,1,37,2297,0,62730,700,5209,0.0818845501930417,0,0,1,5,0,2.9674317537465917e-05,0,Low
4,2,0,0,31,1703,1,74131,602,5850,0.1401410155473301,0,0,0,13,0,2.9674317537465917e-05,0,Low
3,0,1,0,30,3230,4,45357,568,4331,0.0828943151473444,0,0,1,0,0,2.9674317537465917e-05,0,Low
2,1,0,0,29,2962,4,57814,597,4479,0.0888541937997824,0,0,0,6,0,2.9674317537465917e-05,0,Low
2,0,1,1,25,1273,11,34158,594,5251,0.0914714058208215,0,1,1,8,0,2.9674317537465917e-05,0,Low
3,0,0,0,25,1474,8,53116,650,4380,0.2154138029183896,0,0,1,12,0,2.9674317537465917e-05,0,Low
2,1,1,0,30,1685,5,32843,643,5624,0.1164652262876981,0,0,1,9,0,2.9674317537465917e-05,0,Low
1,1,0,0,35,1206,7,67216,707,3199,0.1231822081880203,0,1,0,11,0,2.9674317537465917e-05,0,Low
3,1,0,0,27,1790,2,32228,560,4241,0.0811406032145354,1,0,1,9,0,2.9674317537465917e-05,0,Low
0,2,1,0,37,1889,6,41941,542,5984,0.1571323640404012,1,0,1,7,0,2.9674317537465917e-05,0,Low
3,0,0,0,29,2810,3,35496,733,4247,0.0834257864779284,0,0,1,13,0,2.9674317537465917e-05,0,Low
0,0,0,0,37,1094,9,44642,549,4419,0.0822346422366335,0,0,1,0,0,2.9674317537465917e-05,0,Low
1,1,0,1,30,3365,1,55526,667,3166,0.1150505884597951,1,0,1,14,0,2.9674317537465917e-05,0,Low
3,0,0,0,15,1563,10,54841,678,3729,0.0945408097381324,0,0,0,7,0,2.9674317537465917e-05,0,Low
2,1,0,1,26,1284,6,39408,514,4921,0.1404622646285014,1,1,1,9,0,2.9674317537465917e-05,0,Low
1,0,0,1,26,2856,10,39860,702,3562,0.181187006451672,0,0,1,13,0,2.9674317537465917e-05,0,Low
3,2,0,1,28,2796,9,65577,649,3128,0.2125162680999874,0,0,1,6,0,2.9674317537465917e-05,0,Low
0,0,2,0,28,1988,1,59796,596,5188,0.1452783827051691,1,0,0,9,0,2.9674317537465917e-05,0,Low
2,1,0,1,31,3049,4,42378,732,5754,0.1053416678378097,0,0,0,3,0,2.9674317537465917e-05,0,Low
0,0,0,1,39,1918,13,72046,500,3367,0.1560350558017546,1,0,1,1,0,2.9674317537465917e-05,0,Low
1,2,1,1,33,3307,9,32289,567,5510,0.0900040775331537,0,0,1,2,0,2.9674317537465917e-05,0,Low
3,1,0,0,25,2941,6,36332,636,5111,0.2077952263028843,0,0,1,9,0,2.9674317537465917e-05,0,Low
0,1,0,1,15,1976,4,46212,666,5446,0.1015198515062469,0,0,1,0,0,2.9674317537465917e-05,0,Low
3,1,0,0,38,1440,12,54912,570,4952,0.1153639935915545,0,0,1,1,0,2.9674317537465917e-05,0,Low
1,0,0,1,37,2506,22,59975,652,3372,0.0927603459183193,0,0,1,4,0,2.9674317537465917e-05,0,Low
1,0,0,0,15,1439,13,63846,655,3719,0.1961495464439727,0,0,0,13,0,2.9674317537465917e-05,0,Low
1,1,2,0,24,1192,10,84324,538,5054,0.1057512120466412,1,0,1,14,0,2.9674317537465917e-05,0,Low
2,1,0,0,27,2758,4,72515,575,4540,0.2075700039603117,0,0,0,4,0,2.9674317537465917e-05,0,Low
0,0,1,1,34,2155,0,59701,715,3435,0.1251818898931466,0,0,1,5,0,2.9674317537465917e-05,0,Low
2,0,2,1,32,3463,17,54042,605,4679,0.1907566983941341,1,0,1,2,0,2.9674317537465917e-05,0,Low
3,1,0,1,26,1569,5,75384,519,4936,0.2136648641624465,1,0,0,7,0,2.9674317537465917e-05,0,Low
4,1,1,1,30,3428,10,71753,558,3655,0.1987610525392543,1,0,1,4,0,2.9674317537465917e-05,0,Low
2,1,0,1,15,2056,1,30628,517,4709,0.1149559497476497,0,0,1,13,0,2.9674317537465917e-05,0,Low
2,0,0,1,29,984,7,45226,553,4061,0.1791310381018251,0,0,1,10,0,2.9674317537465917e-05,0,Low
2,1,0,1,28,2091,2,71537,665,4131,0.1049018994491758,0,0,1,13,0,2.9674317537465917e-05,0,Low
1,2,1,0,31,1774,9,54732,719,3914,0.1556219318528215,0,0,0,12,0,2.9674317537465917e-05,0,Low
4,0,0,0,34,3326,3,56868,581,3970,0.0944008378968987,0,0,1,6,0,2.9674317537465917e-05,0,Low
1,1,0,1,23,2430,6,73250,696,3682,0.1540059285311662,0,0,1,6,0,2.9674317537465917e-05,0,Low
0,1,1,1,33,1203,5,54664,631,5692,0.0833425762035299,0,0,1,11,0,2.9674317537465917e-05,0,Low
0,0,0,1,33,2135,11,64841,547,5413,0.1789893201006138,0,0,0,6,0,2.9674317537465917e-05,0,Low
2,1,0,0,35,1054,1,36291,731,4881,0.1899545152245592,0,0,1,1,0,2.9674317537465917e-05,0,Low
1,1,0,0,35,3160,20,67590,617,4083,0.1481520423922651,0,0,1,7,0,2.9674317537465917e-05,0,Low
2,0,0,0,35,1527,3,63113,711,3911,0.1492424686962936,0,0,1,0,0,2.9674317537465917e-05,0,Low
2,0,1,1,29,3033,1,41781,633,3308,0.1182791099516698,1,0,1,9,0,2.9674317537465917e-05,0,Low
3,0,1,0,28,1213,19,70105,533,3563,0.1242221392931519,0,0,1,7,0,2.9674317537465917e-05,0,Low
1,0,1,1,28,1019,11,70318,506,3974,0.2120536081704843,1,0,1,10,0,2.9674317537465917e-05,0,Low
2,0,0,0,38,2038,10,42975,512,3877,0.1923946461623665,0,0,1,10,0,2.9674317537465917e-05,0,Low
0,0,0,1,28,1124,17,57402,675,3664,0.2194341591338259,0,0,1,5,0,2.9674317537465917e-05,0,Low
3,0,0,0,26,1288,5,66304,608,4493,0.1800155940990609,1,0,1,4,0,2.9674317537465917e-05,0,Low
1,1,1,0,38,3231,2,41821,647,3524,0.1307511273004831,0,0,0,11,0,2.9674317537465917e-05,0,Low
2,1,0,0,23,2852,9,40197,500,3412,0.2033282207723505,0,0,1,12,0,2.9674317537465917e-05,0,Low
0,0,0,0,34,2410,4,43583,511,3364,0.1629752397410513,0,0,1,6,0,2.9674317537465917e-05,0,Low
1,1,0,1,27,2970,4,45481,639,5324,0.122953124739278,1,0,1,8,0,2.9674317537465917e-05,0,Low
2,2,1,0,30,2003,23,30449,626,3790,0.0841258156565248,1,0,1,2,0,2.9674317537465917e-05,0,Low
2,2,0,1,39,2259,8,37300,520,3812,0.1674571559268301,0,0,1,7,0,2.9674317537465917e-05,0,Low
3,2,1,0,34,1698,5,48229,515,4475,0.1587212318640196,0,0,0,11,0,2.9674317537465917e-05,0,Low
0,0,1,1,37,1009,12,78666,545,5166,0.0818314836456218,1,0,0,3,0,2.9674317537465917e-05,0,Low
3,0,0,0,35,1276,7,35442,718,4028,0.1560209254956779,0,0,1,8,0,2.9674317537465917e-05,0,Low
2,0,0,1,23,2700,0,56712,725,4149,0.2139294918929823,0,0,1,11,0,2.9674317537465917e-05,0,Low
2,1,0,0,31,1124,14,61499,625,3665,0.0868254775202035,0,0,1,0,0,2.9674317537465917e-05,0,Low
1,1,2,1,15,2554,7,74935,517,4903,0.1953713985042375,1,0,1,12,0,2.9674317537465917e-05,0,Low
2,2,0,1,28,2863,3,43892,646,4690,0.1393693386830594,0,0,1,9,0,2.9674317537465917e-05,0,Low
2,1,0,0,26,2476,0,66286,560,4684,0.1848349923487629,0,0,1,8,0,2.9674317537465917e-05,0,Low
1,0,1,1,15,2311,20,72323,559,5217,0.1641858447786732,0,0,1,13,0,2.9674317537465917e-05,0,Low
0,0,0,0,23,1637,11,35891,611,5044,0.1253027616575751,1,0,1,12,0,2.9674317537465917e-05,0,Low
1,1,0,0,27,2461,4,45207,629,3696,0.1843005163445851,0,0,1,13,0,2.9674317537465917e-05,0,Low
3,0,0,1,23,1788,16,59300,738,3525,0.1117600554664139,0,1,1,11,0,2.9674317537465917e-05,0,Low
4,2,0,1,33,3446,4,39124,643,4526,0.170433198382961,0,0,1,6,0,2.9674317537465917e-05,0,Low
1,0,0,0,34,2223,3,67224,653,3346,0.1131577714096609,0,0,1,1,0,2.9674317537465917e-05,0,Low
1,1,0,1,37,1636,5,53546,527,4612,0.083741537172782,0,0,1,7,0,2.9674317537465917e-05,0,Low
1,0,0,1,35,1105,5,33802,585,4132,0.1240905876739883,0,0,0,8,0,2.9674317537465917e-05,0,Low
2,2,0,0,26,2227,5,69085,565,5007,0.1623038261646598,0,0,1,12,0,2.9674317537465917e-05,0,Low
1,2,1,0,15,3370,13,55785,539,3128,0.1228715984836412,0,0,0,7,0,2.9674317537465917e-05,0,Low
4,0,0,1,35,1043,1,41171,627,4095,0.1514920434248341,0,0,1,9,0,2.9674317537465917e-05,0,Low
0,2,0,0,23,1758,3,40406,616,5713,0.0886583961689819,1,0,1,7,0,2.9674317537465917e-05,0,Low
1,2,0,0,35,1089,10,92326,578,3884,0.1524880514001532,1,0,0,5,0,2.9674317537465917e-05,0,Low
2,1,1,0,27,3314,6,37756,652,3984,0.1771049164557472,0,0,0,1,0,2.9674317537465917e-05,0,Low
2,1,0,1,36,3043,3,69627,678,5319,0.2054976905197667,1,0,1,6,0,2.9674317537465917e-05,0,Low
1,1,0,1,15,1021,4,30523,730,3746,0.1278343619447466,0,0,1,7,0,2.9674317537465917e-05,0,Low
3,1,1,1,37,2620,7,65049,633,3209,0.189195088471365,1,0,1,6,0,2.9674317537465917e-05,0,Low
3,2,0,0,34,2777,11,67456,696,5263,0.1403769381235856,0,0,1,11,0,2.9674317537465917e-05,0,Low
0,0,1,0,28,1442,3,61627,573,5105,0.0946173371632031,0,0,0,5,0,2.9674317537465917e-05,0,Low
2,0,0,0,36,2570,8,55688,626,4433,0.1160100561834166,1,0,1,0,0,2.9674317537465917e-05,0,Low
1,0,0,1,34,3072,7,39109,568,4243,0.1905612726517695,0,1,1,6,0,2.9674317537465917e-05,0,Low
2,0,0,0,24,891,8,33019,589,5437,0.1061219231423796,0,0,1,1,0,2.9674317537465917e-05,0,Low
2,0,0,1,39,3156,7,51377,562,4617,0.1302825496136643,0,0,1,2,0,2.9674317537465917e-05,0,Low
4,0,0,0,36,1570,11,86417,597,3430,0.1321253961006486,1,0,1,8,0,2.9674317537465917e-05,0,Low
2,0,0,0,35,3121,5,71593,585,5463,0.1607260340356206,0,0,1,9,0,2.9674317537465917e-05,0,Low
1,1,1,1,39,2281,13,72330,585,3335,0.1701448960418002,0,0,1,7,0,2.9674317537465917e-05,0,Low
3,0,0,0,28,1023,4,66727,666,3240,0.1666881660524778,0,0,1,4,0,2.9674317537465917e-05,0,Low
1,1,0,1,28,1022,8,35514,550,3989,0.1700409027044427,0,0,1,11,0,2.9674317537465917e-05,0,Low
2,0,1,1,32,3014,5,48759,526,3530,0.2155361922700487,0,1,1,13,0,2.9674317537465917e-05,0,Low
2,0,0,1,38,2414,14,37435,656,3524,0.0830650779881243,0,0,0,3,0,2.9674317537465917e-05,0,Low
3,0,0,1,28,3066,15,34445,633,3918,0.174220116677466,0,0,1,1,0,2.9674317537465917e-05,0,Low
2,2,0,1,38,870,1,39054,625,3866,0.0878966871122039,0,0,1,2,0,2.9674317537465917e-05,0,Low
0,0,1,0,27,2478,4,66548,623,3755,0.0926694294992137,0,0,1,11,0,2.9674317537465917e-05,0,Low
3,0,0,1,29,3439,0,42195,500,5501,0.1949042273346474,0,0,1,5,0,2.9674317537465917e-05,0,Low
4,1,0,0,32,1732,7,53777,633,3852,0.179987911437263,1,0,1,4,0,2.9674317537465917e-05,0,Low
3,1,0,1,38,3302,5,39772,510,4837,0.2070642154161354,0,0,0,8,0,2.9674317537465917e-05,0,Low
2,2,0,0,29,3431,6,32697,709,4183,0.1284321079583977,0,0,1,7,0,2.9674317537465917e-05,0,Low
3,1,1,0,38,2620,4,51152,554,5101,0.1151206772493786,0,0,1,12,0,2.9674317537465917e-05,0,Low
4,2,0,0,27,1804,6,61257,736,5922,0.0802514669484456,0,1,1,11,0,2.9674317537465917e-05,0,Low
3,1,0,0,28,1862,16,49881,739,3446,0.0888702267231754,0,0,1,12,0,2.9674317537465917e-05,0,Low
1,1,1,0,24,2002,6,71229,635,5289,0.2096030065372705,1,0,1,12,0,2.9674317537465917e-05,0,Low
2,2,0,1,15,821,7,57375,581,3711,0.2084188705394223,0,0,0,7,0,2.9674317537465917e-05,0,Low
1,0,0,0,23,1653,22,70995,747,3775,0.1638038813713827,0,0,1,9,0,2.9674317537465917e-05,0,Low
2,3,0,0,30,1881,19,51529,509,2637,0.0820940923451609,0,0,0,1,0,2.8771479239283314e-05,0,Low
3,3,1,2,12,1331,2,54836,552,1424,0.1661729862596831,0,0,1,6,0,2.8771479239283314e-05,0,Low
3,3,0,2,10,2134,15,53599,551,1241,0.0865831551643177,0,0,1,0,0,2.8771479239283314e-05,0,Low
1,3,0,1,38,1790,12,55690,628,2485,0.093254371142797,0,0,1,6,0,2.8771479239283314e-05,0,Low
2,3,0,0,1,2342,5,45762,514,2623,0.0928725005725353,0,0,1,5,0,2.8771479239283314e-05,0,Low
0,3,0,0,12,3212,13,55789,512,2507,0.1771767212169336,0,0,1,3,0,2.8771479239283314e-05,0,Low
4,3,1,1,6,1963,6,32169,667,2086,0.1271906948941667,0,1,1,8,0,2.8771479239283314e-05,0,Low
2,3,0,1,34,1936,16,61527,678,1419,0.1868806892657899,0,0,1,5,0,2.8771479239283314e-05,0,Low
1,3,0,0,28,2567,17,60041,656,1971,0.1949486506532282,0,0,0,9,0,2.8771479239283314e-05,0,Low
1,3,0,1,3,2829,1,48739,582,1353,0.1637642479547287,0,0,1,7,0,2.8771479239283314e-05,0,Low
2,3,0,1,14,2005,18,40941,556,1639,0.1542565421913243,0,0,1,13,0,2.8771479239283314e-05,0,Low
2,3,0,0,1,1901,14,49479,535,1065,0.102865444497424,0,0,0,5,0,2.8771479239283314e-05,0,Low
3,3,1,1,11,3169,17,32915,631,2069,0.0927040105389762,0,0,1,13,0,2.8771479239283314e-05,0,Low
1,3,0,1,2,2840,9,35132,594,2736,0.1280276229612854,0,0,1,12,0,2.8771479239283314e-05,0,Low
4,3,1,1,35,1165,1,56776,704,2801,0.1039239552181542,0,0,1,13,0,2.8771479239283314e-05,0,Low
0,3,0,1,39,1072,1,36867,602,2362,0.2020216457800745,0,0,1,6,0,2.8771479239283314e-05,0,Low
4,3,0,2,29,1000,7,57164,594,1130,0.0930799970763047,0,0,0,9,0,2.8771479239283314e-05,0,Low
1,3,0,0,29,920,15,64220,708,1437,0.1413474609423697,0,0,1,10,0,2.8771479239283314e-05,0,Low
2,3,1,2,29,2716,20,56660,625,1597,0.0979881344730509,0,0,1,11,0,2.8771479239283314e-05,0,Low
2,3,0,0,1,1858,18,64424,574,2193,0.1292682315636158,0,0,1,0,0,2.8771479239283314e-05,0,Low
3,3,0,1,3,2926,18,38408,692,2220,0.0903672226081748,0,0,0,2,0,2.8771479239283314e-05,0,Low
2,3,0,1,10,3282,24,33674,648,1717,0.1288183333823873,0,0,1,9,0,2.8771479239283314e-05,0,Low
3,3,0,0,15,1582,4,38718,500,1270,0.1825978914170898,0,0,1,5,0,2.8771479239283314e-05,0,Low
4,3,0,1,28,2605,15,71889,626,1895,0.1669776307935554,0,0,0,4,0,2.8771479239283314e-05,0,Low
0,3,0,1,38,2893,0,66992,555,1557,0.1428884996314959,0,0,0,1,0,2.8771479239283314e-05,0,Low
0,3,1,0,10,1336,14,45264,513,2759,0.0875846171837368,0,0,0,0,0,2.8771479239283314e-05,0,Low
1,3,0,0,27,2873,1,66528,588,1176,0.2112859140508514,0,0,1,7,0,2.8771479239283314e-05,0,Low
2,3,1,0,34,2554,7,55688,511,1711,0.2121318760328869,0,0,1,12,0,2.8771479239283314e-05,0,Low
2,3,0,0,6,1248,9,34849,518,1022,0.157111346704164,0,0,1,8,0,2.8771479239283314e-05,0,Low
2,3,0,0,26,2918,7,72135,621,2293,0.1806146932389113,0,0,1,11,0,2.8771479239283314e-05,0,Low
2,3,0,0,9,2266,0,35093,648,2179,0.1642611374946127,0,0,1,2,0,2.8771479239283314e-05,0,Low
1,3,1,1,26,2717,0,49945,519,2897,0.1973000968964005,0,0,1,12,0,2.8771479239283314e-05,0,Low
2,3,0,0,23,1850,2,32069,510,1635,0.082479778010775,0,0,1,1,0,2.8771479239283314e-05,0,Low
2,3,0,0,15,1834,2,71887,599,1687,0.2121608084384215,0,0,1,4,0,2.8771479239283314e-05,0,Low
3,3,1,1,14,2268,19,33351,727,1935,0.1067274447969183,0,0,0,2,0,2.8771479239283314e-05,0,Low
3,3,1,1,38,1276,17,53856,653,3013,0.1741471960049123,0,0,1,1,0,2.8771479239283314e-05,0,Low
1,3,0,1,2,1479,2,53906,536,2838,0.181794501246268,0,0,1,9,0,2.8771479239283314e-05,0,Low
4,3,0,0,27,2755,9,58136,536,2823,0.1892787603604525,0,0,1,8,0,2.8771479239283314e-05,0,Low
4,3,0,0,4,2435,15,68531,643,2813,0.0819043139565276,0,0,1,7,0,2.8771479239283314e-05,0,Low
3,3,0,1,6,870,15,61534,580,2867,0.1099871844820713,0,0,1,10,0,2.8771479239283314e-05,0,Low
0,3,0,0,38,1775,21,49998,577,2782,0.1316849059606774,0,0,0,3,0,2.8771479239283314e-05,0,Low
2,3,1,0,35,935,3,30242,604,1716,0.1144752095197412,0,0,1,4,0,2.8771479239283314e-05,0,Low
2,3,0,1,7,2439,18,45110,517,1594,0.1531735857123992,0,0,1,8,0,2.8771479239283314e-05,0,Low
0,3,0,0,7,3363,7,32861,712,2968,0.1239937217778543,0,0,1,3,0,2.8771479239283314e-05,0,Low
2,3,0,0,6,1628,21,64845,591,1595,0.0906801850512031,0,0,1,10,0,2.8771479239283314e-05,0,Low
2,3,1,0,2,845,22,46751,646,2959,0.1431453119955114,0,0,1,3,0,2.8771479239283314e-05,0,Low
3,3,0,0,32,1884,24,62357,536,1014,0.1250645840701761,0,0,1,5,0,2.8771479239283314e-05,0,Low
2,3,0,2,15,1348,18,43584,662,1909,0.1479832561534328,0,0,1,3,0,2.8771479239283314e-05,0,Low
1,3,0,0,12,1197,16,48942,713,2206,0.1563383448138746,0,0,0,7,0,2.8771479239283314e-05,0,Low
0,3,1,1,34,1706,6,70225,625,1493,0.1223365554523709,0,0,1,11,0,2.8771479239283314e-05,0,Low
3,3,0,0,24,2709,8,68935,537,2605,0.1745847093216485,0,0,0,13,0,2.8771479239283314e-05,0,Low
0,3,1,2,32,1881,2,45382,509,1814,0.118618632679318,0,1,0,3,0,2.8771479239283314e-05,0,Low
2,3,0,2,11,1000,10,40476,722,2536,0.1273560186394632,0,0,1,5,0,2.8771479239283314e-05,0,Low
2,3,1,0,34,1234,0,46357,514,2922,0.1364219272551678,0,0,1,0,0,2.8771479239283314e-05,0,Low
1,3,1,2,37,3250,7,67584,639,1577,0.1758400174463615,0,0,1,13,0,2.8771479239283314e-05,0,Low
2,3,0,1,12,1182,0,38819,669,1703,0.1244289239982733,0,0,1,3,0,2.8771479239283314e-05,0,Low
0,0,0,0,38,2980,2,93163,550,3069,0.1932755333136315,1,0,1,7,0,2.326611503826694e-05,0,Low
2,2,0,3,34,3096,10,36707,532,3456,0.1773434755749747,0,0,0,4,0,2.326611503826694e-05,0,Low
0,0,0,3,22,1186,3,57081,536,3419,0.197401429609453,0,0,1,9,0,2.326611503826694e-05,0,Low
4,0,0,1,29,3062,21,68060,506,3057,0.1363595406929762,0,0,1,7,0,2.326611503826694e-05,0,Low
0,0,0,3,37,1524,23,52842,640,3604,0.1033532357086484,0,0,1,4,0,2.326611503826694e-05,0,Low
3,0,1,0,37,1098,13,67861,639,3018,0.1987670495017681,0,0,0,3,0,2.326611503826694e-05,0,Low
1,0,0,3,34,2987,12,44729,719,4391,0.1478421694359131,0,0,0,6,0,2.326611503826694e-05,0,Low
3,2,1,1,39,2842,8,30082,662,3074,0.1267051773644791,0,0,1,2,0,2.326611503826694e-05,0,Low
1,0,1,1,30,2018,0,49536,702,3047,0.0964559136766767,0,0,1,0,0,2.326611503826694e-05,0,Low
4,0,0,2,27,1998,3,93842,603,3021,0.1148566591132812,1,0,1,0,0,2.326611503826694e-05,0,Low
1,0,0,3,32,1307,22,61130,609,4871,0.1185451345568349,0,0,1,6,0,2.326611503826694e-05,0,Low
1,1,0,3,20,2171,19,71406,535,3728,0.082056394310672,0,0,1,1,0,2.326611503826694e-05,0,Low
3,0,0,3,18,2956,2,53663,568,4804,0.1583988633169871,0,0,1,9,0,2.326611503826694e-05,0,Low
2,0,0,3,26,1230,15,30536,527,3200,0.1310936392075181,0,0,1,10,0,2.326611503826694e-05,0,Low
1,2,1,0,23,1910,14,72734,714,3078,0.1667970240047383,0,0,1,10,0,2.326611503826694e-05,0,Low
1,2,0,3,30,3027,11,61148,583,4237,0.1441416236195959,0,0,1,4,0,2.326611503826694e-05,0,Low
1,0,0,0,38,2113,21,51813,550,3053,0.1155090714371602,0,0,1,10,0,2.326611503826694e-05,0,Low
2,0,1,2,25,849,22,68429,586,3066,0.0809326705242844,0,0,0,9,0,2.326611503826694e-05,0,Low
3,1,0,2,15,1798,10,69233,687,3078,0.1458922018885191,0,0,0,3,0,2.326611503826694e-05,0,Low
3,0,0,3,19,2803,2,69821,520,5055,0.2080441079235709,0,0,1,3,0,2.326611503826694e-05,0,Low
1,2,0,0,35,3168,0,56782,654,3083,0.1621508361637976,0,0,0,11,0,2.326611503826694e-05,0,Low
3,0,1,0,24,2269,1,55752,700,3100,0.1815439963018696,0,0,1,2,0,2.326611503826694e-05,0,Low
4,0,1,1,30,2705,9,35042,578,3044,0.0883062484592047,0,0,0,13,0,2.326611503826694e-05,0,Low
1,1,0,3,34,1996,8,70192,549,3827,0.1311495896995434,0,0,1,2,0,2.326611503826694e-05,0,Low
1,2,0,2,38,1532,11,39819,636,3043,0.0813185573099837,0,0,1,12,0,2.326611503826694e-05,0,Low
0,0,0,3,30,2605,3,62112,528,3616,0.185999041642921,0,0,1,1,0,2.326611503826694e-05,0,Low
0,1,1,1,32,2703,8,71138,670,3051,0.1339981762251776,1,1,1,7,0,2.326611503826694e-05,0,Low
1,2,1,0,24,2082,6,31877,501,3105,0.1802070508079976,0,0,1,2,0,2.326611503826694e-05,0,Low
2,0,0,1,27,1243,14,51367,553,3062,0.1367611380363986,1,0,1,1,0,2.326611503826694e-05,0,Low
0,1,0,3,38,1476,19,70208,524,5871,0.113325059155202,0,0,1,11,0,2.326611503826694e-05,0,Low
0,1,0,0,36,1450,3,54360,667,3058,0.1368061763460845,0,0,1,7,0,2.326611503826694e-05,0,Low
2,0,1,1,30,889,6,37175,563,3041,0.1409757913798301,0,0,1,9,0,2.326611503826694e-05,0,Low
1,2,0,0,33,1370,4,34882,608,3067,0.1211184898742443,0,1,1,8,0,2.326611503826694e-05,0,Low
1,1,1,0,34,1887,15,68545,641,3096,0.114333678004275,1,0,0,11,0,2.326611503826694e-05,0,Low
1,1,0,0,30,2471,8,54302,709,3064,0.1071071399432732,0,0,0,12,0,2.326611503826694e-05,0,Low
4,0,0,3,37,2215,4,45324,662,3282,0.1066955862626137,0,0,1,6,0,2.326611503826694e-05,0,Low
2,1,0,0,28,902,18,68620,678,3054,0.117975015326308,0,0,1,5,0,2.326611503826694e-05,0,Low
0,0,0,1,24,2639,11,47901,553,3057,0.0898346676462378,1,0,0,5,0,2.326611503826694e-05,0,Low
0,0,0,1,32,926,5,32117,675,3093,0.0920837758414948,0,0,1,6,0,2.326611503826694e-05,0,Low
1,2,0,3,25,3363,15,60901,603,3334,0.2157822158606204,0,0,1,5,0,2.326611503826694e-05,0,Low
2,0,0,3,37,2466,8,47463,572,5706,0.1332822811729133,0,0,0,3,0,2.326611503826694e-05,0,Low
1,0,0,3,36,1746,21,64460,539,5519,0.0863057759923642,0,0,1,3,0,2.326611503826694e-05,0,Low
1,0,0,4,15,1522,0,60155,733,3169,0.1904466044496857,0,0,1,4,0,2.326611503826694e-05,0,Low
2,1,0,0,15,3011,3,37159,609,3059,0.1405892397017334,0,0,1,6,0,2.326611503826694e-05,0,Low
3,0,0,0,34,1555,21,31073,531,3026,0.1253395777700028,0,0,1,7,0,2.326611503826694e-05,0,Low
3,0,1,3,20,2669,10,32531,527,5443,0.1940922752652199,0,0,1,1,0,2.326611503826694e-05,0,Low
4,2,0,1,33,970,12,51600,555,3068,0.1092290502058788,0,0,1,0,0,2.326611503826694e-05,0,Low
3,0,0,1,36,3185,0,53854,634,3070,0.1857783477676559,0,0,1,0,0,2.326611503826694e-05,0,Low
3,0,0,3,35,3168,10,53419,694,5399,0.1785209785169815,0,0,0,13,0,2.326611503826694e-05,0,Low
1,1,1,3,19,1175,18,63003,645,5163,0.1062764999431869,0,0,1,8,0,2.326611503826694e-05,0,Low
0,1,2,2,23,1647,0,34978,657,3083,0.1234145294700862,1,0,1,9,0,2.326611503826694e-05,0,Low
4,0,1,3,21,840,10,54158,625,5051,0.194487394859766,0,0,1,12,0,2.326611503826694e-05,0,Low
2,0,0,4,31,933,1,36795,617,3037,0.1888225020033316,0,0,1,8,0,2.326611503826694e-05,0,Low
2,0,0,0,33,1288,1,63968,680,3033,0.1624260370810007,0,0,1,1,0,2.326611503826694e-05,0,Low
5,2,1,0,18,946,3,70196,571,4357,0.1681782287946113,0,0,1,3,0,2.2337348456724585e-05,0,Low
5,1,1,1,20,3258,6,60907,679,4628,0.0970113107587682,0,0,1,1,0,2.2337348456724585e-05,0,Low
5,1,0,1,19,2385,1,51280,676,3448,0.110871343495044,0,0,1,10,0,2.2337348456724585e-05,0,Low
1,1,0,0,22,3295,2,30495,501,2064,0.1735273500770526,0,0,1,9,0,1.5929145957525613e-05,0,Low
0,0,1,1,16,1977,18,65353,521,1450,0.1030418429792558,0,1,1,14,0,1.5929145957525613e-05,0,Low
0,2,0,0,17,1403,8,35987,580,2428,0.0823029677839971,1,0,1,9,0,1.5929145957525613e-05,0,Low
3,1,0,1,21,1244,0,59025,597,1845,0.1281247094259089,0,0,1,10,0,1.5929145957525613e-05,0,Low
1,0,0,0,20,1919,18,82098,541,2139,0.0994585338907914,1,0,1,4,0,1.5929145957525613e-05,0,Low
1,1,0,0,18,2896,15,65245,602,2909,0.1650211331574675,0,0,1,0,0,1.5929145957525613e-05,0,Low
1,1,0,1,16,2735,3,72020,723,2873,0.1539893174993848,0,0,1,13,0,1.5929145957525613e-05,0,Low
3,1,0,1,19,2696,4,70319,615,2758,0.1002992284174778,0,0,1,5,0,1.5929145957525613e-05,0,Low
2,1,0,2,22,2838,19,72226,581,1562,0.1591655361814866,0,0,1,10,0,1.5929145957525613e-05,0,Low
0,2,0,0,17,2230,17,47444,563,1079,0.1293353653467304,1,0,1,10,0,1.5929145957525613e-05,0,Low
1,1,0,0,18,2226,0,66176,565,1421,0.1965615111916892,1,0,1,0,0,1.5929145957525613e-05,0,Low
1,1,1,1,22,2181,23,51828,588,1838,0.1763714726126916,1,0,0,3,0,1.5929145957525613e-05,0,Low
1,0,0,1,18,2694,20,56807,564,2351,0.0867657897540865,1,0,1,2,0,1.5929145957525613e-05,0,Low
2,2,1,2,21,3040,5,66735,654,2929,0.1073009621568923,0,0,1,13,0,1.5929145957525613e-05,0,Low
2,2,0,1,20,1530,18,34592,680,2112,0.1775606511782818,1,0,0,9,0,1.5929145957525613e-05,0,Low
2,2,1,0,17,3368,5,34755,648,1613,0.1230744127412109,0,0,1,8,0,1.5929145957525613e-05,0,Low
0,1,0,1,19,2548,9,44898,638,1745,0.126245571417327,1,0,1,10,0,1.5929145957525613e-05,0,Low
1,0,0,1,16,1265,21,67367,631,2374,0.1624104277459684,0,0,1,4,0,1.5929145957525613e-05,0,Low
1,2,0,2,18,1931,23,43274,536,2380,0.126106764256651,1,0,1,0,0,1.5929145957525613e-05,0,Low
2,1,0,1,19,2623,1,70970,519,1278,0.1456456562317074,0,0,1,2,0,1.5929145957525613e-05,0,Low
3,1,1,1,18,2743,19,46906,527,1743,0.1228324892452221,0,0,1,5,0,1.5929145957525613e-05,0,Low
2,0,0,0,22,2997,16,44048,672,2036,0.1844958720615873,1,1,1,13,0,1.5929145957525613e-05,0,Low
1,1,0,1,22,3121,6,56469,669,1872,0.16436780037029,0,0,1,8,0,1.5929145957525613e-05,0,Low
1,0,0,1,19,3217,1,34464,674,2932,0.1060487845456329,0,0,1,9,0,1.5929145957525613e-05,0,Low
4,0,0,2,19,1189,16,53422,580,1951,0.1340424283260256,0,0,1,5,0,1.5929145957525613e-05,0,Low
3,1,0,1,19,1360,24,66483,597,2104,0.1046135590144099,0,0,1,5,0,1.5929145957525613e-05,0,Low
2,0,0,0,18,3340,19,43202,716,2526,0.0932601539226946,0,0,1,9,0,1.5929145957525613e-05,0,Low
1,1,0,1,22,1068,8,44044,555,1574,0.1687102636519817,0,0,1,9,0,1.5929145957525613e-05,0,Low
1,0,0,0,17,3124,12,95605,607,1503,0.089172223583249,1,0,0,11,0,1.5929145957525613e-05,0,Low
3,0,1,1,20,2843,4,64694,732,1987,0.1679496168820302,0,0,1,7,0,1.5929145957525613e-05,0,Low
4,2,0,0,22,1506,18,85635,625,1496,0.1444930653225941,1,0,0,0,0,1.5929145957525613e-05,0,Low
5,0,1,1,16,2643,4,78620,505,2939,0.2003294108207823,0,1,0,7,0,1.5929145957525613e-05,0,Low
2,0,1,2,20,1615,17,50720,510,1968,0.1433687223635493,1,0,1,0,0,1.5929145957525613e-05,0,Low
3,0,0,0,19,2966,7,30612,582,2968,0.1601258931412648,0,0,0,13,0,1.5929145957525613e-05,0,Low
0,1,0,0,20,1590,1,57282,573,1237,0.1071995950565567,1,0,1,4,0,1.5929145957525613e-05,0,Low
2,0,0,1,16,3128,2,45865,541,2442,0.1545978958698236,0,0,0,14,0,1.5929145957525613e-05,0,Low
1,1,1,2,22,2341,3,42221,628,1714,0.1414704547005064,0,0,1,5,0,1.5929145957525613e-05,0,Low
1,0,0,1,16,2159,16,55474,521,2502,0.2179630509612633,0,0,1,12,0,1.5929145957525613e-05,0,Low
2,2,0,0,17,1171,20,59247,545,2112,0.0970519469176076,0,0,1,1,0,1.5929145957525613e-05,0,Low
0,1,0,0,22,1552,1,65029,518,1616,0.190597664987487,0,0,1,14,0,1.5929145957525613e-05,0,Low
2,2,0,0,22,2064,20,33195,587,1309,0.111025400443537,0,0,1,2,0,1.5929145957525613e-05,0,Low
2,2,0,2,19,2220,8,49358,521,2806,0.0911541384084442,0,1,0,3,0,1.5929145957525613e-05,0,Low
3,2,0,0,21,2098,16,48276,629,2738,0.0863087406634411,0,0,1,12,0,1.5929145957525613e-05,0,Low
3,0,1,2,19,1287,17,42935,538,2944,0.1175863895131484,0,0,0,8,0,1.5929145957525613e-05,0,Low
2,0,0,0,18,1651,11,69503,533,1566,0.1299005975457748,0,0,1,8,0,1.5929145957525613e-05,0,Low
5,0,0,2,22,1235,5,95028,545,2240,0.135907466269564,0,0,1,2,0,1.5929145957525613e-05,0,Low
2,1,0,1,17,1381,10,92538,565,2714,0.1408445123214022,1,0,1,9,0,1.5929145957525613e-05,0,Low
1,1,0,1,22,2356,20,52352,554,1468,0.0909776160205165,0,0,1,8,0,1.5929145957525613e-05,0,Low
3,1,0,1,16,1066,21,48264,512,1381,0.0986845938841829,0,1,1,9,0,1.5929145957525613e-05,0,Low
0,1,3,2,20,1867,10,48183,638,1844,0.20149446081134,0,0,1,1,0,1.5929145957525613e-05,0,Low
1,0,1,1,18,1243,9,37715,656,2840,0.1994196212167912,0,0,1,2,0,1.5929145957525613e-05,0,Low
5,1,0,2,16,2130,1,74189,659,1817,0.1449656472744269,0,0,1,13,0,1.5929145957525613e-05,0,Low
3,1,1,0,17,2108,16,44222,676,2339,0.157782825434191,0,0,1,13,0,1.5929145957525613e-05,0,Low
0,1,1,0,20,1014,21,72960,748,1957,0.1464197730782372,0,0,1,10,0,1.5929145957525613e-05,0,Low
0,1,1,1,17,2703,5,39458,610,2211,0.1181159184956244,0,0,0,6,0,1.5929145957525613e-05,0,Low
2,0,0,2,16,1526,5,36720,578,2002,0.1827606378795884,0,1,1,12,0,1.5929145957525613e-05,0,Low
2,1,0,0,22,1567,16,67458,677,2585,0.18394106229308,0,0,1,8,0,1.5929145957525613e-05,0,Low
2,1,0,1,19,1502,7,64091,515,2092,0.0956926299922901,0,0,1,3,0,1.5929145957525613e-05,0,Low
1,0,0,0,22,1058,13,41146,555,2213,0.118480458955389,0,0,1,4,0,1.5929145957525613e-05,0,Low
2,2,0,1,17,2203,2,73188,641,2507,0.1815055814372688,1,0,0,9,0,1.5929145957525613e-05,0,Low
1,2,0,2,19,3453,8,30417,718,2944,0.0886928029188813,0,0,1,6,0,1.5929145957525613e-05,0,Low
3,1,0,0,21,2373,3,34033,683,1995,0.115754158952936,0,0,1,0,0,1.5929145957525613e-05,0,Low
2,0,1,0,19,1407,3,45008,693,1693,0.1868618453216661,0,0,1,10,0,1.5929145957525613e-05,0,Low
3,0,0,1,17,3098,15,50470,720,2000,0.1486093038838707,0,0,1,8,0,1.5929145957525613e-05,0,Low
3,1,0,1,18,1085,14,55519,527,1227,0.1303034852675773,0,0,1,11,0,1.5929145957525613e-05,0,Low
2,1,0,1,22,2601,12,56343,622,2051,0.1860947326073741,0,0,1,5,0,1.5929145957525613e-05,0,Low
1,1,0,2,20,1311,16,70607,631,1508,0.1467630312984064,0,0,1,12,0,1.5929145957525613e-05,0,Low
0,1,0,0,20,2377,10,34125,560,2827,0.2197642318863339,0,0,1,14,0,1.5929145957525613e-05,0,Low
3,1,0,0,22,2577,12,58443,745,2838,0.1798867117811702,0,1,1,10,0,1.5929145957525613e-05,0,Low
1,1,0,1,18,1341,7,42159,541,1988,0.1532162707533121,0,0,1,11,0,1.5929145957525613e-05,0,Low
2,1,0,2,21,2573,8,54723,647,1046,0.2085004451952879,0,0,0,9,0,1.5929145957525613e-05,0,Low
3,1,1,0,18,1703,15,88038,578,2501,0.0991206032582925,1,0,1,6,0,1.5929145957525613e-05,0,Low
1,1,1,0,19,2886,24,49621,606,1785,0.1412662736346335,0,0,1,10,0,1.5929145957525613e-05,0,Low
2,2,1,0,20,1506,5,51333,704,2849,0.1822973447535688,0,0,1,8,0,1.5929145957525613e-05,0,Low
0,1,0,1,19,1064,14,53793,502,1730,0.1532873382424208,0,1,1,4,0,1.5929145957525613e-05,0,Low
1,1,1,1,21,941,11,66190,684,2421,0.1674028665203986,0,0,1,5,0,1.5929145957525613e-05,0,Low
1,2,1,1,20,2068,4,57681,732,2378,0.1608493042831186,0,0,1,4,0,1.5929145957525613e-05,0,Low
3,1,0,2,16,2385,1,46974,577,1313,0.134251427987641,0,0,1,2,0,1.5929145957525613e-05,0,Low
2,2,0,0,20,1415,8,59322,619,2979,0.1178811589207542,0,0,1,4,0,1.5929145957525613e-05,0,Low
3,0,1,1,20,3126,20,72912,607,2998,0.1610294167904075,0,0,1,10,0,1.5929145957525613e-05,0,Low
3,2,0,0,21,2070,13,43244,567,1786,0.0867424441685048,0,0,1,14,0,1.5929145957525613e-05,0,Low
1,0,1,1,21,3298,9,52891,660,1561,0.1321049816542257,1,0,1,0,0,1.5929145957525613e-05,0,Low
4,0,0,2,17,895,4,40610,614,2095,0.1412838144449443,0,0,1,7,0,1.5929145957525613e-05,0,Low
1,1,0,1,18,1702,11,66466,570,2818,0.132626096527759,0,0,1,0,0,1.5929145957525613e-05,0,Low
3,1,1,0,16,2953,6,86451,622,1327,0.1189136753030939,1,0,1,7,0,1.5929145957525613e-05,0,Low
5,2,0,1,16,1107,3,42161,634,2938,0.0901263727129932,0,0,1,3,0,1.5929145957525613e-05,0,Low
1,2,0,1,22,3356,13,59983,544,2135,0.0903282470309562,0,0,1,13,0,1.5929145957525613e-05,0,Low
3,0,0,1,22,1384,18,42011,691,1879,0.2037864796101889,0,0,1,4,0,1.5929145957525613e-05,0,Low
3,2,1,0,20,2440,12,53436,576,2423,0.1211290400565801,0,0,0,0,0,1.5929145957525613e-05,0,Low
2,1,0,1,17,2294,13,51881,545,1596,0.1713684451973459,0,0,0,0,0,1.5929145957525613e-05,0,Low
1,2,1,2,16,1886,16,39271,731,1700,0.1881580247187926,0,0,1,3,0,1.5929145957525613e-05,0,Low
2,0,0,0,22,1717,13,31102,663,2468,0.1912988949938475,0,0,1,0,0,1.5929145957525613e-05,0,Low
2,0,0,2,21,1130,20,31353,739,1094,0.0832073658183471,0,0,1,7,0,1.5929145957525613e-05,0,Low
2,0,0,2,17,1470,8,61199,507,1067,0.1363845110343512,1,0,1,4,0,1.5929145957525613e-05,0,Low
2,0,0,1,20,2163,9,55797,575,1976,0.205807991611473,1,0,1,9,0,1.5929145957525613e-05,0,Low
2,1,1,1,18,849,17,64777,680,1631,0.18732311233206,0,1,1,6,0,1.5929145957525613e-05,0,Low
2,1,0,1,18,3327,1,50797,734,1808,0.1116605889844676,0,0,1,13,0,1.5929145957525613e-05,0,Low
3,0,0,1,19,3055,6,50182,722,1154,0.1269779336904739,0,0,1,3,0,1.5929145957525613e-05,0,Low
0,1,0,0,22,1550,14,69745,601,1317,0.1207565012752106,0,0,0,2,0,1.5929145957525613e-05,0,Low
2,1,0,0,22,1404,23,40847,683,1591,0.1311677881225813,0,0,1,9,0,1.5929145957525613e-05,0,Low
3,1,0,0,18,3348,19,54488,591,2419,0.1608010414010296,0,0,1,8,0,1.5929145957525613e-05,0,Low
4,1,1,0,17,2699,4,41414,655,1321,0.1350659490942034,0,0,0,7,0,1.5929145957525613e-05,0,Low
1,0,0,0,16,3021,11,42785,556,2439,0.1030148661556366,0,0,1,13,0,1.5929145957525613e-05,0,Low
4,2,1,0,19,1868,21,38876,510,2536,0.1608402230020938,0,0,1,7,0,1.5929145957525613e-05,0,Low
2,0,0,1,20,1971,8,38927,680,1632,0.0913401329134992,1,0,1,14,0,1.5929145957525613e-05,0,Low
1,0,0,0,17,3367,18,70651,633,2809,0.1639491920739801,1,0,1,1,0,1.5929145957525613e-05,0,Low
0,2,0,0,16,2771,16,42417,686,2564,0.1132794882385467,0,0,1,2,0,1.5929145957525613e-05,0,Low
2,1,0,0,22,3023,24,42377,620,2858,0.1447353682317499,0,0,1,7,0,1.5929145957525613e-05,0,Low
2,1,0,1,22,3219,17,52021,578,1008,0.1302731949951778,0,0,1,12,0,1.5929145957525613e-05,0,Low
2,0,0,0,18,2000,2,69779,504,1714,0.1851312432841587,0,1,1,9,0,1.5929145957525613e-05,0,Low
0,2,0,1,17,1034,5,68670,729,2471,0.1377209424094229,0,0,1,4,0,1.5929145957525613e-05,0,Low
1,0,3,0,22,873,1,51028,624,1999,0.1327130551001209,0,0,1,9,0,1.5929145957525613e-05,0,Low
0,1,0,1,21,3166,12,84634,572,2327,0.1261444172261373,1,0,1,12,0,1.5929145957525613e-05,0,Low
3,1,0,1,17,2058,14,33412,643,2918,0.0863768331798489,1,0,0,4,0,1.5929145957525613e-05,0,Low
1,0,0,0,18,1851,4,44155,657,2810,0.1465679160324771,1,0,1,5,0,1.5929145957525613e-05,0,Low
0,2,0,1,18,3326,1,31307,534,1307,0.2088633443431391,1,0,0,8,0,1.5929145957525613e-05,0,Low
0,2,0,1,19,1815,15,37239,570,1514,0.1914976950494424,0,0,1,4,0,1.5929145957525613e-05,0,Low
4,0,0,0,22,1158,23,30814,583,1226,0.1952136825569042,1,0,1,8,0,1.5929145957525613e-05,0,Low
4,1,1,0,19,1080,1,33343,722,2927,0.1209264753418495,0,0,0,2,0,1.5929145957525613e-05,0,Low
1,1,1,1,17,952,23,48647,586,2088,0.1794341923077236,1,0,0,6,0,1.5929145957525613e-05,0,Low
2,2,0,0,19,2361,14,39335,703,2348,0.2072604390005352,0,0,1,2,0,1.5929145957525613e-05,0,Low
2,0,0,2,22,1387,16,62804,592,2157,0.1680236343922679,0,0,1,6,0,1.5929145957525613e-05,0,Low
2,0,0,0,17,3229,6,80380,547,2322,0.1373029411257327,1,0,1,3,0,1.5929145957525613e-05,0,Low
0,1,1,1,19,980,12,67699,637,2131,0.1228960581596889,0,0,1,1,0,1.5929145957525613e-05,0,Low
1,1,0,1,19,2502,10,43720,626,2735,0.2098192514873258,0,0,0,8,0,1.5929145957525613e-05,0,Low
2,0,2,0,19,2747,8,50131,627,1729,0.0952856847818581,1,0,1,1,0,1.5929145957525613e-05,0,Low
2,1,1,1,22,2331,23,52254,688,1576,0.1390650753843685,0,0,1,6,0,1.5929145957525613e-05,0,Low
2,2,0,0,22,3344,23,33336,622,2401,0.1441773480902159,0,0,0,0,0,1.5929145957525613e-05,0,Low
0,1,1,0,22,2532,16,55924,649,1118,0.1396238793351465,1,0,1,2,0,1.5929145957525613e-05,0,Low
1,0,0,1,18,1294,7,52259,737,1490,0.1987508732334246,0,0,0,7,0,1.5929145957525613e-05,0,Low
2,2,1,0,17,2061,4,61510,724,1333,0.189052478806475,0,0,1,10,0,1.5929145957525613e-05,0,Low
2,1,0,2,20,2826,16,56664,627,1731,0.1176405274021677,0,0,1,5,0,1.5929145957525613e-05,0,Low
4,0,0,1,20,2029,17,66242,508,1337,0.089369095600707,0,0,1,5,0,1.5929145957525613e-05,0,Low
2,1,0,1,22,2321,15,53724,746,2054,0.1055741629606654,0,0,0,11,0,1.5929145957525613e-05,0,Low
1,1,0,0,21,2539,21,73185,534,2160,0.1288449038244563,0,0,1,14,0,1.5929145957525613e-05,0,Low
2,1,0,2,19,3053,4,48657,514,2282,0.206950092139149,0,0,1,3,0,1.5929145957525613e-05,0,Low
0,0,0,0,19,1519,5,43626,606,2113,0.1010674193627535,0,1,1,1,0,1.5929145957525613e-05,0,Low
1,1,0,0,20,999,13,59418,512,1371,0.1788750046013983,0,0,1,0,0,1.5929145957525613e-05,0,Low
2,1,0,0,20,3319,5,60896,584,2798,0.0999300288127397,1,0,1,3,0,1.5929145957525613e-05,0,Low
2,0,1,1,21,2488,4,62777,707,1962,0.1345232620234426,0,0,0,12,0,1.5929145957525613e-05,0,Low
2,2,0,2,18,1509,5,36943,587,2719,0.2166168415888908,0,0,1,8,0,1.5929145957525613e-05,0,Low
1,2,0,1,16,1745,7,43918,643,1076,0.1214809378286751,0,0,1,11,0,1.5929145957525613e-05,0,Low
4,1,0,0,17,2941,16,48633,643,1890,0.1833922029152462,0,1,1,14,0,1.5929145957525613e-05,0,Low
4,2,0,0,20,1084,7,63139,505,1720,0.1131529341894988,0,0,1,10,0,1.5929145957525613e-05,0,Low
3,1,0,1,22,3294,12,44128,591,1678,0.1461806578515466,0,0,1,8,0,1.5929145957525613e-05,0,Low
1,0,0,0,22,3059,0,35617,587,1796,0.096324866002019,0,0,1,13,0,1.5929145957525613e-05,0,Low
0,0,0,2,20,2198,11,86004,600,2056,0.1812036335065959,1,0,1,8,0,1.5929145957525613e-05,0,Low
1,0,0,0,18,2563,10,43926,720,2775,0.1169306386335574,0,0,1,2,0,1.5929145957525613e-05,0,Low
1,0,1,0,17,2874,9,48548,562,1426,0.151004635731052,0,0,1,13,0,1.5929145957525613e-05,0,Low
2,0,0,0,21,2543,7,72385,660,1365,0.1824301265420644,1,0,0,12,0,1.5929145957525613e-05,0,Low
1,1,0,2,21,2506,0,55510,601,1566,0.1972546254721675,0,0,1,14,0,1.5929145957525613e-05,0,Low
1,2,1,0,16,2815,16,49606,711,2246,0.1013669677853814,0,0,1,13,0,1.5929145957525613e-05,0,Low
1,1,0,1,20,1230,21,47260,629,2038,0.1652305125992128,0,0,1,10,0,1.5929145957525613e-05,0,Low
2,2,0,2,21,1313,4,50507,672,2598,0.1279569508804782,0,0,1,7,0,1.5929145957525613e-05,0,Low
4,2,0,0,20,2672,19,61632,654,2323,0.2090959928591244,1,0,0,9,0,1.5929145957525613e-05,0,Low
2,1,0,2,17,2044,9,52437,586,2345,0.1753056721991653,0,0,1,7,0,1.5929145957525613e-05,0,Low
2,0,0,1,20,2055,8,69606,538,1280,0.195692160550779,0,0,1,8,0,1.5929145957525613e-05,0,Low
2,0,1,1,21,2566,18,40477,670,2330,0.2195546872439865,0,0,1,12,0,1.5929145957525613e-05,0,Low
1,0,1,1,22,1045,5,36990,706,1820,0.1840412879765848,0,0,1,2,0,1.5929145957525613e-05,0,Low
2,0,0,0,22,2278,15,82612,600,1174,0.1741254225808825,1,0,0,13,0,1.5929145957525613e-05,0,Low
1,0,0,2,21,1114,16,59217,603,2718,0.1351243133554096,0,0,1,4,0,1.5929145957525613e-05,0,Low
2,0,1,0,17,1871,9,32497,688,2480,0.2067661100088518,0,0,1,12,0,1.5929145957525613e-05,0,Low
1,1,0,1,19,1535,5,38106,736,1621,0.1279580722765882,0,0,0,10,0,1.5929145957525613e-05,0,Low
3,0,1,1,17,3376,6,89494,550,2935,0.1862829545043677,1,0,1,5,0,1.5929145957525613e-05,0,Low
1,0,1,1,18,1161,21,63680,637,1984,0.1616438673484405,0,0,1,9,0,1.5929145957525613e-05,0,Low
1,2,0,1,17,1863,1,74265,517,2903,0.1229554326590555,1,0,1,13,0,1.5929145957525613e-05,0,Low
1,0,1,1,19,1245,9,53589,631,2168,0.2059258474618603,0,0,1,12,0,1.5929145957525613e-05,0,Low
2,0,0,2,22,2116,21,71748,729,2222,0.1435556033613312,0,0,1,14,0,1.5929145957525613e-05,0,Low
1,0,1,1,22,1020,7,72273,602,1990,0.1414701146202869,0,0,1,5,0,1.5929145957525613e-05,0,Low
4,2,0,0,19,2221,6,52126,559,2307,0.0948452717929195,0,0,1,2,0,1.5929145957525613e-05,0,Low
4,2,1,1,20,1711,4,66780,585,2318,0.1662185509234784,0,0,1,5,0,1.5929145957525613e-05,0,Low
4,1,0,0,22,1339,5,72722,555,2152,0.116522408507013,0,0,1,14,0,1.5929145957525613e-05,0,Low
1,0,0,2,20,3009,6,36543,624,1510,0.1966958183203322,0,0,0,7,0,1.5929145957525613e-05,0,Low
2,1,0,0,18,1259,8,38760,629,1327,0.1072197104343786,0,0,1,4,0,1.5929145957525613e-05,0,Low
3,0,1,1,18,2928,23,66005,703,2822,0.1421354992168558,0,0,0,4,0,1.5929145957525613e-05,0,Low
1,1,0,0,22,1210,17,63465,629,1820,0.1660964844629016,0,0,1,10,0,1.5929145957525613e-05,0,Low
2,1,0,1,17,3431,17,31222,587,2365,0.1957984076726171,1,0,1,14,0,1.5929145957525613e-05,0,Low
3,1,1,0,18,1684,7,57103,566,1231,0.187212815484359,0,0,1,0,0,1.5929145957525613e-05,0,Low
1,1,0,2,17,2880,19,65291,606,2024,0.0939505417634569,0,0,1,1,0,1.5929145957525613e-05,0,Low
2,1,1,1,21,1550,15,45878,618,2460,0.1176560860935552,0,0,0,1,0,1.5929145957525613e-05,0,Low
3,2,0,1,22,2615,7,43735,605,1329,0.1780441918707275,0,0,1,5,0,1.5929145957525613e-05,0,Low
2,1,0,0,20,3123,8,62767,509,2224,0.1540339225709464,0,0,1,8,0,1.5929145957525613e-05,0,Low
2,2,1,1,18,3488,18,57189,714,1945,0.2141376148615963,0,0,0,12,0,1.5929145957525613e-05,0,Low
0,0,0,0,16,1337,15,38085,694,2218,0.1830306361116431,0,0,1,7,0,1.5929145957525613e-05,0,Low
4,0,1,1,22,2088,2,61713,524,1144,0.1283477134499874,0,0,1,5,0,1.5929145957525613e-05,0,Low
2,1,0,0,21,3268,13,57143,511,3001,0.0892732954172926,1,0,1,5,0,1.5929145957525613e-05,0,Low
2,2,1,2,19,1342,6,66598,528,1403,0.1655832935460617,1,0,1,5,0,1.5929145957525613e-05,0,Low
4,0,1,1,22,1790,5,39648,636,1288,0.1623192745291602,0,0,1,1,0,1.5929145957525613e-05,0,Low
0,1,0,2,22,3121,5,43513,574,2881,0.1552676741348822,1,0,0,13,0,1.5929145957525613e-05,0,Low
1,0,0,0,16,1003,6,60253,677,2534,0.11711623688217,0,0,0,1,0,1.5929145957525613e-05,0,Low
3,0,1,1,16,2511,20,32014,639,2241,0.1292190749165638,0,0,1,5,0,1.5929145957525613e-05,0,Low
1,0,1,2,22,915,15,45766,608,2787,0.1302498833403575,0,0,1,0,0,1.5929145957525613e-05,0,Low
0,2,0,0,21,2135,22,37402,569,2355,0.1159720240950893,0,0,1,14,0,1.5929145957525613e-05,0,Low
4,0,0,1,21,2014,3,47845,717,1245,0.1103837141606482,0,0,1,1,0,1.5929145957525613e-05,0,Low
0,1,1,1,19,1450,21,67002,676,1979,0.1333345688242856,0,0,1,6,0,1.5929145957525613e-05,0,Low
2,2,1,1,19,1520,1,57137,509,2084,0.1437646275140423,0,0,1,7,0,1.5929145957525613e-05,0,Low
0,1,0,1,17,2438,19,54889,696,1197,0.0881452859948325,0,0,1,6,0,1.5929145957525613e-05,0,Low
1,1,1,2,22,1635,9,34025,507,2115,0.0951500605394026,0,0,1,3,0,1.5929145957525613e-05,0,Low
3,0,0,1,22,2708,20,37761,593,2234,0.1040291372443834,1,0,1,6,0,1.5929145957525613e-05,0,Low
4,1,1,0,22,3443,16,65969,649,2347,0.1508343347430325,1,0,0,5,0,1.5929145957525613e-05,0,Low
2,1,1,1,18,2904,12,73200,562,1993,0.1692785400469011,0,0,1,5,0,1.5929145957525613e-05,0,Low
0,2,0,1,22,2223,9,42059,543,1145,0.1597154016592293,0,0,0,6,0,1.5929145957525613e-05,0,Low
3,1,0,1,19,2267,16,70102,500,1893,0.1361488373290638,0,0,1,3,0,1.5929145957525613e-05,0,Low
1,2,0,1,20,3024,10,33782,713,1899,0.1592887620285113,0,0,0,13,0,1.5929145957525613e-05,0,Low
1,1,0,2,16,1578,3,73824,609,1798,0.1594275309660278,0,0,0,6,0,1.5929145957525613e-05,0,Low
2,0,1,2,20,2160,9,72129,705,2573,0.0952871425006128,0,0,1,2,0,1.5929145957525613e-05,0,Low
2,0,0,1,19,1032,15,35139,700,2474,0.0858708631411453,0,0,1,0,0,1.5929145957525613e-05,0,Low
0,1,0,1,16,2228,1,40421,624,1876,0.1522788672712418,1,0,1,4,0,1.5929145957525613e-05,0,Low
2,0,0,2,22,2340,22,54791,580,1643,0.0999954137874545,0,0,1,13,0,1.5929145957525613e-05,0,Low
2,0,1,1,21,2076,0,67734,678,1228,0.1213195364905641,0,0,0,0,0,1.5929145957525613e-05,0,Low
2,1,0,0,18,3009,19,53124,566,1096,0.0846905136237034,0,0,1,11,0,1.5929145957525613e-05,0,Low
3,2,0,0,20,1799,11,63561,723,2939,0.1944907596411782,0,0,0,13,0,1.5929145957525613e-05,0,Low
2,0,3,0,17,902,2,42996,554,2931,0.0931019674438427,0,0,1,5,0,1.5929145957525613e-05,0,Low
3,2,0,0,17,3346,1,35021,646,1687,0.1081268817622296,0,0,1,2,0,1.5929145957525613e-05,0,Low
1,1,0,1,17,2072,3,52051,590,2757,0.1503661026521709,1,0,1,2,0,1.5929145957525613e-05,0,Low
0,0,0,0,20,1320,0,46537,557,2530,0.2088865642783492,0,0,0,10,0,1.5929145957525613e-05,0,Low
1,1,1,0,18,2939,17,53249,571,1231,0.1588867907112166,0,0,1,2,0,1.5929145957525613e-05,0,Low
4,1,1,1,21,1874,14,45945,601,1128,0.1234423338273116,0,0,1,2,0,1.5929145957525613e-05,0,Low
1,0,0,0,16,1380,22,68463,507,2109,0.0997914926314898,0,0,1,11,0,1.5929145957525613e-05,0,Low
2,2,1,2,16,2373,16,70856,670,2798,0.1122915684503982,0,0,1,0,0,1.5929145957525613e-05,0,Low
2,0,0,1,18,3315,9,48256,639,1418,0.0940355627312202,1,0,1,12,0,1.5929145957525613e-05,0,Low
2,0,1,1,16,1683,13,70019,515,1017,0.1400843605891045,0,0,0,12,0,1.5929145957525613e-05,0,Low
2,1,1,2,20,2263,1,47604,707,1577,0.1067156573601071,0,0,1,9,0,1.5929145957525613e-05,0,Low
2,0,0,0,17,3389,6,71477,578,2047,0.1048901807135114,0,0,1,13,0,1.5929145957525613e-05,0,Low
2,1,1,0,22,2091,0,70866,540,2584,0.0800683461196985,0,0,0,6,0,1.5929145957525613e-05,0,Low
1,0,1,1,21,2926,8,52022,558,2759,0.1808675105132051,0,0,1,11,0,1.5929145957525613e-05,0,Low
2,0,2,1,22,831,1,32626,523,2178,0.1039903092633987,1,0,1,0,0,1.5929145957525613e-05,0,Low
5,2,1,0,21,1644,10,80882,613,2238,0.1859871168379636,0,0,1,9,0,1.5929145957525613e-05,0,Low
2,1,0,0,20,2753,9,35275,681,1799,0.1901859271598306,0,0,1,4,0,1.5929145957525613e-05,0,Low
3,1,1,0,17,2385,10,50294,611,2133,0.198389287656595,0,0,1,7,0,1.5929145957525613e-05,0,Low
1,2,0,0,18,1546,10,41511,633,2263,0.1273159895106555,0,0,1,3,0,1.5929145957525613e-05,0,Low
3,0,0,1,20,3249,20,67117,569,1868,0.1453842975187022,0,0,1,3,0,1.5929145957525613e-05,0,Low
2,1,2,1,20,1716,11,73504,526,2214,0.1108130472257445,1,1,1,13,0,1.5929145957525613e-05,0,Low
2,0,1,2,17,1870,1,46594,675,2033,0.1543229155128824,0,0,1,14,0,1.5929145957525613e-05,0,Low
2,0,0,0,16,2711,17,41560,734,2759,0.1728151576304836,0,0,1,1,0,1.5929145957525613e-05,0,Low
2,0,1,1,22,2567,4,33070,671,2468,0.1872699876299974,0,0,1,4,0,1.5929145957525613e-05,0,Low
3,0,0,1,17,2348,20,73702,502,1280,0.1647760733323937,0,0,1,8,0,1.5929145957525613e-05,0,Low
2,0,0,1,16,837,12,52544,578,1572,0.1458055853744876,1,0,0,7,0,1.5929145957525613e-05,0,Low
1,1,0,2,17,1289,22,57632,685,1116,0.1394133510569485,0,0,0,13,0,1.5929145957525613e-05,0,Low
1,1,0,1,16,2148,13,36861,737,1158,0.1509467347151816,0,0,1,7,0,1.5929145957525613e-05,0,Low
3,0,3,1,22,1813,3,70441,610,2491,0.1694388224369682,0,1,0,3,0,1.5929145957525613e-05,0,Low
1,1,0,1,18,2318,7,37975,673,2795,0.1761199743212325,0,0,0,6,0,1.5929145957525613e-05,0,Low
2,0,1,0,19,2768,12,49985,684,2031,0.1868846366249459,0,0,1,11,0,1.5929145957525613e-05,0,Low
2,1,0,2,16,3322,16,77973,508,2007,0.1226112651753679,1,0,1,12,0,1.5929145957525613e-05,0,Low
1,0,0,1,16,2411,21,46203,677,1969,0.0923909401987077,0,0,1,8,0,1.5929145957525613e-05,0,Low
1,2,0,1,22,3242,17,57666,557,2670,0.1728880305558545,0,0,1,9,0,1.5929145957525613e-05,0,Low
0,1,0,1,21,3427,20,68675,568,2074,0.0932212982224476,1,0,1,4,0,1.5929145957525613e-05,0,Low
2,2,0,0,20,1022,10,59567,537,2515,0.1247271119149438,0,0,1,2,0,1.5929145957525613e-05,0,Low
1,1,0,0,21,1981,17,64310,622,2678,0.1864046133860283,1,0,1,10,0,1.5929145957525613e-05,0,Low
1,2,1,0,21,2770,12,58360,603,2836,0.0936370107748907,0,0,1,0,0,1.5929145957525613e-05,0,Low
1,1,0,0,19,1301,23,42968,631,1263,0.0919299873934183,0,0,0,5,0,1.5929145957525613e-05,0,Low
1,1,0,1,18,2416,0,60067,595,1422,0.1996900259883009,0,0,1,11,0,1.5929145957525613e-05,0,Low
2,1,0,2,17,2094,4,30918,639,2603,0.0938928053588073,0,0,1,7,0,1.5929145957525613e-05,0,Low
0,1,0,1,19,3355,12,70430,696,1892,0.2034205276230361,0,0,0,8,0,1.5929145957525613e-05,0,Low
3,2,0,0,20,1602,6,44513,672,1269,0.0921501956690108,0,0,1,4,0,1.5929145957525613e-05,0,Low
1,0,1,2,18,1811,9,60620,656,2883,0.1664796553300315,0,0,1,3,0,1.5929145957525613e-05,0,Low
3,1,0,0,9,1474,16,38354,572,3237,0.0802825270234826,0,0,1,6,0,1.3440551303699676e-05,0,Low
1,0,0,0,12,879,20,39453,716,3819,0.1148228200112402,0,0,1,14,0,1.3440551303699676e-05,0,Low
1,2,0,1,3,3269,16,49011,659,4076,0.2142781362699756,0,0,1,6,0,1.3440551303699676e-05,0,Low
0,2,1,0,8,2315,10,89828,601,3847,0.1703424775564843,1,0,0,10,0,1.3440551303699676e-05,0,Low
1,1,0,1,13,2500,6,61221,517,5370,0.189245221363735,0,0,1,6,0,1.3440551303699676e-05,0,Low
0,0,0,1,11,1850,22,49971,662,4403,0.093073125949332,0,0,1,3,0,1.3440551303699676e-05,0,Low
2,2,1,0,10,2901,24,35945,536,5285,0.1912864497679605,1,0,1,5,0,1.3440551303699676e-05,0,Low
3,2,0,1,10,1891,2,44459,697,5202,0.08636073524428,0,0,0,7,0,1.3440551303699676e-05,0,Low
2,0,0,1,5,1033,5,68174,728,5323,0.1562349790598073,0,0,1,11,0,1.3440551303699676e-05,0,Low
2,1,0,1,12,971,16,34120,568,5749,0.1329379057068355,1,0,1,14,0,1.3440551303699676e-05,0,Low
4,0,0,1,12,3073,3,47922,736,5841,0.1503819916495039,0,0,1,8,0,1.3440551303699676e-05,0,Low
1,2,0,0,9,2279,1,34185,667,3450,0.1393955589476002,0,0,0,11,0,1.3440551303699676e-05,0,Low
3,1,0,0,4,2676,8,40656,549,3252,0.2033484595968712,0,0,1,5,0,1.3440551303699676e-05,0,Low
3,1,0,0,0,3041,14,65215,672,3910,0.1121426055557635,0,0,1,0,0,1.3440551303699676e-05,0,Low
1,0,1,0,2,2490,13,58981,593,5112,0.0825322789639681,0,0,1,12,0,1.3440551303699676e-05,0,Low
1,1,0,0,11,1028,13,36850,683,3872,0.1040710539621831,0,0,0,14,0,1.3440551303699676e-05,0,Low
3,1,1,0,12,981,1,43581,708,3354,0.1304348945393385,0,0,1,6,0,1.3440551303699676e-05,0,Low
3,0,0,0,14,2732,13,63749,636,5231,0.0920243228640514,0,0,1,6,0,1.3440551303699676e-05,0,Low
2,0,0,0,14,2679,12,54092,549,5111,0.2023249793879659,1,0,1,0,0,1.3440551303699676e-05,0,Low
2,1,0,1,7,3037,15,64251,508,5870,0.1614591962326772,0,0,1,3,0,1.3440551303699676e-05,0,Low
1,1,0,0,12,2805,11,35868,501,3125,0.2056779529693899,0,0,1,11,0,1.3440551303699676e-05,0,Low
3,0,0,0,9,1080,9,69356,665,3600,0.0879053476147485,1,0,1,7,0,1.3440551303699676e-05,0,Low
2,1,0,0,7,2070,15,36805,524,4152,0.1483934631013566,0,0,1,1,0,1.3440551303699676e-05,0,Low
3,1,0,1,4,1234,0,33425,737,5360,0.2172199972325318,0,0,1,13,0,1.3440551303699676e-05,0,Low
2,0,0,0,6,3390,0,39411,569,3663,0.1284882496415114,0,0,1,2,0,1.3440551303699676e-05,0,Low
1,0,1,1,11,1071,2,57396,731,5029,0.0847641985409649,0,0,1,1,0,1.3440551303699676e-05,0,Low
2,2,1,0,3,951,17,34219,612,5711,0.1244090999989648,0,0,0,0,0,1.3440551303699676e-05,0,Low
1,2,1,1,5,2409,3,83075,566,5469,0.0812887725485534,1,0,1,14,0,1.3440551303699676e-05,0,Low
1,0,0,0,14,1409,1,42644,630,3499,0.2120576296872216,0,0,1,1,0,1.3440551303699676e-05,0,Low
2,2,1,1,12,1088,14,70552,644,4822,0.1989512550133372,1,0,1,7,0,1.3440551303699676e-05,0,Low
2,0,0,1,3,3252,4,38591,590,3699,0.0859559840262697,0,0,1,1,0,1.3440551303699676e-05,0,Low
2,2,0,0,0,3027,22,72345,573,3280,0.1203793338727242,0,0,1,3,0,1.3440551303699676e-05,0,Low
2,0,0,0,7,2401,11,63906,699,5264,0.191207565929971,0,0,1,14,0,1.3440551303699676e-05,0,Low
2,0,0,0,9,2676,18,55648,632,5272,0.0857916685367341,0,0,0,3,0,1.3440551303699676e-05,0,Low
1,1,0,0,7,2341,5,63513,656,3534,0.1870705650694597,0,0,0,4,0,1.3440551303699676e-05,0,Low
2,0,0,1,1,3407,5,32719,680,3267,0.1326311798783365,1,0,1,14,0,1.3440551303699676e-05,0,Low
3,1,1,1,9,3167,0,53649,698,5498,0.1452688421741875,0,0,0,5,0,1.3440551303699676e-05,0,Low
3,1,0,0,9,1023,13,59769,667,4962,0.1916409977076835,0,0,1,6,0,1.3440551303699676e-05,0,Low
2,0,1,1,7,1896,0,42473,567,3366,0.1100277541018451,0,0,1,9,0,1.3440551303699676e-05,0,Low
2,2,1,0,8,941,5,50905,699,4200,0.1197797381519178,0,0,1,6,0,1.3440551303699676e-05,0,Low
2,2,0,0,14,1032,0,36064,509,3404,0.082439564667246,0,0,1,4,0,1.3440551303699676e-05,0,Low
4,1,0,0,7,2884,19,57250,521,5665,0.159775120494701,0,0,1,14,0,1.3440551303699676e-05,0,Low
3,0,1,0,14,1644,9,46309,645,3116,0.1529617012473446,0,0,1,14,0,1.3440551303699676e-05,0,Low
4,0,0,1,13,1543,6,30829,551,5378,0.1691053213286707,0,0,0,14,0,1.3440551303699676e-05,0,Low
0,1,1,1,2,3440,0,41630,656,3939,0.1400989068863062,1,0,1,3,0,1.3440551303699676e-05,0,Low
1,1,0,1,5,2967,6,41405,612,5697,0.1648954259302372,0,0,1,8,0,1.3440551303699676e-05,0,Low
1,1,0,1,7,2722,2,55786,553,5268,0.1292219837504664,0,1,1,11,0,1.3440551303699676e-05,0,Low
3,0,0,1,13,1376,12,45589,688,4743,0.1272208235373387,0,0,1,6,0,1.3440551303699676e-05,0,Low
2,0,0,0,13,2277,7,39117,526,5428,0.143339779864682,0,0,1,7,0,1.3440551303699676e-05,0,Low
3,0,1,0,8,2454,14,63383,626,5574,0.0954988881255929,0,0,1,14,0,1.3440551303699676e-05,0,Low
2,1,0,0,2,2732,24,55921,590,4389,0.1543212187946223,1,0,0,4,0,1.3440551303699676e-05,0,Low
1,1,0,0,13,1003,1,62293,694,4427,0.0850104897893712,0,0,1,0,0,1.3440551303699676e-05,0,Low
1,0,1,1,10,1556,1,39085,746,3279,0.1756312579665293,0,0,1,8,0,1.3440551303699676e-05,0,Low
5,0,0,1,32,2922,7,46351,584,5312,0.1858891595298426,1,0,1,8,0,1.3440551303699676e-05,0,Low
2,0,1,0,9,3469,8,56922,596,5820,0.081122354084191,0,0,1,1,0,1.3440551303699676e-05,0,Low
1,0,0,1,10,829,16,38482,574,4452,0.09630446418453,0,0,1,0,0,1.3440551303699676e-05,0,Low
1,2,0,1,4,2781,6,44546,700,5488,0.1677548221207291,0,0,0,8,0,1.3440551303699676e-05,0,Low
4,0,0,0,6,1704,7,49097,743,5768,0.1705584537573382,0,0,0,14,0,1.3440551303699676e-05,0,Low
2,0,1,0,12,2558,16,48309,587,3998,0.1002429637144748,0,0,1,12,0,1.3440551303699676e-05,0,Low
5,0,0,0,24,2077,1,48566,616,5956,0.0885998917996738,0,0,1,3,0,1.3440551303699676e-05,0,Low
2,1,0,0,9,3356,9,48299,719,4256,0.1305702585763097,0,0,1,5,0,1.3440551303699676e-05,0,Low
1,2,0,1,13,3014,9,52140,606,3426,0.2183573422475249,0,0,0,5,0,1.3440551303699676e-05,0,Low
4,2,0,0,11,1206,11,63195,568,4957,0.1107448875851577,1,0,1,5,0,1.3440551303699676e-05,0,Low
3,1,0,0,2,927,10,70508,683,4559,0.200214583884239,0,0,1,12,0,1.3440551303699676e-05,0,Low
3,0,1,1,13,3132,17,33577,638,5661,0.1897421536234846,1,0,1,9,0,1.3440551303699676e-05,0,Low
0,1,0,1,9,1609,16,50732,745,3495,0.110935730342095,0,0,1,4,0,1.3440551303699676e-05,0,Low
2,2,0,0,7,2649,18,80461,554,4245,0.1348849738052335,1,0,1,3,0,1.3440551303699676e-05,0,Low
3,0,0,1,11,955,8,34557,625,5652,0.0865179866490468,0,0,1,5,0,1.3440551303699676e-05,0,Low
1,2,0,0,2,3402,24,31426,612,4828,0.1288279488860587,0,0,1,10,0,1.3440551303699676e-05,0,Low
6,1,0,0,7,1026,3,57460,604,4060,0.1649534405541492,0,0,0,10,0,1.3440551303699676e-05,0,Low
2,1,0,0,13,911,22,56931,596,5958,0.1919449509508077,1,0,1,4,0,1.3440551303699676e-05,0,Low
1,2,1,1,12,1983,16,49055,696,4192,0.1932238632158718,0,0,1,0,0,1.3440551303699676e-05,0,Low
2,0,1,0,5,1258,17,73744,540,4276,0.210145021876439,0,0,0,14,0,1.3440551303699676e-05,0,Low
0,0,0,0,13,3476,20,42083,522,5461,0.0801758969932038,0,0,1,9,0,1.3440551303699676e-05,0,Low
5,0,0,0,6,3006,3,97119,562,4689,0.1791076294257002,0,0,1,12,0,1.3440551303699676e-05,0,Low
1,1,1,0,2,3372,20,38126,646,3657,0.0849064358134959,0,1,1,4,0,1.3440551303699676e-05,0,Low
1,0,0,1,11,2380,2,64222,509,3304,0.1004708235410641,0,0,1,3,0,1.3440551303699676e-05,0,Low
5,0,0,0,7,2386,0,78418,645,4173,0.1734245555116315,0,0,1,2,0,1.3440551303699676e-05,0,Low
2,1,0,1,3,3346,12,47233,737,4561,0.1128127784001114,0,0,1,1,0,1.3440551303699676e-05,0,Low
0,0,0,0,7,1055,12,62045,730,5880,0.2045813589191249,0,0,1,3,0,1.3440551303699676e-05,0,Low
3,1,0,1,14,2810,5,52368,506,5770,0.1990989176353924,0,0,0,7,0,1.3440551303699676e-05,0,Low
4,1,0,1,8,1896,12,47133,585,4649,0.204528944574758,0,0,1,13,0,1.3440551303699676e-05,0,Low
3,1,0,1,10,2880,8,52567,673,3307,0.1825275372851268,0,0,1,14,0,1.3440551303699676e-05,0,Low
1,0,1,0,5,1482,15,32064,707,5762,0.1054921877374943,0,0,0,7,0,1.3440551303699676e-05,0,Low
3,0,1,0,3,903,9,70850,584,5833,0.1312199625490989,0,1,1,7,0,1.3440551303699676e-05,0,Low
3,1,0,1,11,1466,14,58871,524,4754,0.1350499802504362,0,0,1,7,0,1.3440551303699676e-05,0,Low
1,2,1,1,6,3102,11,31357,532,5101,0.1371697853076832,0,0,0,9,0,1.3440551303699676e-05,0,Low
3,2,1,1,1,869,4,79477,554,5482,0.1864626160095516,1,0,1,7,0,1.3440551303699676e-05,0,Low
2,1,0,0,12,1732,8,38855,744,3362,0.0999611359236292,0,0,1,11,0,1.3440551303699676e-05,0,Low
1,1,1,0,10,888,8,73015,579,5668,0.1542782163042189,0,0,1,1,0,1.3440551303699676e-05,0,Low
2,1,0,1,5,2123,16,53931,694,3594,0.1289649888246489,0,0,1,8,0,1.3440551303699676e-05,0,Low
2,0,0,1,11,1132,22,88525,625,5570,0.1768209031986338,1,0,1,2,0,1.3440551303699676e-05,0,Low
3,2,0,1,14,1704,9,67065,559,4433,0.1514323386113356,1,0,1,9,0,1.3440551303699676e-05,0,Low
3,2,0,0,4,2065,8,61186,721,3976,0.1956214884339843,0,0,1,2,0,1.3440551303699676e-05,0,Low
0,1,0,0,10,2616,4,47829,583,3120,0.1881663047163352,0,0,0,7,0,1.3440551303699676e-05,0,Low
0,0,0,1,14,2703,10,69807,544,5134,0.1164488636220924,0,0,1,0,0,1.3440551303699676e-05,0,Low
3,0,1,1,8,3288,16,31790,579,5425,0.1392891423680727,1,0,0,0,0,1.3440551303699676e-05,0,Low
5,1,0,0,11,1023,7,40738,639,5688,0.0832876931624094,0,0,1,1,0,1.3440551303699676e-05,0,Low
2,0,0,1,0,2472,15,48243,593,4533,0.1177074263786081,0,0,1,5,0,1.3440551303699676e-05,0,Low
3,2,0,0,12,2176,11,79788,641,4084,0.1056109893485466,1,0,1,7,0,1.3440551303699676e-05,0,Low
1,1,1,1,10,1636,1,65942,516,4875,0.1392988420149366,0,0,1,6,0,1.3440551303699676e-05,0,Low
2,0,0,0,4,999,17,44057,641,4330,0.1691351136110939,0,0,1,3,0,1.3440551303699676e-05,0,Low
2,1,1,1,12,2999,14,42628,575,5621,0.1575763969720043,0,0,1,9,0,1.3440551303699676e-05,0,Low
4,1,1,1,11,2026,6,52562,567,4969,0.1993010117057023,0,0,0,7,0,1.3440551303699676e-05,0,Low
1,2,1,0,13,2542,16,50586,617,3395,0.1512107231583287,0,0,1,3,0,1.3440551303699676e-05,0,Low
2,1,0,1,4,1878,3,33866,729,3685,0.1306156581697792,0,0,1,4,0,1.3440551303699676e-05,0,Low
3,1,0,0,8,1955,6,53419,652,4001,0.1141011236016352,0,0,1,3,0,1.3440551303699676e-05,0,Low
5,0,0,1,2,3163,3,90026,671,3633,0.1839002228461438,0,0,1,1,0,1.3440551303699676e-05,0,Low
2,0,0,0,2,862,5,57792,621,5818,0.1626462782572403,0,0,1,7,0,1.3440551303699676e-05,0,Low
0,2,0,1,5,1621,2,64420,537,3407,0.1665467579501319,0,0,1,0,0,1.3440551303699676e-05,0,Low
0,2,0,1,10,2808,3,95055,566,4461,0.1426958069178635,1,0,1,10,0,1.3440551303699676e-05,0,Low
3,2,1,1,1,1304,0,42949,747,4378,0.1657164477227428,0,0,1,1,0,1.3440551303699676e-05,0,Low
5,1,0,0,12,2877,12,79705,548,5670,0.1334737219421607,0,0,1,4,0,1.3440551303699676e-05,0,Low
1,1,0,0,14,2117,24,61340,741,4126,0.1604595371898791,0,0,1,2,0,1.3440551303699676e-05,0,Low
1,0,0,1,8,2711,0,56000,555,4199,0.1364192146119022,0,0,0,1,0,1.3440551303699676e-05,0,Low
2,1,0,1,6,2220,14,62785,627,5860,0.1360959549840014,0,0,1,2,0,1.3440551303699676e-05,0,Low
1,0,0,0,14,2727,24,60201,667,4103,0.0995622738632559,1,0,1,1,0,1.3440551303699676e-05,0,Low
3,0,0,0,3,1548,23,43065,740,4689,0.1311015100919667,0,0,1,6,0,1.3440551303699676e-05,0,Low
1,0,1,1,7,2110,14,66445,683,4094,0.0937373080237947,0,0,1,8,0,1.3440551303699676e-05,0,Low
5,1,0,0,9,1891,0,99270,685,3389,0.0935954418907021,0,0,1,14,0,1.3440551303699676e-05,0,Low
3,1,0,0,4,3118,10,55980,663,5008,0.1191743733977549,0,0,1,10,0,1.3440551303699676e-05,0,Low
2,1,2,0,2,3357,22,62222,572,3448,0.1737302926350314,1,0,1,10,0,1.3440551303699676e-05,0,Low
2,0,0,0,7,1627,19,48839,585,5145,0.0856651023051362,0,0,1,14,0,1.3440551303699676e-05,0,Low
2,0,0,0,3,1107,0,63516,657,4001,0.1727746774593861,0,0,1,4,0,1.3440551303699676e-05,0,Low
0,1,1,1,7,1232,17,63835,573,4735,0.0894073885369319,1,0,1,2,0,1.3440551303699676e-05,0,Low
3,1,1,0,14,1488,7,73720,599,4192,0.1028271715634184,0,0,0,11,0,1.3440551303699676e-05,0,Low
1,1,0,1,4,1489,11,61273,695,4536,0.2012741485465251,0,0,1,1,0,1.3440551303699676e-05,0,Low
1,1,1,1,6,2950,24,68800,703,3934,0.0888079060491489,0,0,1,11,0,1.3440551303699676e-05,0,Low
2,0,1,0,0,1963,23,46125,645,4256,0.1564553600480466,0,0,1,13,0,1.3440551303699676e-05,0,Low
2,1,0,0,1,1909,16,32153,708,3175,0.1110724740951628,0,1,1,2,0,1.3440551303699676e-05,0,Low
0,0,0,1,13,1982,16,70300,615,5687,0.1418793243943749,0,0,1,9,0,1.3440551303699676e-05,0,Low
2,1,1,1,11,1784,18,45052,647,3301,0.1437150121786158,1,1,1,11,0,1.3440551303699676e-05,0,Low
0,2,0,0,5,2232,2,38726,572,3398,0.137018895370964,0,0,1,6,0,1.3440551303699676e-05,0,Low
2,1,1,1,0,3418,20,55544,559,5941,0.0911253786837738,0,0,1,3,0,1.3440551303699676e-05,0,Low
0,0,1,0,7,1081,16,77552,547,5500,0.1147847005680819,1,0,0,12,0,1.3440551303699676e-05,0,Low
3,1,0,1,2,2287,7,33012,548,5409,0.1796430831758284,0,0,1,6,0,1.3440551303699676e-05,0,Low
1,2,1,1,8,1677,7,42634,586,3859,0.1392891835240718,1,0,1,12,0,1.3440551303699676e-05,0,Low
3,0,1,1,2,2929,11,40108,734,5421,0.1772035062842235,0,0,0,7,0,1.3440551303699676e-05,0,Low
3,0,0,0,7,957,13,60434,609,4010,0.1471893328235088,0,0,0,10,0,1.3440551303699676e-05,0,Low
2,1,2,0,6,885,7,71174,522,3891,0.1568580426116549,1,0,0,13,0,1.3440551303699676e-05,0,Low
2,1,0,0,11,3390,14,55190,659,4848,0.0843655555405745,0,0,1,8,0,1.3440551303699676e-05,0,Low
0,0,0,1,8,1521,16,49225,592,3581,0.0820458375445953,0,0,0,4,0,1.3440551303699676e-05,0,Low
3,1,0,1,8,1947,1,40418,527,4066,0.1916611070306064,1,0,0,0,0,1.3440551303699676e-05,0,Low
2,0,0,1,7,926,19,80501,589,4503,0.1435614083765726,1,0,1,4,0,1.3440551303699676e-05,0,Low
0,2,0,0,0,1665,12,32570,661,4213,0.1799134296614624,0,0,1,0,0,1.3440551303699676e-05,0,Low
3,0,1,0,10,3086,11,60324,536,5293,0.1696262375632033,0,0,1,10,0,1.3440551303699676e-05,0,Low
4,0,0,1,12,1224,12,53068,518,5904,0.1495610249461182,1,0,1,9,0,1.3440551303699676e-05,0,Low
3,0,0,1,4,2631,5,38167,696,5501,0.1718174144601824,0,0,1,3,0,1.3440551303699676e-05,0,Low
4,0,1,1,9,1548,3,48326,543,4730,0.1266403674702931,1,0,1,1,0,1.3440551303699676e-05,0,Low
2,0,1,0,3,2741,23,37967,609,5323,0.1348756460120639,0,0,1,14,0,1.3440551303699676e-05,0,Low
4,0,0,1,10,1878,18,61563,514,5618,0.1151523855094601,0,0,1,7,0,1.3440551303699676e-05,0,Low
2,2,0,1,1,1567,18,61104,725,4185,0.1700311986694624,0,0,1,13,0,1.3440551303699676e-05,0,Low
3,0,0,1,2,2072,6,54283,737,4501,0.2168362417721018,0,0,1,1,0,1.3440551303699676e-05,0,Low
1,1,0,0,11,1258,9,72849,644,5358,0.1406743863164175,0,0,1,4,0,1.3440551303699676e-05,0,Low
1,1,0,0,13,1763,23,30044,623,4153,0.1118414825646803,0,0,1,11,0,1.3440551303699676e-05,0,Low
0,2,0,0,1,2163,22,73899,562,5537,0.1662811048309943,0,0,1,13,0,1.3440551303699676e-05,0,Low
0,0,1,1,14,2256,7,73896,593,4493,0.1196520669095034,1,0,1,12,0,1.3440551303699676e-05,0,Low
3,2,1,1,7,1269,20,59357,565,4873,0.1053729496084224,0,0,1,5,0,1.3440551303699676e-05,0,Low
1,0,1,1,2,2021,1,35857,613,4973,0.1858309502011073,0,0,1,11,0,1.3440551303699676e-05,0,Low
1,0,1,1,0,1811,3,61578,508,3411,0.1947237788121243,0,0,1,10,0,1.3440551303699676e-05,0,Low
4,1,0,0,3,1053,8,75103,645,5138,0.1700714513765964,1,0,1,2,0,1.3440551303699676e-05,0,Low
2,1,1,0,6,1930,16,42416,681,5003,0.0845406648475965,0,0,1,14,0,1.3440551303699676e-05,0,Low
1,1,1,0,11,1582,10,66837,727,4057,0.1088965079980804,0,0,1,4,0,1.3440551303699676e-05,0,Low
2,0,0,1,5,2308,6,38864,697,5108,0.1952014273078973,0,0,1,1,0,1.3440551303699676e-05,0,Low
3,0,1,0,3,3342,0,49162,517,5132,0.0976569233506967,1,0,1,3,0,1.3440551303699676e-05,0,Low
2,2,1,0,7,812,9,71618,677,4478,0.1821516676008972,0,0,1,2,0,1.3440551303699676e-05,0,Low
1,0,1,0,9,2813,6,46272,512,3618,0.1090259914159931,0,0,1,2,0,1.3440551303699676e-05,0,Low
2,0,0,0,9,2286,7,45807,745,5125,0.1356534737328506,0,0,1,12,0,1.3440551303699676e-05,0,Low
0,0,0,0,1,2872,18,76352,584,5307,0.1660202228301402,1,0,1,7,0,1.3440551303699676e-05,0,Low
1,0,0,1,11,1597,3,80726,638,5715,0.1304992185558093,1,0,1,2,0,1.3440551303699676e-05,0,Low
1,2,2,0,1,3418,2,78203,533,5630,0.1093290933532714,1,0,1,9,0,1.3440551303699676e-05,0,Low
1,1,0,1,12,2606,24,37393,693,4988,0.1021744174031094,0,0,0,12,0,1.3440551303699676e-05,0,Low
0,2,0,1,11,2322,20,79018,645,3635,0.1136294444534311,1,0,0,14,0,1.3440551303699676e-05,0,Low
3,1,1,1,5,2771,9,71829,619,4103,0.1344620283766315,0,0,1,2,0,1.3440551303699676e-05,0,Low
5,0,1,1,11,2825,8,70648,592,5075,0.1069763831980211,0,0,1,12,0,1.3440551303699676e-05,0,Low
3,0,0,0,0,2075,4,34611,638,3233,0.1447214464392847,0,0,1,8,0,1.3440551303699676e-05,0,Low
1,1,0,0,13,2892,8,30109,525,3306,0.08830643661613,0,0,1,10,0,1.3440551303699676e-05,0,Low
4,1,0,1,12,1620,5,66779,553,4536,0.2022105029880808,0,0,1,4,0,1.3440551303699676e-05,0,Low
1,1,0,0,6,3000,4,55996,711,5188,0.1656854317932634,0,0,1,5,0,1.3440551303699676e-05,0,Low
0,2,0,0,9,2695,3,62491,546,4485,0.2020850500366115,0,0,0,9,0,1.3440551303699676e-05,0,Low
2,1,1,1,1,2786,0,63937,634,5085,0.1051413773802553,0,0,1,1,0,1.3440551303699676e-05,0,Low
1,0,1,0,9,3007,7,71370,617,3689,0.0868181085063369,0,0,1,7,0,1.3440551303699676e-05,0,Low
2,1,0,0,7,1028,16,69184,535,5759,0.2062370979568298,0,0,1,5,0,1.3440551303699676e-05,0,Low
3,2,1,1,5,1050,0,55381,619,5349,0.1136916656414275,0,0,0,4,0,1.3440551303699676e-05,0,Low
2,0,0,1,8,1927,11,56937,505,5099,0.1364869678628896,1,0,1,1,0,1.3440551303699676e-05,0,Low
1,2,1,1,12,2870,11,58042,727,3194,0.1130640125543505,0,0,0,12,0,1.3440551303699676e-05,0,Low
1,1,0,0,5,3284,15,54107,676,4463,0.1611850539325699,0,0,1,11,0,1.3440551303699676e-05,0,Low
2,0,0,1,14,1209,24,61177,659,3468,0.1578591166956324,0,0,0,0,0,1.3440551303699676e-05,0,Low
2,2,1,0,6,1523,4,89885,503,5869,0.179354488730777,1,0,1,2,0,1.3440551303699676e-05,0,Low
4,1,1,1,1,827,22,76029,572,4734,0.1589296887095578,1,0,1,1,0,1.3440551303699676e-05,0,Low
3,1,1,1,12,2553,20,36070,512,5214,0.1027104000995824,1,0,1,3,0,1.3440551303699676e-05,0,Low
4,1,0,1,12,2048,13,35598,608,4488,0.1917095442655765,0,0,1,2,0,1.3440551303699676e-05,0,Low
1,2,0,0,9,1727,5,59477,519,5078,0.1597183775814271,0,0,1,11,0,1.3440551303699676e-05,0,Low
1,2,1,1,6,2374,4,69541,674,4548,0.1059340584783244,0,0,1,13,0,1.3440551303699676e-05,0,Low
0,0,0,0,0,2288,16,54064,677,5455,0.1980827987956435,0,0,0,8,0,1.3440551303699676e-05,0,Low
2,2,0,1,6,2693,8,46705,745,3363,0.158863357086726,0,0,1,14,0,1.3440551303699676e-05,0,Low
4,0,0,0,8,2670,4,47017,658,3384,0.1988854080091226,0,0,1,4,0,1.3440551303699676e-05,0,Low
1,2,0,0,5,1207,15,32766,539,3827,0.1239872654828495,0,0,1,8,0,1.3440551303699676e-05,0,Low
0,0,0,0,13,2961,12,39694,615,5796,0.2091473145179415,0,0,0,11,0,1.3440551303699676e-05,0,Low
1,0,0,0,4,1490,11,37440,700,4712,0.1421848425883432,0,0,1,6,0,1.3440551303699676e-05,0,Low
5,0,0,1,15,1843,2,39545,698,3109,0.0813329014408836,0,0,1,3,0,1.3440551303699676e-05,0,Low
1,2,0,1,4,1311,5,50595,689,4434,0.1092791244294799,0,0,1,9,0,1.3440551303699676e-05,0,Low
1,0,0,1,4,2555,9,64510,594,4774,0.1825455436058376,0,0,1,4,0,1.3440551303699676e-05,0,Low
4,1,1,1,1,3216,8,44838,530,5409,0.1808585997420707,0,0,1,1,0,1.3440551303699676e-05,0,Low
2,0,1,1,10,2444,2,60269,555,4188,0.1755213181247485,0,0,0,0,0,1.3440551303699676e-05,0,Low
1,1,0,1,12,2816,22,65490,536,5013,0.0947584611423674,0,0,1,4,0,1.3440551303699676e-05,0,Low
0,0,0,0,7,2216,14,73938,590,5669,0.1148547567884635,1,0,1,1,0,1.3440551303699676e-05,0,Low
5,1,0,0,8,869,4,73667,678,4289,0.1143309822758754,0,0,1,14,0,1.3440551303699676e-05,0,Low
3,1,0,0,8,2648,19,31179,671,4590,0.1305844569995812,1,0,1,7,0,1.3440551303699676e-05,0,Low
4,2,0,0,3,1579,2,53795,642,4773,0.1536135752594838,1,0,0,5,0,1.3440551303699676e-05,0,Low
0,0,0,0,1,2848,11,70345,676,5115,0.1019651809346434,0,0,0,10,0,1.3440551303699676e-05,0,Low
2,1,0,1,4,940,8,58197,733,3872,0.1368606092435655,0,0,1,14,0,1.3440551303699676e-05,0,Low
0,1,0,1,1,2396,4,30135,634,4279,0.1863126199845865,0,0,1,10,0,1.3440551303699676e-05,0,Low
4,2,0,1,0,1612,19,38449,502,5687,0.0820872950713199,0,0,1,9,0,1.3440551303699676e-05,0,Low
5,1,0,0,4,1181,24,78199,532,5775,0.1271864283788226,0,0,0,8,0,1.3440551303699676e-05,0,Low
0,0,0,0,6,3125,4,56562,700,5663,0.0963627332348089,0,0,1,14,0,1.3440551303699676e-05,0,Low
1,0,0,1,2,2656,22,35853,625,5262,0.0964053586932275,0,0,1,0,0,1.3440551303699676e-05,0,Low
3,1,1,0,9,2927,18,45629,679,3339,0.1820998591656037,0,0,1,0,0,1.3440551303699676e-05,0,Low
2,2,1,0,11,3472,5,46776,701,4517,0.1322067971152176,0,0,1,2,0,1.3440551303699676e-05,0,Low
5,0,0,1,12,2599,21,64827,607,5145,0.1210640917726487,0,0,1,11,0,1.3440551303699676e-05,0,Low
2,0,1,0,12,2224,15,84095,559,3313,0.1734299339495509,1,0,1,14,0,1.3440551303699676e-05,0,Low
3,0,0,0,11,2920,11,33370,735,5075,0.0872536690374829,0,0,1,7,0,1.3440551303699676e-05,0,Low
1,0,1,0,3,3307,21,55313,541,5199,0.1894315741216605,1,0,1,11,0,1.3440551303699676e-05,0,Low
4,1,0,1,0,1792,11,60359,681,4843,0.194136493622807,0,0,1,5,0,1.3440551303699676e-05,0,Low
2,1,0,1,6,3307,6,31735,503,4943,0.1487779964178869,1,0,1,11,0,1.3440551303699676e-05,0,Low
4,0,0,0,8,1672,3,49209,558,3612,0.1098946584042514,0,0,1,11,0,1.3440551303699676e-05,0,Low
1,0,0,1,0,811,6,46173,595,3949,0.0810296474946091,0,0,1,10,0,1.3440551303699676e-05,0,Low
1,1,0,0,10,1535,5,58852,648,3552,0.1202762968479909,0,0,1,13,0,1.3440551303699676e-05,0,Low
1,2,0,0,12,3037,5,39599,684,3336,0.1464752608119446,0,0,1,12,0,1.3440551303699676e-05,0,Low
1,2,0,0,14,3200,8,62363,644,5558,0.1365640207253191,0,0,1,7,0,1.3440551303699676e-05,0,Low
2,1,1,0,4,1362,16,43494,649,5232,0.2046935138949409,0,0,1,13,0,1.3440551303699676e-05,0,Low
2,1,0,1,6,2655,1,35382,527,4931,0.1146932333843642,0,0,1,3,0,1.3440551303699676e-05,0,Low
1,1,0,0,1,2548,3,42698,648,5824,0.2110264824203672,0,0,1,0,0,1.3440551303699676e-05,0,Low
5,1,0,0,29,2330,2,55882,567,3786,0.1015414701922032,0,0,0,5,0,1.3440551303699676e-05,0,Low
2,0,0,0,0,2550,8,70261,595,3674,0.1039525834435846,0,0,1,3,0,1.3440551303699676e-05,0,Low
2,1,0,1,3,2533,20,50162,551,3919,0.137560488243454,0,0,0,14,0,1.3440551303699676e-05,0,Low
4,0,1,1,13,2511,4,30025,539,4317,0.1516477284253538,0,0,1,7,0,1.3440551303699676e-05,0,Low
1,0,0,1,4,3157,5,35000,560,5608,0.1374218130040236,1,0,1,2,0,1.3440551303699676e-05,0,Low
4,1,0,0,0,1842,0,49824,622,4514,0.1628268587497053,0,0,1,11,0,1.3440551303699676e-05,0,Low
1,0,0,1,3,1242,16,32306,586,5797,0.0892381204042088,0,0,1,2,0,1.3440551303699676e-05,0,Low
0,0,0,1,10,1099,10,48758,613,3260,0.0851712651993343,0,0,1,5,0,1.3440551303699676e-05,0,Low
3,0,0,1,13,1644,10,66455,588,5893,0.1574390706642377,0,1,1,7,0,1.3440551303699676e-05,0,Low
3,0,1,1,14,2752,5,66813,598,4458,0.109675224051779,0,0,1,8,0,1.3440551303699676e-05,0,Low
2,1,0,0,7,2427,22,51328,653,5078,0.0813620817709316,0,0,1,1,0,1.3440551303699676e-05,0,Low
0,0,0,0,11,2365,4,58562,549,3294,0.2000735025406885,0,0,0,1,0,1.3440551303699676e-05,0,Low
0,0,0,1,6,2429,1,46944,665,3695,0.1880995832165782,0,0,1,8,0,1.3440551303699676e-05,0,Low
3,1,1,1,2,3217,23,50262,667,3970,0.1187656609893297,0,0,1,14,0,1.3440551303699676e-05,0,Low
4,0,0,0,8,2897,15,32556,623,4395,0.1605011695221751,0,0,1,4,0,1.3440551303699676e-05,0,Low
2,1,0,0,7,3398,10,44636,679,3890,0.134637712913851,0,0,1,2,0,1.3440551303699676e-05,0,Low
1,1,0,1,6,3289,21,58573,702,3265,0.1558557223997153,0,0,1,11,0,1.3440551303699676e-05,0,Low
2,0,0,0,3,2754,15,68121,688,3153,0.1311343547980527,0,0,1,8,0,1.3440551303699676e-05,0,Low
2,2,1,0,12,1821,6,59155,545,4599,0.100614194851288,0,0,0,11,0,1.3440551303699676e-05,0,Low
2,2,1,0,3,1025,5,70821,521,3420,0.1328746375532728,0,0,1,14,0,1.3440551303699676e-05,0,Low
1,1,1,0,9,984,6,37971,722,4377,0.1071950757542274,0,0,0,1,0,1.3440551303699676e-05,0,Low
2,0,0,0,0,1546,6,42443,580,3159,0.153140993918438,1,0,1,12,0,1.3440551303699676e-05,0,Low
1,2,0,0,0,2499,12,71572,746,5919,0.1690636424388725,0,0,1,6,0,1.3440551303699676e-05,0,Low
3,1,1,1,2,1466,0,42551,718,3261,0.1701197234532024,0,0,1,6,0,1.3440551303699676e-05,0,Low
5,1,1,1,34,1755,10,61972,528,3533,0.1831980434831304,0,0,1,11,0,1.3440551303699676e-05,0,Low
1,2,0,1,5,2044,20,36253,521,4026,0.1205993551958391,0,0,1,8,0,1.3440551303699676e-05,0,Low
4,2,1,0,10,855,3,54465,530,3536,0.0912529278027738,0,0,1,0,0,1.3440551303699676e-05,0,Low
1,0,0,0,11,2890,6,49221,576,3126,0.1849130277021461,0,0,1,11,0,1.3440551303699676e-05,0,Low
3,1,0,1,10,3474,1,62839,567,3647,0.1929221670700066,0,0,1,2,0,1.3440551303699676e-05,0,Low
2,1,0,1,4,1383,21,56999,591,5208,0.1553886226236873,0,1,0,3,0,1.3440551303699676e-05,0,Low
3,1,0,1,8,3414,0,53516,594,4105,0.0991615650144655,0,0,1,6,0,1.3440551303699676e-05,0,Low
2,0,0,0,13,878,14,93675,532,3689,0.0890481385773639,1,0,1,3,0,1.3440551303699676e-05,0,Low
2,0,0,0,4,3243,2,32644,653,4824,0.1005833196376572,1,0,1,6,0,1.3440551303699676e-05,0,Low
1,2,0,1,9,926,9,33451,592,4574,0.1717375452032218,0,0,1,14,0,1.3440551303699676e-05,0,Low
4,1,1,1,14,2045,23,59203,523,3824,0.1323607861674787,0,0,1,13,0,1.3440551303699676e-05,0,Low
3,0,0,1,12,2144,9,47573,617,5841,0.1327791650542336,0,0,1,3,0,1.3440551303699676e-05,0,Low
2,0,1,0,7,3337,14,49149,702,4180,0.1144748687931526,0,0,0,2,0,1.3440551303699676e-05,0,Low
4,1,0,0,1,2950,16,30337,523,5099,0.1107776046805645,0,0,1,14,0,1.3440551303699676e-05,0,Low
1,1,1,1,9,2799,4,52630,649,5689,0.0970026809426057,0,0,1,10,0,1.3440551303699676e-05,0,Low
4,0,1,0,3,2271,22,64077,542,4334,0.0867300964791412,0,0,1,9,0,1.3440551303699676e-05,0,Low
2,1,0,1,0,3026,15,60673,719,5139,0.1934748090299899,0,0,1,1,0,1.3440551303699676e-05,0,Low
2,0,0,0,8,954,18,50719,552,4889,0.1976283346607772,1,0,1,0,0,1.3440551303699676e-05,0,Low
2,0,0,0,5,1661,1,34740,629,5797,0.1082093271706923,1,0,1,9,0,1.3440551303699676e-05,0,Low
3,2,1,1,6,2191,13,53670,573,4286,0.1908535162695781,0,0,1,1,0,1.3440551303699676e-05,0,Low
1,2,0,0,13,2589,13,56729,683,4269,0.1606443367687485,0,0,0,13,0,1.3440551303699676e-05,0,Low
1,0,1,1,2,2127,14,51080,663,5056,0.1153414230222662,0,0,1,2,0,1.3440551303699676e-05,0,Low
1,2,0,1,8,1870,8,89308,520,5833,0.1965917687826957,1,0,0,3,0,1.3440551303699676e-05,0,Low
3,1,0,1,7,3024,5,58980,626,3163,0.128602799129114,0,0,1,6,0,1.3440551303699676e-05,0,Low
2,2,0,0,6,2135,1,85144,540,4626,0.1569352573054279,1,0,1,8,0,1.3440551303699676e-05,0,Low
1,1,0,0,7,1986,5,77018,627,5424,0.1770722412392892,1,0,1,8,0,1.3440551303699676e-05,0,Low
4,2,0,1,7,2049,20,49362,516,4576,0.1135385707161975,0,0,0,14,0,1.3440551303699676e-05,0,Low
0,1,1,1,7,1983,23,34923,518,4284,0.1053293971605439,0,0,0,11,0,1.3440551303699676e-05,0,Low
1,0,0,1,14,2261,20,61350,724,4207,0.1006769681211882,0,0,1,5,0,1.3440551303699676e-05,0,Low
1,2,0,1,2,1595,18,37737,688,5713,0.1655000100865641,0,0,1,9,0,1.3440551303699676e-05,0,Low
5,0,0,1,26,1770,8,41298,537,3853,0.0965635977802455,0,0,1,11,0,1.3440551303699676e-05,0,Low
1,1,1,1,1,1389,10,37530,704,5202,0.1925875740307091,0,0,1,13,0,1.3440551303699676e-05,0,Low
0,2,0,1,10,937,3,46978,501,3369,0.1619074401773496,0,0,1,4,0,1.3440551303699676e-05,0,Low
1,2,1,1,8,2750,5,41165,667,5351,0.1692376845088216,1,0,1,7,0,1.3440551303699676e-05,0,Low
5,0,1,1,14,1522,9,30383,600,5797,0.1864036574944917,0,0,1,0,0,1.3440551303699676e-05,0,Low
0,1,0,1,8,3109,1,37111,556,3109,0.1022984205515986,0,0,1,6,0,1.3440551303699676e-05,0,Low
4,1,1,1,4,2461,10,73153,546,4696,0.1058726896113333,0,0,1,11,0,1.3440551303699676e-05,0,Low
2,1,0,0,14,1795,18,68742,670,4001,0.1624638409891478,0,0,1,10,0,1.3440551303699676e-05,0,Low
4,0,0,0,0,1167,17,44426,651,4391,0.2105915793254297,1,0,1,5,0,1.3440551303699676e-05,0,Low
4,1,0,1,9,1813,3,44214,528,4791,0.1229000000651594,0,1,1,12,0,1.3440551303699676e-05,0,Low
5,1,0,1,9,1728,15,48032,551,5244,0.1188451516668936,0,0,1,9,0,1.3440551303699676e-05,0,Low
3,2,0,0,8,3440,8,56025,608,4332,0.1742528156493337,0,0,1,9,0,1.3440551303699676e-05,0,Low
0,0,0,1,2,1495,10,59965,716,4880,0.0967749230936828,0,0,0,11,0,1.3440551303699676e-05,0,Low
1,1,0,0,7,2337,19,43162,528,4111,0.0848060820013348,1,0,1,12,0,1.3440551303699676e-05,0,Low
0,0,2,0,7,1279,4,76625,508,3853,0.1581237854742843,1,0,0,11,0,1.3440551303699676e-05,0,Low
1,0,1,0,4,2976,17,45406,584,5858,0.1946109280004824,0,1,1,12,0,1.3440551303699676e-05,0,Low
1,1,1,0,12,2180,5,43233,625,3868,0.0816390442245638,0,0,0,3,0,1.3440551303699676e-05,0,Low
2,1,0,0,11,2580,16,64714,572,5611,0.1450074344901767,0,0,1,13,0,1.3440551303699676e-05,0,Low
1,0,1,1,10,2799,6,42224,647,4301,0.1537215405152809,0,0,1,5,0,1.3440551303699676e-05,0,Low
0,0,0,0,11,2738,7,30091,519,4817,0.1307284078866311,1,0,1,4,0,1.3440551303699676e-05,0,Low
3,0,1,1,14,1806,15,43484,583,3240,0.1127605621503735,0,0,0,3,0,1.3440551303699676e-05,0,Low
2,1,0,0,14,2616,17,44979,693,4242,0.1248275289717889,0,0,1,12,0,1.3440551303699676e-05,0,Low
2,1,0,1,14,2979,23,30839,661,3400,0.1619348687671979,0,0,1,7,0,1.3440551303699676e-05,0,Low
0,1,0,0,8,2490,19,60723,527,5044,0.2114783415039633,1,0,1,3,0,1.3440551303699676e-05,0,Low
2,1,0,1,6,952,4,49099,672,4712,0.0954834470965036,0,0,1,0,0,1.3440551303699676e-05,0,Low
2,0,1,1,6,2844,9,54050,708,3983,0.0983257666494036,0,0,1,12,0,1.3440551303699676e-05,0,Low
2,1,0,1,0,1120,16,57235,513,4333,0.1369674048872631,0,0,1,0,0,1.3440551303699676e-05,0,Low
1,1,0,0,1,1993,12,41036,610,3651,0.206387212174045,1,0,1,1,0,1.3440551303699676e-05,0,Low
3,1,0,0,14,857,7,52900,581,5229,0.1855299978109415,1,0,0,3,0,1.3440551303699676e-05,0,Low
1,2,0,0,12,2994,15,69216,522,4126,0.1599815329257938,0,0,1,13,0,1.3440551303699676e-05,0,Low
2,0,0,0,12,2322,20,55077,608,5016,0.1155710627658113,0,0,1,13,0,1.3440551303699676e-05,0,Low
1,0,0,0,6,3370,17,73351,523,4774,0.1900276231757968,1,0,1,4,0,1.3440551303699676e-05,0,Low
0,1,0,1,2,1069,12,32398,726,3549,0.0861749464598851,0,0,1,14,0,1.3440551303699676e-05,0,Low
3,0,0,0,12,2320,3,40197,615,5971,0.1713794643736373,0,0,1,0,0,1.3440551303699676e-05,0,Low
1,0,0,1,2,1559,21,30056,664,4237,0.1564266593767539,1,0,0,10,0,1.3440551303699676e-05,0,Low
2,0,0,0,3,1650,6,31675,590,4487,0.2183099672682026,1,0,1,4,0,1.3440551303699676e-05,0,Low
1,1,0,0,6,2545,21,72765,535,5359,0.1094316238499555,0,0,1,13,0,1.3440551303699676e-05,0,Low
2,0,0,1,8,2598,2,69047,572,3868,0.1414519991201635,0,0,1,0,0,1.3440551303699676e-05,0,Low
1,0,0,1,14,1867,8,72937,623,3481,0.1431574228401096,0,0,0,6,0,1.3440551303699676e-05,0,Low
2,2,0,1,5,2185,17,66222,527,3587,0.1169360651358163,0,1,1,9,0,1.3440551303699676e-05,0,Low
3,0,0,1,11,1008,19,54000,591,3156,0.0905725018376684,0,1,1,7,0,1.3440551303699676e-05,0,Low
1,2,1,1,2,2931,17,37401,632,4023,0.1142961003860212,0,0,1,10,0,1.3440551303699676e-05,0,Low
1,1,1,0,14,2031,12,54697,602,4897,0.1876074016816491,0,0,1,5,0,1.3440551303699676e-05,0,Low
1,0,0,0,13,1721,22,68099,705,3404,0.156369429716072,0,1,1,11,0,1.3440551303699676e-05,0,Low
3,1,0,1,3,2751,15,34642,577,3963,0.1579568887966961,0,1,1,0,0,1.3440551303699676e-05,0,Low
3,1,0,1,7,1425,0,57219,631,4429,0.1778366206902016,0,0,0,7,0,1.3440551303699676e-05,0,Low
4,2,0,0,10,852,12,44169,677,3787,0.1948723463000996,0,0,0,11,0,1.3440551303699676e-05,0,Low
1,0,1,1,0,3085,19,51713,561,4814,0.1207287062956344,0,0,0,12,0,1.3440551303699676e-05,0,Low
0,1,1,0,12,2190,0,33096,611,5045,0.1028573231598535,0,0,1,3,0,1.3440551303699676e-05,0,Low
2,2,0,0,3,1768,1,68125,603,4666,0.1617498464907604,1,0,0,7,0,1.3440551303699676e-05,0,Low
2,0,1,0,5,2753,1,70704,652,4697,0.206377341089009,0,0,1,13,0,1.3440551303699676e-05,0,Low
1,1,0,0,8,1108,4,41818,563,4604,0.1791834861547183,0,0,1,5,0,1.3440551303699676e-05,0,Low
0,1,0,0,14,3196,15,69839,561,3272,0.1583661951198562,0,0,1,12,0,1.3440551303699676e-05,0,Low
3,1,0,0,14,3024,23,71565,588,3748,0.1143923843070257,1,0,1,3,0,1.3440551303699676e-05,0,Low
1,0,1,0,0,3401,17,39062,659,5033,0.1471575580305991,0,0,1,2,0,1.3440551303699676e-05,0,Low
0,2,0,0,11,3125,3,31004,612,4660,0.1422749707723043,0,0,0,1,0,1.3440551303699676e-05,0,Low
0,1,1,0,13,2691,12,63056,647,3626,0.0936789283543755,0,0,0,0,0,1.3440551303699676e-05,0,Low
3,1,0,0,4,882,1,55386,714,4623,0.1872477801099275,0,0,1,11,0,1.3440551303699676e-05,0,Low
3,1,1,0,8,1371,20,35874,671,4321,0.1601663952888563,0,0,1,5,0,1.3440551303699676e-05,0,Low
2,0,0,0,6,1557,18,46851,591,3694,0.0885439852356021,0,0,0,14,0,1.3440551303699676e-05,0,Low
2,1,1,0,10,940,4,50823,561,4616,0.1742997109044973,1,0,1,12,0,1.3440551303699676e-05,0,Low
0,1,0,1,12,2801,8,57717,736,5556,0.110158889777097,0,0,1,14,0,1.3440551303699676e-05,0,Low
0,0,0,1,9,1538,0,53447,512,5833,0.1858509955931039,1,0,1,2,0,1.3440551303699676e-05,0,Low
0,2,0,1,7,908,13,61236,729,4336,0.2140607784355536,0,0,1,9,0,1.3440551303699676e-05,0,Low
2,2,1,0,7,1965,11,60187,661,3400,0.1359205094036546,1,0,1,13,0,1.3440551303699676e-05,0,Low
1,1,0,0,9,3269,16,34259,575,3835,0.1389193242755095,0,0,1,3,0,1.3440551303699676e-05,0,Low
4,0,0,0,2,2925,15,48820,535,4748,0.1144757851988752,0,0,0,12,0,1.3440551303699676e-05,0,Low
1,0,0,0,0,1460,5,45266,540,5413,0.1541207704455195,0,0,1,9,0,1.3440551303699676e-05,0,Low
1,1,1,1,2,2868,24,52880,663,3313,0.0865847208843331,0,0,1,5,0,1.3440551303699676e-05,0,Low
5,2,0,0,6,854,14,36456,570,4494,0.1279539671798151,0,1,1,2,0,1.3440551303699676e-05,0,Low
1,0,1,0,1,3362,17,61901,671,3763,0.2018830094054646,0,0,1,10,0,1.3440551303699676e-05,0,Low
4,1,0,1,3,2544,19,30312,589,4614,0.1183748406481736,1,0,1,9,0,1.3440551303699676e-05,0,Low
2,0,0,0,5,1623,22,54934,525,3409,0.1062233250852161,0,0,1,8,0,1.3440551303699676e-05,0,Low
2,0,0,1,8,2031,21,65885,664,4582,0.0972753842892593,0,0,1,8,0,1.3440551303699676e-05,0,Low
2,0,1,0,14,3474,24,58474,692,3711,0.1300763371052265,0,0,1,4,0,1.3440551303699676e-05,0,Low
3,0,0,0,6,2379,6,65132,681,4506,0.1034636241160658,0,0,0,2,0,1.3440551303699676e-05,0,Low
5,1,1,1,10,2692,8,47508,690,4449,0.1659828051038222,0,0,1,2,0,1.3440551303699676e-05,0,Low
5,0,0,1,2,1073,4,85798,537,4349,0.1545770469098744,0,0,0,14,0,1.3440551303699676e-05,0,Low
4,0,0,1,6,3355,9,52091,603,5044,0.1982650342125278,0,0,0,14,0,1.3440551303699676e-05,0,Low
2,0,0,1,3,2488,19,41587,664,5675,0.0931334058945382,0,0,1,7,0,1.3440551303699676e-05,0,Low
3,2,1,1,2,2974,18,39588,517,4636,0.152514374438422,0,0,1,7,0,1.3440551303699676e-05,0,Low
2,1,1,0,14,3353,5,63850,732,4919,0.1940159738387989,0,0,0,0,0,1.3440551303699676e-05,0,Low
2,0,0,0,5,1721,8,63205,556,5480,0.2152701210341435,0,1,1,2,0,1.3440551303699676e-05,0,Low
2,1,0,1,7,2516,7,63617,713,4689,0.1596591294463699,0,0,1,7,0,1.3440551303699676e-05,0,Low
0,0,0,1,13,2726,14,38853,545,3770,0.110920683468773,1,0,1,7,0,1.3440551303699676e-05,0,Low
3,1,0,0,4,1630,13,50587,559,4863,0.1795225602840906,0,0,0,10,0,1.3440551303699676e-05,0,Low
3,0,0,1,11,2598,10,52152,697,3995,0.2080531546805387,0,0,0,2,0,1.3440551303699676e-05,0,Low
1,2,1,1,4,1984,13,51395,734,4614,0.1051835313531242,0,0,1,2,0,1.3440551303699676e-05,0,Low
5,0,0,1,11,3116,2,45423,593,4197,0.1287754098407076,1,0,1,0,0,1.3440551303699676e-05,0,Low
5,1,0,0,12,3353,11,74016,626,3774,0.211458783686624,0,0,0,3,0,1.3440551303699676e-05,0,Low
1,0,0,1,8,913,14,33072,590,3605,0.0849056809516711,0,0,1,7,0,1.3440551303699676e-05,0,Low
3,1,0,0,11,2679,4,64742,640,3318,0.1732625779356559,0,0,1,4,0,1.3440551303699676e-05,0,Low
0,1,0,0,14,2142,3,71353,607,4642,0.0942934416393996,0,0,1,5,0,1.3440551303699676e-05,0,Low
4,1,0,0,14,3265,20,46863,626,5338,0.0946201625024168,1,0,1,3,0,1.3440551303699676e-05,0,Low
3,2,0,0,8,1753,11,42416,642,3950,0.2169308841501194,0,0,1,12,0,1.3440551303699676e-05,0,Low
0,2,0,1,0,2693,9,63673,517,5081,0.2108613115084335,0,0,0,7,0,1.3440551303699676e-05,0,Low
1,1,1,1,8,1094,9,70158,574,4442,0.1987416874716566,0,0,1,3,0,1.3440551303699676e-05,0,Low
1,0,0,0,9,1547,16,64379,621,4160,0.2014705920895816,0,0,1,3,0,1.3440551303699676e-05,0,Low
4,0,1,1,4,866,10,64855,617,3454,0.1856343129760046,0,0,0,2,0,1.3440551303699676e-05,0,Low
2,0,1,0,7,2726,7,95589,563,3605,0.1633048213739392,1,0,1,11,0,1.3440551303699676e-05,0,Low
3,0,0,0,12,2038,15,39610,586,3595,0.0904334921440107,0,0,1,0,0,1.3440551303699676e-05,0,Low
1,0,0,0,1,936,22,68413,648,5555,0.1235330173700306,0,0,1,6,0,1.3440551303699676e-05,0,Low
2,1,1,1,4,2114,1,51103,719,4788,0.121025827145927,0,0,1,5,0,1.3440551303699676e-05,0,Low
2,1,0,0,4,3209,22,44901,503,3772,0.1072040761371476,0,0,1,14,0,1.3440551303699676e-05,0,Low
1,2,0,1,14,2970,6,40530,568,4248,0.1477321897242717,0,0,1,2,0,1.3440551303699676e-05,0,Low
2,2,1,0,5,1768,17,51629,522,5958,0.1582157497329948,1,0,1,0,0,1.3440551303699676e-05,0,Low
1,1,0,1,0,1932,13,53579,575,5620,0.1118642067016263,1,0,1,3,0,1.3440551303699676e-05,0,Low
2,2,1,1,10,2151,8,30513,732,3184,0.1023780428533789,0,0,1,0,0,1.3440551303699676e-05,0,Low
2,1,0,1,12,3062,12,60740,580,4036,0.2044693561611962,0,0,1,14,0,1.3440551303699676e-05,0,Low
4,0,0,1,6,878,10,46499,574,3326,0.184471597739224,0,0,1,12,0,1.3440551303699676e-05,0,Low
2,2,1,0,9,3168,12,34139,682,5458,0.0964189376367007,0,0,1,12,0,1.3440551303699676e-05,0,Low
5,0,0,1,8,1989,7,70319,674,4768,0.1830603910620144,1,0,0,5,0,1.3440551303699676e-05,0,Low
1,0,0,1,5,1531,23,63295,545,5430,0.1556454805857574,0,0,1,14,0,1.3440551303699676e-05,0,Low
0,1,0,1,2,3246,15,41980,696,5666,0.1350344040475158,0,0,1,1,0,1.3440551303699676e-05,0,Low
2,1,0,1,7,1566,0,61551,623,4346,0.195902799170634,1,0,1,11,0,1.3440551303699676e-05,0,Low
1,1,0,1,14,1125,5,33333,687,3160,0.1641538594745758,0,0,1,1,0,1.3440551303699676e-05,0,Low
3,1,0,1,3,3163,4,88411,554,4358,0.1028757475046092,1,0,1,4,0,1.3440551303699676e-05,0,Low
1,1,0,0,11,1541,15,51208,746,3301,0.1849700655020236,0,0,1,10,0,1.3440551303699676e-05,0,Low
1,1,0,1,11,2360,1,54564,551,4523,0.1440130374758796,0,0,0,11,0,1.3440551303699676e-05,0,Low
3,0,0,0,11,3055,24,30778,696,4405,0.0826998133317524,0,0,0,11,0,1.3440551303699676e-05,0,Low
0,2,0,0,13,2048,11,68787,679,3231,0.1111664011919212,1,0,1,10,0,1.3440551303699676e-05,0,Low
0,0,0,0,11,1928,19,43675,733,4344,0.1181059041370638,0,0,0,5,0,1.3440551303699676e-05,0,Low
2,0,0,0,8,818,11,73276,631,5224,0.1858076899470117,0,0,1,12,0,1.3440551303699676e-05,0,Low
2,2,0,1,7,2693,10,54857,698,4751,0.1311409736975716,0,0,1,7,0,1.3440551303699676e-05,0,Low
1,1,2,1,13,2636,21,38025,618,3201,0.0923410638008966,1,0,1,0,0,1.3440551303699676e-05,0,Low
1,1,0,1,12,2793,9,39860,712,5122,0.1320880592879303,0,0,1,2,0,1.3440551303699676e-05,0,Low
2,0,0,1,5,3147,0,31230,571,5684,0.0899935390128267,0,0,1,10,0,1.3440551303699676e-05,0,Low
2,0,0,1,0,2298,16,51215,604,5086,0.1218800003043271,1,0,1,1,0,1.3440551303699676e-05,0,Low
1,0,0,1,14,2670,21,41992,614,3388,0.1427679464299336,0,0,1,13,0,1.3440551303699676e-05,0,Low
1,0,0,1,2,1492,19,76060,525,3161,0.2068152203715186,1,0,1,9,0,1.3440551303699676e-05,0,Low
2,1,0,0,10,1067,1,39689,572,4088,0.2167516632374202,0,0,1,7,0,1.3440551303699676e-05,0,Low
2,1,0,0,11,1017,24,54732,658,5193,0.1144650248576844,0,0,0,5,0,1.3440551303699676e-05,0,Low
5,1,0,1,36,1976,7,33946,527,4788,0.1873298367307643,0,0,1,14,0,1.3440551303699676e-05,0,Low
1,0,0,0,5,3067,4,61144,508,4776,0.1070508878936266,0,0,1,0,0,1.3440551303699676e-05,0,Low
2,0,0,1,2,1598,11,59314,732,4610,0.1412153229071162,0,0,1,4,0,1.3440551303699676e-05,0,Low
1,0,1,1,14,1799,4,50313,738,3786,0.1610375314864532,0,0,1,13,0,1.3440551303699676e-05,0,Low
0,0,0,0,1,1299,18,38759,561,3155,0.1936827748167129,0,0,1,1,0,1.3440551303699676e-05,0,Low
2,2,1,0,5,2345,14,60660,511,3628,0.1701360725459029,0,0,1,7,0,1.3440551303699676e-05,0,Low
1,0,0,1,6,875,0,45768,730,4172,0.172677376071873,0,0,1,1,0,1.3440551303699676e-05,0,Low
1,0,1,1,10,1114,24,43317,547,5588,0.1361420012717809,0,0,1,11,0,1.3440551303699676e-05,0,Low
5,0,0,0,36,1950,13,84814,621,3332,0.1674469169872028,0,0,1,14,0,1.3440551303699676e-05,0,Low
4,0,0,0,14,2285,23,35593,628,4091,0.1203066972253547,1,0,1,1,0,1.3440551303699676e-05,0,Low
3,1,0,1,9,2255,24,49540,725,4742,0.1651982348431865,0,1,1,11,0,1.3440551303699676e-05,0,Low
1,0,1,0,13,2025,19,30020,701,4142,0.150114201384251,0,0,1,0,0,1.3440551303699676e-05,0,Low
2,1,0,0,12,2366,10,41894,586,4697,0.1364715145421552,1,0,1,6,0,1.3440551303699676e-05,0,Low
2,0,0,1,5,2857,9,38240,635,5508,0.1097911288760288,0,0,0,14,0,1.3440551303699676e-05,0,Low
2,1,0,0,13,1100,7,69356,510,5173,0.0877422220245021,0,0,1,5,0,1.3440551303699676e-05,0,Low
1,1,0,1,8,2209,2,33531,627,4222,0.1956891343617411,0,0,1,5,0,1.3440551303699676e-05,0,Low
2,0,0,1,12,1294,13,48539,591,4679,0.1922030692073646,0,0,1,7,0,1.3440551303699676e-05,0,Low
0,1,0,1,13,3193,14,69745,675,3991,0.087992650135648,0,0,1,4,0,1.3440551303699676e-05,0,Low
4,0,1,1,3,2821,5,45673,737,4040,0.0820445847771537,0,0,1,6,0,1.3440551303699676e-05,0,Low
0,0,0,0,1,2885,2,41247,525,3791,0.1749579757434211,0,0,1,0,0,1.3440551303699676e-05,0,Low
0,2,0,0,3,1424,24,71278,657,5288,0.1605320290157877,0,0,1,1,0,1.3440551303699676e-05,0,Low
3,0,0,0,1,1117,17,34069,585,4410,0.1233876004985075,1,0,1,7,0,1.3440551303699676e-05,0,Low
2,0,0,0,7,3441,11,37893,576,4083,0.1881046301709101,0,0,1,3,0,1.3440551303699676e-05,0,Low
4,1,0,0,6,2347,3,67257,699,3456,0.108139907538745,0,0,1,11,0,1.3440551303699676e-05,0,Low
1,0,0,1,6,1417,2,54453,707,5231,0.0978405935264117,0,0,1,9,0,1.3440551303699676e-05,0,Low
3,2,1,0,12,1842,5,65116,670,4552,0.1624401810511024,0,0,1,13,0,1.3440551303699676e-05,0,Low
2,1,0,1,6,2815,24,68148,583,5498,0.1359813619975182,0,0,0,0,0,1.3440551303699676e-05,0,Low
6,0,0,1,19,1106,3,93422,581,3636,0.1488611225122889,0,0,1,11,0,1.3440551303699676e-05,0,Low
0,1,0,0,11,1487,3,45732,708,4212,0.2106971014599511,0,1,1,0,0,1.3440551303699676e-05,0,Low
2,1,0,1,3,1479,6,63829,531,4639,0.116180526862564,1,0,1,13,0,1.3440551303699676e-05,0,Low
3,1,0,1,3,2632,13,52176,671,5090,0.1300182997907895,0,0,1,11,0,1.3440551303699676e-05,0,Low
1,1,0,0,13,879,2,34355,546,3987,0.1533956194479603,0,0,1,13,0,1.3440551303699676e-05,0,Low
1,1,0,0,5,1173,10,64054,611,5473,0.1983940584934419,0,0,1,14,0,1.3440551303699676e-05,0,Low
2,1,0,0,5,3240,10,36983,546,4507,0.1807316352548579,1,0,1,4,0,1.3440551303699676e-05,0,Low
2,1,0,1,10,1312,6,60614,716,3927,0.1692821269417473,0,0,1,0,0,1.3440551303699676e-05,0,Low
3,0,2,0,5,1018,18,45074,589,3463,0.181622997422975,1,0,1,9,0,1.3440551303699676e-05,0,Low
1,0,0,1,7,983,12,39301,504,3165,0.1120358920239342,1,0,1,5,0,1.3440551303699676e-05,0,Low
2,0,0,0,0,929,6,43142,515,5236,0.1807923794579061,1,0,1,14,0,1.3440551303699676e-05,0,Low
1,1,1,1,12,2729,16,70304,544,5455,0.0987896578607481,1,0,1,1,0,1.3440551303699676e-05,0,Low
2,0,1,1,11,1991,2,88410,544,3936,0.1738181911103315,1,0,1,6,0,1.3440551303699676e-05,0,Low
1,1,0,1,2,2404,21,41279,711,3194,0.1057188964922076,0,0,1,2,0,1.3440551303699676e-05,0,Low
0,1,0,1,2,2715,2,46796,519,5091,0.210382548638405,0,0,1,2,0,1.3440551303699676e-05,0,Low
1,2,1,0,1,917,13,45535,549,4614,0.2003049715260556,0,0,1,5,0,1.3440551303699676e-05,0,Low
5,0,0,1,4,2341,1,74340,594,3707,0.2100839018502709,0,1,1,7,0,1.3440551303699676e-05,0,Low
4,1,0,1,7,3118,6,42668,737,3525,0.1786250494415351,0,0,1,1,0,1.3440551303699676e-05,0,Low
4,1,1,1,5,3468,10,37649,519,3446,0.1116758242038011,0,0,1,12,0,1.3440551303699676e-05,0,Low
0,1,0,0,12,1829,13,69515,635,4316,0.1231367128877544,0,0,0,2,0,1.3440551303699676e-05,0,Low
3,2,0,1,11,2284,10,59491,618,4376,0.1950716018308688,0,0,1,14,0,1.3440551303699676e-05,0,Low
0,1,0,0,1,3474,1,52546,501,5406,0.1267960839031854,0,0,0,10,0,1.3440551303699676e-05,0,Low
3,2,1,1,4,1010,6,47401,662,3884,0.116741118927563,0,0,1,1,0,1.3440551303699676e-05,0,Low
2,1,1,1,6,1481,7,58188,722,5458,0.1366331371819817,0,0,1,10,0,1.3440551303699676e-05,0,Low
3,0,0,1,7,3389,1,35212,520,5614,0.0974652400958027,1,0,1,1,0,1.3440551303699676e-05,0,Low
2,0,1,0,12,1627,12,40339,707,5391,0.1943493364916071,0,0,1,9,0,1.3440551303699676e-05,0,Low
0,2,0,1,4,1777,4,63572,501,5836,0.1512212212655553,1,0,1,12,0,1.3440551303699676e-05,0,Low
3,0,0,1,14,1546,8,35958,547,5931,0.1365223546762098,0,0,0,5,0,1.3440551303699676e-05,0,Low
1,1,0,1,9,2780,2,58008,635,4721,0.1480635475356086,0,0,1,13,0,1.3440551303699676e-05,0,Low
0,1,0,0,6,2692,10,46163,616,3815,0.0820161314045272,0,0,0,6,0,1.3440551303699676e-05,0,Low
1,1,1,0,9,3203,4,38188,690,4735,0.1418315737187095,0,0,1,0,0,1.3440551303699676e-05,0,Low
3,1,0,0,6,2439,10,49743,643,3907,0.1412810757439986,1,0,1,3,0,1.3440551303699676e-05,0,Low
2,1,0,1,11,2467,18,73571,633,5707,0.1402877812254478,0,0,1,0,0,1.3440551303699676e-05,0,Low
2,0,0,1,6,1964,15,40907,672,4767,0.2018442923043186,1,0,1,8,0,1.3440551303699676e-05,0,Low
3,0,0,0,13,2280,8,38608,556,5852,0.1245224390303818,0,0,0,4,0,1.3440551303699676e-05,0,Low
4,2,0,1,1,3109,0,82202,520,4916,0.1492530920950954,1,0,1,6,0,1.3440551303699676e-05,0,Low
0,1,0,1,8,1450,2,65657,540,4258,0.201375616922141,0,0,1,6,0,1.3440551303699676e-05,0,Low
3,0,1,0,3,1227,15,62617,618,4871,0.186397861415193,0,1,0,3,0,1.3440551303699676e-05,0,Low
3,1,0,0,3,1175,11,60919,602,4960,0.1313879698046852,0,0,0,9,0,1.3440551303699676e-05,0,Low
4,1,0,0,3,1745,6,53938,533,3926,0.0994954792577477,0,0,1,0,0,1.3440551303699676e-05,0,Low
2,1,1,1,11,1697,12,33841,671,4338,0.1186121994743658,0,0,1,14,0,1.3440551303699676e-05,0,Low
4,2,0,0,10,3111,5,62258,592,4083,0.0826867293391901,0,0,1,14,0,1.3440551303699676e-05,0,Low
1,0,0,0,8,2988,10,43540,562,4442,0.0919682654657822,0,0,0,7,0,1.3440551303699676e-05,0,Low
1,0,0,0,4,1440,6,76883,662,4723,0.2114180621165138,1,0,0,0,0,1.3440551303699676e-05,0,Low
2,1,0,1,7,2964,7,74018,503,3496,0.1018998762250613,1,0,1,10,0,1.3440551303699676e-05,0,Low
1,0,1,1,10,1578,7,57830,630,4271,0.1005300817604086,0,0,1,7,0,1.3440551303699676e-05,0,Low
2,1,0,0,2,2178,11,73822,579,4301,0.2013150207325857,0,0,1,0,0,1.3440551303699676e-05,0,Low
2,0,0,1,13,1353,15,50717,567,4993,0.1588030553673192,1,0,1,9,0,1.3440551303699676e-05,0,Low
0,1,0,0,3,1595,2,70698,566,5799,0.2154435769004187,0,0,0,2,0,1.3440551303699676e-05,0,Low
0,0,0,1,11,1415,20,66223,566,3877,0.1422271693826799,0,0,1,14,0,1.3440551303699676e-05,0,Low
2,2,0,1,2,1586,21,31261,513,4241,0.1332282312422935,0,0,0,8,0,1.3440551303699676e-05,0,Low
1,0,0,1,1,2261,23,72504,519,5717,0.130114088285875,0,0,1,14,0,1.3440551303699676e-05,0,Low
2,2,0,1,1,814,16,33346,503,4590,0.1256831498707501,0,0,1,13,0,1.3440551303699676e-05,0,Low
4,0,0,1,1,2753,14,43115,534,5295,0.1567689583784027,0,0,1,12,0,1.3440551303699676e-05,0,Low
4,2,0,1,2,2291,1,37406,673,5694,0.1385396372497343,0,0,1,0,0,1.3440551303699676e-05,0,Low
2,1,0,0,14,3159,21,73608,542,5082,0.1382527207885863,1,0,0,11,0,1.3440551303699676e-05,0,Low
2,0,0,0,12,2532,8,52414,726,3502,0.1321101189913296,0,0,0,2,0,1.3440551303699676e-05,0,Low
1,0,0,1,0,1887,15,70683,508,3288,0.2150486033070865,0,0,1,13,0,1.3440551303699676e-05,0,Low
5,0,0,1,8,2332,18,60011,519,5969,0.1548878393439362,0,0,1,3,0,1.3440551303699676e-05,0,Low
1,0,1,0,10,1151,12,48523,626,4100,0.1445185996709241,0,0,1,1,0,1.3440551303699676e-05,0,Low
2,2,0,1,10,1571,3,39643,589,5569,0.1599239724492379,0,0,1,1,0,1.3440551303699676e-05,0,Low
2,1,1,0,12,3317,1,67429,551,3532,0.1790730836802802,0,0,1,8,0,1.3440551303699676e-05,0,Low
0,2,1,1,6,2735,14,71279,587,5452,0.2079541758053014,0,0,1,13,0,1.3440551303699676e-05,0,Low
0,2,0,0,12,1536,0,43613,687,5604,0.0951907743668871,0,0,1,4,0,1.3440551303699676e-05,0,Low
3,0,1,1,9,2500,8,58523,596,3266,0.1005937425309329,0,0,1,13,0,1.3440551303699676e-05,0,Low
1,1,0,1,7,2870,2,35806,507,4308,0.1856517785169203,1,0,1,12,0,1.3440551303699676e-05,0,Low
4,1,0,0,0,942,0,50471,555,3340,0.1144411256617567,0,0,0,5,0,1.3440551303699676e-05,0,Low
1,0,0,0,2,3476,6,49999,508,4677,0.1509542188418084,0,0,1,1,0,1.3440551303699676e-05,0,Low
3,1,0,1,13,3282,10,31756,623,5520,0.1022315122845124,0,0,1,2,0,1.3440551303699676e-05,0,Low
3,1,0,1,5,1233,18,64397,649,4707,0.1150562813650651,0,0,1,5,0,1.3440551303699676e-05,0,Low
3,1,0,1,2,1596,14,69419,586,3567,0.0916444026770804,0,1,1,3,0,1.3440551303699676e-05,0,Low
2,1,0,0,10,1158,16,70679,719,3262,0.2100848827410467,0,0,1,13,0,1.3440551303699676e-05,0,Low
1,2,0,0,9,2115,8,53581,576,3988,0.1815263011421107,0,0,1,3,0,1.3440551303699676e-05,0,Low
1,0,1,1,12,3193,5,48228,727,3582,0.0938671997989951,0,0,1,9,0,1.3440551303699676e-05,0,Low
1,1,0,1,13,2144,7,45219,523,3719,0.10500555419203,0,0,1,13,0,1.3440551303699676e-05,0,Low
0,0,0,1,1,827,18,33806,551,3571,0.1461970730120455,0,0,1,2,0,1.3440551303699676e-05,0,Low
2,0,0,1,0,1622,9,40186,615,3755,0.0931953280572696,1,0,1,7,0,1.3440551303699676e-05,0,Low
2,0,0,0,10,1940,10,69141,527,4536,0.1843906227817263,0,0,1,4,0,1.3440551303699676e-05,0,Low
4,0,0,1,5,2728,13,41797,554,3393,0.1869189122391124,0,0,1,4,0,1.3440551303699676e-05,0,Low
0,1,0,1,0,2121,7,71506,634,4818,0.0851712900501437,0,0,1,12,0,1.3440551303699676e-05,0,Low
2,2,1,0,0,1677,6,35728,652,5888,0.0967049515177191,1,0,1,1,0,1.3440551303699676e-05,0,Low
1,1,1,1,12,1173,19,46994,583,5261,0.0849306247563185,0,0,1,10,0,1.3440551303699676e-05,0,Low
4,1,0,1,0,1945,1,67397,535,3285,0.1466665297646437,0,0,1,13,0,1.3440551303699676e-05,0,Low
1,0,1,0,6,3323,2,73654,645,3278,0.1261441879513255,0,0,1,3,0,1.3440551303699676e-05,0,Low
0,0,0,1,2,822,12,74069,661,5317,0.1118359337621025,0,0,1,6,0,1.3440551303699676e-05,0,Low
1,0,0,0,12,2535,22,38012,557,3542,0.1572348524331923,0,0,0,10,0,1.3440551303699676e-05,0,Low
1,0,0,0,12,836,20,61460,630,4523,0.1088637727581424,1,0,1,6,0,1.3440551303699676e-05,0,Low
2,0,0,0,13,956,8,32828,663,5647,0.213103712729954,1,0,1,8,0,1.3440551303699676e-05,0,Low
2,0,1,1,5,2577,9,60321,674,5445,0.1526385632498905,1,0,1,14,0,1.3440551303699676e-05,0,Low
1,1,0,1,1,2376,21,65265,740,4786,0.1487931297638268,0,0,1,14,0,1.3440551303699676e-05,0,Low
2,0,0,1,9,2169,20,37709,508,3848,0.1009743202157664,1,0,1,14,0,1.3440551303699676e-05,0,Low
2,1,0,1,3,1375,9,40230,666,4518,0.1078643613547542,0,0,1,13,0,1.3440551303699676e-05,0,Low
3,1,0,0,8,851,14,39110,732,4750,0.0898794482876366,0,0,1,1,0,1.3440551303699676e-05,0,Low
1,1,1,0,0,3183,19,44478,631,4870,0.1636494987569955,0,0,1,9,0,1.3440551303699676e-05,0,Low
3,2,1,1,12,1004,22,31267,726,4289,0.1009072067035815,0,0,1,0,0,1.3440551303699676e-05,0,Low
0,0,0,0,11,918,14,58603,643,5937,0.1825044506878352,0,1,1,14,0,1.3440551303699676e-05,0,Low
5,1,0,1,10,1035,2,51390,596,3615,0.0807808212563024,0,0,1,8,0,1.3440551303699676e-05,0,Low
1,2,1,1,13,973,21,53004,591,3557,0.1275057225599415,1,0,1,1,0,1.3440551303699676e-05,0,Low
2,0,0,1,4,1365,16,58678,599,3379,0.0932321901697364,0,0,1,4,0,1.3440551303699676e-05,0,Low
4,1,0,0,10,3066,11,33008,532,3559,0.2090978666150557,0,0,1,1,0,1.3440551303699676e-05,0,Low
3,1,0,0,1,2475,17,43965,697,4841,0.1511907024709916,0,0,0,12,0,1.3440551303699676e-05,0,Low
5,1,1,0,11,955,1,45179,524,5865,0.1746979969957589,0,0,1,12,0,1.3440551303699676e-05,0,Low
5,1,0,1,32,2873,16,33831,690,3996,0.1147200920640818,0,0,1,7,0,1.3440551303699676e-05,0,Low
0,2,0,1,0,2539,16,56527,638,3302,0.2081650435320413,1,0,1,2,0,1.3440551303699676e-05,0,Low
2,1,1,0,13,1186,22,50462,598,3361,0.1673304443850574,1,0,1,9,0,1.3440551303699676e-05,0,Low
4,1,0,1,2,2510,0,64584,690,4637,0.1719852178465304,0,0,1,10,0,1.3440551303699676e-05,0,Low
5,2,0,0,8,851,18,36127,645,4627,0.1816148959129512,0,1,1,13,0,1.3440551303699676e-05,0,Low
4,1,0,0,3,1115,16,68753,632,5837,0.1043338719529272,0,0,0,7,0,1.3440551303699676e-05,0,Low
2,2,0,0,13,2531,3,69126,665,5445,0.1512171695594573,1,0,1,5,0,1.3440551303699676e-05,0,Low
2,0,0,0,3,3063,18,66631,553,5244,0.0955097780084995,0,0,0,1,0,1.3440551303699676e-05,0,Low
2,1,0,1,0,2721,17,69971,510,5786,0.1170896650638118,0,0,1,6,0,1.3440551303699676e-05,0,Low
2,2,0,1,13,1905,22,45871,606,3336,0.1430973950849265,0,0,1,6,0,1.3440551303699676e-05,0,Low
0,1,0,1,7,3329,17,49459,564,4255,0.1201053130801236,0,0,1,4,0,1.3440551303699676e-05,0,Low
3,1,0,0,11,2096,7,48200,582,4173,0.1781431710132885,0,0,1,14,0,1.3440551303699676e-05,0,Low
2,0,0,1,5,1166,18,51627,579,3120,0.1680446088057846,0,0,1,11,0,1.3440551303699676e-05,0,Low
1,0,0,1,11,3230,18,41313,607,3894,0.203762014646214,0,1,1,11,0,1.3440551303699676e-05,0,Low
0,2,0,1,3,1620,1,31716,584,5285,0.1734073386886905,0,0,1,9,0,1.3440551303699676e-05,0,Low
2,1,0,1,8,823,0,71428,680,5309,0.1174095774101413,0,0,1,11,0,1.3440551303699676e-05,0,Low
2,1,0,0,8,1426,0,55363,527,4581,0.1127227517752992,0,0,1,3,0,1.3440551303699676e-05,0,Low
3,0,0,0,1,2184,7,34718,649,4373,0.2169318140091728,0,0,1,11,0,1.3440551303699676e-05,0,Low
3,1,1,0,12,2840,14,73751,543,4186,0.1472083056134262,1,0,0,8,0,1.3440551303699676e-05,0,Low
4,1,0,1,1,2505,0,74113,597,3772,0.1942972948555874,0,0,1,4,0,1.3440551303699676e-05,0,Low
4,0,0,1,5,1666,7,53594,581,4866,0.1309355172785455,0,1,1,10,0,1.3440551303699676e-05,0,Low
2,1,0,1,8,931,6,72892,690,4132,0.1644427347852484,0,0,0,13,0,1.3440551303699676e-05,0,Low
3,1,0,0,4,1076,23,88453,676,4018,0.1735157114044203,1,0,1,8,0,1.3440551303699676e-05,0,Low
5,1,0,1,30,2686,8,80921,525,3249,0.1845756836072103,0,0,1,7,0,1.3440551303699676e-05,0,Low
0,0,0,0,14,1612,14,80909,571,5346,0.0968418338720669,1,0,1,14,0,1.3440551303699676e-05,0,Low
2,1,0,0,3,3291,12,62536,688,3281,0.1738540173837693,0,0,1,11,0,1.3440551303699676e-05,0,Low
4,1,0,1,14,3236,10,38774,593,4484,0.1823581933827121,1,0,1,1,0,1.3440551303699676e-05,0,Low
0,1,0,1,3,1749,16,57297,714,4289,0.0810969242358004,0,0,1,5,0,1.3440551303699676e-05,0,Low
0,0,0,1,7,1640,2,35676,601,4437,0.1228484582415384,0,0,1,9,0,1.3440551303699676e-05,0,Low
1,0,1,1,1,1646,5,62474,713,5932,0.1460549844006688,0,0,1,9,0,1.3440551303699676e-05,0,Low
1,1,1,1,4,1329,24,44955,559,3385,0.0890833904142737,0,0,1,5,0,1.3440551303699676e-05,0,Low
5,0,0,0,34,2956,10,97169,649,4499,0.1287039398768953,0,0,1,8,0,1.3440551303699676e-05,0,Low
3,0,0,1,3,2001,20,47624,636,3359,0.112964323198951,0,0,0,12,0,1.3440551303699676e-05,0,Low
2,0,0,0,9,1723,23,30946,745,5001,0.1446868499005627,0,0,1,3,0,1.3440551303699676e-05,0,Low
1,0,1,0,13,3125,6,68061,637,4797,0.1580801903827185,0,0,0,2,0,1.3440551303699676e-05,0,Low
0,0,1,1,11,3112,8,72691,728,3180,0.1366378073554236,0,0,1,10,0,1.3440551303699676e-05,0,Low
1,1,1,0,9,2709,3,55250,672,4773,0.1390686851028658,0,0,0,4,0,1.3440551303699676e-05,0,Low
2,1,0,0,4,1940,14,34682,579,4089,0.0999770165614675,0,0,1,4,0,1.3440551303699676e-05,0,Low
0,0,0,0,10,1161,15,56248,721,5811,0.1966578908867751,0,0,1,0,0,1.3440551303699676e-05,0,Low
2,0,0,1,12,3238,14,59563,722,4674,0.1067865267646549,0,0,1,7,0,1.3440551303699676e-05,0,Low
2,1,1,1,8,3249,24,55873,693,4884,0.0999770252041,0,0,0,9,0,1.3440551303699676e-05,0,Low
3,1,1,1,0,2561,7,53490,602,5755,0.147362595930482,0,0,1,9,0,1.3440551303699676e-05,0,Low
2,0,1,1,13,3374,23,65605,631,3744,0.101596324552866,0,0,1,13,0,1.3440551303699676e-05,0,Low
1,0,0,1,4,963,7,42669,718,5677,0.0920204826876773,0,0,1,5,0,1.3440551303699676e-05,0,Low
1,1,0,1,14,1182,10,66052,597,4563,0.1550109854955573,1,0,0,6,0,1.3440551303699676e-05,0,Low
1,1,0,0,14,2617,22,31620,521,5137,0.116564771960971,0,0,1,0,0,1.3440551303699676e-05,0,Low
2,1,0,0,5,1162,9,53846,557,3729,0.1917433216320617,0,0,1,12,0,1.3440551303699676e-05,0,Low
3,0,1,1,3,1283,24,55009,600,5614,0.1218417299911404,0,0,1,9,0,1.3440551303699676e-05,0,Low
2,2,1,0,8,1320,13,70888,602,5087,0.1846489993774083,0,0,1,8,0,1.3440551303699676e-05,0,Low
0,2,0,0,10,1943,18,64698,626,3362,0.1003795767730783,0,0,1,1,0,1.3440551303699676e-05,0,Low
0,0,1,1,13,2585,13,62622,702,5483,0.1565752661464958,0,0,0,5,0,1.3440551303699676e-05,0,Low
3,0,0,1,1,3224,7,48510,626,5289,0.117823613588205,0,0,1,9,0,1.3440551303699676e-05,0,Low
4,1,0,1,12,868,7,31926,748,5821,0.0990240762443422,0,0,1,6,0,1.3440551303699676e-05,0,Low
2,0,0,1,3,1387,22,53619,568,4361,0.1387032491741543,0,0,1,13,0,1.3440551303699676e-05,0,Low
3,0,0,1,4,2075,10,60408,630,3998,0.1963696451605391,0,0,1,4,0,1.3440551303699676e-05,0,Low
4,0,1,0,6,2076,9,86836,535,3168,0.1467804659771244,1,0,1,0,0,1.3440551303699676e-05,0,Low
3,0,0,0,8,2290,16,58538,560,5962,0.1335320822255139,0,0,0,11,0,1.3440551303699676e-05,0,Low
3,2,1,0,9,1805,15,68603,524,5558,0.0836536026144555,0,0,1,10,0,1.3440551303699676e-05,0,Low
3,0,0,0,1,2269,6,30219,740,4406,0.1174337329772868,0,0,0,2,0,1.3440551303699676e-05,0,Low
2,1,0,1,12,2332,8,84436,606,5549,0.1651473845497676,1,0,0,11,0,1.3440551303699676e-05,0,Low
2,2,0,0,10,1688,7,51404,529,3793,0.1397672832122988,0,0,1,2,0,1.3440551303699676e-05,0,Low
1,0,0,1,14,3011,5,69753,651,3708,0.1626417013478101,0,0,0,4,0,1.3440551303699676e-05,0,Low
3,2,1,1,4,2669,1,38467,620,4559,0.1968803078166093,1,0,1,7,0,1.3440551303699676e-05,0,Low
1,1,0,0,8,1246,2,36814,622,5742,0.142317982201013,0,0,0,14,0,1.3440551303699676e-05,0,Low
0,0,0,1,13,2563,13,65550,670,4579,0.1388447465015737,1,0,1,11,0,1.3440551303699676e-05,0,Low
2,0,0,0,7,2181,10,86600,530,5836,0.09740190797596,1,0,1,3,0,1.3440551303699676e-05,0,Low
2,0,0,1,10,2324,8,46397,518,4967,0.0820836099138131,0,0,1,10,0,1.3440551303699676e-05,0,Low
0,0,0,0,4,2056,2,44623,668,5490,0.1283795838585706,0,0,1,8,0,1.3440551303699676e-05,0,Low
2,0,0,0,10,2926,18,49144,704,5636,0.125139377773924,0,0,1,13,0,1.3440551303699676e-05,0,Low
1,2,0,0,5,3212,14,80486,667,3897,0.1731067387616362,1,0,1,0,0,1.3440551303699676e-05,0,Low
1,1,1,0,10,943,9,66701,687,3487,0.1326170415846934,0,0,1,3,0,1.3440551303699676e-05,0,Low
1,0,1,0,0,2749,22,47023,608,5701,0.1061763138749048,0,0,1,14,0,1.3440551303699676e-05,0,Low
2,1,0,0,8,2675,15,45776,630,4790,0.2185497835141641,0,0,1,12,0,1.3440551303699676e-05,0,Low
5,1,0,1,32,1543,11,90747,646,3775,0.10519761383414,0,0,1,9,0,1.3440551303699676e-05,0,Low
4,0,0,1,9,2154,0,68793,652,3130,0.0809711695272528,0,0,1,14,0,1.3440551303699676e-05,0,Low
3,1,0,1,12,3475,6,65667,677,3669,0.2090209765637,1,0,1,9,0,1.3440551303699676e-05,0,Low
1,0,0,1,7,3414,14,51582,529,5031,0.2076639131296614,0,0,1,1,0,1.3440551303699676e-05,0,Low
5,1,0,1,27,2179,3,47520,501,5161,0.2092622491278324,0,0,1,3,0,1.3440551303699676e-05,0,Low
2,1,0,1,11,2893,8,62556,535,3184,0.1127928440689635,0,0,1,0,0,1.3440551303699676e-05,0,Low
0,1,0,1,11,3296,5,35328,635,3530,0.2159174551731936,0,0,1,6,0,1.3440551303699676e-05,0,Low
1,0,0,1,1,2863,4,60970,510,5874,0.0920677054529548,0,0,1,0,0,1.3440551303699676e-05,0,Low
0,1,0,0,10,1179,4,34037,687,4092,0.1197254477722467,0,0,1,1,0,1.3440551303699676e-05,0,Low
4,0,0,1,6,3282,18,48164,534,3827,0.1998673317780652,0,0,0,3,0,1.3440551303699676e-05,0,Low
6,0,0,1,11,1935,7,58522,584,3912,0.0926044257979563,0,0,1,4,0,1.3440551303699676e-05,0,Low
2,2,1,1,5,3240,12,51607,645,4746,0.0816523743065823,0,0,1,14,0,1.3440551303699676e-05,0,Low
0,0,1,0,14,1981,20,52649,684,5030,0.1251874465168387,0,0,1,12,0,1.3440551303699676e-05,0,Low
4,0,0,1,10,1619,21,49813,501,4651,0.1189169102594671,0,0,1,6,0,1.3440551303699676e-05,0,Low
4,1,1,0,9,1156,0,68116,682,5355,0.2086598033324933,0,0,1,13,0,1.3440551303699676e-05,0,Low
3,1,0,1,8,1141,1,69918,582,5727,0.0863181933964451,0,0,1,2,0,1.3440551303699676e-05,0,Low
1,1,0,0,5,3225,19,59004,646,3296,0.119132213713412,0,0,1,5,0,1.3440551303699676e-05,0,Low
3,0,1,1,12,1271,24,37966,519,3954,0.1681910692854308,1,0,1,3,0,1.3440551303699676e-05,0,Low
1,0,0,1,2,2802,4,30173,697,5769,0.0958553984841518,0,0,1,6,0,1.3440551303699676e-05,0,Low
4,1,0,0,6,2924,2,45740,676,5704,0.1665556308301108,0,0,1,7,0,1.3440551303699676e-05,0,Low
1,2,0,0,28,3477,2,64552,724,1893,0.1144236884078077,0,0,0,6,0,7.032348804500703e-06,0,Low
1,0,0,0,28,2433,17,77512,584,2586,0.1989428954298044,1,0,1,13,0,7.032348804500703e-06,0,Low
3,0,0,0,32,2399,18,55009,605,1789,0.0987466091085063,0,0,1,7,0,7.032348804500703e-06,0,Low
1,0,1,0,25,1686,13,41637,704,1899,0.1609809544784262,0,0,0,1,0,7.032348804500703e-06,0,Low
3,1,0,0,27,957,17,35225,629,1825,0.0982043284666944,0,0,1,8,0,7.032348804500703e-06,0,Low
2,1,0,1,1,2074,14,50303,548,1301,0.1270531279527388,0,0,1,0,0,7.032348804500703e-06,0,Low
0,2,0,1,23,1847,3,31891,525,2931,0.1464362707458222,0,0,1,0,0,7.032348804500703e-06,0,Low
2,2,0,3,5,2272,16,40878,581,3596,0.2012178633868715,0,0,1,4,0,7.032348804500703e-06,0,Low
3,0,1,2,1,3372,8,59078,524,1981,0.0936354710501301,1,0,1,7,0,7.032348804500703e-06,0,Low
2,1,1,0,4,3453,22,30827,544,1979,0.1122636842264894,0,0,1,0,0,7.032348804500703e-06,0,Low
0,2,0,0,3,2381,2,44132,651,1135,0.1063361238677014,1,0,1,8,0,7.032348804500703e-06,0,Low
1,1,0,0,0,1597,16,59830,581,1184,0.0939402778982278,0,1,1,12,0,7.032348804500703e-06,0,Low
1,2,0,0,26,2528,16,46527,534,1329,0.1351508569233739,0,0,1,14,0,7.032348804500703e-06,0,Low
2,2,1,0,35,3436,6,39660,736,2968,0.1648257362760169,0,0,1,13,0,7.032348804500703e-06,0,Low
2,2,0,1,39,3035,9,70963,589,2941,0.1063067957887574,1,0,1,10,0,7.032348804500703e-06,0,Low
3,0,0,0,9,1852,4,73844,642,2305,0.2119425078755364,0,1,1,3,0,7.032348804500703e-06,0,Low
0,0,0,0,5,1358,18,44661,695,2014,0.1745891134618899,0,0,1,8,0,7.032348804500703e-06,0,Low
2,0,0,0,30,961,1,67162,571,2456,0.0806283360745421,0,0,1,0,0,7.032348804500703e-06,0,Low
2,1,0,0,4,1623,21,59332,557,2566,0.1611668352335885,0,0,1,3,0,7.032348804500703e-06,0,Low
2,1,0,0,6,1484,13,62360,654,2822,0.1080842938006489,1,1,1,7,0,7.032348804500703e-06,0,Low
3,0,1,2,25,2638,2,48310,731,2759,0.153236538479178,0,0,1,0,0,7.032348804500703e-06,0,Low
2,2,0,1,33,904,14,38671,675,1877,0.115526688011699,0,0,1,6,0,7.032348804500703e-06,0,Low
1,0,0,1,35,1236,8,57735,652,1972,0.116566188090848,1,0,1,9,0,7.032348804500703e-06,0,Low
3,0,1,0,27,2238,20,55160,715,2186,0.1419427132772945,0,0,0,9,0,7.032348804500703e-06,0,Low
0,0,0,1,9,2383,17,68128,533,2163,0.1783000483388476,0,0,1,14,0,7.032348804500703e-06,0,Low
2,0,0,0,31,3031,17,42453,618,2661,0.1481293577643437,0,0,0,8,0,7.032348804500703e-06,0,Low
3,0,1,0,7,2048,4,42226,510,2269,0.131699913034116,0,0,1,12,0,7.032348804500703e-06,0,Low
3,0,0,2,12,1047,11,46184,656,1599,0.1048718406584682,0,0,1,12,0,7.032348804500703e-06,0,Low
3,0,1,3,9,1161,10,59830,589,5077,0.1251825707040624,0,0,1,5,0,7.032348804500703e-06,0,Low
1,1,0,1,26,2675,3,51400,726,1790,0.1479846898706072,0,1,0,11,0,7.032348804500703e-06,0,Low
3,1,0,1,33,3176,5,44428,539,2949,0.1162923054324249,1,0,1,9,0,7.032348804500703e-06,0,Low
1,2,0,1,27,2710,15,31945,570,1583,0.1640448196342095,1,0,1,7,0,7.032348804500703e-06,0,Low
1,2,0,0,32,1063,12,66967,718,1220,0.1808786884551355,0,0,1,9,0,7.032348804500703e-06,0,Low
1,1,0,1,27,3060,22,36591,584,2709,0.0945581873707539,0,0,1,0,0,7.032348804500703e-06,0,Low
5,1,1,1,32,2407,6,34587,569,2802,0.1062346882162848,0,0,1,4,0,7.032348804500703e-06,0,Low
4,2,0,0,13,2205,1,73889,665,2473,0.182757996231562,0,0,1,10,0,7.032348804500703e-06,0,Low
3,2,0,0,5,2124,3,61181,689,1367,0.1065870509474508,0,0,0,4,0,7.032348804500703e-06,0,Low
2,1,1,0,10,1994,8,37224,648,3080,0.1826125346095316,0,1,1,11,0,7.032348804500703e-06,0,Low
4,0,1,1,8,3060,5,50976,516,1012,0.1597806111631906,0,0,1,4,0,7.032348804500703e-06,0,Low
2,1,0,0,10,2265,16,49394,726,1165,0.1324929040272929,0,0,1,8,0,7.032348804500703e-06,0,Low
0,1,3,1,14,1687,14,64906,646,2281,0.2050942233804041,0,0,1,6,0,7.032348804500703e-06,0,Low
2,1,2,0,11,2711,17,77525,546,1405,0.115893046394793,1,0,1,12,0,7.032348804500703e-06,0,Low
1,0,1,0,36,1425,23,60426,534,1083,0.1554299396062245,0,0,0,9,0,7.032348804500703e-06,0,Low
4,0,0,0,1,1877,3,41101,567,1446,0.2102282673897545,0,0,1,10,0,7.032348804500703e-06,0,Low
0,2,0,0,8,1488,12,70341,501,1678,0.0809646060980493,0,0,1,14,0,7.032348804500703e-06,0,Low
1,2,0,1,6,2943,14,51096,679,2781,0.1525676362906224,0,0,0,7,0,7.032348804500703e-06,0,Low
2,1,0,1,39,1589,6,43478,546,2983,0.1292508454698755,1,0,0,5,0,7.032348804500703e-06,0,Low
2,0,0,1,33,1628,20,51576,606,2074,0.1361187001813585,1,0,1,7,0,7.032348804500703e-06,0,Low
1,1,0,1,39,1845,2,62997,576,1335,0.0831799657295623,1,0,1,10,0,7.032348804500703e-06,0,Low
1,1,0,0,4,2048,14,39856,653,1019,0.138328227154029,0,0,0,10,0,7.032348804500703e-06,0,Low
2,1,1,0,10,2149,8,64135,518,2642,0.082030776348469,0,0,1,5,0,7.032348804500703e-06,0,Low
3,0,0,1,38,807,6,57802,583,1770,0.1380338795342638,1,0,1,2,0,7.032348804500703e-06,0,Low
2,1,1,1,3,3105,17,55408,525,1797,0.177522620831196,1,0,1,9,0,7.032348804500703e-06,0,Low
2,1,0,2,4,2703,4,69458,561,2940,0.0939390610775468,1,0,0,12,0,7.032348804500703e-06,0,Low
2,0,0,2,11,2545,23,68727,543,1444,0.0804871194977919,0,0,1,7,0,7.032348804500703e-06,0,Low
1,0,0,0,11,881,4,66518,543,1717,0.0907862961737746,1,0,0,0,0,7.032348804500703e-06,0,Low
5,0,1,1,13,1093,1,40989,600,2420,0.1334240833229945,0,1,1,0,0,7.032348804500703e-06,0,Low
3,1,0,0,23,1197,9,47677,694,2253,0.2149538952866937,0,0,1,2,0,7.032348804500703e-06,0,Low
1,1,0,2,32,1976,15,68010,568,2584,0.1048523337932059,0,0,1,5,0,7.032348804500703e-06,0,Low
0,0,0,0,2,2683,15,72792,546,1938,0.1777744706518823,0,0,1,5,0,7.032348804500703e-06,0,Low
2,0,0,1,2,2707,14,35129,586,2024,0.0882191147599387,0,0,1,7,0,7.032348804500703e-06,0,Low
4,1,1,0,35,2758,18,35291,527,2506,0.1823110945680737,0,0,1,7,0,7.032348804500703e-06,0,Low
2,1,0,1,32,2213,6,31723,688,2668,0.152281313459754,0,0,0,4,0,7.032348804500703e-06,0,Low
2,0,1,1,29,2387,7,39829,553,1589,0.0822550160959744,0,0,1,12,0,7.032348804500703e-06,0,Low
3,1,0,1,35,2207,22,58349,672,1213,0.0916090393960117,0,0,1,10,0,7.032348804500703e-06,0,Low
2,0,0,1,32,2945,24,74074,501,2708,0.1824017313487042,1,0,1,11,0,7.032348804500703e-06,0,Low
2,1,0,2,5,978,6,97290,515,1046,0.1980953543384816,1,0,0,6,0,7.032348804500703e-06,0,Low
4,2,0,1,29,3185,15,50328,546,2819,0.0887105763060635,0,0,1,7,0,7.032348804500703e-06,0,Low
2,0,1,0,1,1198,12,64960,536,3094,0.1462383105060215,0,0,1,9,0,7.032348804500703e-06,0,Low
2,2,0,1,14,2779,23,66551,737,1054,0.1519432047416764,0,0,1,0,0,7.032348804500703e-06,0,Low
3,2,0,2,2,1717,10,57678,541,1003,0.1842510284293174,0,0,1,13,0,7.032348804500703e-06,0,Low
2,1,1,1,26,3081,13,43882,671,1245,0.1979663228834429,0,0,1,1,0,7.032348804500703e-06,0,Low
3,0,1,1,14,2172,23,39939,716,2767,0.1441786510412626,0,0,1,6,0,7.032348804500703e-06,0,Low
1,0,0,4,14,2878,7,55265,535,3654,0.1201780496873216,0,0,1,5,0,7.032348804500703e-06,0,Low
2,1,0,1,28,1636,0,86924,626,1477,0.1176498501941646,1,0,0,8,0,7.032348804500703e-06,0,Low
2,0,0,1,28,2862,0,87140,607,1811,0.1105609480211202,1,0,1,6,0,7.032348804500703e-06,0,Low
2,1,3,1,6,1022,8,63273,555,2813,0.0814969809596291,0,0,1,11,0,7.032348804500703e-06,0,Low
3,0,0,1,10,2699,23,59673,683,1440,0.1621172529894957,0,0,1,8,0,7.032348804500703e-06,0,Low
0,1,0,3,31,1482,16,65906,678,2331,0.1221650204676702,0,0,1,12,0,7.032348804500703e-06,0,Low
1,1,0,2,37,1833,19,73291,579,1116,0.1361835578007839,1,0,1,1,0,7.032348804500703e-06,0,Low
0,0,1,0,28,3446,13,73852,745,1325,0.1668418716736897,0,0,1,2,0,7.032348804500703e-06,0,Low
2,1,0,1,27,3254,11,55608,557,2388,0.1441257104648893,0,0,1,8,0,7.032348804500703e-06,0,Low
1,2,1,1,35,1608,13,58905,603,2206,0.1679352161195864,1,0,1,5,0,7.032348804500703e-06,0,Low
2,0,0,0,34,3147,22,55961,552,1237,0.0948863853019938,0,0,1,10,0,7.032348804500703e-06,0,Low
1,1,0,0,12,844,5,43533,628,1617,0.1613940100476668,0,0,1,9,0,7.032348804500703e-06,0,Low
2,0,0,1,8,3237,2,59025,531,1374,0.1319722838648322,0,0,0,11,0,7.032348804500703e-06,0,Low
3,1,1,1,7,959,21,54910,687,1987,0.1599019942420059,0,0,1,11,0,7.032348804500703e-06,0,Low
2,0,1,0,28,2744,18,63645,574,1793,0.1028240860789405,0,0,1,14,0,7.032348804500703e-06,0,Low
2,0,0,0,29,1035,19,31137,748,2134,0.1302949510637686,0,0,1,11,0,7.032348804500703e-06,0,Low
3,1,0,1,1,3355,15,44118,626,2174,0.1944881063044642,0,0,0,13,0,7.032348804500703e-06,0,Low
1,1,0,1,12,1672,10,84738,561,2446,0.1795988549781894,1,0,1,2,0,7.032348804500703e-06,0,Low
1,1,1,3,3,2078,7,60269,644,3959,0.1202388658514204,0,0,1,8,0,7.032348804500703e-06,0,Low
1,1,0,0,25,2040,8,57578,701,2378,0.0896967564975795,0,0,1,6,0,7.032348804500703e-06,0,Low
1,0,0,1,9,2974,2,69492,711,2457,0.2051997839751961,0,1,1,12,0,7.032348804500703e-06,0,Low
3,2,0,0,39,1557,5,55637,659,2285,0.1004255714102924,0,0,0,11,0,7.032348804500703e-06,0,Low
1,0,3,0,11,1716,13,47136,573,2471,0.1423695892966665,0,0,1,7,0,7.032348804500703e-06,0,Low
3,1,1,1,32,1380,1,38609,577,2830,0.094766417464934,0,0,1,7,0,7.032348804500703e-06,0,Low
1,0,0,0,8,2674,21,71709,663,1390,0.1313638730319301,0,0,1,0,0,7.032348804500703e-06,0,Low
2,0,0,3,13,1407,0,37286,637,4277,0.2165735387065889,0,0,1,10,0,7.032348804500703e-06,0,Low
3,0,0,0,4,2889,12,32759,571,1599,0.0918131333995279,1,0,1,6,0,7.032348804500703e-06,0,Low
0,2,1,1,4,1393,15,53941,596,1315,0.0831012129079178,0,0,1,11,0,7.032348804500703e-06,0,Low
2,0,0,1,26,2881,22,67923,617,1264,0.1302519123995183,0,0,0,4,0,7.032348804500703e-06,0,Low
4,0,0,1,28,3234,1,50877,575,1596,0.1892027280306409,0,0,1,14,0,7.032348804500703e-06,0,Low
2,2,1,3,7,3393,18,52774,570,5814,0.1932119008479409,0,0,0,0,0,7.032348804500703e-06,0,Low
0,1,1,1,12,1923,8,72876,603,2424,0.1872078179547837,0,0,1,11,0,7.032348804500703e-06,0,Low
1,1,0,1,25,1289,1,72421,659,2266,0.2026501115850609,0,0,1,3,0,7.032348804500703e-06,0,Low
4,1,1,1,10,2623,12,71013,505,2817,0.1888747888749463,0,0,0,2,0,7.032348804500703e-06,0,Low
0,1,1,1,37,2297,3,33844,659,2623,0.1816226465101448,0,0,1,4,0,7.032348804500703e-06,0,Low
4,1,0,2,24,2109,7,55112,509,1364,0.0990027483646952,0,0,1,12,0,7.032348804500703e-06,0,Low
3,0,0,0,4,3233,20,54974,508,2388,0.0905441366897419,0,0,1,12,0,7.032348804500703e-06,0,Low
3,1,1,1,6,2281,14,57340,713,1230,0.189927294125464,0,0,1,6,0,7.032348804500703e-06,0,Low
2,0,0,1,1,1197,11,73475,533,1166,0.1702592172522107,0,0,1,11,0,7.032348804500703e-06,0,Low
1,1,1,4,1,2223,22,46506,579,4670,0.0834311479032056,0,0,1,2,0,7.032348804500703e-06,0,Low
4,1,1,1,9,1235,15,65191,621,2754,0.1635911048072962,0,0,1,11,0,7.032348804500703e-06,0,Low
2,0,0,0,8,2221,10,56501,502,1585,0.1307808567928377,0,0,1,1,0,7.032348804500703e-06,0,Low
0,2,0,1,25,829,18,63446,589,1223,0.1644524710903521,0,0,1,12,0,7.032348804500703e-06,0,Low
1,2,0,1,13,1888,13,57034,713,2418,0.2183508303151815,0,0,1,14,0,7.032348804500703e-06,0,Low
2,1,1,0,38,2090,6,35185,544,1512,0.1882112172885413,0,0,1,13,0,7.032348804500703e-06,0,Low
1,1,0,0,29,2807,0,63489,520,2254,0.1037100990477273,1,0,1,0,0,7.032348804500703e-06,0,Low
2,1,1,1,11,1967,11,64091,663,2466,0.1340744486257472,0,0,1,4,0,7.032348804500703e-06,0,Low
2,0,1,0,13,2380,21,71879,696,1952,0.1315471375730502,0,0,0,5,0,7.032348804500703e-06,0,Low
3,1,1,3,14,1082,16,60888,620,2209,0.1886419429451576,0,0,1,11,0,7.032348804500703e-06,0,Low
3,1,0,1,28,2307,1,51811,661,2951,0.1204093458573973,0,0,0,10,0,7.032348804500703e-06,0,Low
0,0,1,1,33,2818,16,60988,723,2779,0.1712431484343636,0,0,1,2,0,7.032348804500703e-06,0,Low
4,0,1,0,1,3477,8,77956,523,2409,0.0835204985721807,1,0,1,4,0,7.032348804500703e-06,0,Low
1,0,0,0,38,3381,14,66925,641,1449,0.0876984300084614,0,0,1,9,0,7.032348804500703e-06,0,Low
2,0,1,1,3,2340,18,33816,666,1568,0.1076101285543532,1,0,1,6,0,7.032348804500703e-06,0,Low
1,2,0,2,9,2312,10,66212,626,2008,0.0970737167817149,0,0,1,9,0,7.032348804500703e-06,0,Low
3,2,1,0,27,1192,0,41227,747,2937,0.0994679905032271,0,0,1,9,0,7.032348804500703e-06,0,Low
0,1,0,0,4,2642,14,68864,597,2003,0.0941811413133893,0,0,0,1,0,7.032348804500703e-06,0,Low
1,1,0,2,9,3437,19,70510,560,1580,0.0958659625077048,1,0,0,6,0,7.032348804500703e-06,0,Low
2,1,0,1,28,1113,16,38295,574,1234,0.1829406792691269,0,0,1,0,0,7.032348804500703e-06,0,Low
0,2,0,1,36,2115,15,35902,584,1304,0.1674963509349865,0,0,1,5,0,7.032348804500703e-06,0,Low
2,1,0,2,39,3101,9,60528,622,2310,0.1036569732010053,0,0,1,1,0,7.032348804500703e-06,0,Low
2,0,0,1,30,3242,10,71762,638,1423,0.1365484652378573,0,0,1,12,0,7.032348804500703e-06,0,Low
3,1,0,2,27,1164,10,69521,662,2867,0.1622876319315151,0,0,0,5,0,7.032348804500703e-06,0,Low
0,0,1,0,28,3059,11,69460,717,1145,0.2179007214582227,0,0,1,10,0,7.032348804500703e-06,0,Low
2,0,0,0,38,1501,22,51933,593,1629,0.0917414757530546,0,0,0,4,0,7.032348804500703e-06,0,Low
2,0,0,1,2,1986,6,61437,660,2213,0.1916274879930369,0,0,1,1,0,7.032348804500703e-06,0,Low
3,2,0,1,33,1723,21,43192,603,1762,0.1224530234552855,0,0,1,14,0,7.032348804500703e-06,0,Low
1,0,0,1,31,2623,23,63726,640,1566,0.0998863733724533,0,0,1,14,0,7.032348804500703e-06,0,Low
0,0,1,1,32,2821,2,31633,688,2439,0.2177201391374309,0,0,1,14,0,7.032348804500703e-06,0,Low
2,1,0,0,14,2376,2,51559,618,2492,0.1805143630188027,0,0,1,3,0,7.032348804500703e-06,0,Low
2,1,1,1,11,2035,1,40117,619,2737,0.1160381354990256,0,0,1,5,0,7.032348804500703e-06,0,Low
2,1,0,2,33,965,0,64357,658,2072,0.1192465407665702,0,0,0,1,0,7.032348804500703e-06,0,Low
2,0,0,0,27,2412,20,88313,577,1700,0.0960045016454917,1,0,1,11,0,7.032348804500703e-06,0,Low
2,1,1,0,0,2683,3,65117,662,2534,0.1208249059767014,0,0,1,7,0,7.032348804500703e-06,0,Low
3,1,1,0,5,1832,0,51297,738,1825,0.1148748181821742,0,0,1,4,0,7.032348804500703e-06,0,Low
2,1,0,1,8,1699,7,53243,509,1951,0.1169796293714348,0,0,0,9,0,7.032348804500703e-06,0,Low
0,1,1,0,5,2623,4,50839,647,1067,0.0894895276998136,0,0,1,10,0,7.032348804500703e-06,0,Low
2,0,0,3,4,2691,8,43607,607,4272,0.1983173500128507,0,0,1,3,0,7.032348804500703e-06,0,Low
0,1,0,1,25,1981,1,63147,734,1678,0.1404313095767331,0,0,0,7,0,7.032348804500703e-06,0,Low
1,2,1,1,26,2370,20,34571,747,1392,0.1080715199879603,0,0,1,12,0,7.032348804500703e-06,0,Low
2,1,0,0,35,1164,13,31909,712,2258,0.1966786425456929,0,0,1,0,0,7.032348804500703e-06,0,Low
3,2,0,1,23,1713,24,82580,633,2004,0.2041681708321026,1,0,1,4,0,7.032348804500703e-06,0,Low
2,2,0,2,33,3363,5,48580,533,2078,0.1942958070348321,0,0,1,14,0,7.032348804500703e-06,0,Low
2,2,1,0,31,2660,1,79327,595,1165,0.1785921237746156,1,0,1,6,0,7.032348804500703e-06,0,Low
4,0,0,3,0,965,8,70624,584,3026,0.1238572476334345,0,0,1,12,0,7.032348804500703e-06,0,Low
0,1,1,1,7,2612,4,33869,617,1972,0.1292948461474381,0,0,0,14,0,7.032348804500703e-06,0,Low
3,0,1,1,13,2510,2,30058,517,1771,0.1564954060282633,0,0,1,6,0,7.032348804500703e-06,0,Low
1,1,0,0,4,2359,18,67367,588,2374,0.1438002003800833,0,0,0,1,0,7.032348804500703e-06,0,Low
4,2,1,0,26,866,19,31435,617,1598,0.1986081086736164,1,0,1,1,0,7.032348804500703e-06,0,Low
3,1,1,2,23,2148,23,34962,621,1085,0.1200371365584393,0,0,1,5,0,7.032348804500703e-06,0,Low
4,1,0,2,32,828,3,37797,725,1606,0.186646892562052,0,1,0,11,0,7.032348804500703e-06,0,Low
0,1,0,0,24,3390,21,33133,502,1855,0.1541563188387291,0,0,1,10,0,7.032348804500703e-06,0,Low
0,2,1,1,8,1289,0,65674,618,2631,0.1560765421629768,0,0,1,7,0,7.032348804500703e-06,0,Low
2,2,1,0,12,1560,9,66431,666,2634,0.0809334563211778,0,0,1,4,0,7.032348804500703e-06,0,Low
4,0,0,0,23,2836,11,73293,652,1993,0.1758460154296761,0,0,1,1,0,7.032348804500703e-06,0,Low
3,1,0,1,1,937,16,56666,574,3098,0.0848204583620759,0,0,1,9,0,7.032348804500703e-06,0,Low
0,1,1,3,9,805,20,30911,722,4624,0.128974872760062,0,0,1,2,0,7.032348804500703e-06,0,Low
2,1,0,1,8,2875,11,43609,721,1959,0.2111471347680834,0,0,1,7,0,7.032348804500703e-06,0,Low
1,0,0,2,15,1219,17,52703,730,1795,0.2057205446427771,0,0,1,4,0,7.032348804500703e-06,0,Low
1,1,1,1,15,814,15,94278,554,1898,0.1272267630910074,1,0,1,8,0,7.032348804500703e-06,0,Low
2,1,0,1,9,2669,18,43925,656,1085,0.2123138552363836,0,0,1,11,0,7.032348804500703e-06,0,Low
2,0,0,1,8,2729,2,42721,509,2569,0.1791581020547735,0,0,1,13,0,7.032348804500703e-06,0,Low
2,0,0,0,8,3477,16,34313,637,1471,0.1559381239642779,0,0,1,12,0,7.032348804500703e-06,0,Low
1,2,0,1,6,810,9,50813,662,1880,0.1222962094402793,0,0,1,4,0,7.032348804500703e-06,0,Low
2,1,0,2,9,2737,3,58927,654,2726,0.108459642260603,0,0,1,10,0,7.032348804500703e-06,0,Low
1,1,0,0,36,1659,19,56562,568,1664,0.1091899910026729,1,0,1,5,0,7.032348804500703e-06,0,Low
1,1,1,1,4,929,2,51456,704,1790,0.0865887461841371,0,0,1,1,0,7.032348804500703e-06,0,Low
2,0,0,1,25,1588,5,86848,631,2157,0.102600521940678,1,0,0,2,0,7.032348804500703e-06,0,Low
0,0,0,1,38,2805,22,37405,694,1030,0.0822708483345128,0,0,1,3,0,7.032348804500703e-06,0,Low
2,1,0,1,25,810,4,43879,538,1135,0.1426563542930761,1,0,0,14,0,7.032348804500703e-06,0,Low
3,1,1,0,36,1277,8,52094,628,1451,0.1871614240004283,0,0,1,9,0,7.032348804500703e-06,0,Low
1,1,1,2,29,2754,3,33712,690,2954,0.2167278855796532,0,0,1,11,0,7.032348804500703e-06,0,Low
2,1,1,1,2,2437,0,43004,729,3056,0.1836721333595105,0,0,1,1,0,7.032348804500703e-06,0,Low
3,2,0,1,13,2852,5,59766,695,2429,0.2102066076513338,0,0,0,11,0,7.032348804500703e-06,0,Low
1,1,0,1,0,1660,14,34112,598,1601,0.161834494116035,1,0,1,7,0,7.032348804500703e-06,0,Low
4,1,0,1,34,2440,15,50125,520,1391,0.16656416032617,0,0,1,4,0,7.032348804500703e-06,0,Low
1,1,0,1,26,3159,3,61466,535,3000,0.1519330471352114,1,0,1,8,0,7.032348804500703e-06,0,Low
0,1,0,1,14,1337,0,72123,521,2993,0.1085466798338401,1,0,1,10,0,7.032348804500703e-06,0,Low
2,0,0,2,37,1121,2,49381,681,2852,0.1236092243458112,0,0,1,3,0,7.032348804500703e-06,0,Low
4,2,0,0,32,2533,12,72858,559,2911,0.1412993967638821,0,0,1,5,0,7.032348804500703e-06,0,Low
4,2,0,1,15,1261,2,43957,508,1488,0.1125183931491742,0,0,1,14,0,7.032348804500703e-06,0,Low
5,1,0,1,31,2111,5,50101,699,2643,0.1121448072270171,0,0,1,4,0,7.032348804500703e-06,0,Low
1,0,0,1,27,3420,1,68509,693,2444,0.1494264016799639,0,0,1,6,0,7.032348804500703e-06,0,Low
3,1,0,0,26,3033,15,33077,586,1278,0.1495401827502842,0,0,1,1,0,7.032348804500703e-06,0,Low
2,0,1,0,32,2714,23,46322,636,2274,0.1081152017003745,0,0,1,6,0,7.032348804500703e-06,0,Low
4,1,0,0,4,823,0,34886,579,3055,0.2193205631597297,0,0,1,9,0,7.032348804500703e-06,0,Low
1,1,0,1,0,2541,16,56199,740,2480,0.1466785423014009,0,0,1,3,0,7.032348804500703e-06,0,Low
2,1,1,3,5,1159,17,46791,548,5675,0.1354976156620168,0,0,1,12,0,7.032348804500703e-06,0,Low
2,1,0,1,34,2100,6,68720,566,2604,0.1290928169376854,1,0,1,1,0,7.032348804500703e-06,0,Low
3,0,0,3,14,3093,6,63815,524,5418,0.098673882166272,0,0,1,13,0,7.032348804500703e-06,0,Low
1,0,1,2,7,3141,9,38277,619,1892,0.1087542864492014,0,0,0,8,0,7.032348804500703e-06,0,Low
0,1,0,0,26,1546,2,35892,729,2518,0.0885109788869819,0,0,1,9,0,7.032348804500703e-06,0,Low
2,2,0,1,8,3162,5,41416,571,1047,0.1612805945993165,0,0,0,12,0,7.032348804500703e-06,0,Low
1,0,1,1,25,3032,14,47086,662,1200,0.1351637664875148,1,0,1,3,0,7.032348804500703e-06,0,Low
3,1,1,2,6,1889,11,63664,630,3082,0.1187611267951066,0,0,1,14,0,7.032348804500703e-06,0,Low
2,2,0,1,12,1448,8,51473,670,1021,0.2076676106263872,0,0,0,4,0,7.032348804500703e-06,0,Low
2,0,1,1,5,3377,0,67302,666,1202,0.0951735020123468,0,0,1,5,0,7.032348804500703e-06,0,Low
1,1,0,0,38,1537,2,39622,694,2540,0.0822926688395503,0,0,0,4,0,7.032348804500703e-06,0,Low
2,1,0,3,3,1726,7,58820,620,4323,0.1364607503949999,0,0,1,0,0,7.032348804500703e-06,0,Low
7,1,0,0,4,2024,10,54025,553,1921,0.1741184966361763,0,0,1,4,0,7.032348804500703e-06,0,Low
3,2,0,0,37,2302,1,50376,530,1108,0.2109618542702156,0,0,1,6,0,7.032348804500703e-06,0,Low
0,1,1,3,13,2211,13,68976,555,5000,0.1828665464749188,0,0,1,0,0,7.032348804500703e-06,0,Low
2,0,1,0,36,2153,9,47672,577,2431,0.0837792950667047,0,0,1,2,0,7.032348804500703e-06,0,Low
2,2,0,0,3,3253,13,46740,630,1595,0.0880734012053558,0,0,1,14,0,7.032348804500703e-06,0,Low
2,1,0,3,7,3122,1,67169,735,4898,0.1186362127826201,0,0,1,11,0,7.032348804500703e-06,0,Low
2,1,0,0,2,1948,8,76315,610,1656,0.1075895699600654,1,0,1,1,0,7.032348804500703e-06,0,Low
1,2,0,1,0,2154,6,46414,681,2321,0.2160234171291805,0,0,1,6,0,7.032348804500703e-06,0,Low
1,1,0,1,12,828,2,35209,717,1247,0.1214908004923898,0,0,1,5,0,7.032348804500703e-06,0,Low
0,1,0,1,39,803,5,73211,639,2401,0.1957483949780427,0,0,1,2,0,7.032348804500703e-06,0,Low
5,1,0,0,29,1483,11,55470,566,3060,0.1009829448943797,0,0,1,1,0,7.032348804500703e-06,0,Low
1,1,0,0,39,1858,6,42602,682,2107,0.1379505537527041,0,0,1,3,0,7.032348804500703e-06,0,Low
0,1,0,0,0,2400,11,50580,575,1700,0.1923479153650956,0,0,1,13,0,7.032348804500703e-06,0,Low
1,0,0,0,10,3222,12,73603,579,1330,0.123108005151686,0,1,1,0,0,7.032348804500703e-06,0,Low
3,0,2,1,6,839,15,48148,670,1748,0.1898424440498334,1,0,1,4,0,7.032348804500703e-06,0,Low
2,1,1,2,32,1551,4,59191,657,1019,0.08515574923292,0,1,0,13,0,7.032348804500703e-06,0,Low
3,0,1,1,36,1670,8,42105,541,1188,0.1908880529729421,0,0,1,12,0,7.032348804500703e-06,0,Low
0,0,0,1,34,1606,2,68062,511,2578,0.1679913440244879,0,0,1,3,0,7.032348804500703e-06,0,Low
4,0,1,0,10,1716,6,62139,689,1510,0.0999190357273387,0,0,1,13,0,7.032348804500703e-06,0,Low
1,1,0,0,5,1903,12,65590,528,1438,0.2016476086864878,1,0,1,2,0,7.032348804500703e-06,0,Low
1,0,1,0,32,800,5,80124,566,2658,0.1542837503562787,1,0,1,0,0,7.032348804500703e-06,0,Low
3,1,0,0,11,1711,4,44254,632,2387,0.0886033700670071,0,0,1,4,0,7.032348804500703e-06,0,Low
0,0,1,2,14,2636,3,52980,694,2995,0.1658041683117632,0,0,0,2,0,7.032348804500703e-06,0,Low
1,2,1,0,23,2801,5,35515,566,1930,0.1366909131894209,0,0,1,12,0,7.032348804500703e-06,0,Low
3,0,0,0,5,1946,9,66745,624,1912,0.1083777448864265,1,0,1,7,0,7.032348804500703e-06,0,Low
1,2,1,1,14,2129,17,44507,502,2586,0.1135960511439258,0,0,1,3,0,7.032348804500703e-06,0,Low
2,1,0,0,2,1367,0,40038,689,1691,0.1940353519440036,0,0,0,3,0,7.032348804500703e-06,0,Low
1,1,0,1,28,3277,18,69694,587,2938,0.1851969103445893,0,0,1,10,0,7.032348804500703e-06,0,Low
1,2,0,0,4,1976,4,60969,546,2919,0.2056846035893393,1,0,1,0,0,7.032348804500703e-06,0,Low
3,2,1,0,26,3291,1,57390,661,2807,0.1227344014538421,0,0,1,9,0,7.032348804500703e-06,0,Low
1,1,0,1,26,1235,13,61809,545,2490,0.1036798439815877,1,0,1,1,0,7.032348804500703e-06,0,Low
0,1,1,2,23,2354,18,60839,647,1651,0.0868318833230473,0,0,1,12,0,7.032348804500703e-06,0,Low
3,0,1,1,4,1640,14,73155,665,2255,0.1242664628230885,0,0,1,13,0,7.032348804500703e-06,0,Low
2,2,1,0,15,2266,8,36334,646,2080,0.1754065850134995,0,0,0,13,0,7.032348804500703e-06,0,Low
0,0,1,1,11,1308,14,70520,515,1629,0.1111822312580971,0,0,1,12,0,7.032348804500703e-06,0,Low
1,1,1,1,12,1564,21,50600,561,2034,0.1642833887314296,0,0,1,8,0,7.032348804500703e-06,0,Low
2,2,0,1,33,1543,5,56726,601,1708,0.1157878946167009,0,0,0,1,0,7.032348804500703e-06,0,Low
2,1,1,0,37,2553,15,67867,597,2150,0.0847758047332284,0,0,1,11,0,7.032348804500703e-06,0,Low
3,2,1,1,15,3422,8,41567,621,2921,0.1523825647832495,1,0,1,2,0,7.032348804500703e-06,0,Low
0,2,0,0,13,3474,2,56608,566,2160,0.1608263291254216,0,0,1,6,0,7.032348804500703e-06,0,Low
3,1,1,0,36,2706,10,45878,689,2124,0.1955890278452352,0,0,1,4,0,7.032348804500703e-06,0,Low
1,0,0,2,33,2280,9,70549,508,2563,0.202689329759444,0,0,1,10,0,7.032348804500703e-06,0,Low
1,1,0,1,15,1361,10,38193,643,1079,0.1165138915008652,1,0,1,8,0,7.032348804500703e-06,0,Low
1,1,0,0,1,3370,3,30604,553,2400,0.1385864945610065,0,0,1,11,0,7.032348804500703e-06,0,Low
3,2,0,1,31,1643,7,60742,535,2651,0.173985003236224,0,0,1,7,0,7.032348804500703e-06,0,Low
2,0,0,1,15,1936,13,42370,504,2599,0.1766423490806173,0,0,1,2,0,7.032348804500703e-06,0,Low
2,1,1,0,35,1985,5,55419,615,1428,0.1214858060794824,0,0,1,11,0,7.032348804500703e-06,0,Low
0,2,0,0,8,977,4,71582,631,1030,0.1935473256474174,0,0,1,14,0,7.032348804500703e-06,0,Low
2,0,1,0,23,2660,3,54375,728,1907,0.1030333338152839,0,0,1,1,0,7.032348804500703e-06,0,Low
2,1,1,0,29,2951,2,58253,574,2193,0.1527994253846115,0,0,1,0,0,7.032348804500703e-06,0,Low
4,1,0,0,33,3346,23,73844,509,2694,0.0870284743501566,0,0,0,14,0,7.032348804500703e-06,0,Low
5,1,0,1,30,2818,2,73105,686,2059,0.1311385185622443,0,0,1,5,0,7.032348804500703e-06,0,Low
4,1,0,0,4,2070,17,51831,622,2752,0.1820028167550829,0,0,0,11,0,7.032348804500703e-06,0,Low
2,0,0,1,29,1991,23,49530,577,1898,0.1250873596792178,0,0,1,14,0,7.032348804500703e-06,0,Low
4,0,1,2,4,3255,5,43536,551,2479,0.1139266082762837,0,0,1,13,0,7.032348804500703e-06,0,Low
1,1,0,1,25,2874,4,50186,520,1590,0.1532912300581476,1,0,1,5,0,7.032348804500703e-06,0,Low
3,0,0,1,15,1720,23,31960,715,1300,0.1658818604510112,0,0,1,6,0,7.032348804500703e-06,0,Low
0,0,0,0,9,1182,11,72768,649,1040,0.1149426315312388,1,0,1,10,0,7.032348804500703e-06,0,Low
4,2,0,3,0,958,4,67802,616,2866,0.1620615146548303,0,0,1,4,0,7.032348804500703e-06,0,Low
0,1,0,3,31,1548,0,62563,675,1646,0.1215520581895167,0,0,1,13,0,7.032348804500703e-06,0,Low
3,2,1,0,2,1853,17,36608,736,2394,0.1141546429100174,0,0,1,8,0,7.032348804500703e-06,0,Low
2,1,0,0,7,1650,16,81705,546,1073,0.1310462816958099,1,0,1,10,0,7.032348804500703e-06,0,Low
2,1,0,1,12,3158,16,55491,568,2279,0.1727178277593135,1,0,1,13,0,7.032348804500703e-06,0,Low
2,0,1,0,34,2248,17,53508,639,1382,0.1416845257043416,0,1,1,5,0,7.032348804500703e-06,0,Low
2,0,1,1,26,1076,15,49410,685,2376,0.1430931808709828,0,0,0,0,0,7.032348804500703e-06,0,Low
1,0,0,1,31,1401,6,86630,570,2706,0.1283790890349216,1,0,1,9,0,7.032348804500703e-06,0,Low
1,0,0,1,9,1119,12,73773,715,2667,0.1160754283720262,0,0,1,2,0,7.032348804500703e-06,0,Low
4,2,0,1,28,2793,18,69027,564,1742,0.085579202118056,0,0,1,1,0,7.032348804500703e-06,0,Low
1,2,1,1,35,1113,10,68294,586,1267,0.1180292237910601,1,0,1,11,0,7.032348804500703e-06,0,Low
1,2,0,0,31,1334,16,53843,691,2742,0.1625753670573057,0,0,0,10,0,7.032348804500703e-06,0,Low
0,2,1,2,6,1037,4,31979,572,2422,0.1843897143865748,0,0,1,14,0,7.032348804500703e-06,0,Low
3,2,1,1,12,3094,0,48204,501,1830,0.1432042029714054,1,0,1,7,0,7.032348804500703e-06,0,Low
3,0,1,1,27,2929,3,64302,630,2631,0.1412540182948694,0,0,1,12,0,7.032348804500703e-06,0,Low
3,1,0,0,30,1724,0,41837,747,1927,0.1724508405471261,0,0,1,3,0,7.032348804500703e-06,0,Low
2,0,0,0,12,3434,0,34948,747,1754,0.1810876897584209,0,0,1,5,0,7.032348804500703e-06,0,Low
1,0,0,1,2,2800,0,49259,572,2647,0.1546678600496381,0,0,0,3,0,7.032348804500703e-06,0,Low
4,1,0,0,3,2168,8,53074,534,2100,0.0963453618160088,0,0,1,12,0,7.032348804500703e-06,0,Low
3,0,0,0,1,3386,7,80292,601,2063,0.0880824272916522,1,0,1,1,0,7.032348804500703e-06,0,Low
3,1,0,1,4,1176,15,49480,502,1423,0.2052699268591382,0,0,0,5,0,7.032348804500703e-06,0,Low
4,1,1,0,37,1556,2,47525,655,2440,0.1934814974300735,0,0,1,4,0,7.032348804500703e-06,0,Low
1,0,0,3,1,1630,15,53897,743,3637,0.1898614838496843,0,0,1,3,0,7.032348804500703e-06,0,Low
2,2,0,0,26,841,6,48295,628,1730,0.1617547064887639,0,0,1,2,0,7.032348804500703e-06,0,Low
2,1,1,2,14,3450,0,54871,698,1713,0.0846429959187646,0,0,1,3,0,7.032348804500703e-06,0,Low
0,0,0,0,37,2749,2,30414,572,2384,0.1313293594506216,0,0,1,6,0,7.032348804500703e-06,0,Low
1,0,1,1,1,911,22,69848,625,1201,0.1449782390906958,0,0,1,2,0,7.032348804500703e-06,0,Low
4,0,0,0,28,2393,17,61342,632,1654,0.1227646339365641,1,0,1,8,0,7.032348804500703e-06,0,Low
3,1,0,0,9,3379,24,31676,616,1937,0.1399433249236115,0,0,1,2,0,7.032348804500703e-06,0,Low
3,2,1,1,2,1823,5,32524,544,3061,0.1247605094226696,0,0,1,1,0,7.032348804500703e-06,0,Low
2,1,1,4,2,1761,0,50478,645,2967,0.1081751469461991,0,0,1,7,0,7.032348804500703e-06,0,Low
5,0,1,2,2,3001,8,78448,621,2779,0.1744774868402547,1,0,0,5,0,7.032348804500703e-06,0,Low
1,0,1,1,13,1211,3,56078,618,1408,0.141171911856535,0,0,0,8,0,7.032348804500703e-06,0,Low
2,0,1,3,26,3024,17,43081,621,2307,0.083801749964732,0,0,1,9,0,7.032348804500703e-06,0,Low
3,0,1,1,12,2677,15,46042,540,2291,0.1018891754677762,0,0,0,5,0,7.032348804500703e-06,0,Low
4,0,0,0,6,1892,5,33317,684,1744,0.122344686424788,0,0,1,14,0,7.032348804500703e-06,0,Low
3,1,1,1,13,1043,11,70915,629,1700,0.11767324302567,0,0,1,14,0,7.032348804500703e-06,0,Low
2,2,0,1,1,2612,4,64390,670,1984,0.1628627646047417,0,0,1,13,0,7.032348804500703e-06,0,Low
1,0,0,1,4,2609,6,33520,528,1437,0.1374707347137871,0,0,1,8,0,7.032348804500703e-06,0,Low
2,0,1,1,26,1356,0,73353,620,2211,0.1504087441397047,0,0,0,13,0,7.032348804500703e-06,0,Low
3,0,1,0,4,3332,22,70587,650,1366,0.0994129077015339,0,0,0,13,0,7.032348804500703e-06,0,Low
1,1,2,1,30,2030,15,51425,640,1608,0.1034552561896678,1,0,0,1,0,7.032348804500703e-06,0,Low
1,1,1,1,13,1336,9,39571,547,2455,0.134114545125399,0,0,1,12,0,7.032348804500703e-06,0,Low
0,0,0,1,24,3124,13,42970,625,1259,0.109412582035252,1,0,1,4,0,7.032348804500703e-06,0,Low
2,1,1,2,28,2688,21,49660,523,1521,0.1543561192441447,0,0,1,8,0,7.032348804500703e-06,0,Low
2,1,1,0,33,2455,5,65155,610,1185,0.1821251367130449,1,1,1,11,0,7.032348804500703e-06,0,Low
1,0,0,1,33,3068,17,66151,598,1388,0.1563074249400425,0,0,1,7,0,7.032348804500703e-06,0,Low
1,1,2,2,5,2266,9,40948,666,1711,0.0830515055525892,1,0,1,6,0,7.032348804500703e-06,0,Low
1,1,0,2,10,2014,21,65876,540,1464,0.2012271395552527,1,0,1,5,0,7.032348804500703e-06,0,Low
0,0,1,2,28,2341,8,64128,661,1563,0.1490015170373781,1,0,1,12,0,7.032348804500703e-06,0,Low
3,1,0,0,4,1001,22,47981,518,2704,0.1301330568888015,0,0,1,12,0,7.032348804500703e-06,0,Low
1,0,0,1,0,3285,11,65023,513,3026,0.1958116040172414,0,0,0,12,0,7.032348804500703e-06,0,Low
2,2,0,0,1,1577,15,69422,635,3102,0.0871818658639538,0,0,1,11,0,7.032348804500703e-06,0,Low
1,1,0,1,15,1206,7,35376,510,1007,0.1875713037353288,0,0,0,12,0,7.032348804500703e-06,0,Low
2,2,1,1,4,3341,11,50776,742,2711,0.1335857191704945,0,0,1,13,0,7.032348804500703e-06,0,Low
1,1,0,1,23,2648,0,62061,747,2126,0.1017990758220167,0,0,1,12,0,7.032348804500703e-06,0,Low
2,1,3,1,25,3055,3,55170,579,1492,0.16285593366347,0,0,1,11,0,7.032348804500703e-06,0,Low
2,1,1,2,12,2280,1,52867,555,1369,0.1911149430168441,0,0,1,0,0,7.032348804500703e-06,0,Low
3,1,0,0,36,2684,10,73682,677,1347,0.2061817039868763,0,0,1,12,0,7.032348804500703e-06,0,Low
2,0,0,2,30,2064,7,55928,619,2773,0.1954684240605678,0,1,1,10,0,7.032348804500703e-06,0,Low
2,1,0,0,26,2109,17,37717,668,1172,0.136068567762561,1,0,1,5,0,7.032348804500703e-06,0,Low
1,0,0,0,32,1832,6,43071,657,2799,0.0847923136262223,0,0,0,10,0,7.032348804500703e-06,0,Low
1,2,0,2,35,902,10,33949,618,1014,0.0930039620841968,0,0,1,2,0,7.032348804500703e-06,0,Low
1,0,1,2,10,1683,17,71680,689,2076,0.0950783939069386,0,0,0,6,0,7.032348804500703e-06,0,Low
2,0,0,0,32,1180,13,73288,631,2862,0.177253655338663,1,0,1,14,0,7.032348804500703e-06,0,Low
3,0,0,0,38,2579,12,38221,630,1129,0.1360634918528843,0,0,0,7,0,7.032348804500703e-06,0,Low
2,1,1,0,25,853,13,46011,743,1220,0.1915616836072613,0,0,0,8,0,7.032348804500703e-06,0,Low
1,0,0,1,7,2817,6,37381,503,1927,0.206888931144948,0,0,0,10,0,7.032348804500703e-06,0,Low
1,0,0,3,4,1422,0,41422,741,1034,0.1846785813081244,0,0,1,5,0,7.032348804500703e-06,0,Low
0,1,0,1,7,1554,15,51366,500,1624,0.2075211752910155,1,0,0,12,0,7.032348804500703e-06,0,Low
2,0,1,1,31,2885,17,72683,628,2108,0.1679741174334624,0,0,0,6,0,7.032348804500703e-06,0,Low
3,1,0,1,35,1704,20,56424,688,1475,0.1213184387998426,0,0,1,4,0,7.032348804500703e-06,0,Low
2,0,0,2,2,2094,1,68705,595,2556,0.1734182433203215,0,0,1,11,0,7.032348804500703e-06,0,Low
0,0,0,2,34,1959,11,67628,514,1590,0.1097285835818062,0,0,1,14,0,7.032348804500703e-06,0,Low
0,0,1,1,34,1248,3,73980,603,1948,0.1503933838258806,0,0,1,12,0,7.032348804500703e-06,0,Low
1,0,0,0,9,1427,11,70470,522,1829,0.1715269657911811,0,0,1,6,0,7.032348804500703e-06,0,Low
2,1,0,3,13,1474,5,65822,529,1656,0.2061998144587776,0,0,0,10,0,7.032348804500703e-06,0,Low
2,2,1,2,32,910,1,32351,552,2719,0.1481491394448817,0,0,1,4,0,7.032348804500703e-06,0,Low
0,0,0,0,0,3192,4,64915,535,1385,0.121352858711583,0,0,1,7,0,7.032348804500703e-06,0,Low
2,0,0,0,31,899,19,69410,646,1236,0.1498290947185326,0,0,1,10,0,7.032348804500703e-06,0,Low
1,0,0,2,28,2679,17,32951,696,2199,0.1509137582827533,0,0,1,10,0,7.032348804500703e-06,0,Low
0,1,1,1,1,1325,3,36032,734,2903,0.1008375258733951,0,0,1,2,0,7.032348804500703e-06,0,Low
1,0,0,0,7,1465,13,42915,573,2420,0.1811681161306814,0,0,1,12,0,7.032348804500703e-06,0,Low
4,0,0,0,1,3313,19,43060,551,2823,0.0836753506286275,0,0,1,10,0,7.032348804500703e-06,0,Low
0,0,0,1,1,1096,12,57388,523,1402,0.2194481087590634,1,0,1,3,0,7.032348804500703e-06,0,Low
0,0,1,2,23,908,3,36326,697,1120,0.1369084391134612,0,0,1,0,0,7.032348804500703e-06,0,Low
2,2,1,1,7,965,18,35128,679,2179,0.1383603748246377,0,0,1,14,0,7.032348804500703e-06,0,Low
3,0,0,0,25,2573,18,53920,654,2091,0.1140626879762353,1,0,1,3,0,7.032348804500703e-06,0,Low
1,1,0,2,8,2230,7,41312,505,1532,0.0944092760191447,0,0,0,1,0,7.032348804500703e-06,0,Low
2,0,1,1,13,2058,2,50819,524,1232,0.1791674341830982,0,0,1,1,0,7.032348804500703e-06,0,Low
3,0,0,0,30,906,9,50643,591,1016,0.0904125010113518,0,0,1,12,0,7.032348804500703e-06,0,Low
1,0,1,1,12,808,11,55605,557,1467,0.1328363264624983,0,0,1,10,0,7.032348804500703e-06,0,Low
2,1,1,0,26,3410,13,39098,633,2931,0.0960324750461396,1,0,1,3,0,7.032348804500703e-06,0,Low
4,1,0,1,32,2993,4,43175,690,1619,0.09099422754368,0,0,1,7,0,7.032348804500703e-06,0,Low
0,1,0,2,24,3233,6,44957,699,1446,0.1364996490146863,0,1,1,8,0,7.032348804500703e-06,0,Low
3,1,1,1,23,2370,15,65779,581,1687,0.1188312172311283,0,0,1,8,0,7.032348804500703e-06,0,Low
5,0,0,1,12,1589,1,83228,590,1057,0.1271938214121867,1,0,1,3,0,7.032348804500703e-06,0,Low
2,1,1,0,29,2339,6,32946,555,1788,0.1077160094233899,1,0,1,0,0,7.032348804500703e-06,0,Low
2,2,0,1,9,1329,12,31636,647,1691,0.0901916318054971,0,0,1,10,0,7.032348804500703e-06,0,Low
2,1,1,0,33,3249,6,31975,630,2107,0.1983605221555748,0,0,0,4,0,7.032348804500703e-06,0,Low
1,2,0,0,14,2811,17,54479,648,2657,0.0857586401637173,0,0,1,12,0,7.032348804500703e-06,0,Low
2,1,0,2,14,3379,16,32655,686,1133,0.1117702591752309,0,0,1,10,0,7.032348804500703e-06,0,Low
1,2,0,1,2,3181,5,35252,667,1530,0.212966242791293,0,0,1,2,0,7.032348804500703e-06,0,Low
1,2,0,0,6,3346,15,32616,661,3040,0.1522779898208446,0,0,1,12,0,7.032348804500703e-06,0,Low
2,0,0,1,15,2431,14,73833,549,1893,0.1036276990929135,0,0,1,6,0,7.032348804500703e-06,0,Low
2,0,1,0,14,3046,7,61044,693,2153,0.1476305350799822,0,0,1,4,0,7.032348804500703e-06,0,Low
3,1,1,1,29,1042,8,68314,703,2852,0.1621187259604738,0,0,0,3,0,7.032348804500703e-06,0,Low
3,0,2,0,31,2415,3,61555,558,1904,0.1765843818140438,1,0,1,0,0,7.032348804500703e-06,0,Low
1,0,1,1,26,2457,5,55421,744,1883,0.1652765688393327,0,0,1,2,0,7.032348804500703e-06,0,Low
1,2,1,1,11,2387,11,48764,680,1001,0.1463455947743553,0,0,1,8,0,7.032348804500703e-06,0,Low
1,2,0,0,7,2429,19,39842,633,2978,0.149379474456253,0,1,1,4,0,7.032348804500703e-06,0,Low
2,1,0,0,9,2877,4,39899,625,1833,0.212417247405808,1,0,1,7,0,7.032348804500703e-06,0,Low
1,1,0,3,12,2241,0,43507,553,2017,0.0910596695698604,0,0,0,3,0,7.032348804500703e-06,0,Low
3,0,0,0,0,2404,0,60843,605,2584,0.1778444821096237,1,0,1,1,0,7.032348804500703e-06,0,Low
1,0,0,1,13,2530,12,85407,647,2835,0.1653444245179411,1,0,1,13,0,7.032348804500703e-06,0,Low
2,1,1,0,33,2125,3,63919,566,1969,0.0885324970105415,0,0,0,1,0,7.032348804500703e-06,0,Low
3,1,0,1,25,2396,7,60733,529,1950,0.1893561360646004,0,0,1,0,0,7.032348804500703e-06,0,Low
1,0,1,1,26,2724,24,51146,615,2285,0.1511100354593768,0,0,1,8,0,7.032348804500703e-06,0,Low
0,1,0,0,5,2429,8,36850,629,2848,0.0977318243697178,1,0,1,10,0,7.032348804500703e-06,0,Low
2,0,0,2,5,1802,4,42953,651,2662,0.1440505640212153,0,0,1,9,0,7.032348804500703e-06,0,Low
1,0,1,0,32,2050,8,68799,677,1773,0.1251519178907,0,0,1,11,0,7.032348804500703e-06,0,Low
2,1,0,2,33,2149,1,48554,555,1258,0.0903050954620579,1,0,0,6,0,7.032348804500703e-06,0,Low
1,1,0,1,5,1690,10,40443,681,1455,0.1614198984021702,0,0,1,10,0,7.032348804500703e-06,0,Low
1,1,0,1,11,2805,18,48941,690,1423,0.1768022198381436,0,0,1,10,0,7.032348804500703e-06,0,Low
1,1,0,0,6,1730,7,64944,665,1104,0.179991202759452,0,0,0,11,0,7.032348804500703e-06,0,Low
2,0,1,1,3,1706,17,30384,571,2354,0.1200403620387553,0,0,1,7,0,7.032348804500703e-06,0,Low
2,1,0,2,34,2738,16,34967,562,1081,0.1849976055131663,0,0,1,9,0,7.032348804500703e-06,0,Low
1,1,0,0,23,1703,10,71348,523,2732,0.1645305559309393,1,0,1,9,0,7.032348804500703e-06,0,Low
2,2,0,2,14,1793,17,36175,704,2298,0.1235643459545574,0,0,1,6,0,7.032348804500703e-06,0,Low
1,0,1,0,27,1600,20,68828,538,2824,0.1526704058866321,0,0,1,0,0,7.032348804500703e-06,0,Low
4,1,0,1,7,829,11,34478,712,1891,0.0995474462307152,0,0,1,14,0,7.032348804500703e-06,0,Low
5,0,0,2,37,2258,18,80816,683,1301,0.0972430039528558,0,0,1,0,0,7.032348804500703e-06,0,Low
0,2,0,1,10,2554,13,67132,533,2023,0.1404737706048399,0,0,1,0,0,7.032348804500703e-06,0,Low
2,0,1,0,31,1568,6,60088,612,2281,0.1170618564335845,0,0,1,5,0,7.032348804500703e-06,0,Low
2,1,1,0,26,1672,14,39289,632,2946,0.0956450597707474,1,0,0,2,0,7.032348804500703e-06,0,Low
2,0,1,2,23,1469,17,45242,578,1385,0.1270767812751589,0,0,1,7,0,7.032348804500703e-06,0,Low
0,1,1,2,26,2767,4,33171,559,1832,0.1958547387586003,0,0,0,4,0,7.032348804500703e-06,0,Low
4,0,0,2,37,2580,3,60660,533,1832,0.1523276326987347,0,0,1,2,0,7.032348804500703e-06,0,Low
0,2,0,0,28,3388,7,38128,529,1585,0.1070828884806266,1,0,1,10,0,7.032348804500703e-06,0,Low
5,2,0,1,14,3263,2,40325,640,1373,0.1935502511580696,0,0,1,2,0,7.032348804500703e-06,0,Low
2,0,1,0,12,1404,3,38000,730,1269,0.1634911980061741,0,0,1,3,0,7.032348804500703e-06,0,Low
1,1,0,1,31,1308,9,56009,679,1350,0.0901592869516013,0,0,1,9,0,7.032348804500703e-06,0,Low
2,1,0,1,32,2139,5,40222,597,1192,0.1997740903315226,0,0,1,5,0,7.032348804500703e-06,0,Low
2,1,0,1,30,2478,6,50462,556,2148,0.1954867332526712,0,0,1,12,0,7.032348804500703e-06,0,Low
0,1,0,1,10,1529,19,38049,744,2393,0.1191470517419554,0,0,0,5,0,7.032348804500703e-06,0,Low
2,1,0,2,37,1476,6,71982,559,1800,0.101404317543668,0,0,1,13,0,7.032348804500703e-06,0,Low
2,0,0,2,26,2393,5,74068,504,1317,0.2021082773676221,0,0,1,11,0,7.032348804500703e-06,0,Low
1,1,0,2,25,2192,20,43674,545,2455,0.1100131316293349,0,0,1,10,0,7.032348804500703e-06,0,Low
5,1,0,1,12,1656,3,43417,645,1352,0.1909757578501528,0,0,1,11,0,7.032348804500703e-06,0,Low
0,1,1,0,1,1103,9,43214,621,2441,0.1781107588361014,0,0,1,8,0,7.032348804500703e-06,0,Low
2,0,0,1,23,3491,1,70960,520,1139,0.1483234305303956,0,0,1,4,0,7.032348804500703e-06,0,Low
4,0,0,2,0,1036,5,55562,588,1935,0.2109279807561833,0,0,1,14,0,7.032348804500703e-06,0,Low
1,0,0,0,5,2466,20,45490,635,2094,0.1124455706475827,0,0,1,12,0,7.032348804500703e-06,0,Low
1,1,0,2,1,1459,4,52803,590,2807,0.1936331370386782,0,0,0,8,0,7.032348804500703e-06,0,Low
0,1,0,2,33,2104,3,59585,742,1867,0.1747962255752447,0,0,1,8,0,7.032348804500703e-06,0,Low
3,0,0,0,2,1640,14,60770,636,2364,0.1507545546067331,0,0,1,14,0,7.032348804500703e-06,0,Low
2,0,1,2,1,1030,15,70753,519,2580,0.1575655373174188,0,0,0,2,0,7.032348804500703e-06,0,Low
2,0,1,1,0,1284,8,72966,673,2866,0.1543320535551061,0,0,0,0,0,7.032348804500703e-06,0,Low
4,1,1,0,23,1376,11,53147,587,2215,0.1461544980388135,0,1,1,5,0,7.032348804500703e-06,0,Low
2,0,0,0,10,2038,24,34672,503,2132,0.1386057642992706,0,0,1,4,0,7.032348804500703e-06,0,Low
1,1,1,0,0,3325,5,67576,509,1403,0.1491301886779203,0,0,0,14,0,7.032348804500703e-06,0,Low
3,1,0,1,30,1071,11,67506,728,2899,0.1945202332509877,0,0,1,13,0,7.032348804500703e-06,0,Low
2,0,1,2,6,1003,21,60949,744,1614,0.1619756705767752,0,0,0,14,0,7.032348804500703e-06,0,Low
2,0,1,3,24,2801,2,30497,730,1845,0.1219100797507906,0,0,1,0,0,7.032348804500703e-06,0,Low
2,2,1,3,6,2847,13,38159,718,5566,0.1012006590497407,0,0,0,10,0,7.032348804500703e-06,0,Low
4,1,0,0,39,1446,6,31651,650,1558,0.1203754011268863,0,0,1,12,0,7.032348804500703e-06,0,Low
2,1,1,1,31,1034,14,73133,602,1524,0.0928115590830718,0,0,0,3,0,7.032348804500703e-06,0,Low
3,2,0,2,24,2655,20,84982,561,1912,0.1125854522867386,1,0,1,6,0,7.032348804500703e-06,0,Low
2,2,1,1,37,3395,9,38495,596,1167,0.0854678718013224,0,0,1,11,0,7.032348804500703e-06,0,Low
1,0,0,0,8,877,10,65254,652,2100,0.13447010854198,0,0,0,6,0,7.032348804500703e-06,0,Low
1,0,0,0,31,872,13,41911,672,1556,0.1158963656642422,0,0,1,9,0,7.032348804500703e-06,0,Low
2,0,0,3,38,2516,17,71543,637,1679,0.1762499197537542,0,0,1,11,0,7.032348804500703e-06,0,Low
3,0,0,1,12,2634,19,51979,621,2675,0.1967638856250693,1,0,1,8,0,7.032348804500703e-06,0,Low
2,0,0,0,32,3339,14,34762,606,2466,0.0857844610503237,0,0,0,7,0,7.032348804500703e-06,0,Low
2,2,0,0,3,3394,1,67604,647,1043,0.1958797283432424,0,0,0,6,0,7.032348804500703e-06,0,Low
2,2,0,1,3,1105,5,56154,555,2040,0.1152641838780525,0,0,1,10,0,7.032348804500703e-06,0,Low
2,2,0,0,34,1569,17,73544,663,2234,0.1555370005650769,0,0,1,6,0,7.032348804500703e-06,0,Low
4,2,0,3,34,1837,17,39647,535,2300,0.1006356691213117,0,0,1,2,0,7.032348804500703e-06,0,Low
2,2,0,2,2,1079,17,33347,573,2390,0.1743920334122909,1,0,1,10,0,7.032348804500703e-06,0,Low
0,2,1,1,33,3098,9,64160,619,1358,0.1974186228161282,0,0,1,12,0,7.032348804500703e-06,0,Low
0,1,1,1,28,1620,23,57057,688,2904,0.1319221141763124,0,0,0,6,0,7.032348804500703e-06,0,Low
2,2,0,1,36,1946,11,33907,599,1902,0.1248894294622789,0,0,0,1,0,7.032348804500703e-06,0,Low
1,1,1,1,11,2327,16,45957,635,1233,0.1508936256708383,1,0,0,4,0,7.032348804500703e-06,0,Low
1,2,0,1,30,1546,13,30206,676,2833,0.1738103660119724,0,0,1,12,0,7.032348804500703e-06,0,Low
2,0,1,1,1,876,5,80253,587,2882,0.0842177166896007,1,1,0,13,0,7.032348804500703e-06,0,Low
2,0,0,1,6,2463,0,57313,562,1377,0.1240808749475958,0,0,0,14,0,7.032348804500703e-06,0,Low
1,1,0,1,8,2978,19,55103,731,1722,0.0941619213055169,0,0,0,4,0,7.032348804500703e-06,0,Low
1,0,0,1,7,3445,1,45300,548,2656,0.105743814976156,0,0,1,2,0,7.032348804500703e-06,0,Low
3,0,0,0,28,1231,4,57627,512,1581,0.1670440215875678,0,0,0,2,0,7.032348804500703e-06,0,Low
1,1,0,0,26,1911,19,59220,578,2485,0.1548621162562074,0,0,0,5,0,7.032348804500703e-06,0,Low
5,1,0,0,2,2291,4,71346,596,1734,0.168161529159075,0,0,1,13,0,7.032348804500703e-06,0,Low
2,0,0,1,29,1296,12,44026,740,2961,0.0957349866229546,0,0,1,3,0,7.032348804500703e-06,0,Low
2,0,1,1,3,2418,0,54625,503,1492,0.1392469796134858,0,0,0,3,0,7.032348804500703e-06,0,Low
1,0,1,0,1,1542,3,32267,728,2660,0.1791531449707015,0,0,1,5,0,7.032348804500703e-06,0,Low
7,1,1,1,7,2142,18,31203,583,1813,0.1666924321154974,0,0,1,1,0,7.032348804500703e-06,0,Low
1,1,0,0,3,2349,9,65115,576,1163,0.15716267559111,1,0,1,13,0,7.032348804500703e-06,0,Low
2,0,0,0,33,2825,19,53002,547,2550,0.1629994249088107,0,0,1,2,0,7.032348804500703e-06,0,Low
5,1,1,0,9,1067,11,71506,648,1213,0.204711717810766,0,0,1,13,0,7.032348804500703e-06,0,Low
1,2,1,1,26,2867,23,71023,626,1097,0.1430713477729873,0,0,1,12,0,7.032348804500703e-06,0,Low
3,1,0,3,26,2967,5,51718,605,1497,0.1516392199909529,0,0,1,3,0,7.032348804500703e-06,0,Low
1,0,0,1,29,1243,24,72477,536,2556,0.0904170642086277,0,0,1,3,0,7.032348804500703e-06,0,Low
2,0,0,0,29,3190,13,40534,526,2233,0.1812508226165651,0,0,1,12,0,7.032348804500703e-06,0,Low
5,0,0,0,23,3407,9,90767,575,2132,0.1050399428221271,0,0,1,0,0,7.032348804500703e-06,0,Low
1,0,1,1,24,2350,12,58044,501,2464,0.0925437236351541,1,0,1,2,0,7.032348804500703e-06,0,Low
4,0,2,2,13,3090,7,52064,602,1014,0.1570071433715361,1,0,1,0,0,7.032348804500703e-06,0,Low
2,1,0,0,4,2341,3,90740,567,2416,0.0849089367118332,1,0,1,9,0,7.032348804500703e-06,0,Low
2,1,1,2,26,2830,10,33205,542,2117,0.1152615275321052,0,0,0,4,0,7.032348804500703e-06,0,Low
1,1,0,1,31,2138,7,70718,626,2694,0.1903973378978078,0,0,1,12,0,7.032348804500703e-06,0,Low
1,0,0,3,8,1291,22,51061,626,5628,0.0809840887778813,0,0,1,1,0,7.032348804500703e-06,0,Low
4,1,0,3,9,2261,3,71542,531,4111,0.0908707377040466,0,0,0,1,0,7.032348804500703e-06,0,Low
3,0,1,0,23,1254,24,39451,672,2030,0.109062437275188,1,0,1,6,0,7.032348804500703e-06,0,Low
1,2,0,1,34,2487,12,37586,615,1383,0.1527992029532624,0,0,0,5,0,7.032348804500703e-06,0,Low
2,1,1,0,23,2942,7,37113,679,2154,0.1065606846661041,0,0,1,11,0,7.032348804500703e-06,0,Low
4,0,0,0,32,2376,16,65558,541,1836,0.1723475770600682,0,0,1,0,0,7.032348804500703e-06,0,Low
2,2,0,0,14,3392,10,84930,669,1313,0.1089664923701576,1,0,1,11,0,7.032348804500703e-06,0,Low
4,1,1,3,22,1858,11,49127,555,1651,0.0915346992066789,0,0,0,4,0,7.032348804500703e-06,0,Low
0,2,0,1,38,997,20,59228,545,2895,0.1252570605592396,0,0,1,11,0,7.032348804500703e-06,0,Low
0,2,0,1,8,3362,16,52836,669,1146,0.0932968173239782,0,0,1,1,0,7.032348804500703e-06,0,Low
1,1,0,0,6,2338,21,68320,566,1936,0.1622455161686249,0,0,1,13,0,7.032348804500703e-06,0,Low
2,0,0,0,27,2439,12,53169,633,1641,0.0902750849569915,0,0,1,6,0,7.032348804500703e-06,0,Low
4,0,0,1,24,2020,7,36441,719,1498,0.1328025778249091,0,0,1,14,0,7.032348804500703e-06,0,Low
2,0,0,0,36,1297,11,72759,650,2702,0.090235344781102,0,0,1,8,0,7.032348804500703e-06,0,Low
0,0,0,0,0,2999,7,37731,501,2724,0.158370882039504,0,0,0,6,0,7.032348804500703e-06,0,Low
1,1,0,1,37,2134,21,66778,531,1600,0.0847691175547462,1,0,1,10,0,7.032348804500703e-06,0,Low
2,0,1,1,3,1507,23,39046,535,2253,0.0960097668052562,1,0,1,5,0,7.032348804500703e-06,0,Low
2,2,0,0,28,1871,10,61401,645,2039,0.1674923660990325,0,0,1,11,0,7.032348804500703e-06,0,Low
1,0,0,1,32,1539,21,40719,583,1754,0.1513723089581239,0,0,1,8,0,7.032348804500703e-06,0,Low
3,0,0,4,7,2962,1,52322,558,4050,0.1414729199133907,0,0,0,13,0,7.032348804500703e-06,0,Low
3,1,1,1,37,1899,14,57534,610,2647,0.0965040727808931,0,0,1,14,0,7.032348804500703e-06,0,Low
1,2,0,1,0,3078,13,52108,550,2263,0.0899422430450471,0,0,1,14,0,7.032348804500703e-06,0,Low
1,1,1,1,33,2154,22,70579,572,2016,0.1580704358119529,1,0,1,10,0,7.032348804500703e-06,0,Low
1,0,0,1,32,1998,10,91688,517,1271,0.1968515617302768,1,0,1,2,0,7.032348804500703e-06,0,Low
2,1,1,1,4,3015,19,30995,633,2409,0.1448743859973409,0,0,1,0,0,7.032348804500703e-06,0,Low
2,0,1,1,9,1035,13,48063,714,1784,0.169054462690077,0,0,1,4,0,7.032348804500703e-06,0,Low
1,1,0,3,3,2807,24,67306,607,3425,0.1041536711385025,0,0,1,4,0,7.032348804500703e-06,0,Low
2,2,1,0,11,2748,8,56975,541,1818,0.1718377071117163,0,0,1,8,0,7.032348804500703e-06,0,Low
2,0,0,1,24,845,22,61426,597,2236,0.0874574799622065,1,0,0,7,0,7.032348804500703e-06,0,Low
1,0,0,1,25,2702,7,60087,706,1516,0.1000289040393005,0,0,1,8,0,7.032348804500703e-06,0,Low
3,0,1,0,12,2431,12,31281,546,2269,0.1641099431834146,0,0,1,12,0,7.032348804500703e-06,0,Low
2,1,1,2,9,2770,19,55950,524,1787,0.1261135674413598,1,0,1,3,0,7.032348804500703e-06,0,Low
2,1,1,0,2,3246,17,60257,613,1823,0.1090101371058604,0,0,1,9,0,7.032348804500703e-06,0,Low
4,1,1,1,39,1471,10,44373,653,2735,0.1394741179605112,0,0,1,13,0,7.032348804500703e-06,0,Low
1,0,0,0,2,1427,3,55251,524,2031,0.1012646146784891,1,0,0,14,0,7.032348804500703e-06,0,Low
2,2,0,1,28,1980,4,70123,526,2843,0.2114555127121257,0,0,1,9,0,7.032348804500703e-06,0,Low
1,2,1,0,2,2442,24,86728,550,1245,0.1516001705081646,1,0,0,10,0,7.032348804500703e-06,0,Low
1,1,0,2,0,1218,10,43389,569,1810,0.0895246332167614,0,0,1,14,0,7.032348804500703e-06,0,Low
0,1,1,1,10,2813,19,53103,565,1774,0.1418429404637522,0,0,1,5,0,7.032348804500703e-06,0,Low
1,1,1,1,30,1100,15,42597,572,2121,0.0870454034545617,1,0,1,12,0,7.032348804500703e-06,0,Low
3,1,1,0,32,1489,14,65429,587,1051,0.1410628500394569,0,0,1,0,0,7.032348804500703e-06,0,Low
2,0,1,1,14,2967,9,57268,580,1645,0.0800694323876582,0,0,1,11,0,7.032348804500703e-06,0,Low
2,2,1,0,26,3272,22,54176,619,1617,0.0800881650547922,0,0,0,10,0,7.032348804500703e-06,0,Low
1,0,0,1,0,808,0,65649,612,1708,0.0953882954465539,0,0,1,5,0,7.032348804500703e-06,0,Low
3,2,0,1,33,1966,6,52438,667,2198,0.1156593345573486,0,0,1,4,0,7.032348804500703e-06,0,Low
4,1,0,3,34,2698,9,52238,700,2865,0.1088122649572687,0,0,1,2,0,7.032348804500703e-06,0,Low
1,2,0,1,25,1760,10,43598,524,2208,0.1314914013082711,0,0,1,10,0,7.032348804500703e-06,0,Low
0,0,0,2,23,2363,10,55063,598,2381,0.1765846361784448,0,0,1,0,0,7.032348804500703e-06,0,Low
3,1,0,3,7,855,10,51935,725,4493,0.0878985863612889,0,0,1,8,0,7.032348804500703e-06,0,Low
3,1,0,2,38,2836,0,55137,589,1144,0.0881934645622403,1,0,0,9,0,7.032348804500703e-06,0,Low
3,1,0,0,11,1067,24,31190,531,2732,0.1745691690936548,1,0,1,8,0,7.032348804500703e-06,0,Low
4,1,0,2,29,1639,10,81255,644,2255,0.1857085293044668,1,0,0,6,0,7.032348804500703e-06,0,Low
0,1,1,0,32,2159,9,92855,508,1747,0.0828822695661108,1,0,1,10,0,7.032348804500703e-06,0,Low
2,0,1,0,37,2601,19,32652,546,1422,0.1501326138206544,1,0,0,10,0,7.032348804500703e-06,0,Low
3,1,3,1,12,2377,3,31631,582,1846,0.1755458345456946,0,0,1,6,0,7.032348804500703e-06,0,Low
3,1,0,2,14,2917,7,45368,613,2477,0.2006384134046162,0,0,1,12,0,7.032348804500703e-06,0,Low
1,0,0,1,24,1417,9,66544,538,1275,0.1453587253354397,0,0,1,2,0,7.032348804500703e-06,0,Low
0,1,0,1,32,2900,23,55289,537,2451,0.1413861509316963,0,0,1,2,0,7.032348804500703e-06,0,Low
2,2,1,2,14,2120,19,43657,675,2129,0.0804224887282291,1,0,0,12,0,7.032348804500703e-06,0,Low
3,0,2,0,37,2379,20,88043,573,1239,0.1749564089615425,1,0,1,3,0,7.032348804500703e-06,0,Low
2,2,0,0,10,3053,18,53518,632,2490,0.2191938079553614,0,0,1,5,0,7.032348804500703e-06,0,Low
0,0,0,1,32,1329,14,64644,564,2658,0.1263256346521514,0,0,1,2,0,7.032348804500703e-06,0,Low
1,0,1,0,2,2893,12,61696,555,2580,0.0891370359540665,0,0,1,8,0,7.032348804500703e-06,0,Low
1,0,1,2,13,1179,19,31665,646,3060,0.1532997575293462,0,1,1,1,0,7.032348804500703e-06,0,Low
3,0,0,0,32,2089,1,57692,562,1024,0.210834965873476,0,0,1,6,0,7.032348804500703e-06,0,Low
1,0,1,0,31,3011,6,71559,598,1944,0.0925756064426427,0,0,1,7,0,7.032348804500703e-06,0,Low
5,1,0,2,9,2065,4,49590,553,2395,0.2107553547789359,0,1,0,13,0,7.032348804500703e-06,0,Low
2,0,0,1,31,1921,4,41632,638,1777,0.0888471473394145,0,0,1,12,0,7.032348804500703e-06,0,Low
1,1,0,1,29,1181,10,72135,591,1523,0.1766243630405224,0,0,1,1,0,7.032348804500703e-06,0,Low
1,1,0,0,14,3382,21,32765,644,2382,0.134830841279112,0,0,1,10,0,7.032348804500703e-06,0,Low
2,0,0,2,6,2885,11,53799,649,1426,0.1908806030744209,0,0,1,1,0,7.032348804500703e-06,0,Low
3,1,0,1,26,2316,24,52804,674,1190,0.1125612317885127,1,0,0,9,0,7.032348804500703e-06,0,Low
1,1,1,0,31,1993,9,55344,527,1048,0.1087033290446816,0,0,1,3,0,7.032348804500703e-06,0,Low
1,0,1,0,33,1890,3,35157,746,1139,0.1325562722755586,0,0,0,7,0,7.032348804500703e-06,0,Low
2,0,0,1,0,1771,20,77219,568,1315,0.1741467980588713,1,0,1,6,0,7.032348804500703e-06,0,Low
3,0,0,0,27,914,18,37727,664,1435,0.0812149680387322,0,0,1,1,0,7.032348804500703e-06,0,Low
1,0,0,2,33,2881,9,47263,693,2661,0.1822086884533457,0,0,1,7,0,7.032348804500703e-06,0,Low
2,1,1,0,26,1558,21,49338,509,1263,0.1625068648737149,0,1,1,8,0,7.032348804500703e-06,0,Low
2,0,0,1,31,2698,14,53527,621,2091,0.2053589003316823,0,0,0,1,0,7.032348804500703e-06,0,Low
1,0,0,0,10,3304,12,33798,558,2222,0.1302312312196281,0,0,1,11,0,7.032348804500703e-06,0,Low
1,0,1,3,10,2462,12,57483,630,3953,0.180230891425825,0,0,1,7,0,7.032348804500703e-06,0,Low
0,2,1,0,4,2492,20,54002,703,3094,0.15034387466491,0,0,1,13,0,7.032348804500703e-06,0,Low
1,0,0,0,1,1557,12,64556,539,1681,0.1723639576168103,0,1,0,10,0,7.032348804500703e-06,0,Low
1,1,1,1,14,997,11,43704,573,1827,0.0857380272024337,0,0,1,10,0,7.032348804500703e-06,0,Low
1,1,0,1,6,1640,21,33170,501,1626,0.0897422760657224,0,0,1,11,0,7.032348804500703e-06,0,Low
1,1,0,0,24,2092,12,52923,651,2920,0.1234293294744096,0,0,1,11,0,7.032348804500703e-06,0,Low
2,0,3,0,31,1919,8,49780,569,2642,0.1503888362958152,0,0,0,3,0,7.032348804500703e-06,0,Low
0,1,1,0,0,1563,6,58081,612,3087,0.1883155630859594,0,0,1,2,0,7.032348804500703e-06,0,Low
1,0,0,3,14,3021,9,69389,579,1547,0.1308933412649091,0,0,1,1,0,7.032348804500703e-06,0,Low
1,0,0,3,13,1419,7,63914,719,2077,0.0895400656616014,0,0,1,7,0,7.032348804500703e-06,0,Low
1,0,1,0,35,2574,10,57522,715,1166,0.1490303853006135,0,0,1,9,0,7.032348804500703e-06,0,Low
3,1,1,1,34,1293,11,39705,573,1660,0.1532678026433007,0,0,1,2,0,7.032348804500703e-06,0,Low
2,2,1,0,36,3039,5,73411,661,1183,0.1694902672213497,0,0,1,9,0,7.032348804500703e-06,0,Low
3,0,1,1,10,1336,17,30673,679,1846,0.1906424789025504,0,0,1,12,0,7.032348804500703e-06,0,Low
1,1,1,2,25,909,19,48882,652,1788,0.1966398754516691,1,1,0,12,0,7.032348804500703e-06,0,Low
2,1,0,1,14,2548,15,46134,621,2809,0.1278175860016086,0,0,0,12,0,7.032348804500703e-06,0,Low
1,1,1,1,12,3296,13,45937,557,1518,0.0964003269511828,1,0,1,14,0,7.032348804500703e-06,0,Low
2,0,0,0,14,2359,15,70364,505,2983,0.1894279916123463,0,0,1,0,0,7.032348804500703e-06,0,Low
1,0,0,0,26,2212,14,49976,522,1390,0.18771260764753,0,0,0,13,0,7.032348804500703e-06,0,Low
2,2,0,0,15,2498,2,71482,663,1553,0.1580150810020821,0,0,1,2,0,7.032348804500703e-06,0,Low
1,0,0,0,15,1118,2,44977,574,2094,0.1924957206218979,0,0,0,2,0,7.032348804500703e-06,0,Low
3,0,0,0,34,2805,3,60537,533,1563,0.1526239752710121,0,0,1,9,0,7.032348804500703e-06,0,Low
2,2,1,2,15,1504,24,73682,644,2986,0.1461409122547493,1,0,1,13,0,7.032348804500703e-06,0,Low
3,0,0,2,14,1709,10,57842,622,2023,0.1141241417431974,0,0,0,13,0,7.032348804500703e-06,0,Low
2,1,0,1,23,2530,23,39062,705,1087,0.1147625305438688,0,0,1,7,0,7.032348804500703e-06,0,Low
2,1,0,2,36,3457,21,71355,574,1827,0.100940653935345,0,0,1,6,0,7.032348804500703e-06,0,Low
2,0,0,3,7,3094,13,49875,583,4747,0.16514416980173,0,0,1,9,0,7.032348804500703e-06,0,Low
2,0,1,1,11,1548,7,55467,544,1599,0.1203240172035718,1,0,1,4,0,7.032348804500703e-06,0,Low
1,2,1,1,6,2810,17,61830,607,1409,0.1410905782047403,0,0,1,12,0,7.032348804500703e-06,0,Low
2,0,0,1,36,3272,12,43597,698,1518,0.2015233209433578,0,1,0,11,0,7.032348804500703e-06,0,Low
0,0,0,1,12,1042,1,32271,651,2864,0.1161909858719189,1,0,0,4,0,7.032348804500703e-06,0,Low
3,0,0,1,34,2710,13,57064,743,2448,0.1993060458460095,0,0,1,1,0,7.032348804500703e-06,0,Low
2,0,0,1,1,2694,18,47217,616,2904,0.1105961043908815,0,0,0,7,0,7.032348804500703e-06,0,Low
3,1,0,0,13,1986,1,57656,506,1035,0.1256490440143044,0,0,1,7,0,7.032348804500703e-06,0,Low
2,0,1,3,14,1134,11,68698,500,1528,0.1900370160039522,0,0,1,13,0,7.032348804500703e-06,0,Low
2,0,0,2,3,1884,15,40364,691,3021,0.1138185669967306,0,0,1,10,0,7.032348804500703e-06,0,Low
2,2,0,0,34,1841,0,82012,537,2597,0.1652846154858839,1,0,1,3,0,7.032348804500703e-06,0,Low
1,0,0,1,26,907,10,51690,667,2836,0.1806661627183948,0,0,1,6,0,7.032348804500703e-06,0,Low
1,1,0,0,25,2404,9,34201,634,1607,0.102333479843767,1,0,1,12,0,7.032348804500703e-06,0,Low
2,1,0,2,13,3320,23,53341,501,1355,0.1425779458929928,0,0,1,3,0,7.032348804500703e-06,0,Low
1,0,1,2,9,1402,10,30038,533,1736,0.1450862366642643,0,0,1,2,0,7.032348804500703e-06,0,Low
3,1,0,1,1,2927,10,66264,633,1973,0.1273029869381495,0,0,1,4,0,7.032348804500703e-06,0,Low
2,2,1,2,13,2025,6,49442,676,1503,0.1755465867806401,1,0,1,11,0,7.032348804500703e-06,0,Low
1,0,1,3,5,1621,22,39278,597,4369,0.1287784236403541,0,0,0,8,0,7.032348804500703e-06,0,Low
2,0,0,0,11,815,13,47457,698,3033,0.1585417934851474,0,0,1,2,0,7.032348804500703e-06,0,Low
4,2,0,1,0,3041,5,56625,546,1109,0.1507166954203501,0,0,1,13,0,7.032348804500703e-06,0,Low
1,0,1,1,30,2754,17,31341,568,2621,0.1977285476774685,0,0,1,0,0,7.032348804500703e-06,0,Low
2,1,0,2,0,2411,2,37153,639,1678,0.205024569753789,0,0,1,8,0,7.032348804500703e-06,0,Low
2,1,0,1,1,2106,17,41764,721,2544,0.157622554901594,0,0,1,1,0,7.032348804500703e-06,0,Low
0,0,0,0,14,2056,22,33176,728,1140,0.0837020542531307,0,0,1,0,0,7.032348804500703e-06,0,Low
3,0,1,0,25,2820,1,44279,604,1458,0.1516346431579211,0,0,1,2,0,7.032348804500703e-06,0,Low
4,1,0,0,34,1823,13,55854,620,1366,0.134001866010707,0,0,0,5,0,7.032348804500703e-06,0,Low
4,0,0,1,11,1469,1,72310,722,2645,0.1506235314844646,0,0,1,10,0,7.032348804500703e-06,0,Low
1,2,0,2,38,1742,3,59567,552,1081,0.1768176188846472,1,0,1,6,0,7.032348804500703e-06,0,Low
0,1,0,0,25,2975,2,67457,557,2759,0.1501596134237554,0,0,0,10,0,7.032348804500703e-06,0,Low
2,1,0,0,13,1688,15,70796,706,1469,0.0804200988057888,0,0,0,12,0,7.032348804500703e-06,0,Low
5,1,0,0,29,2247,1,47815,602,2701,0.1685019781463929,0,0,0,0,0,7.032348804500703e-06,0,Low
3,1,0,0,0,1924,12,43208,742,2445,0.2075450884856693,0,0,1,10,0,7.032348804500703e-06,0,Low
3,0,1,2,25,1375,7,37942,721,2911,0.1946813749871308,0,0,0,5,0,7.032348804500703e-06,0,Low
5,0,0,0,2,961,16,78539,635,1712,0.1316053497383912,0,0,1,0,0,7.032348804500703e-06,0,Low
2,2,0,1,30,2950,14,39501,600,1437,0.2028251326092108,0,0,1,1,0,7.032348804500703e-06,0,Low
2,2,0,2,6,2771,10,63346,642,2488,0.1865596466333144,0,0,1,11,0,7.032348804500703e-06,0,Low
2,1,1,0,2,1795,21,58026,507,3069,0.1266443278218327,0,0,1,10,0,7.032348804500703e-06,0,Low
4,0,1,1,27,3034,11,65515,540,2206,0.1732325262834578,0,0,1,10,0,7.032348804500703e-06,0,Low
3,1,0,1,9,1472,9,70472,501,2881,0.0985993516856045,0,0,1,11,0,7.032348804500703e-06,0,Low
2,2,1,0,14,1324,13,59530,736,1678,0.1896396012861643,0,0,1,7,0,7.032348804500703e-06,0,Low
3,0,1,0,30,2873,22,50718,608,1381,0.1626989146858021,0,0,1,7,0,7.032348804500703e-06,0,Low
2,1,0,1,5,3323,19,61128,543,1899,0.1355481283353497,0,0,0,0,0,7.032348804500703e-06,0,Low
0,0,0,0,15,1988,15,64378,533,1269,0.1202155799781718,0,0,0,5,0,7.032348804500703e-06,0,Low
2,1,1,2,10,2476,10,82466,543,3093,0.1280074006774048,1,0,1,0,0,7.032348804500703e-06,0,Low
0,2,1,1,5,2659,0,36403,570,1148,0.1262406205133074,0,0,1,12,0,7.032348804500703e-06,0,Low
1,0,2,1,7,2175,14,92229,547,1799,0.0998240221852738,1,0,1,0,0,7.032348804500703e-06,0,Low
0,2,0,0,27,3083,1,71826,506,1530,0.0866795541047656,0,0,1,12,0,7.032348804500703e-06,0,Low
0,1,0,1,24,2894,18,50806,515,1292,0.1335341475213408,0,0,1,8,0,7.032348804500703e-06,0,Low
2,1,2,2,28,1065,7,33186,678,1246,0.1506120175693497,1,0,1,8,0,7.032348804500703e-06,0,Low
0,1,0,1,29,1037,6,60484,548,1278,0.2144654083224483,0,0,1,10,0,7.032348804500703e-06,0,Low
2,2,0,0,14,816,0,58856,518,2540,0.1288260369370822,0,0,1,14,0,7.032348804500703e-06,0,Low
2,0,1,0,14,2813,16,38898,629,2798,0.1960412627084512,0,0,1,13,0,7.032348804500703e-06,0,Low
2,1,0,0,29,1587,16,35014,652,2170,0.142095855536639,0,0,1,5,0,7.032348804500703e-06,0,Low
1,2,0,1,14,887,14,59882,688,1680,0.2150363777704424,0,0,1,1,0,7.032348804500703e-06,0,Low
0,1,0,2,26,2796,1,50620,631,2305,0.1011799934166329,0,0,1,2,0,7.032348804500703e-06,0,Low
1,1,0,1,7,3337,12,53206,711,2139,0.092685649148181,0,0,1,9,0,7.032348804500703e-06,0,Low
6,0,0,0,26,1547,5,71407,538,2211,0.1791431299510679,0,0,1,2,0,7.032348804500703e-06,0,Low
1,1,1,1,13,2767,20,68982,578,2284,0.1523894236512451,0,0,1,4,0,7.032348804500703e-06,0,Low
0,0,1,0,27,3118,3,70763,626,2922,0.152018028360523,0,0,1,9,0,7.032348804500703e-06,0,Low
2,1,1,0,35,2598,19,35869,613,1667,0.1559674527139369,0,0,1,3,0,7.032348804500703e-06,0,Low
0,1,0,0,30,806,4,51256,590,2733,0.1763551019900789,0,0,1,11,0,7.032348804500703e-06,0,Low
1,0,0,0,1,1386,16,54902,506,1711,0.2098835090792406,0,0,1,1,0,7.032348804500703e-06,0,Low
3,2,0,1,0,2364,6,67216,692,2758,0.2142508048824949,0,0,0,7,0,7.032348804500703e-06,0,Low
2,1,0,3,19,2343,8,40174,611,2975,0.1085778097855015,0,0,1,3,0,7.032348804500703e-06,0,Low
0,1,0,1,32,2635,6,46342,585,1950,0.193332812186404,0,0,1,7,0,7.032348804500703e-06,0,Low
0,0,1,0,5,2463,20,80282,599,2069,0.1635531773808379,1,0,0,7,0,7.032348804500703e-06,0,Low
2,1,0,1,7,3425,23,69920,660,2326,0.1524076747412141,0,0,1,1,0,7.032348804500703e-06,0,Low
1,2,0,1,14,824,11,31501,734,1551,0.1351575533601675,0,0,1,0,0,7.032348804500703e-06,0,Low
3,1,0,1,13,2973,16,63765,694,1824,0.0896658632690341,0,0,1,2,0,7.032348804500703e-06,0,Low
1,1,0,1,7,3343,16,70521,627,1122,0.1096835112964834,1,0,0,4,0,7.032348804500703e-06,0,Low
2,1,0,1,3,2497,5,38391,676,1708,0.17310492576531,0,0,1,0,0,7.032348804500703e-06,0,Low
3,1,1,1,4,1581,14,37291,662,1010,0.1409554244131157,1,0,1,0,0,7.032348804500703e-06,0,Low
0,2,0,2,1,2791,22,64084,579,1118,0.0800065617708249,0,0,0,5,0,7.032348804500703e-06,0,Low
1,1,1,0,39,1643,14,64920,520,2840,0.103497035905017,0,0,1,4,0,7.032348804500703e-06,0,Low
4,1,1,3,23,1841,10,55524,584,1472,0.1775830260882965,0,0,1,5,0,7.032348804500703e-06,0,Low
1,0,0,0,3,1688,10,71509,623,2003,0.1182278923452111,0,0,1,9,0,7.032348804500703e-06,0,Low
1,1,0,0,13,2862,6,34158,558,1202,0.1764795491591537,0,0,1,2,0,7.032348804500703e-06,0,Low
1,1,0,1,1,2185,11,43647,548,3093,0.1307970654645484,0,0,1,1,0,7.032348804500703e-06,0,Low
0,2,1,0,29,2760,15,49087,511,1336,0.1699990642515138,1,0,1,11,0,7.032348804500703e-06,0,Low
1,2,0,1,29,1566,1,37452,697,1187,0.1335529176115755,0,0,0,14,0,7.032348804500703e-06,0,Low
2,1,0,2,37,3218,4,35030,579,2601,0.1282695837673718,0,0,1,12,0,7.032348804500703e-06,0,Low
2,0,2,0,10,905,2,53479,602,1180,0.1510579886903428,1,0,1,14,0,7.032348804500703e-06,0,Low
2,2,0,1,31,1096,13,55548,622,2342,0.1138328584209136,0,0,1,12,0,7.032348804500703e-06,0,Low
1,2,1,0,14,1066,19,34923,547,2007,0.1307615649207791,0,0,1,12,0,7.032348804500703e-06,0,Low
1,0,0,1,38,1281,19,42587,575,1607,0.1162363205403341,0,0,1,3,0,7.032348804500703e-06,0,Low
2,1,1,0,1,2991,2,68182,670,1655,0.1596058899435153,0,0,0,1,0,7.032348804500703e-06,0,Low
2,1,0,0,0,1965,9,35886,516,1714,0.1296039885059647,0,0,1,9,0,7.032348804500703e-06,0,Low
2,1,2,2,2,1696,20,60091,612,2125,0.1646971391071538,1,0,1,10,0,7.032348804500703e-06,0,Low
1,2,0,2,28,3099,5,72789,727,2160,0.0870424730355103,0,0,0,12,0,7.032348804500703e-06,0,Low
0,0,0,0,9,2965,0,71991,537,2129,0.1042877488492523,0,0,1,1,0,7.032348804500703e-06,0,Low
1,0,0,3,28,1948,11,59398,613,2602,0.0899955946442146,0,0,1,5,0,7.032348804500703e-06,0,Low
1,2,0,0,5,2849,9,71730,565,1739,0.094595401201446,0,0,1,2,0,7.032348804500703e-06,0,Low
3,1,1,1,26,2594,2,59452,543,1464,0.1564586499374951,0,0,1,2,0,7.032348804500703e-06,0,Low
2,1,1,1,6,1903,1,47450,556,1233,0.1807667061690452,0,0,1,2,0,7.032348804500703e-06,0,Low
1,0,0,4,19,2955,14,53215,561,1069,0.1244762643845942,0,0,1,7,0,7.032348804500703e-06,0,Low
0,2,0,0,36,2551,19,56848,675,2681,0.1259118123462579,0,0,1,8,0,7.032348804500703e-06,0,Low
3,2,0,1,15,1061,8,34617,617,2419,0.1553088079963087,0,0,1,10,0,7.032348804500703e-06,0,Low
3,2,0,0,24,804,21,72805,509,1220,0.1254646866078728,0,0,1,11,0,7.032348804500703e-06,0,Low
2,0,0,1,15,3299,22,34697,645,1341,0.1533116939196283,0,0,1,12,0,7.032348804500703e-06,0,Low
3,0,1,2,28,1850,5,46554,660,2040,0.1031537754641429,0,1,1,1,0,7.032348804500703e-06,0,Low
2,1,0,0,11,1513,13,96451,519,2963,0.1042055602691634,1,0,0,8,0,7.032348804500703e-06,0,Low
2,1,1,0,25,2234,9,63654,686,2959,0.1666595671747485,0,0,1,0,0,7.032348804500703e-06,0,Low
2,0,1,2,37,1775,10,65014,572,2920,0.1087017890431284,0,0,1,7,0,7.032348804500703e-06,0,Low
2,2,0,1,0,1691,13,47970,703,3076,0.0951514853701661,0,0,1,2,0,7.032348804500703e-06,0,Low
1,2,0,2,36,2502,7,68227,518,2879,0.123627941072837,0,0,1,12,0,7.032348804500703e-06,0,Low
0,1,0,0,33,3186,18,46751,735,2570,0.1399591375803134,0,0,0,3,0,7.032348804500703e-06,0,Low
1,2,1,1,3,3057,22,57427,544,1484,0.1689544608161553,1,0,1,7,0,7.032348804500703e-06,0,Low
2,2,0,0,10,2997,0,40027,726,1184,0.1851074761399182,0,0,0,8,0,7.032348804500703e-06,0,Low
3,0,0,1,8,2818,13,60440,734,1404,0.0912487195048881,0,0,1,5,0,7.032348804500703e-06,0,Low
2,1,0,0,31,1589,7,93340,565,2036,0.1466115484554494,1,0,1,9,0,7.032348804500703e-06,0,Low
0,1,0,0,27,2898,6,63767,629,1674,0.2047481173921087,1,0,1,8,0,7.032348804500703e-06,0,Low
1,0,0,2,32,2700,22,48233,605,2769,0.1416160526818257,0,1,0,12,0,7.032348804500703e-06,0,Low
2,1,0,0,26,2091,0,48583,653,1371,0.0838277911569371,0,0,0,1,0,7.032348804500703e-06,0,Low
2,0,0,1,25,2033,10,65875,556,1635,0.1402689939387903,0,0,0,6,0,7.032348804500703e-06,0,Low
0,2,0,0,28,2448,3,63823,569,1864,0.1262742388827215,0,0,0,3,0,7.032348804500703e-06,0,Low
2,0,1,3,8,1084,18,32979,680,5536,0.0843694968919676,0,0,1,10,0,7.032348804500703e-06,0,Low
2,1,0,2,35,2021,4,39627,600,2448,0.2085565746382007,0,0,1,8,0,7.032348804500703e-06,0,Low
1,1,1,1,29,2544,18,41356,652,2076,0.103119119996746,0,0,1,3,0,7.032348804500703e-06,0,Low
1,0,0,2,30,2246,10,36100,684,1363,0.1808983128645867,0,0,1,8,0,7.032348804500703e-06,0,Low
1,2,0,2,25,951,4,42451,694,1817,0.1673282413941825,0,0,1,8,0,7.032348804500703e-06,0,Low
3,0,1,0,39,1427,18,34995,581,2890,0.1694044536168301,0,0,1,12,0,7.032348804500703e-06,0,Low
2,0,1,2,34,2784,9,35648,575,1429,0.1896629483349908,1,0,1,1,0,7.032348804500703e-06,0,Low
3,0,1,2,29,2463,17,45033,526,2084,0.1850424173432982,0,0,1,4,0,7.032348804500703e-06,0,Low
2,1,0,1,36,3062,6,71834,531,2642,0.1818700607983388,0,0,1,7,0,7.032348804500703e-06,0,Low
3,2,0,0,25,3271,17,53620,616,2796,0.2027593549656007,0,0,1,5,0,7.032348804500703e-06,0,Low
2,2,1,0,32,1089,8,47764,677,2647,0.1771406729504279,0,1,0,10,0,7.032348804500703e-06,0,Low
5,0,1,0,11,1605,13,83189,506,1519,0.1350767203549727,0,0,0,0,0,7.032348804500703e-06,0,Low
2,2,1,1,37,3226,9,56347,652,2695,0.1758076210144448,0,0,1,13,0,7.032348804500703e-06,0,Low
2,0,0,1,2,2637,1,51465,618,2845,0.1620252182296022,0,0,0,11,0,7.032348804500703e-06,0,Low
5,1,0,1,33,953,10,38503,589,2915,0.1348706227747104,0,0,1,11,0,7.032348804500703e-06,0,Low
0,1,0,0,3,2718,7,55641,506,1986,0.1626251253414089,0,0,1,9,0,7.032348804500703e-06,0,Low
4,0,0,1,39,2614,16,59999,571,1408,0.1718246020023607,0,0,1,6,0,7.032348804500703e-06,0,Low
1,1,0,1,30,3470,11,70666,586,1213,0.1519465026646554,1,0,1,7,0,7.032348804500703e-06,0,Low
0,2,0,0,6,2824,14,31695,614,1815,0.1397164273525881,0,0,1,8,0,7.032348804500703e-06,0,Low
1,1,0,1,32,2811,15,61848,507,1489,0.1937123360647056,0,0,1,5,0,7.032348804500703e-06,0,Low
2,0,0,1,29,1740,15,45961,659,1727,0.0913607747085961,0,0,1,2,0,7.032348804500703e-06,0,Low
3,0,1,1,23,1154,9,40465,670,1351,0.1113858742349861,0,0,1,0,0,7.032348804500703e-06,0,Low
1,1,0,0,31,3095,18,47358,569,1648,0.183628297279636,0,0,1,13,0,7.032348804500703e-06,0,Low
2,0,1,1,34,1899,20,48261,718,2892,0.1171995662896055,0,0,0,10,0,7.032348804500703e-06,0,Low
2,2,0,0,0,2941,9,41410,507,2932,0.171184890295044,0,0,1,5,0,7.032348804500703e-06,0,Low
2,0,1,1,34,1327,4,67635,728,2725,0.1654321185327552,0,0,1,10,0,7.032348804500703e-06,0,Low
2,0,0,2,0,1595,9,49665,567,2064,0.0864869425846203,0,1,1,8,0,7.032348804500703e-06,0,Low
1,1,0,2,6,3427,0,44365,577,3034,0.133348098731483,0,0,1,10,0,7.032348804500703e-06,0,Low
2,2,0,0,11,2699,1,74946,564,1627,0.1701084501949921,1,0,1,3,0,7.032348804500703e-06,0,Low
1,0,0,2,28,865,0,66752,504,1488,0.1702933559441892,0,0,1,8,0,7.032348804500703e-06,0,Low
3,0,2,0,13,1865,1,84196,613,1896,0.1015531383435661,1,0,0,8,0,7.032348804500703e-06,0,Low
1,0,0,1,24,2987,10,30605,547,3010,0.1375635785811131,0,0,0,1,0,7.032348804500703e-06,0,Low
4,1,0,1,5,3483,19,38795,647,2409,0.166327992509716,0,0,1,8,0,7.032348804500703e-06,0,Low
5,2,0,3,9,2034,16,47340,573,1952,0.0935087645039524,0,0,1,1,0,7.032348804500703e-06,0,Low
0,2,1,1,25,1796,20,67868,628,1280,0.1287221240190901,0,0,1,8,0,7.032348804500703e-06,0,Low
2,1,0,1,7,1411,1,71975,607,1393,0.2074353331111737,0,0,1,5,0,7.032348804500703e-06,0,Low
3,1,1,1,27,2434,11,44875,722,1542,0.114868516198326,0,0,1,6,0,7.032348804500703e-06,0,Low
1,1,0,3,13,1665,14,70957,570,2242,0.1065591191913749,0,0,1,9,0,7.032348804500703e-06,0,Low
3,1,1,0,38,1492,18,57605,658,1873,0.1796699811961095,0,0,1,12,0,7.032348804500703e-06,0,Low
0,0,1,0,4,977,21,56495,679,2357,0.1362270828685094,0,0,0,8,0,7.032348804500703e-06,0,Low
2,1,1,2,14,1550,6,72732,575,3086,0.1260115741145117,0,0,1,2,0,7.032348804500703e-06,0,Low
1,1,1,1,36,2841,8,37767,675,2854,0.1232712280434082,0,0,0,2,0,7.032348804500703e-06,0,Low
1,1,0,1,30,1839,12,73374,620,1656,0.1256188680264097,1,0,1,4,0,7.032348804500703e-06,0,Low
1,0,1,1,35,1515,1,73586,742,1879,0.0853268994889682,0,0,1,11,0,7.032348804500703e-06,0,Low
2,1,1,2,38,1987,11,73411,668,1160,0.1430387941286737,0,0,1,8,0,7.032348804500703e-06,0,Low
2,1,0,2,10,3137,6,39751,739,2504,0.1481888892688571,0,0,1,13,0,7.032348804500703e-06,0,Low
0,1,0,1,13,2801,3,31935,557,2039,0.1921595094844162,0,0,0,13,0,7.032348804500703e-06,0,Low
0,1,0,0,0,2159,12,38315,538,1817,0.1283513162875953,0,0,1,7,0,7.032348804500703e-06,0,Low
2,0,0,1,7,1669,2,79526,680,2380,0.1642742491105513,1,0,1,9,0,7.032348804500703e-06,0,Low
0,0,1,1,31,1015,16,44402,730,1382,0.1380524715775061,0,0,1,0,0,7.032348804500703e-06,0,Low
1,1,0,1,39,1146,0,69551,663,2871,0.1622288821248737,0,0,1,6,0,7.032348804500703e-06,0,Low
1,0,0,1,2,3313,15,47678,501,1938,0.133451694925394,0,0,1,10,0,7.032348804500703e-06,0,Low
3,1,0,0,28,1634,6,54911,712,1852,0.1445567867322404,0,0,1,3,0,7.032348804500703e-06,0,Low
4,1,0,1,35,1786,21,42770,556,1388,0.0886738889140856,0,0,1,6,0,7.032348804500703e-06,0,Low
2,1,0,2,33,2858,9,35586,504,1430,0.1158145555636427,0,0,1,13,0,7.032348804500703e-06,0,Low
2,1,0,0,0,2787,0,58532,664,2907,0.1805284705343195,0,1,0,10,0,7.032348804500703e-06,0,Low
0,1,1,1,9,1707,15,97954,503,2818,0.1479200280817203,1,0,1,7,0,7.032348804500703e-06,0,Low
0,2,2,1,12,3438,3,70305,568,3039,0.1056706642094611,1,0,0,13,0,7.032348804500703e-06,0,Low
1,1,1,1,30,3349,9,41498,611,1935,0.10444614537566,0,0,1,6,0,7.032348804500703e-06,0,Low
2,1,0,0,8,2411,11,73020,646,1192,0.1079042601493546,0,0,1,11,0,7.032348804500703e-06,0,Low
2,2,1,0,24,1049,3,77371,677,1366,0.1732033501260708,1,0,0,4,0,7.032348804500703e-06,0,Low
0,0,0,1,37,1572,9,68796,636,2445,0.1171156615042116,0,0,1,2,0,7.032348804500703e-06,0,Low
0,0,0,1,30,1984,19,31632,587,1447,0.2141233170433438,1,0,1,8,0,7.032348804500703e-06,0,Low
2,0,1,2,10,3072,9,35488,548,1516,0.1834314928534274,0,0,1,10,0,7.032348804500703e-06,0,Low
1,0,0,0,13,3082,12,69108,560,1372,0.2156708960322954,1,0,0,8,0,7.032348804500703e-06,0,Low
2,0,0,1,11,2201,17,35277,665,1536,0.0802606767797304,0,0,1,0,0,7.032348804500703e-06,0,Low
1,1,0,0,9,3292,3,44539,520,2038,0.2125207406083857,0,0,1,7,0,7.032348804500703e-06,0,Low
2,0,0,2,11,1729,22,63250,731,1264,0.1152188295111078,0,0,1,1,0,7.032348804500703e-06,0,Low
3,1,0,1,30,1188,17,45633,509,2737,0.2140742662062505,0,0,1,0,0,7.032348804500703e-06,0,Low
4,0,0,0,26,2481,11,52802,542,1464,0.2087563550546075,0,0,1,9,0,7.032348804500703e-06,0,Low
2,0,0,0,26,3423,22,72137,552,1702,0.1412889564371879,0,0,1,1,0,7.032348804500703e-06,0,Low
2,0,1,2,33,920,1,48621,575,1018,0.1904510724128094,0,0,0,6,0,7.032348804500703e-06,0,Low
0,1,0,3,14,2126,17,31976,502,5629,0.1643443219979775,0,0,1,13,0,7.032348804500703e-06,0,Low
0,0,0,0,31,2642,0,30208,589,1247,0.2005377178849535,1,0,0,2,0,7.032348804500703e-06,0,Low
2,1,0,3,5,1827,9,49083,541,1541,0.1749741453837903,0,0,1,6,0,7.032348804500703e-06,0,Low
5,0,0,0,26,2349,4,80926,676,1771,0.1042928372302059,0,0,1,0,0,7.032348804500703e-06,0,Low
4,2,0,1,15,2530,2,87180,614,2570,0.1450416035726854,1,0,1,3,0,7.032348804500703e-06,0,Low
2,1,0,1,2,1988,1,44899,504,2198,0.1628731516702448,0,0,1,1,0,7.032348804500703e-06,0,Low
1,1,1,1,8,1021,4,63937,539,1290,0.0872971122574995,1,0,1,7,0,7.032348804500703e-06,0,Low
1,1,1,2,8,2233,1,60594,627,1464,0.1649683858781222,0,0,1,1,0,7.032348804500703e-06,0,Low
0,1,0,1,37,2500,17,49647,594,1931,0.1137700011406377,1,0,1,4,0,7.032348804500703e-06,0,Low
1,0,1,0,5,3098,14,56900,584,2295,0.0859944197827212,0,0,1,14,0,7.032348804500703e-06,0,Low
1,1,1,2,15,2737,2,47463,531,1073,0.1425930776949678,0,0,1,0,0,7.032348804500703e-06,0,Low
2,0,0,2,38,2739,7,35270,649,1148,0.1338265384003809,0,0,1,3,0,7.032348804500703e-06,0,Low
1,0,1,3,11,1386,3,61869,537,5319,0.0863905414167592,0,0,1,3,0,7.032348804500703e-06,0,Low
0,1,0,0,39,1184,10,59528,610,2041,0.10766458591927,0,0,1,1,0,7.032348804500703e-06,0,Low
1,1,0,0,35,3298,13,60562,736,1762,0.2012584941639028,0,0,1,12,0,7.032348804500703e-06,0,Low
1,0,1,1,14,2679,15,42159,685,2414,0.1764781324944228,0,0,1,10,0,7.032348804500703e-06,0,Low
0,1,1,2,28,1598,16,70829,631,1130,0.1806630142053236,0,0,1,14,0,7.032348804500703e-06,0,Low
1,0,0,0,38,3472,9,51335,533,1119,0.183883828817334,0,0,1,10,0,7.032348804500703e-06,0,Low
1,1,0,1,15,1504,21,70627,510,2555,0.2184677162273346,1,0,1,1,0,7.032348804500703e-06,0,Low
4,0,0,0,34,1518,11,58532,733,2277,0.116556414205025,0,0,1,13,0,7.032348804500703e-06,0,Low
2,1,1,0,32,1810,7,97796,614,1152,0.1265040309911587,1,0,0,1,0,7.032348804500703e-06,0,Low
2,0,0,1,25,2043,8,45088,663,2972,0.0983169038020116,0,0,1,2,0,7.032348804500703e-06,0,Low
2,1,0,0,29,1697,18,66462,586,2016,0.0871216796161485,0,0,1,2,0,7.032348804500703e-06,0,Low
3,0,1,1,14,2440,20,49603,611,3023,0.1879275133325372,1,0,0,3,0,7.032348804500703e-06,0,Low
0,1,0,1,11,1952,5,65278,736,2419,0.1511935164991546,0,0,1,11,0,7.032348804500703e-06,0,Low
2,0,0,0,33,3187,17,43632,656,1900,0.0941873891771379,0,0,1,5,0,7.032348804500703e-06,0,Low
2,1,0,2,26,3316,4,78942,533,1832,0.1853663464740567,1,0,1,14,0,7.032348804500703e-06,0,Low
0,1,0,1,7,3333,10,53361,709,1465,0.0828011991238884,0,0,1,8,0,7.032348804500703e-06,0,Low
2,0,0,0,28,2221,14,34627,506,2745,0.1166490360969092,0,0,1,4,0,7.032348804500703e-06,0,Low
3,1,0,0,35,1667,15,58086,573,2756,0.1789359007685717,0,0,1,11,0,7.032348804500703e-06,0,Low
2,1,0,1,11,2477,7,56929,567,1284,0.1425878980914731,0,0,0,3,0,7.032348804500703e-06,0,Low
1,0,1,1,14,2205,19,50200,648,2866,0.143846424256053,0,0,0,7,0,7.032348804500703e-06,0,Low
0,0,0,0,28,1316,1,64529,502,2576,0.0805702447356636,1,0,1,4,0,7.032348804500703e-06,0,Low
0,0,1,1,37,2025,13,35566,606,1964,0.132741838070597,1,0,1,8,0,7.032348804500703e-06,0,Low
1,1,0,1,0,3148,14,36984,746,1220,0.0960590929634027,0,0,1,3,0,7.032348804500703e-06,0,Low
3,1,0,1,5,2530,1,55236,593,2421,0.1570195857216887,0,0,1,1,0,7.032348804500703e-06,0,Low
3,0,1,1,34,2387,1,56477,641,2841,0.2037590446741261,0,0,1,11,0,7.032348804500703e-06,0,Low
0,0,1,2,36,1432,2,61974,633,2018,0.2137640258366155,1,0,0,11,0,7.032348804500703e-06,0,Low
1,1,0,0,29,2519,8,46640,639,1791,0.0939641272241189,0,0,1,11,0,7.032348804500703e-06,0,Low
1,0,0,0,25,3328,14,50967,514,2573,0.135425456382307,0,0,1,4,0,7.032348804500703e-06,0,Low
3,2,0,1,33,1276,5,75774,594,1979,0.1014804196275041,1,0,1,9,0,7.032348804500703e-06,0,Low
2,1,0,1,35,1500,18,50925,682,2550,0.1044038627526374,0,0,1,13,0,7.032348804500703e-06,0,Low
2,1,0,3,20,1529,6,50212,674,1029,0.1844560424429783,0,0,1,5,0,7.032348804500703e-06,0,Low
2,0,3,1,34,1875,12,36007,640,2014,0.1804469177548907,0,0,1,11,0,7.032348804500703e-06,0,Low
1,0,1,1,9,1853,18,43538,715,2598,0.1386006940465167,0,0,1,7,0,7.032348804500703e-06,0,Low
2,1,0,0,7,2894,21,52902,649,2102,0.146063710968722,0,0,1,9,0,7.032348804500703e-06,0,Low
3,2,0,1,13,1847,21,70816,508,2497,0.0909733841520269,0,0,1,11,0,7.032348804500703e-06,0,Low
0,1,1,2,35,2315,8,45221,545,1245,0.1130174269901045,1,0,1,13,0,7.032348804500703e-06,0,Low
1,0,0,0,12,2962,3,57045,563,2410,0.1714684811514506,0,0,1,10,0,7.032348804500703e-06,0,Low
2,1,0,0,33,1871,0,51359,663,1504,0.216335861564937,0,0,1,3,0,7.032348804500703e-06,0,Low
3,1,1,0,13,3464,21,54652,629,1588,0.0933637121840482,1,0,1,7,0,7.032348804500703e-06,0,Low
2,1,0,0,38,1731,21,84554,502,1378,0.1103310158069145,1,0,0,4,0,7.032348804500703e-06,0,Low
1,0,0,0,8,1524,17,42529,741,1075,0.2122102261510425,0,0,1,11,0,7.032348804500703e-06,0,Low
2,1,0,0,6,824,13,55284,549,1651,0.1994898257070684,0,0,1,5,0,7.032348804500703e-06,0,Low
1,0,0,1,34,2386,5,48522,571,2032,0.1777720868083003,1,0,0,9,0,7.032348804500703e-06,0,Low
3,0,0,0,39,3064,3,42263,698,2892,0.0897513812978154,0,0,0,2,0,7.032348804500703e-06,0,Low
3,0,0,0,9,2233,1,81965,610,2976,0.1611196006580246,1,0,1,2,0,7.032348804500703e-06,0,Low
1,1,0,0,0,1417,9,37084,663,2740,0.2138498825473699,1,0,0,6,0,7.032348804500703e-06,0,Low
1,2,0,1,0,1214,16,30433,522,1226,0.0961872259289678,0,0,1,14,0,7.032348804500703e-06,0,Low
3,1,0,0,25,2480,14,70130,528,1412,0.120488962095774,0,1,0,9,0,7.032348804500703e-06,0,Low
1,2,0,2,1,986,7,96159,532,1913,0.113662521855706,1,0,1,3,0,7.032348804500703e-06,0,Low
1,0,1,1,27,1975,5,35528,746,1401,0.174638793513792,0,0,0,12,0,7.032348804500703e-06,0,Low
0,1,1,1,32,3148,2,59699,551,1237,0.1380016486964711,0,0,1,11,0,7.032348804500703e-06,0,Low
2,1,0,1,33,2806,22,62524,650,1834,0.1168099578062621,0,0,1,13,0,7.032348804500703e-06,0,Low
2,1,1,2,5,1074,22,46763,589,3062,0.0906315855677852,0,0,1,13,0,7.032348804500703e-06,0,Low
1,2,0,1,9,2473,0,52896,654,2030,0.1581170153961096,0,0,1,12,0,7.032348804500703e-06,0,Low
2,2,1,1,1,982,0,34862,542,1442,0.1317650626939484,1,0,0,1,0,7.032348804500703e-06,0,Low
1,0,0,1,2,1568,5,35145,703,2489,0.1075258389452673,0,0,1,9,0,7.032348804500703e-06,0,Low
5,0,1,0,38,1552,2,47868,654,1640,0.1195636110023597,0,0,0,5,0,7.032348804500703e-06,0,Low
0,0,0,2,13,3090,7,47959,655,2852,0.0817432368026934,0,0,1,0,0,7.032348804500703e-06,0,Low
1,1,1,1,31,1548,14,60279,627,1874,0.1539242426853242,0,0,1,10,0,7.032348804500703e-06,0,Low
1,2,0,1,29,2220,4,62723,664,2355,0.2089201486471559,1,0,1,4,0,7.032348804500703e-06,0,Low
3,1,0,3,6,2365,12,46491,651,1007,0.1724165181432658,0,0,1,3,0,7.032348804500703e-06,0,Low
1,1,1,2,32,1879,10,71782,507,2488,0.0933876585919375,1,0,1,4,0,7.032348804500703e-06,0,Low
1,1,0,1,37,2874,11,60572,501,2619,0.2111545595020334,0,0,1,14,0,7.032348804500703e-06,0,Low
0,0,1,1,37,2772,7,51000,520,1836,0.1678272197117237,0,1,1,12,0,7.032348804500703e-06,0,Low
2,0,1,1,31,3058,18,64627,633,1300,0.1136425967900138,0,0,1,0,0,7.032348804500703e-06,0,Low
1,1,0,4,1,895,22,59545,613,5578,0.1087256436325225,0,0,1,0,0,7.032348804500703e-06,0,Low
1,2,1,0,39,1529,9,42267,677,1566,0.1039193102751054,0,0,1,0,0,7.032348804500703e-06,0,Low
2,2,1,1,6,2888,7,59034,531,1006,0.115294984527376,0,0,1,12,0,7.032348804500703e-06,0,Low
2,1,0,0,31,2904,15,41808,572,2427,0.1704287672886721,1,0,1,2,0,7.032348804500703e-06,0,Low
2,1,0,0,13,3161,6,54613,563,2582,0.2089645002253377,0,0,1,0,0,7.032348804500703e-06,0,Low
3,1,1,1,37,1268,2,56361,607,2085,0.1347465819203815,0,0,1,10,0,7.032348804500703e-06,0,Low
1,1,0,3,13,1363,9,35730,566,2783,0.1500787098925066,0,0,1,5,0,7.032348804500703e-06,0,Low
4,1,0,0,38,1866,1,50178,683,2569,0.15168160119534,0,0,1,9,0,7.032348804500703e-06,0,Low
2,2,2,1,14,3150,3,31947,593,2336,0.141815128457647,1,0,0,6,0,7.032348804500703e-06,0,Low
1,1,0,2,14,846,17,66564,709,1395,0.1140317352055771,0,0,1,12,0,7.032348804500703e-06,0,Low
1,1,0,2,27,1897,3,63422,557,2104,0.1009448411067475,0,0,1,11,0,7.032348804500703e-06,0,Low
2,0,1,0,7,1883,14,46714,694,2592,0.1465652835165437,0,0,1,13,0,7.032348804500703e-06,0,Low
2,1,1,1,13,1311,1,31044,528,2099,0.1955336636274178,0,0,1,11,0,7.032348804500703e-06,0,Low
0,2,1,0,5,2290,2,63615,512,1973,0.0829505348478116,0,0,0,1,0,7.032348804500703e-06,0,Low
1,0,0,0,4,3271,12,35933,739,1228,0.1252744715991983,0,0,0,3,0,7.032348804500703e-06,0,Low
2,2,0,0,6,3000,13,63851,667,1680,0.2115391237042111,0,0,0,14,0,7.032348804500703e-06,0,Low
0,2,0,1,27,1469,4,62667,746,1871,0.1189109891942065,0,0,1,14,0,7.032348804500703e-06,0,Low
0,0,0,1,28,3276,12,56317,574,2167,0.2066818081920903,1,0,0,10,0,7.032348804500703e-06,0,Low
2,1,0,2,6,2418,23,52784,539,1878,0.1096215673580635,0,0,1,0,0,7.032348804500703e-06,0,Low
2,1,1,0,7,2780,1,65657,549,1708,0.146612455818907,1,0,1,1,0,7.032348804500703e-06,0,Low
1,2,1,1,7,1161,22,66473,589,2990,0.1285772272839744,1,0,1,1,0,7.032348804500703e-06,0,Low
1,0,0,2,37,2485,4,51073,561,2511,0.1197512310098216,0,0,1,1,0,7.032348804500703e-06,0,Low
0,0,0,0,13,1231,22,42036,664,2708,0.1158620952014811,0,0,1,13,0,7.032348804500703e-06,0,Low
1,2,0,4,24,2355,9,52857,645,2464,0.1364162382257311,0,0,1,5,0,7.032348804500703e-06,0,Low
3,0,0,0,24,1376,24,30768,697,1123,0.1097959790961444,0,0,1,7,0,7.032348804500703e-06,0,Low
2,2,1,0,27,1968,9,31849,595,1947,0.1362850690116918,0,0,1,11,0,7.032348804500703e-06,0,Low
3,0,1,2,14,1523,15,32872,542,2671,0.1524558289004016,0,0,1,10,0,7.032348804500703e-06,0,Low
2,0,0,1,35,800,12,79003,610,1365,0.1669605992380692,1,0,1,9,0,7.032348804500703e-06,0,Low
0,1,0,3,18,2978,14,44278,577,1043,0.1224707602515863,0,0,1,0,0,7.032348804500703e-06,0,Low
1,0,1,1,13,1807,1,53294,695,2182,0.1528697335370369,0,0,1,12,0,7.032348804500703e-06,0,Low
1,0,0,0,7,2080,1,60249,573,2257,0.1361279038311532,0,0,0,10,0,7.032348804500703e-06,0,Low
3,1,0,0,1,1787,6,60078,613,1256,0.2193040379549337,0,0,1,1,0,7.032348804500703e-06,0,Low
1,0,0,0,36,2580,11,48237,659,2575,0.1463024385192899,0,0,1,5,0,7.032348804500703e-06,0,Low
1,1,0,0,15,1297,7,61471,556,2620,0.0876019682069404,0,0,1,5,0,7.032348804500703e-06,0,Low
3,1,1,0,2,3139,19,71133,581,2152,0.0926048869619431,0,0,1,8,0,7.032348804500703e-06,0,Low
1,1,1,1,25,2659,3,33423,643,2703,0.0886143858030395,0,0,1,10,0,7.032348804500703e-06,0,Low
2,1,0,0,8,2022,17,63158,670,2791,0.1230452919196545,0,0,1,0,0,7.032348804500703e-06,0,Low
3,1,1,2,1,2760,5,49752,742,1887,0.1146953081045413,0,0,0,9,0,7.032348804500703e-06,0,Low
3,0,0,3,7,1705,0,58231,546,3930,0.1466411597693859,0,0,1,4,0,7.032348804500703e-06,0,Low
5,2,0,0,12,2446,9,39430,663,2732,0.1516760847825673,0,0,1,8,0,7.032348804500703e-06,0,Low
1,2,1,0,35,3213,12,48774,541,1840,0.1526647557116659,0,0,1,0,0,7.032348804500703e-06,0,Low
4,2,0,0,9,3185,17,45947,648,1881,0.2022671923118318,0,0,1,3,0,7.032348804500703e-06,0,Low
1,0,0,2,34,1772,1,40562,558,1611,0.089137564593354,1,0,1,4,0,7.032348804500703e-06,0,Low
1,1,0,0,39,1941,5,66999,575,1315,0.0863881459291456,0,0,1,7,0,7.032348804500703e-06,0,Low
0,0,0,1,10,2669,23,61820,571,1171,0.0893995943362748,0,0,1,10,0,7.032348804500703e-06,0,Low
3,1,0,0,2,1217,4,63561,669,2469,0.089322475426705,0,0,1,6,0,7.032348804500703e-06,0,Low
3,2,1,1,26,3129,4,68184,717,1348,0.1924090164247919,0,0,1,1,0,7.032348804500703e-06,0,Low
2,2,0,2,33,1677,5,54210,529,2362,0.0975383586322759,0,0,1,4,0,7.032348804500703e-06,0,Low
3,1,1,1,2,1364,5,42975,686,2798,0.1227368073700025,0,0,1,10,0,7.032348804500703e-06,0,Low
3,0,0,0,24,1504,2,48553,634,1703,0.1308522978227955,1,0,1,9,0,7.032348804500703e-06,0,Low
2,2,1,1,36,3151,16,63506,703,2115,0.1952888803862423,0,0,1,11,0,7.032348804500703e-06,0,Low
2,0,0,0,7,2544,0,84144,623,1934,0.12900103049243,1,0,0,14,0,7.032348804500703e-06,0,Low
1,2,0,1,29,1483,13,61695,686,2926,0.2012716835838991,0,0,1,12,0,7.032348804500703e-06,0,Low
3,1,0,0,12,1569,8,53286,613,1920,0.0838700998020057,0,0,1,5,0,7.032348804500703e-06,0,Low
0,1,0,1,32,2908,7,59917,655,1883,0.1411603690145218,0,0,1,3,0,7.032348804500703e-06,0,Low
1,1,0,2,11,1504,2,72473,622,2086,0.163044971389453,0,0,1,5,0,7.032348804500703e-06,0,Low
2,2,0,1,13,959,10,62068,677,2700,0.1964576398312615,1,0,0,0,0,7.032348804500703e-06,0,Low
2,2,0,0,28,1579,4,32626,500,2807,0.1716373304872623,1,0,1,10,0,7.032348804500703e-06,0,Low
0,2,0,0,13,2627,12,40220,617,2619,0.1021454644267886,0,0,1,10,0,7.032348804500703e-06,0,Low
4,0,0,2,7,2381,17,55571,537,2232,0.1231702463137845,0,0,1,3,0,7.032348804500703e-06,0,Low
1,1,1,2,11,1407,21,67945,600,1946,0.1530794654142579,0,0,1,14,0,7.032348804500703e-06,0,Low
1,1,0,2,8,2575,16,60271,732,1492,0.1446229179723114,0,0,1,6,0,7.032348804500703e-06,0,Low
3,0,0,2,34,2383,7,71046,613,1665,0.1790310159730014,0,0,1,4,0,7.032348804500703e-06,0,Low
2,1,0,1,24,1862,24,36878,517,2453,0.094521324716927,1,0,1,5,0,7.032348804500703e-06,0,Low
3,1,0,0,10,1340,4,42883,511,1340,0.1164751228518279,0,0,1,7,0,7.032348804500703e-06,0,Low
0,0,0,0,2,1850,17,38501,624,1567,0.1081586598387261,1,0,1,7,0,7.032348804500703e-06,0,Low
3,1,0,1,27,1482,1,49131,738,2099,0.1938727844591727,0,0,1,9,0,7.032348804500703e-06,0,Low
2,1,1,1,5,2150,21,56333,578,2975,0.1175843026974048,0,0,1,9,0,7.032348804500703e-06,0,Low
0,1,0,2,36,3234,18,55045,638,2794,0.1123480008973684,0,1,1,6,0,7.032348804500703e-06,0,Low
4,1,1,1,32,2748,6,44272,736,1373,0.1515626397452308,0,0,1,14,0,7.032348804500703e-06,0,Low
1,2,0,1,37,1399,3,39448,518,1462,0.1894832741491678,0,0,1,9,0,7.032348804500703e-06,0,Low
2,1,1,3,26,1179,0,53830,722,2121,0.1645900019001975,0,0,1,5,0,7.032348804500703e-06,0,Low
0,0,0,0,8,3014,6,31592,734,2670,0.1897104864794925,0,0,1,12,0,7.032348804500703e-06,0,Low
1,0,1,2,13,2366,18,57655,526,2297,0.0920223860949926,1,0,0,6,0,7.032348804500703e-06,0,Low
0,0,0,1,5,2606,5,34085,670,2253,0.0890451681471322,0,0,1,13,0,7.032348804500703e-06,0,Low
2,2,0,0,8,1609,1,67166,718,1843,0.0913311844149295,0,0,1,12,0,7.032348804500703e-06,0,Low
1,2,0,0,10,2790,14,51387,535,1633,0.1499053138985154,1,0,1,9,0,7.032348804500703e-06,0,Low
4,0,0,0,15,3288,12,56849,518,3012,0.1317402222298365,0,0,0,12,0,7.032348804500703e-06,0,Low
3,0,1,1,15,1869,12,73954,610,1972,0.1359954957919363,0,0,1,1,0,7.032348804500703e-06,0,Low
1,1,0,3,2,3005,4,34233,706,4546,0.1717986532259959,0,0,0,11,0,7.032348804500703e-06,0,Low
3,1,1,2,36,1523,11,71089,563,2930,0.1397765553732172,0,0,1,8,0,7.032348804500703e-06,0,Low
2,0,0,0,2,1946,3,58337,719,1402,0.1230991895339277,0,0,0,2,0,7.032348804500703e-06,0,Low
1,1,1,1,15,2990,14,67459,631,3015,0.2138547738136911,0,0,1,10,0,7.032348804500703e-06,0,Low
1,0,0,0,5,3399,17,52640,502,2606,0.2181116553795114,0,0,0,1,0,7.032348804500703e-06,0,Low
1,0,0,0,4,1874,1,68042,619,1072,0.1280193429933402,0,0,1,9,0,7.032348804500703e-06,0,Low
2,0,0,2,27,2009,22,33927,628,1412,0.1656152712946692,0,0,1,7,0,7.032348804500703e-06,0,Low
4,0,0,0,4,1355,12,59171,634,1829,0.0934744230310877,0,0,1,5,0,7.032348804500703e-06,0,Low
0,0,1,0,15,2338,11,34601,622,2778,0.1286572021845852,1,0,1,8,0,7.032348804500703e-06,0,Low
0,0,0,1,11,2578,16,64262,740,2173,0.1625059458994842,0,0,1,6,0,7.032348804500703e-06,0,Low
3,0,0,0,26,2374,13,30396,723,1397,0.0992500145828105,0,0,1,9,0,7.032348804500703e-06,0,Low
3,0,1,3,1,2190,15,67054,623,2717,0.1903945797998956,0,0,1,3,0,7.032348804500703e-06,0,Low
5,0,1,2,36,1927,9,58099,552,1521,0.1262924845230923,0,0,0,7,0,7.032348804500703e-06,0,Low
4,0,0,0,2,1817,4,33107,525,2237,0.0991094154225914,0,0,1,8,0,7.032348804500703e-06,0,Low
1,0,0,3,38,1633,14,64837,519,2884,0.1313617880967608,0,0,1,1,0,7.032348804500703e-06,0,Low
3,0,0,1,14,978,8,58383,569,2398,0.0803891200426698,0,1,0,12,0,7.032348804500703e-06,0,Low
3,1,2,1,13,1134,13,30991,589,1818,0.0947075868148937,1,0,1,1,0,7.032348804500703e-06,0,Low
1,2,0,0,31,2108,24,42252,573,2525,0.1115154301532925,0,1,1,6,0,7.032348804500703e-06,0,Low
3,2,1,0,35,3031,12,36879,677,1189,0.1880858272268473,0,0,1,12,0,7.032348804500703e-06,0,Low
4,0,1,2,24,1992,20,51868,596,1405,0.1087567190914234,0,0,1,13,0,7.032348804500703e-06,0,Low
1,0,0,0,9,2363,0,50966,622,1913,0.1838081787978733,1,1,1,0,0,7.032348804500703e-06,0,Low
3,0,0,0,8,3176,3,71637,535,1988,0.1659091301853966,0,0,1,8,0,7.032348804500703e-06,0,Low
2,1,0,0,38,2693,2,44878,631,2139,0.2095979416325095,0,0,0,10,0,7.032348804500703e-06,0,Low
1,2,0,1,38,2616,5,53397,542,2189,0.0972336072118754,0,0,0,8,0,7.032348804500703e-06,0,Low
0,2,0,0,34,2149,10,46811,726,1030,0.0909896144998525,0,0,1,11,0,7.032348804500703e-06,0,Low
5,0,0,2,35,2108,2,31860,636,1803,0.1109828526752655,0,0,1,12,0,7.032348804500703e-06,0,Low
1,2,0,1,35,1476,3,59617,693,2897,0.1478054690660312,0,0,1,4,0,7.032348804500703e-06,0,Low
2,1,0,3,3,1482,18,31849,561,2301,0.1950795948579951,0,0,1,6,0,7.032348804500703e-06,0,Low
2,1,0,3,23,3018,20,67263,601,2391,0.1247717172126927,0,0,1,11,0,7.032348804500703e-06,0,Low
2,0,1,1,33,1741,7,35941,681,2600,0.1239876047627062,0,0,1,2,0,7.032348804500703e-06,0,Low
3,0,1,0,36,3417,2,38188,642,1881,0.0856341316994735,0,0,0,7,0,7.032348804500703e-06,0,Low
1,1,0,0,15,1804,17,37760,676,2131,0.1843392937167036,1,0,0,9,0,7.032348804500703e-06,0,Low
3,1,0,1,12,2395,2,59466,734,3048,0.209370885066116,0,0,1,5,0,7.032348804500703e-06,0,Low
2,2,0,3,33,2798,17,37976,512,1012,0.1517064916157576,0,0,1,0,0,7.032348804500703e-06,0,Low
0,1,0,0,8,2673,7,54797,550,2369,0.0801909535643242,0,0,1,8,0,7.032348804500703e-06,0,Low
3,2,0,1,13,2895,12,36295,680,2554,0.183696295332786,0,0,1,14,0,7.032348804500703e-06,0,Low
0,1,1,0,15,1604,8,47514,643,1518,0.1766941224071117,1,0,0,9,0,7.032348804500703e-06,0,Low
4,0,1,1,33,2297,5,34139,660,2358,0.1577340673289179,0,0,0,10,0,7.032348804500703e-06,0,Low
2,1,0,0,34,2865,2,51504,547,1057,0.2173542889017019,1,0,1,0,0,7.032348804500703e-06,0,Low
0,1,0,1,30,2995,6,60421,551,2828,0.0916966668493012,0,0,1,6,0,7.032348804500703e-06,0,Low
2,2,0,0,36,892,14,69637,578,1646,0.1869473237208731,0,0,0,10,0,7.032348804500703e-06,0,Low
0,0,0,1,38,1322,0,35868,552,2794,0.1921160803130949,0,0,1,5,0,7.032348804500703e-06,0,Low
2,0,0,1,33,3463,8,58804,687,1437,0.1431274140195733,0,0,0,1,0,7.032348804500703e-06,0,Low
3,1,0,0,36,2445,4,54439,633,2133,0.1806462264576947,0,0,0,4,0,7.032348804500703e-06,0,Low
2,2,0,2,26,2150,20,48053,680,1296,0.1967824838606879,1,0,1,7,0,7.032348804500703e-06,0,Low
2,2,1,1,15,1521,6,42810,699,1250,0.1763947808174625,0,0,1,5,0,7.032348804500703e-06,0,Low
2,1,1,1,2,2000,11,61491,555,2290,0.1854987812428556,0,0,0,3,0,7.032348804500703e-06,0,Low
2,1,0,1,23,3239,2,30866,670,2251,0.1348003897621381,0,1,1,3,0,7.032348804500703e-06,0,Low
3,0,0,2,23,1388,2,39985,647,2953,0.1750361784826911,0,0,1,4,0,7.032348804500703e-06,0,Low
4,0,0,1,7,1040,13,66433,574,2668,0.1699146966822018,0,0,1,10,0,7.032348804500703e-06,0,Low
0,1,0,2,37,2061,7,35660,536,1236,0.0978458245504462,0,0,0,13,0,7.032348804500703e-06,0,Low
1,0,0,2,31,1676,18,82954,542,1216,0.0905074635061602,1,0,0,5,0,7.032348804500703e-06,0,Low
0,1,1,0,8,3059,13,44838,608,1089,0.1431777355248999,0,0,0,6,0,7.032348804500703e-06,0,Low
2,0,0,4,9,3438,10,47383,627,2683,0.1248263376491411,0,0,1,1,0,7.032348804500703e-06,0,Low
2,1,0,0,11,2565,0,71081,599,2866,0.1427840046445364,0,0,0,12,0,7.032348804500703e-06,0,Low
1,1,1,2,23,3421,0,50636,507,2295,0.1233425763806564,1,0,1,7,0,7.032348804500703e-06,0,Low
1,1,0,2,8,3247,0,35118,606,1158,0.1372080084540236,0,0,1,11,0,7.032348804500703e-06,0,Low
2,2,0,3,21,1432,23,48444,633,2714,0.1325773647326802,0,0,1,6,0,7.032348804500703e-06,0,Low
4,1,1,0,38,2987,4,58782,605,1513,0.1069812247801099,0,0,1,10,0,7.032348804500703e-06,0,Low
3,2,0,0,33,1926,7,42982,621,3009,0.1696343501588805,0,0,0,2,0,7.032348804500703e-06,0,Low
3,1,1,0,29,2358,0,45228,507,2638,0.1529241202845352,0,0,1,6,0,7.032348804500703e-06,0,Low
1,2,0,2,29,1233,11,68401,623,1668,0.2118853238695254,0,0,1,1,0,7.032348804500703e-06,0,Low
0,0,0,0,14,2887,1,53075,526,1397,0.1172247579418509,0,0,0,3,0,7.032348804500703e-06,0,Low
2,1,0,0,15,2956,8,38879,530,2858,0.1134984192753451,0,0,1,13,0,7.032348804500703e-06,0,Low
3,1,0,0,28,886,14,53881,717,2622,0.0836685785712074,0,0,1,7,0,7.032348804500703e-06,0,Low
4,0,1,0,0,1834,5,45742,667,1879,0.1270746722287147,0,0,1,5,0,7.032348804500703e-06,0,Low
2,0,1,0,25,1782,2,62416,540,2726,0.1148165120287926,1,0,1,14,0,7.032348804500703e-06,0,Low
2,1,0,1,3,915,24,33635,625,2590,0.1090876554810966,0,1,1,12,0,7.032348804500703e-06,0,Low
1,0,1,1,35,1458,6,37952,626,1690,0.2044486950298822,1,0,1,10,0,7.032348804500703e-06,0,Low
1,2,0,0,4,2496,3,33040,738,2058,0.1819844536402056,0,0,1,9,0,7.032348804500703e-06,0,Low
3,1,1,0,14,1697,16,41168,578,3020,0.181824199600222,0,0,1,5,0,7.032348804500703e-06,0,Low
3,1,0,1,9,3078,2,63769,739,1578,0.1303807506973372,0,0,1,7,0,7.032348804500703e-06,0,Low
1,2,0,0,8,2011,9,38133,545,1794,0.1834528968335603,0,0,1,6,0,7.032348804500703e-06,0,Low
1,1,2,1,0,1249,4,66987,552,2354,0.0807656364815801,1,1,1,14,0,7.032348804500703e-06,0,Low
2,0,0,3,4,3103,6,66809,517,1706,0.1236230408464805,0,0,1,8,0,7.032348804500703e-06,0,Low
2,0,0,3,4,3339,6,42802,525,2014,0.180828051229247,0,0,0,8,0,7.032348804500703e-06,0,Low
2,1,0,1,8,2049,13,57752,592,2717,0.1219513470599783,0,0,1,12,0,7.032348804500703e-06,0,Low
1,0,0,1,10,2659,7,43305,696,2065,0.1390456177257802,0,0,1,11,0,7.032348804500703e-06,0,Low
4,2,0,0,0,2551,1,69312,533,2506,0.1049140351004655,0,0,1,13,0,7.032348804500703e-06,0,Low
1,2,0,0,11,3214,17,47976,673,1013,0.0819015138916057,0,0,1,10,0,7.032348804500703e-06,0,Low
3,2,0,1,15,1315,9,95257,593,2860,0.1964138946797476,1,0,1,7,0,7.032348804500703e-06,0,Low
1,2,1,1,26,2919,19,53375,507,2394,0.1664822099565408,0,0,1,5,0,7.032348804500703e-06,0,Low
0,1,1,2,36,1262,22,64834,602,2401,0.1643129344726937,0,0,1,10,0,7.032348804500703e-06,0,Low
1,0,0,2,32,1374,10,49607,574,1452,0.1397358833865061,0,0,0,2,0,7.032348804500703e-06,0,Low
0,1,1,0,24,3065,24,40140,721,2801,0.1259750695814508,0,0,1,5,0,7.032348804500703e-06,0,Low
4,1,0,1,23,1433,14,44305,530,1904,0.1945234152126846,0,0,1,3,0,7.032348804500703e-06,0,Low
3,2,0,2,1,2543,15,70577,541,2786,0.0806783108857209,0,0,0,14,0,7.032348804500703e-06,0,Low
3,1,0,1,11,3013,0,53008,526,1270,0.1685424538546952,0,0,1,11,0,7.032348804500703e-06,0,Low
3,2,0,1,2,2813,6,55445,597,1468,0.0991352871578842,1,0,0,6,0,7.032348804500703e-06,0,Low
5,1,0,1,24,1563,14,50241,541,1776,0.1939416016184094,0,0,1,9,0,7.032348804500703e-06,0,Low
3,1,0,1,25,2360,7,37903,600,1843,0.1064103544719802,0,0,1,1,0,7.032348804500703e-06,0,Low
3,2,1,0,11,1834,10,55039,570,1157,0.0839608893175191,0,0,1,5,0,7.032348804500703e-06,0,Low
4,2,0,4,9,2653,7,52195,611,4286,0.1291696236693175,0,0,1,10,0,7.032348804500703e-06,0,Low
1,2,0,3,2,1088,8,67736,654,3816,0.157704855239096,0,0,1,12,0,7.032348804500703e-06,0,Low
1,1,0,1,1,1686,4,73425,616,2016,0.1618262152961858,0,0,1,1,0,7.032348804500703e-06,0,Low
2,0,0,2,31,1022,16,34624,561,2140,0.0930204664958453,0,0,1,4,0,7.032348804500703e-06,0,Low
2,1,0,1,38,2303,18,55892,543,2815,0.1505634499828091,0,0,1,9,0,7.032348804500703e-06,0,Low
1,0,0,1,23,2468,22,32709,621,2280,0.1194369091873484,0,0,1,13,0,7.032348804500703e-06,0,Low
0,1,0,0,29,1175,6,68846,522,2968,0.2040569599836324,0,0,0,13,0,7.032348804500703e-06,0,Low
1,0,1,1,14,1583,15,70038,609,1177,0.0862534070264011,0,0,1,0,0,7.032348804500703e-06,0,Low
0,0,1,1,6,1335,11,68641,567,1259,0.1914315830877936,0,0,1,12,0,7.032348804500703e-06,0,Low
1,1,2,0,24,2294,7,35867,654,1249,0.1661463313213521,1,0,1,14,0,7.032348804500703e-06,0,Low
1,2,0,1,6,1660,5,63689,656,3098,0.117635260192891,1,0,1,3,0,7.032348804500703e-06,0,Low
0,0,0,0,11,1887,15,52888,674,1496,0.1196179505836349,0,0,1,5,0,7.032348804500703e-06,0,Low
3,1,0,1,31,2898,0,73087,528,1346,0.110536937861146,0,0,1,3,0,7.032348804500703e-06,0,Low
2,1,0,3,14,1104,7,38250,667,4177,0.1724140997272879,0,0,1,8,0,7.032348804500703e-06,0,Low
4,1,1,1,31,1507,1,46068,741,2720,0.1779917273113149,0,0,1,8,0,7.032348804500703e-06,0,Low
5,0,1,2,14,2649,20,71004,694,2259,0.0881756537240255,0,0,0,10,0,7.032348804500703e-06,0,Low
0,0,0,0,10,1304,22,36086,724,1881,0.1559258661734309,0,0,1,14,0,7.032348804500703e-06,0,Low
2,2,1,2,2,2920,15,36241,692,1600,0.1677243014540441,0,0,0,8,0,7.032348804500703e-06,0,Low
2,0,0,0,24,2177,3,55101,744,2635,0.1908564425787284,0,1,1,3,0,7.032348804500703e-06,0,Low
2,0,0,0,11,2475,8,55743,540,2520,0.1054386875373526,1,0,1,4,0,7.032348804500703e-06,0,Low
3,1,1,1,25,2245,10,55191,550,2130,0.1597387836930883,0,0,1,14,0,7.032348804500703e-06,0,Low
3,0,1,1,5,1005,8,46736,614,1881,0.1621479403703552,0,0,0,3,0,7.032348804500703e-06,0,Low
1,1,0,1,27,2965,14,63891,592,2781,0.216221981809658,0,0,1,1,0,7.032348804500703e-06,0,Low
0,0,0,0,34,1713,0,73235,636,1537,0.1641657118833536,0,0,1,14,0,7.032348804500703e-06,0,Low
4,2,0,1,14,2110,14,42335,630,2324,0.0943676572328869,0,0,1,7,0,7.032348804500703e-06,0,Low
4,1,0,1,32,1633,14,68376,579,2059,0.1111544023987009,0,0,1,4,0,7.032348804500703e-06,0,Low
2,1,0,1,29,1266,14,35675,544,2254,0.1165982659750191,0,0,1,4,0,7.032348804500703e-06,0,Low
4,0,0,2,2,1977,6,55297,650,2476,0.2019620676957716,1,0,1,5,0,7.032348804500703e-06,0,Low
4,1,1,0,25,2728,17,66098,551,2774,0.1785702472999443,0,0,1,14,0,7.032348804500703e-06,0,Low
2,1,0,2,15,948,17,56859,538,1092,0.1259339205343425,0,0,1,0,0,7.032348804500703e-06,0,Low
5,1,0,2,15,2039,10,87032,643,2268,0.1902023225312549,1,0,0,5,0,7.032348804500703e-06,0,Low
0,0,1,0,38,2138,0,68254,628,1119,0.1184635879658093,0,0,1,2,0,7.032348804500703e-06,0,Low
2,1,0,1,14,2871,6,71001,546,2420,0.1120140864198695,0,0,1,6,0,7.032348804500703e-06,0,Low
1,0,0,3,33,1302,7,30221,682,2465,0.0842578932510026,0,0,1,1,0,7.032348804500703e-06,0,Low
2,2,1,1,37,2102,6,83316,574,1188,0.1289754834967992,1,0,0,5,0,7.032348804500703e-06,0,Low
4,0,0,2,15,3039,9,47007,527,1063,0.1747694316437232,0,0,1,13,0,7.032348804500703e-06,0,Low
0,1,0,0,29,2012,2,54242,628,1033,0.2161218275018034,1,0,1,5,0,7.032348804500703e-06,0,Low
0,1,1,1,39,3378,21,53870,603,2369,0.1397243176984945,0,0,1,2,0,7.032348804500703e-06,0,Low
5,1,1,1,1,1149,24,55701,660,2151,0.1408540224050519,0,1,1,10,0,7.032348804500703e-06,0,Low
0,2,1,0,9,3176,14,73330,738,2037,0.2020374634761677,0,0,1,11,0,7.032348804500703e-06,0,Low
0,1,0,3,6,1644,12,66072,569,3885,0.1341302452171904,0,0,1,4,0,7.032348804500703e-06,0,Low
0,0,0,0,12,3223,15,37582,651,3013,0.0873598042292053,0,0,0,4,0,7.032348804500703e-06,0,Low
3,0,1,3,1,1094,11,69037,619,4986,0.1694021233846187,0,0,1,4,0,7.032348804500703e-06,0,Low
1,0,0,0,15,2163,10,43891,579,1293,0.1941829835560153,0,0,0,9,0,7.032348804500703e-06,0,Low
1,0,1,0,25,1867,13,75727,604,1074,0.1046291630579244,1,0,1,5,0,7.032348804500703e-06,0,Low
1,2,0,2,2,2543,1,58507,676,2448,0.2013033040416753,0,0,0,1,0,7.032348804500703e-06,0,Low
4,1,1,0,30,971,10,37115,654,1336,0.1584398710454769,0,0,0,6,0,7.032348804500703e-06,0,Low
2,0,0,1,32,2195,11,67862,597,1411,0.0971669472670228,0,0,0,2,0,7.032348804500703e-06,0,Low
2,2,1,0,38,2233,3,96586,591,2023,0.1596041423732301,1,0,1,8,0,7.032348804500703e-06,0,Low
3,1,1,0,26,911,3,96229,535,1572,0.1882408931836257,1,0,1,6,0,7.032348804500703e-06,0,Low
1,2,0,1,30,1380,13,73285,546,1850,0.1859137759380075,0,0,1,14,0,7.032348804500703e-06,0,Low
1,0,0,0,39,2630,1,53836,661,2241,0.1659171879556905,1,0,1,11,0,7.032348804500703e-06,0,Low
0,2,1,1,31,2431,9,58988,670,1660,0.1270240089125046,0,0,1,9,0,7.032348804500703e-06,0,Low
0,0,0,1,13,1574,16,38164,628,1878,0.1117733671105539,0,0,1,6,0,7.032348804500703e-06,0,Low
0,0,1,0,1,1107,3,51415,700,3032,0.1430780639496183,0,0,1,12,0,7.032348804500703e-06,0,Low
2,1,0,1,6,2544,8,65956,694,1710,0.136676469691837,0,0,1,14,0,7.032348804500703e-06,0,Low
5,1,0,0,27,2340,15,40650,581,1331,0.2150555557835753,0,0,1,11,0,7.032348804500703e-06,0,Low
1,2,1,0,36,2040,8,57357,627,1036,0.2092056747401566,0,0,1,10,0,7.032348804500703e-06,0,Low
2,0,0,0,7,1628,3,72881,618,3092,0.1540138636513466,0,0,1,12,0,7.032348804500703e-06,0,Low
0,1,1,2,36,1162,10,64444,563,1381,0.1267350798799378,0,0,1,12,0,7.032348804500703e-06,0,Low
1,1,0,1,6,3261,17,38307,674,2349,0.1784861880982463,1,0,1,1,0,7.032348804500703e-06,0,Low
2,1,0,1,32,2146,14,71274,727,2675,0.0867326373520453,0,0,1,3,0,7.032348804500703e-06,0,Low
2,0,1,1,27,2078,19,36914,651,2869,0.0849344837097223,0,0,1,3,0,7.032348804500703e-06,0,Low
2,0,1,1,25,2225,17,85442,664,1095,0.1380455233905906,1,0,1,14,0,7.032348804500703e-06,0,Low
1,0,0,0,8,3137,2,48764,665,2997,0.1999623493261645,1,0,1,3,0,7.032348804500703e-06,0,Low
0,0,2,2,33,1872,16,49760,637,1351,0.1025096885249369,1,0,1,3,0,7.032348804500703e-06,0,Low
1,2,0,2,33,962,4,63260,537,1470,0.124411742841685,0,0,1,5,0,7.032348804500703e-06,0,Low
0,1,0,2,25,922,20,70141,563,1939,0.1648409244864621,0,0,1,8,0,7.032348804500703e-06,0,Low
0,0,0,2,14,2667,6,63698,730,2910,0.0809395067688477,0,0,1,10,0,7.032348804500703e-06,0,Low
1,0,0,0,12,2125,16,42148,648,1817,0.1517619670520617,1,0,1,14,0,7.032348804500703e-06,0,Low
3,2,0,2,7,2627,0,68430,703,1855,0.0907900324449778,0,1,1,3,0,7.032348804500703e-06,0,Low
2,1,0,0,37,3044,1,64629,670,1492,0.1436835170879493,0,0,1,4,0,7.032348804500703e-06,0,Low
1,2,0,0,28,3044,20,34034,529,1955,0.0849038718463882,1,0,0,3,0,7.032348804500703e-06,0,Low
0,1,1,0,30,2244,3,45935,506,2379,0.1910231597404794,0,0,1,0,0,7.032348804500703e-06,0,Low
3,2,0,0,11,2793,0,46262,637,1164,0.16603539475547,0,0,1,9,0,7.032348804500703e-06,0,Low
2,1,1,3,19,3288,6,35539,686,2306,0.1880212824911763,0,1,1,2,0,7.032348804500703e-06,0,Low
1,0,0,2,37,2011,7,43511,620,1039,0.1293602401910686,0,0,1,4,0,7.032348804500703e-06,0,Low
3,1,0,0,1,3478,7,36994,563,2692,0.2032416535056586,0,0,1,3,0,7.032348804500703e-06,0,Low
3,0,0,1,2,1108,9,67399,611,1416,0.150467817211578,0,0,1,3,0,7.032348804500703e-06,0,Low
2,0,0,0,8,890,21,66651,607,1464,0.1201931994878836,1,0,1,0,0,7.032348804500703e-06,0,Low
2,0,0,0,9,1793,0,89901,509,1261,0.1710192376522638,1,0,1,12,0,7.032348804500703e-06,0,Low
1,2,0,1,35,1952,18,37742,528,2938,0.1848181387103575,0,0,1,14,0,7.032348804500703e-06,0,Low
3,0,0,0,14,3033,7,31628,521,3007,0.1890116813911889,0,0,1,12,0,7.032348804500703e-06,0,Low
0,0,1,0,1,937,0,57538,646,1639,0.1084666990284354,0,0,1,14,0,7.032348804500703e-06,0,Low
2,1,0,0,2,3106,21,55615,617,1902,0.1966520426443573,1,0,0,7,0,7.032348804500703e-06,0,Low
2,1,0,0,13,3413,6,64727,672,1702,0.1938649590896323,0,0,0,10,0,7.032348804500703e-06,0,Low
3,1,0,1,38,1632,19,39036,579,2060,0.2000066690894653,1,0,1,3,0,7.032348804500703e-06,0,Low
1,0,1,1,26,3459,22,70424,527,1794,0.0929974299577107,0,0,1,1,0,7.032348804500703e-06,0,Low
3,0,0,1,38,1884,10,31551,554,2735,0.1279048776663218,0,0,1,6,0,7.032348804500703e-06,0,Low
0,0,1,2,7,1495,7,36539,580,2516,0.1552761224524884,0,0,0,2,0,7.032348804500703e-06,0,Low
4,0,1,1,28,996,3,49295,654,1716,0.1219580065604372,0,0,1,6,0,7.032348804500703e-06,0,Low
1,1,0,0,32,2943,24,44073,604,1210,0.138904678330569,0,0,1,0,0,7.032348804500703e-06,0,Low
1,1,0,0,30,1888,16,51103,602,1466,0.1376780077197779,1,0,1,8,0,7.032348804500703e-06,0,Low
1,0,0,0,5,2221,16,68260,723,2404,0.0981370819953509,0,0,1,12,0,7.032348804500703e-06,0,Low
2,1,0,0,24,3226,0,49580,530,2160,0.1818318985159972,0,0,1,14,0,7.032348804500703e-06,0,Low
3,0,1,2,31,3061,4,31685,689,1880,0.1265042664471302,0,0,1,2,0,7.032348804500703e-06,0,Low
1,0,0,0,38,1114,4,36602,549,2597,0.2156020988361265,0,0,1,7,0,7.032348804500703e-06,0,Low
2,2,0,1,10,3056,1,38187,726,2671,0.2015931313410318,0,0,1,6,0,7.032348804500703e-06,0,Low
3,0,0,1,4,2104,23,42250,547,1460,0.1520207312273,0,0,1,9,0,7.032348804500703e-06,0,Low
1,1,1,0,13,2082,19,72651,666,1842,0.1155103322923567,0,0,1,10,0,7.032348804500703e-06,0,Low
2,0,0,2,26,2975,19,34213,659,1404,0.1386396615279637,0,0,1,5,0,7.032348804500703e-06,0,Low
4,1,1,0,28,3004,10,36335,719,2566,0.1913203839807502,0,0,0,11,0,7.032348804500703e-06,0,Low
5,0,0,1,3,1529,10,61782,632,2141,0.1980507253250744,0,0,1,2,0,7.032348804500703e-06,0,Low
1,1,0,1,36,2653,15,48843,684,2733,0.1322835688469902,0,0,1,6,0,7.032348804500703e-06,0,Low
1,2,0,3,2,3143,3,58797,500,3452,0.0834164185326188,0,0,0,4,0,7.032348804500703e-06,0,Low
2,0,0,1,30,1919,5,35682,677,1706,0.1796176700119719,0,0,1,9,0,7.032348804500703e-06,0,Low
2,0,0,1,12,1015,11,62947,626,1376,0.1469578295697124,0,0,1,10,0,7.032348804500703e-06,0,Low
2,0,1,0,14,936,3,69692,668,1461,0.0872211394978776,0,0,1,12,0,7.032348804500703e-06,0,Low
2,1,0,1,8,1663,10,39664,557,1712,0.1730348428840095,0,0,1,3,0,7.032348804500703e-06,0,Low
1,2,1,1,23,1591,23,55447,519,2589,0.1030416879438605,0,0,1,13,0,7.032348804500703e-06,0,Low
2,1,0,3,8,3182,7,68299,717,1207,0.1188298517641456,0,0,1,6,0,7.032348804500703e-06,0,Low
3,0,1,1,15,1849,7,53653,627,1037,0.1676595797827522,0,0,1,13,0,7.032348804500703e-06,0,Low
2,2,1,1,2,2739,0,32180,596,2622,0.1479765434726824,0,0,0,9,0,7.032348804500703e-06,0,Low
1,0,0,0,1,828,15,43998,638,2380,0.1804210120612782,0,0,1,7,0,7.032348804500703e-06,0,Low
3,2,0,0,35,2824,4,35720,683,2897,0.2067572810036305,0,0,1,9,0,7.032348804500703e-06,0,Low
2,2,1,3,14,915,6,42139,613,1419,0.1472425976834008,0,0,1,13,0,7.032348804500703e-06,0,Low
2,1,0,1,35,1273,11,55456,530,1167,0.2091449871006523,0,0,0,0,0,7.032348804500703e-06,0,Low
1,0,0,0,4,2230,22,73146,735,1774,0.1314852094571276,0,0,1,6,0,7.032348804500703e-06,0,Low
2,0,0,0,38,1193,14,66351,689,2421,0.2033074871747523,0,0,1,14,0,7.032348804500703e-06,0,Low
3,1,0,0,36,2111,16,64872,505,2598,0.1857866978297389,0,0,1,6,0,7.032348804500703e-06,0,Low
1,1,0,2,26,2946,10,69027,747,1273,0.1391449682237144,0,0,1,9,0,7.032348804500703e-06,0,Low
1,1,0,0,10,1624,20,41957,706,2264,0.1427290277823319,0,0,1,2,0,7.032348804500703e-06,0,Low
0,1,1,0,7,1788,20,65027,538,2104,0.1257795002789423,0,0,1,12,0,7.032348804500703e-06,0,Low
2,1,0,1,9,2973,19,43243,675,1248,0.1012492021559515,0,0,1,10,0,7.032348804500703e-06,0,Low
3,0,1,2,39,2271,6,38866,684,1161,0.1307728535096701,0,0,0,2,0,7.032348804500703e-06,0,Low
2,1,0,1,12,2031,3,46444,740,1624,0.1515888196749205,0,0,1,14,0,7.032348804500703e-06,0,Low
0,0,1,1,11,3226,5,51618,519,2620,0.196385937917147,0,0,1,1,0,7.032348804500703e-06,0,Low
5,1,0,0,10,3180,13,96867,550,1837,0.1298716943003943,0,0,1,8,0,7.032348804500703e-06,0,Low
0,1,0,0,9,2611,10,53481,662,1963,0.1516538804181605,0,0,1,8,0,7.032348804500703e-06,0,Low
3,2,1,0,9,2530,24,48100,670,2487,0.1006616456571586,1,0,1,7,0,7.032348804500703e-06,0,Low
1,1,0,0,33,3372,6,44783,524,2959,0.2145723494387774,1,0,1,13,0,7.032348804500703e-06,0,Low
3,1,0,1,11,2573,0,57256,640,2140,0.1399259403812126,0,0,1,12,0,7.032348804500703e-06,0,Low
1,0,0,0,26,870,1,60426,533,1255,0.1551546938884032,0,0,1,6,0,7.032348804500703e-06,0,Low
1,1,0,2,13,1578,11,64359,505,2025,0.151762178587858,0,0,1,0,0,7.032348804500703e-06,0,Low
3,1,0,0,1,2149,15,38143,506,2610,0.1560871928068017,1,1,1,4,0,7.032348804500703e-06,0,Low
0,1,1,1,37,1434,4,47544,522,1552,0.1679133165549823,0,0,1,12,0,7.032348804500703e-06,0,Low
1,0,0,2,23,1894,2,77410,621,1132,0.1859921984980132,1,0,1,6,0,7.032348804500703e-06,0,Low
2,1,0,0,2,939,20,44264,721,2249,0.1246863451729746,0,0,1,1,0,7.032348804500703e-06,0,Low
3,2,1,0,14,1145,8,53399,603,2698,0.1344642688218862,0,0,1,3,0,7.032348804500703e-06,0,Low
3,1,1,1,23,2078,3,51686,650,1753,0.2097708245171671,0,0,1,13,0,7.032348804500703e-06,0,Low
2,0,1,1,26,2244,13,33671,648,1832,0.1350071263492357,1,1,0,0,0,7.032348804500703e-06,0,Low
2,0,0,3,14,3234,4,31447,682,5070,0.1504452728158,0,0,1,7,0,7.032348804500703e-06,0,Low
2,2,0,1,24,1297,9,66365,626,2298,0.1578841472594932,0,0,1,10,0,7.032348804500703e-06,0,Low
1,1,1,0,34,1105,7,34182,539,1709,0.1419683311833005,0,0,1,1,0,7.032348804500703e-06,0,Low
2,1,0,2,0,1037,16,63575,594,1702,0.145043749757037,0,0,0,8,0,7.032348804500703e-06,0,Low
3,0,1,0,2,1689,15,35510,740,2972,0.1128314120405056,0,0,1,7,0,7.032348804500703e-06,0,Low
5,0,1,0,9,1541,7,87718,593,1623,0.1896764188555698,0,0,0,9,0,7.032348804500703e-06,0,Low
2,2,0,0,8,1566,19,48323,721,1013,0.130775489809466,0,0,1,5,0,7.032348804500703e-06,0,Low
1,0,1,0,33,3358,20,32269,557,1389,0.1245179354808831,0,0,1,6,0,7.032348804500703e-06,0,Low
4,2,0,1,4,1190,7,40853,504,2966,0.1388817980507087,0,0,1,5,0,7.032348804500703e-06,0,Low
2,1,0,0,6,2402,1,61998,507,2074,0.1870336766674614,0,0,0,0,0,7.032348804500703e-06,0,Low
2,1,0,0,34,1001,11,92095,597,2543,0.1349901281547775,1,0,1,5,0,7.032348804500703e-06,0,Low
1,2,0,1,8,3093,6,49589,647,1192,0.1168437773538485,1,0,0,3,0,7.032348804500703e-06,0,Low
1,0,0,1,12,2576,19,34194,627,1347,0.0996810165907612,0,0,1,8,0,7.032348804500703e-06,0,Low
2,1,0,1,29,2711,4,63778,737,2756,0.1050751542679435,0,0,1,11,0,7.032348804500703e-06,0,Low
1,0,0,1,1,3326,4,83161,528,2856,0.1589045005050258,1,0,0,3,0,7.032348804500703e-06,0,Low
5,0,0,2,7,1189,1,39161,504,2171,0.096149646667157,0,0,1,7,0,7.032348804500703e-06,0,Low
0,0,1,1,9,1501,11,48020,604,1308,0.1896558561730013,0,0,0,9,0,7.032348804500703e-06,0,Low
1,0,1,0,34,1258,1,36983,514,1291,0.1669505583277588,0,0,1,1,0,7.032348804500703e-06,0,Low
2,0,0,2,36,3362,4,57001,603,1942,0.1554694355630107,1,1,1,5,0,7.032348804500703e-06,0,Low
1,0,0,1,4,2004,14,38248,508,1654,0.105667167187676,0,0,1,2,0,7.032348804500703e-06,0,Low
0,2,0,2,33,1909,16,50600,545,1435,0.1732359602617019,0,0,0,6,0,7.032348804500703e-06,0,Low
3,1,1,1,12,2875,6,81893,516,1971,0.1176353991276092,1,0,1,4,0,7.032348804500703e-06,0,Low
2,2,0,1,12,1797,4,59791,747,2431,0.1599567153009479,0,0,0,0,0,7.032348804500703e-06,0,Low
3,1,0,0,25,1589,3,36602,669,2819,0.1996734223076312,0,0,0,0,0,7.032348804500703e-06,0,Low
1,1,1,1,38,3041,9,49888,638,2302,0.1891093323502391,1,0,1,6,0,7.032348804500703e-06,0,Low
5,0,1,0,27,2365,16,53732,566,1183,0.192600170468348,0,0,1,2,0,7.032348804500703e-06,0,Low
0,1,0,0,35,1514,13,47897,642,2255,0.112980738565436,0,0,1,1,0,7.032348804500703e-06,0,Low
2,1,1,3,6,2287,6,71208,685,5770,0.1282570621519351,0,0,0,6,0,7.032348804500703e-06,0,Low
0,0,0,0,4,911,14,40172,606,2843,0.2037696372253048,0,0,1,14,0,7.032348804500703e-06,0,Low
3,1,0,1,34,2668,3,40700,577,2598,0.09018357369615,0,0,1,3,0,7.032348804500703e-06,0,Low
1,0,1,1,12,1888,19,36773,624,2929,0.1155362369974981,0,0,1,4,0,7.032348804500703e-06,0,Low
2,1,0,1,15,1102,11,34989,701,1497,0.1236968902732112,0,0,1,8,0,7.032348804500703e-06,0,Low
5,1,1,0,15,1058,23,31388,506,1872,0.1073794918765911,0,0,1,12,0,7.032348804500703e-06,0,Low
6,0,1,0,30,1953,9,60639,504,2051,0.1664703414091641,0,0,1,8,0,7.032348804500703e-06,0,Low
0,0,1,0,0,2037,5,52533,569,1777,0.179086140841072,0,0,1,14,0,7.032348804500703e-06,0,Low
3,0,1,0,8,1208,0,69762,704,1266,0.0932794523799594,0,0,1,2,0,7.032348804500703e-06,0,Low
5,0,1,1,0,1886,8,44969,581,1023,0.1725667242238286,0,0,0,7,0,7.032348804500703e-06,0,Low
2,0,1,0,4,3359,13,93416,609,1186,0.0845910194783312,1,0,0,10,0,7.032348804500703e-06,0,Low
2,0,0,0,36,883,15,30688,596,1412,0.0832400973119033,0,0,1,3,0,7.032348804500703e-06,0,Low
2,0,0,0,13,3118,3,66637,645,2761,0.1080890028524805,0,0,1,9,0,7.032348804500703e-06,0,Low
3,1,1,1,15,1787,2,50817,523,1081,0.1613662719966351,0,0,1,7,0,7.032348804500703e-06,0,Low
3,0,1,1,26,1180,2,59488,733,1542,0.1635065796799897,0,0,1,10,0,7.032348804500703e-06,0,Low
2,1,1,3,36,1209,6,55372,609,2394,0.2051209488543811,0,0,1,4,0,7.032348804500703e-06,0,Low
4,1,0,0,30,2485,2,52963,621,1978,0.1375543077477412,0,0,1,4,0,7.032348804500703e-06,0,Low
0,1,0,0,11,2967,17,57187,727,1669,0.0944410385129176,0,0,1,14,0,7.032348804500703e-06,0,Low
1,1,0,1,32,1689,10,93400,567,1163,0.1591963632835049,1,0,1,2,0,7.032348804500703e-06,0,Low
2,0,1,2,37,2904,15,30504,567,2499,0.1981068215869749,0,0,1,10,0,7.032348804500703e-06,0,Low
2,0,0,3,29,2527,21,67528,651,2422,0.1495100543611965,0,0,1,12,0,7.032348804500703e-06,0,Low
0,2,0,0,30,1917,11,70058,536,1852,0.1430516146706203,0,0,1,4,0,7.032348804500703e-06,0,Low
3,2,1,1,13,1739,16,54318,513,1960,0.1331405300173934,0,0,1,4,0,7.032348804500703e-06,0,Low
2,2,0,0,27,1255,3,56874,635,1407,0.1671561434887201,0,0,1,14,0,7.032348804500703e-06,0,Low
0,0,1,0,28,2182,14,73926,514,2689,0.1006108708005367,0,0,1,6,0,7.032348804500703e-06,0,Low
0,0,1,1,13,1554,8,37411,717,1405,0.1487254368006065,0,0,1,5,0,7.032348804500703e-06,0,Low
2,2,0,0,6,988,10,40242,645,1611,0.1719659560588728,0,0,1,7,0,7.032348804500703e-06,0,Low
2,1,1,1,30,3269,22,63178,606,2315,0.1176645475644964,0,0,1,5,0,7.032348804500703e-06,0,Low
3,0,1,1,3,2690,9,48216,632,2251,0.0902899392954404,0,0,1,8,0,7.032348804500703e-06,0,Low
5,0,0,0,31,2431,2,83145,705,1740,0.1589259318700944,0,0,1,14,0,7.032348804500703e-06,0,Low
2,1,1,0,26,3358,4,52917,565,1167,0.1854881067573161,0,0,1,5,0,7.032348804500703e-06,0,Low
4,1,0,1,39,1391,16,63895,557,2981,0.208018428343513,0,0,1,8,0,7.032348804500703e-06,0,Low
3,0,0,1,0,2721,9,70972,649,1646,0.0828746716016426,1,0,1,3,0,7.032348804500703e-06,0,Low
1,2,0,1,7,3068,15,47828,536,2964,0.2114207533118767,1,0,0,14,0,7.032348804500703e-06,0,Low
2,2,0,3,14,1560,16,43478,614,4180,0.0902481419169714,0,0,1,4,0,7.032348804500703e-06,0,Low
3,1,1,1,14,1241,19,33955,568,1655,0.099695547479211,0,0,1,6,0,7.032348804500703e-06,0,Low
2,0,0,1,3,2808,21,55025,536,2634,0.083369093365187,0,0,1,0,0,7.032348804500703e-06,0,Low
2,0,1,0,12,2096,24,55148,739,3081,0.1200583761382363,0,0,1,10,0,7.032348804500703e-06,0,Low
1,0,0,2,28,3050,17,38814,505,1606,0.2113519834727796,0,0,1,4,0,7.032348804500703e-06,0,Low
2,2,0,0,14,2248,8,71184,731,1177,0.1024234280103628,0,0,1,11,0,7.032348804500703e-06,0,Low
0,1,0,0,29,3197,14,67077,509,1106,0.1461172947617915,0,0,1,14,0,7.032348804500703e-06,0,Low
1,1,0,1,36,844,4,54162,702,2337,0.1971884072032165,0,0,1,3,0,7.032348804500703e-06,0,Low
1,2,0,2,23,1924,2,34033,558,2586,0.1362306918847489,0,1,1,3,0,7.032348804500703e-06,0,Low
2,2,0,1,4,2237,12,41808,522,2873,0.1497091573380101,1,0,1,9,0,7.032348804500703e-06,0,Low
0,1,1,3,10,2754,21,61382,701,2943,0.106640365336825,0,0,1,3,0,7.032348804500703e-06,0,Low
2,2,1,1,34,3040,4,51566,740,2343,0.1972815000679521,0,0,1,8,0,7.032348804500703e-06,0,Low
0,2,1,1,6,2094,10,50224,676,3056,0.1678209581459449,0,0,1,5,0,7.032348804500703e-06,0,Low
1,0,0,1,4,3262,6,64862,641,2108,0.1518751569628562,0,0,0,5,0,7.032348804500703e-06,0,Low
3,0,1,0,26,1180,22,48373,528,2970,0.1757279721733179,1,0,0,5,0,7.032348804500703e-06,0,Low
4,1,0,1,1,1356,10,57624,567,1623,0.2138392872922108,1,0,1,0,0,7.032348804500703e-06,0,Low
2,0,0,0,27,2043,19,43986,650,2050,0.0819105816468538,0,1,1,2,0,7.032348804500703e-06,0,Low
2,1,0,1,29,3346,7,54460,727,1906,0.2110448810185878,0,0,1,4,0,7.032348804500703e-06,0,Low
0,0,1,0,26,3348,2,54759,545,2171,0.139625462703992,1,0,1,6,0,7.032348804500703e-06,0,Low
2,1,1,1,8,1507,14,44281,514,1528,0.0950623618769492,1,0,0,5,0,7.032348804500703e-06,0,Low
1,2,1,3,14,1991,12,56877,729,4558,0.1571051804460354,0,0,1,6,0,7.032348804500703e-06,0,Low
2,0,1,0,0,3377,4,55361,715,2766,0.1558839393271577,0,0,1,0,0,7.032348804500703e-06,0,Low
2,0,1,1,38,1816,17,32322,669,1959,0.1298157870580474,0,0,1,2,0,7.032348804500703e-06,0,Low
3,1,1,3,1,2926,11,65288,739,1603,0.1009144692435226,0,0,0,12,0,7.032348804500703e-06,0,Low
5,1,0,1,26,1001,1,32409,650,2201,0.1901110154323395,0,0,1,0,0,7.032348804500703e-06,0,Low
1,1,0,0,12,3375,18,41018,512,1965,0.0868700210353533,1,0,1,12,0,7.032348804500703e-06,0,Low
1,0,0,0,8,1976,8,73286,626,1384,0.0890694381206389,0,0,1,13,0,7.032348804500703e-06,0,Low
0,1,0,0,34,1480,20,43228,541,2293,0.1047786454534817,1,0,1,8,0,7.032348804500703e-06,0,Low
2,0,0,0,31,1471,1,69180,706,2061,0.125441633797213,0,0,1,6,0,7.032348804500703e-06,0,Low
3,1,1,2,10,2663,21,57779,698,1942,0.1345342026464656,0,1,1,1,0,7.032348804500703e-06,0,Low
4,0,0,2,0,2144,20,48101,612,1794,0.0901987694826039,0,0,1,7,0,7.032348804500703e-06,0,Low
3,1,0,1,28,2777,20,42081,675,1104,0.1587282678010564,0,0,0,4,0,7.032348804500703e-06,0,Low
1,1,1,2,3,3143,11,49596,620,2896,0.11419248835491,0,0,1,13,0,7.032348804500703e-06,0,Low
4,1,0,0,26,2227,6,44169,690,2972,0.2083311792364397,0,0,1,1,0,7.032348804500703e-06,0,Low
1,2,1,3,37,2903,21,31638,531,2032,0.1396790662289505,0,0,1,4,0,7.032348804500703e-06,0,Low
1,2,0,1,26,1391,11,62294,577,2468,0.1246502885065677,0,0,1,3,0,7.032348804500703e-06,0,Low
0,2,1,2,30,3338,19,46692,642,1539,0.0812789830096995,0,0,1,1,0,7.032348804500703e-06,0,Low
1,1,1,1,4,2761,11,61428,726,2026,0.1383433179584897,0,0,0,12,0,7.032348804500703e-06,0,Low
1,2,0,1,0,3364,22,54579,536,2610,0.1211139827339034,0,0,1,13,0,7.032348804500703e-06,0,Low
4,1,0,0,31,1843,23,47845,526,1477,0.122938770361903,0,0,1,7,0,7.032348804500703e-06,0,Low
1,0,1,1,1,2838,19,67501,683,2287,0.1646366139846533,0,0,1,7,0,7.032348804500703e-06,0,Low
3,2,0,0,29,1937,16,67590,591,2128,0.157926953511078,0,0,0,1,0,7.032348804500703e-06,0,Low
2,2,0,0,0,2166,0,43766,677,2330,0.1469787200895186,1,0,1,10,0,7.032348804500703e-06,0,Low
0,2,0,0,5,2260,13,36330,583,1818,0.1784823037707533,0,0,1,0,0,7.032348804500703e-06,0,Low
5,0,0,1,2,823,18,61756,651,1177,0.1384682420232902,0,0,1,1,0,7.032348804500703e-06,0,Low
2,0,0,0,1,2052,23,55942,620,2164,0.0821283534534609,0,0,1,8,0,7.032348804500703e-06,0,Low
4,1,0,1,7,2082,13,56966,571,2056,0.2064010314434397,0,0,1,11,0,7.032348804500703e-06,0,Low
2,2,0,0,14,2518,15,69872,605,1899,0.1954301713078676,0,0,1,6,0,7.032348804500703e-06,0,Low
4,1,0,0,28,1646,12,37777,564,1934,0.190102870528122,0,0,1,12,0,7.032348804500703e-06,0,Low
2,2,0,0,7,2940,14,92468,676,2115,0.1204730325434973,1,0,1,6,0,7.032348804500703e-06,0,Low
1,0,1,0,15,2140,9,31733,702,2406,0.1890856196057312,0,0,1,0,0,7.032348804500703e-06,0,Low
1,2,0,0,13,1452,14,61147,745,2154,0.0875971220363312,0,0,1,10,0,7.032348804500703e-06,0,Low
1,0,0,2,5,1518,5,67627,697,1507,0.1665997577333334,0,0,0,6,0,7.032348804500703e-06,0,Low
2,0,0,1,34,1485,7,55382,547,2524,0.111959551095901,0,0,1,13,0,7.032348804500703e-06,0,Low
2,2,0,0,3,3295,14,67063,610,2332,0.1133252821773508,0,0,1,13,0,7.032348804500703e-06,0,Low
0,2,0,0,35,2363,22,59075,664,2594,0.1244669404250068,0,0,1,1,0,7.032348804500703e-06,0,Low
1,1,0,1,23,3071,12,38907,746,2914,0.1838584998762685,0,1,1,13,0,7.032348804500703e-06,0,Low
1,1,0,0,34,3368,20,49243,731,1283,0.1196928657919626,0,0,1,10,0,7.032348804500703e-06,0,Low
1,1,0,1,0,929,23,45903,515,1938,0.1060615135705725,0,0,1,11,0,7.032348804500703e-06,0,Low
2,1,1,3,11,1691,4,48837,702,5121,0.1057867860429428,0,0,0,12,0,7.032348804500703e-06,0,Low
0,1,0,1,10,3220,23,41393,748,1432,0.1110911050778452,0,0,1,6,0,7.032348804500703e-06,0,Low
2,1,1,0,9,1941,18,31953,507,2704,0.1432316246525233,1,0,1,5,0,7.032348804500703e-06,0,Low
1,1,0,1,23,1221,22,50385,681,2378,0.1274837934405332,0,0,1,8,0,7.032348804500703e-06,0,Low
5,2,0,0,31,1981,10,61194,582,1894,0.1105588079728547,0,0,0,9,0,7.032348804500703e-06,0,Low
2,0,0,1,8,990,20,45013,556,1421,0.1068479099493061,1,0,0,13,0,7.032348804500703e-06,0,Low
2,0,1,0,4,1453,19,88030,515,2603,0.161521583614956,1,0,1,11,0,7.032348804500703e-06,0,Low
2,0,0,2,12,2378,9,35612,636,2589,0.1531348758762771,0,0,0,11,0,7.032348804500703e-06,0,Low
0,2,0,0,10,2899,10,50276,612,2258,0.1957870687429955,0,0,1,13,0,7.032348804500703e-06,0,Low
0,0,0,0,7,1958,6,54732,566,2534,0.0972393739577959,1,0,1,2,0,7.032348804500703e-06,0,Low
3,2,0,0,33,1829,3,80788,651,1476,0.203652110938454,1,0,1,7,0,7.032348804500703e-06,0,Low
2,1,1,3,1,2585,8,37402,635,1549,0.1708048538224231,0,0,1,5,0,7.032348804500703e-06,0,Low
0,0,1,0,3,995,14,30683,742,2529,0.1717086888529097,0,0,1,3,0,7.032348804500703e-06,0,Low
2,2,0,0,38,3303,13,30810,558,2247,0.0923911742180527,1,0,1,9,0,7.032348804500703e-06,0,Low
4,1,1,1,4,816,12,46350,588,2278,0.160633407903327,0,0,1,12,0,7.032348804500703e-06,0,Low
1,1,0,0,5,1464,2,42044,614,1052,0.1114397626825874,0,0,1,6,0,7.032348804500703e-06,0,Low
3,0,1,0,0,2490,12,71173,634,1975,0.1391005642013976,0,0,1,6,0,7.032348804500703e-06,0,Low
2,0,1,0,33,1075,5,43223,611,1929,0.1603217322393922,0,0,1,6,0,7.032348804500703e-06,0,Low
0,1,0,0,24,2034,10,53084,534,2604,0.130460600643364,0,0,1,7,0,7.032348804500703e-06,0,Low
1,2,0,1,34,1587,11,38716,696,2519,0.1811805040742097,0,0,1,4,0,7.032348804500703e-06,0,Low
3,4,0,0,31,3057,11,40363,527,1291,0.1916189911087066,0,0,0,7,0,0.0,0,
