inquiry_date,house_age,heating_system,house_size_sqm,num_rooms,household_income,postal_region,marketing_channel,contact_attempts,property_value,day_of_week,energy_consumption_kwh,converted
2023-04-15,10-30 years,Gas,96.0,4,59600.0,NW,Referral,4,235000.0,Sat,14027.0,0
2023-11-21,10-30 years,Oil,157.0,6,30000.0,BE,Display,5,315000.0,Wed,13991.0,0
2023-06-23,<10 years,Oil,151.0,5,49000.0,NW,Organic,3,441000.0,Sun,21844.0,0
2024-06-21,10-30 years,Oil,242.0,8,99500.0,BY,Paid Social,4,574000.0,Thu,17041.0,0
2024-02-03,10-30 years,Gas,177.0,7,89600.0,NW,Organic,5,361000.0,Tue,,0
2024-01-24,10-30 years,Gas,105.0,4,59400.0,NW,Display,3,245000.0,Fri,17932.0,0
2024-12-02,10-30 years,Electric,112.0,4,30800.0,Other,Organic,3,254000.0,Thu,17569.0,0
2024-12-01,<10 years,Gas,163.0,7,53100.0,BW,Comparison Site,6,430000.0,Wed,27386.0,0
2023-09-12,>30 years,Gas,148.0,4,48200.0,NW,Organic,5,340000.0,Tue,8047.0,0
2023-03-27,10-30 years,Gas,146.0,6,64300.0,NW,Display,5,332000.0,Sun,17887.0,0
2024-02-28,10-30 years,Oil,153.0,7,63700.0,BY,Paid Social,4,438000.0,Fri,5132.0,1
2024-04-15,>30 years,District,181.0,7,73000.0,HE,Referral,3,393000.0,Sun,20147.0,0
2024-02-23,<10 years,Electric,224.0,7,34300.0,HE,Paid Social,4,564000.0,Tue,,0
2023-09-03,>30 years,Gas,203.0,7,30000.0,BW,Organic,2,456000.0,Sun,24116.0,0
2023-09-21,10-30 years,Gas,109.0,3,50300.0,BE,Organic,4,254000.0,Fri,,0
2023-01-04,10-30 years,District,129.0,5,39400.0,NW,Organic,4,280000.0,Fri,12802.0,0
2024-12-18,10-30 years,Electric,60.0,2,64700.0,Other,Paid Social,4,151000.0,Sun,,0
2024-03-21,10-30 years,Gas,158.0,7,61500.0,BE,Display,3,331000.0,Mon,14282.0,0
2024-10-15,<10 years,Electric,129.0,6,36300.0,HE,Paid Social,2,335000.0,Fri,11560.0,0
2023-01-08,>30 years,Gas,149.0,5,67100.0,Other,Organic,4,311000.0,Fri,12167.0,0
2024-02-17,>30 years,Oil,117.0,5,79000.0,BE,Comparison Site,4,201000.0,Mon,16148.0,0
2024-02-04,10-30 years,Gas,117.0,3,113900.0,Other,Organic,6,233000.0,Fri,,0
2024-05-22,>30 years,District,88.0,4,38000.0,Other,Display,1,224000.0,Mon,13555.0,0
2024-08-18,>30 years,Electric,137.0,4,55200.0,Other,Referral,1,386000.0,Thu,18542.0,0
2024-06-10,10-30 years,Gas,173.0,5,47200.0,BW,Comparison Site,3,296000.0,Sat,11003.0,0
2023-12-16,10-30 years,Oil,123.0,4,127800.0,BY,Paid Social,4,375000.0,Sat,,0
2024-01-23,<10 years,Gas,176.0,5,30000.0,HE,Display,2,519000.0,Fri,11309.0,0
2023-01-08,>30 years,Gas,122.0,5,80800.0,BY,Organic,3,312000.0,Tue,17690.0,0
2023-05-18,>30 years,Gas,150.0,6,50800.0,NW,Organic,4,440000.0,Fri,14406.0,0
2023-11-26,<10 years,Oil,204.0,8,40000.0,NW,Paid Social,3,451000.0,Mon,13125.0,0
2023-03-28,10-30 years,Gas,130.0,5,55300.0,NW,Display,1,322000.0,Thu,14310.0,0
2023-02-15,>30 years,Oil,159.0,7,65000.0,Other,Organic,7,418000.0,Sun,16820.0,0
2023-01-07,<10 years,Oil,160.0,6,30000.0,NW,Organic,1,391000.0,Thu,,0
2024-11-12,10-30 years,Oil,161.0,5,53800.0,Other,Organic,3,314000.0,Wed,23453.0,0
2023-01-11,10-30 years,Gas,171.0,8,52800.0,Other,Paid Social,2,500000.0,Sat,14245.0,0
2023-10-03,10-30 years,Gas,160.0,6,31700.0,HE,Display,2,390000.0,Thu,11375.0,0
2024-11-05,<10 years,Gas,109.0,5,83300.0,HE,Display,1,186000.0,Tue,11304.0,0
2024-04-09,10-30 years,Gas,133.0,5,40000.0,BY,Organic,6,258000.0,Mon,,0
2024-11-08,10-30 years,Oil,173.0,6,99100.0,Other,Referral,4,409000.0,Mon,,0
2023-04-16,>30 years,District,178.0,7,47500.0,Other,Paid Social,4,468000.0,Thu,,0
2023-03-24,10-30 years,Gas,120.0,4,30000.0,NW,Paid Social,3,392000.0,Thu,20345.0,0
2024-10-08,10-30 years,Oil,189.0,8,109400.0,BY,Organic,4,469000.0,Sun,8817.0,0
2023-12-01,10-30 years,Gas,131.0,4,36400.0,Other,Paid Social,8,382000.0,Tue,23773.0,0
2023-01-14,<10 years,Gas,163.0,6,47000.0,Other,Organic,1,412000.0,Thu,9908.0,0
2023-10-26,>30 years,Oil,158.0,6,44900.0,HE,Display,3,369000.0,Tue,12644.0,0
2023-11-07,>30 years,Oil,113.0,4,48100.0,BE,Display,2,298000.0,Tue,21063.0,0
2024-07-15,10-30 years,Electric,139.0,6,63800.0,Other,Paid Social,4,350000.0,Mon,16332.0,0
2023-01-13,10-30 years,Oil,68.0,2,95200.0,BY,Paid Social,2,149000.0,Wed,22834.0,0
2023-01-07,10-30 years,Gas,134.0,6,30000.0,BY,Referral,1,279000.0,Sat,18772.0,0
2024-04-04,10-30 years,Oil,199.0,7,55400.0,BE,Organic,2,540000.0,Fri,14403.0,0
2023-02-07,<10 years,Electric,74.0,3,90500.0,HE,Organic,6,194000.0,Tue,15557.0,0
2023-08-04,10-30 years,Oil,115.0,4,61000.0,HE,Organic,2,412000.0,Wed,16108.0,0
2023-01-27,>30 years,District,132.0,5,67400.0,Other,Paid Social,3,266000.0,Sun,8841.0,0
2024-02-02,<10 years,Gas,65.0,3,91500.0,Other,Organic,4,151000.0,Sun,16951.0,0
2023-11-25,10-30 years,Electric,70.0,2,32400.0,BY,Display,4,233000.0,Sun,,0
2024-11-28,<10 years,Gas,232.0,7,64000.0,NW,Organic,1,567000.0,Sun,14601.0,0
2024-02-11,<10 years,Oil,173.0,5,83000.0,Other,Organic,2,514000.0,Thu,,0
2023-11-28,10-30 years,Oil,190.0,7,71600.0,BW,Display,3,491000.0,Wed,,0
2023-04-01,10-30 years,Gas,164.0,6,47200.0,NW,Display,4,353000.0,Mon,10586.0,0
2024-02-25,>30 years,District,173.0,8,30000.0,NW,Paid Social,2,489000.0,Sun,23371.0,0
2023-04-03,10-30 years,Gas,137.0,5,67200.0,NW,Organic,1,227000.0,Wed,15748.0,0
2023-02-27,10-30 years,Gas,192.0,7,47600.0,BY,Paid Social,2,477000.0,Fri,12041.0,0
2023-07-01,10-30 years,Electric,207.0,7,75900.0,HE,Paid Social,1,474000.0,Sun,13379.0,0
2023-03-24,>30 years,Gas,123.0,4,43500.0,NW,Organic,1,281000.0,Thu,,0
2023-02-24,<10 years,Gas,140.0,5,104000.0,HE,Paid Social,8,348000.0,Sun,11057.0,0
2024-05-17,10-30 years,Oil,127.0,4,90500.0,BY,Display,2,357000.0,Fri,,0
2024-12-07,>30 years,Electric,147.0,6,36200.0,Other,Display,2,421000.0,Thu,10539.0,0
2023-10-05,<10 years,District,180.0,6,115900.0,BY,Organic,2,443000.0,Thu,11775.0,0
2023-12-27,>30 years,Electric,143.0,4,35000.0,Other,Organic,8,307000.0,Sat,16730.0,0
2024-12-28,10-30 years,Electric,80.0,2,76300.0,BY,Organic,4,164000.0,Fri,23145.0,0
2023-01-01,<10 years,District,189.0,7,54200.0,NW,Paid Social,1,424000.0,Wed,23569.0,0
2023-03-02,10-30 years,Oil,119.0,5,56800.0,Other,Referral,2,256000.0,Sun,,0
2024-07-06,<10 years,Gas,166.0,6,92700.0,NW,Paid Social,5,377000.0,Mon,18542.0,0
2023-09-23,10-30 years,Electric,170.0,6,69200.0,BY,Comparison Site,2,501000.0,Fri,15768.0,0
2023-04-17,10-30 years,Gas,133.0,5,36300.0,BE,Referral,4,234000.0,Mon,7367.0,0
2024-11-05,<10 years,Gas,113.0,4,48600.0,BW,Paid Social,1,263000.0,Sat,10605.0,0
2023-12-22,>30 years,Electric,131.0,4,72500.0,BY,Comparison Site,2,302000.0,Thu,19154.0,0
2023-11-16,10-30 years,District,214.0,8,91900.0,BY,Display,3,516000.0,Wed,,0
2024-02-27,10-30 years,Gas,112.0,3,84100.0,HE,Comparison Site,2,254000.0,Wed,,0
2024-10-03,10-30 years,Gas,106.0,3,55100.0,HE,Organic,2,203000.0,Wed,13848.0,0
2023-04-04,<10 years,Gas,158.0,5,51900.0,HE,Display,3,420000.0,Thu,25848.0,0
2024-10-19,>30 years,Gas,141.0,4,133300.0,BW,Comparison Site,3,386000.0,Mon,20485.0,0
2023-09-20,>30 years,Gas,134.0,5,85900.0,Other,Display,2,273000.0,Wed,7114.0,0
2024-10-07,<10 years,Oil,114.0,4,55400.0,BW,Comparison Site,4,340000.0,Wed,14143.0,0
2024-11-11,10-30 years,Gas,149.0,6,60700.0,Other,Comparison Site,5,425000.0,Sun,,0
2023-10-18,10-30 years,Gas,144.0,6,39300.0,BW,Referral,7,335000.0,Thu,,0
2023-08-10,10-30 years,Electric,203.0,8,52300.0,Other,Organic,5,551000.0,Sun,12560.0,0
2024-02-16,>30 years,Oil,115.0,5,47400.0,BY,Referral,3,242000.0,Wed,18799.0,0
2024-12-20,<10 years,Gas,131.0,5,51500.0,BE,Display,2,289000.0,Sun,,0
2024-03-01,10-30 years,Oil,201.0,6,93500.0,NW,Organic,2,456000.0,Wed,9379.0,0
2023-12-05,<10 years,Gas,129.0,4,35900.0,BE,Paid Social,2,329000.0,Sun,10447.0,0
2023-12-23,10-30 years,District,121.0,6,55400.0,NW,Referral,2,247000.0,Thu,20001.0,0
2024-03-19,10-30 years,Gas,168.0,7,41000.0,HE,Display,3,494000.0,Wed,17593.0,0
2024-11-20,>30 years,District,156.0,7,66300.0,BE,Paid Social,4,283000.0,Tue,20675.0,0
2024-05-01,>30 years,Electric,138.0,5,102800.0,BW,Display,4,374000.0,Mon,19019.0,0
2024-11-17,<10 years,Oil,153.0,4,79600.0,BY,Comparison Site,7,427000.0,Sun,12278.0,0
2024-11-08,>30 years,Gas,169.0,6,65500.0,Other,Display,4,482000.0,Wed,14152.0,0
2024-08-16,10-30 years,Electric,156.0,6,89700.0,Other,Organic,5,431000.0,Sat,,0
2023-12-25,10-30 years,Gas,173.0,7,85800.0,Other,Display,3,417000.0,Mon,13723.0,0
2024-03-14,<10 years,Gas,142.0,5,50400.0,BW,Organic,3,411000.0,Sun,5881.0,0
2024-07-03,<10 years,Gas,109.0,5,30200.0,BW,Display,1,206000.0,Tue,22143.0,0
2023-12-04,10-30 years,Oil,173.0,5,95400.0,NW,Display,2,410000.0,Wed,17441.0,0
2023-01-14,>30 years,Gas,139.0,4,37400.0,BE,Paid Social,7,281000.0,Tue,17195.0,0
2024-02-24,10-30 years,District,138.0,5,37600.0,NW,Display,4,434000.0,Mon,12244.0,0
2023-10-03,>30 years,Gas,180.0,6,53800.0,NW,Organic,1,413000.0,Thu,12253.0,0
2024-03-16,>30 years,Electric,216.0,8,47400.0,BY,Organic,5,488000.0,Sat,14910.0,0
2023-07-22,10-30 years,Gas,83.0,3,37400.0,Other,Paid Social,5,193000.0,Mon,6596.0,0
2024-03-06,>30 years,Gas,137.0,3,57800.0,HE,Referral,1,346000.0,Fri,,0
2024-05-22,<10 years,Gas,147.0,3,53200.0,BY,Display,4,271000.0,Thu,,0
2023-09-02,<10 years,District,154.0,6,72700.0,HE,Referral,4,403000.0,Sun,9067.0,0
2023-07-28,10-30 years,Gas,143.0,5,60200.0,BY,Organic,5,295000.0,Wed,24411.0,0
2024-07-05,10-30 years,Oil,146.0,5,68100.0,BY,Organic,5,372000.0,Sun,22516.0,0
2024-10-19,10-30 years,Gas,165.0,6,56400.0,BE,Organic,5,448000.0,Fri,,0
2024-01-17,10-30 years,Electric,142.0,6,68400.0,Other,Referral,2,337000.0,Tue,,0
2024-02-28,>30 years,Gas,129.0,6,50700.0,NW,Display,3,329000.0,Tue,5000.0,1
2024-12-21,10-30 years,Gas,128.0,5,56900.0,BY,Paid Social,4,249000.0,Sat,,0
2023-04-09,10-30 years,Oil,203.0,7,42600.0,BY,Referral,1,440000.0,Fri,19246.0,0
2024-12-17,10-30 years,Gas,229.0,8,42200.0,HE,Paid Social,4,660000.0,Wed,12130.0,0
2024-12-03,10-30 years,Gas,136.0,7,61100.0,HE,Display,4,320000.0,Wed,16369.0,0
2024-11-21,10-30 years,Gas,137.0,4,124600.0,Other,Referral,3,276000.0,Fri,13770.0,0
2024-11-03,>30 years,Oil,166.0,7,71000.0,BY,Paid Social,3,460000.0,Sun,,0
2023-04-10,10-30 years,Gas,155.0,7,49200.0,HE,Referral,4,375000.0,Mon,16138.0,1
2024-11-03,10-30 years,Gas,144.0,4,33300.0,BW,Display,3,374000.0,Sat,5000.0,0
2024-01-18,>30 years,Oil,100.0,5,79500.0,NW,Comparison Site,5,358000.0,Fri,14464.0,0
2024-10-23,>30 years,Gas,117.0,4,94800.0,NW,Paid Social,2,259000.0,Thu,24590.0,0
2024-03-10,<10 years,Oil,178.0,6,73500.0,BW,Organic,4,498000.0,Thu,6936.0,0
2023-04-08,<10 years,Oil,139.0,6,71900.0,Other,Organic,4,278000.0,Fri,17475.0,1
2024-02-22,>30 years,District,229.0,8,34000.0,BW,Organic,6,586000.0,Mon,18757.0,0
2023-08-10,>30 years,Gas,227.0,8,63000.0,BY,Paid Social,5,485000.0,Sat,,0
2023-05-18,10-30 years,Oil,113.0,4,47300.0,BE,Paid Social,4,205000.0,Thu,,0
2024-09-28,10-30 years,Gas,203.0,8,76500.0,BY,Organic,1,476000.0,Wed,17009.0,0
2023-01-04,10-30 years,Gas,145.0,5,39000.0,BW,Display,5,361000.0,Sun,12930.0,0
2024-02-08,10-30 years,Oil,156.0,6,58200.0,Other,Comparison Site,5,338000.0,Sun,15164.0,0
2024-05-14,>30 years,Gas,178.0,6,80800.0,BY,Paid Social,1,484000.0,Thu,15934.0,0
2024-12-15,10-30 years,Gas,190.0,8,44900.0,BW,Comparison Site,1,493000.0,Wed,13643.0,0
2023-08-23,>30 years,Oil,121.0,3,51600.0,BW,Paid Social,4,279000.0,Thu,7809.0,0
2024-01-25,10-30 years,Gas,238.0,7,84800.0,BY,Organic,3,561000.0,Fri,25803.0,1
2024-08-22,>30 years,Gas,161.0,6,121200.0,Other,Referral,1,484000.0,Thu,,0
2024-11-17,10-30 years,Gas,71.0,3,79900.0,BW,Comparison Site,9,236000.0,Thu,14014.0,0
2024-01-15,>30 years,Gas,140.0,5,61700.0,Other,Display,7,330000.0,Sat,6077.0,0
2023-08-05,>30 years,Gas,235.0,7,46700.0,Other,Comparison Site,1,589000.0,Mon,20403.0,0
2024-11-28,10-30 years,Gas,126.0,4,54700.0,NW,Paid Social,3,322000.0,Fri,16593.0,0
2024-12-07,10-30 years,Gas,242.0,8,77900.0,Other,Paid Social,6,610000.0,Mon,20759.0,0
2024-11-20,<10 years,Oil,155.0,6,48700.0,BW,Referral,5,487000.0,Tue,,0
2024-08-23,10-30 years,Gas,150.0,7,49900.0,NW,Organic,1,382000.0,Fri,,0
2024-10-13,>30 years,Electric,108.0,5,35800.0,BY,Referral,3,174000.0,Sun,12336.0,0
2023-07-19,10-30 years,District,175.0,6,134300.0,Other,Organic,5,406000.0,Thu,19852.0,0
2024-05-19,>30 years,Gas,137.0,5,88200.0,BY,Display,6,245000.0,Tue,11778.0,0
2023-10-26,10-30 years,Gas,149.0,5,51100.0,Other,Referral,3,363000.0,Sat,16416.0,0
2023-02-23,10-30 years,Oil,142.0,4,103000.0,NW,Referral,5,361000.0,Wed,12042.0,0
2023-10-21,10-30 years,Gas,184.0,4,70000.0,BW,Comparison Site,9,461000.0,Fri,11538.0,0
2023-02-01,10-30 years,Electric,142.0,5,41400.0,BW,Paid Social,2,380000.0,Fri,16798.0,0
2024-03-22,<10 years,Gas,60.0,2,48200.0,BE,Paid Social,3,111000.0,Sat,13263.0,0
2023-02-13,>30 years,Gas,116.0,5,40000.0,Other,Comparison Site,5,233000.0,Thu,12194.0,0
2024-09-07,>30 years,Gas,97.0,3,68600.0,Other,Organic,1,151000.0,Sun,10129.0,0
2023-08-22,10-30 years,Gas,209.0,8,141700.0,Other,Display,2,452000.0,Fri,9078.0,0
2024-05-12,10-30 years,Gas,174.0,8,59700.0,NW,Organic,6,397000.0,Sat,18021.0,0
2024-04-05,10-30 years,Gas,152.0,6,46600.0,Other,Paid Social,7,413000.0,Thu,18348.0,0
2024-01-14,10-30 years,Gas,142.0,4,56000.0,HE,Organic,2,375000.0,Thu,13247.0,0
2024-01-17,10-30 years,Oil,93.0,5,118200.0,BW,Paid Social,3,284000.0,Sat,8141.0,0
2023-11-20,10-30 years,Gas,141.0,6,80900.0,BY,Display,1,347000.0,Fri,14078.0,0
2024-06-26,>30 years,Electric,188.0,8,64000.0,NW,Referral,4,581000.0,Fri,19679.0,0
2024-07-07,<10 years,Gas,183.0,7,32000.0,NW,Display,1,460000.0,Sun,5000.0,0
2023-02-05,10-30 years,Gas,167.0,4,65800.0,NW,Paid Social,3,420000.0,Wed,7552.0,0
2023-01-22,>30 years,Gas,94.0,4,44700.0,BE,Paid Social,3,135000.0,Sat,13457.0,0
2023-12-20,<10 years,Oil,121.0,3,104600.0,BW,Comparison Site,1,323000.0,Thu,12063.0,0
2024-01-19,>30 years,Oil,165.0,6,40500.0,HE,Organic,1,330000.0,Mon,17667.0,1
2023-07-24,10-30 years,Gas,104.0,4,42900.0,NW,Display,4,332000.0,Wed,12757.0,0
2024-10-16,<10 years,Gas,179.0,7,75400.0,Other,Organic,1,459000.0,Wed,18263.0,0
2023-12-02,<10 years,District,97.0,2,61800.0,BW,Referral,5,247000.0,Mon,17437.0,0
2024-11-27,<10 years,Electric,106.0,4,43300.0,Other,Organic,3,233000.0,Fri,15549.0,0
2023-08-18,<10 years,Gas,97.0,2,38500.0,BW,Paid Social,4,259000.0,Fri,,0
2023-09-01,<10 years,Oil,130.0,3,124400.0,NW,Organic,4,367000.0,Thu,15746.0,0
2024-08-05,10-30 years,Gas,89.0,4,57800.0,Other,Comparison Site,3,229000.0,Fri,16563.0,0
2024-05-01,<10 years,Gas,131.0,5,62400.0,NW,Referral,1,380000.0,Mon,17335.0,0
2023-12-12,10-30 years,Electric,114.0,3,62600.0,Other,Paid Social,6,173000.0,Wed,17085.0,0
2024-01-14,>30 years,Oil,123.0,4,30000.0,Other,Organic,4,343000.0,Sat,23175.0,0
2023-01-18,>30 years,Gas,177.0,4,84200.0,BW,Comparison Site,2,378000.0,Wed,16766.0,0
2024-04-26,10-30 years,Electric,150.0,5,46600.0,NW,Comparison Site,3,440000.0,Tue,19490.0,0
2024-05-10,>30 years,Oil,177.0,7,46400.0,BY,Organic,3,439000.0,Sun,13597.0,0
2023-04-19,<10 years,Gas,239.0,8,61100.0,Other,Display,3,530000.0,Sat,7867.0,0
2023-07-26,<10 years,Gas,82.0,2,30000.0,BW,Comparison Site,3,207000.0,Sun,,0
2023-04-11,10-30 years,Gas,128.0,5,30000.0,Other,Display,5,278000.0,Fri,,0
2023-01-25,>30 years,Gas,109.0,4,83800.0,BE,Paid Social,2,353000.0,Mon,7743.0,0
2024-12-04,>30 years,Oil,122.0,5,78000.0,HE,Paid Social,2,236000.0,Fri,13570.0,1
2024-05-24,10-30 years,Gas,165.0,6,43500.0,NW,Display,6,381000.0,Fri,,0
2024-08-03,10-30 years,Gas,221.0,8,93500.0,HE,Comparison Site,4,509000.0,Sun,15194.0,1
2023-02-17,10-30 years,Electric,176.0,6,102900.0,BW,Display,5,452000.0,Thu,15403.0,0
2024-08-23,<10 years,District,169.0,5,34900.0,BY,Paid Social,2,448000.0,Tue,16544.0,0
2023-08-12,10-30 years,Oil,192.0,7,68600.0,Other,Organic,3,508000.0,Fri,21563.0,0
2023-10-23,10-30 years,Oil,210.0,7,48500.0,NW,Referral,4,490000.0,Tue,18655.0,0
2023-03-17,<10 years,Electric,222.0,8,30000.0,NW,Paid Social,1,566000.0,Mon,7266.0,0
2023-07-16,<10 years,Oil,169.0,6,35300.0,BW,Referral,4,511000.0,Mon,11963.0,0
2023-04-27,>30 years,Gas,112.0,4,69200.0,Other,Paid Social,2,177000.0,Wed,15240.0,0
2023-05-12,10-30 years,Gas,136.0,4,41400.0,Other,Organic,4,292000.0,Mon,17771.0,0
2023-12-12,10-30 years,Oil,68.0,3,93100.0,BW,Display,2,157000.0,Wed,19701.0,0
2023-04-14,10-30 years,Gas,181.0,7,64500.0,BY,Paid Social,1,373000.0,Fri,14236.0,0
2024-12-19,>30 years,Gas,116.0,4,139900.0,BW,Organic,2,229000.0,Mon,16706.0,0
2023-09-21,10-30 years,Oil,121.0,3,31500.0,BE,Referral,6,215000.0,Mon,14146.0,0
2024-03-25,<10 years,Gas,164.0,7,118500.0,BY,Paid Social,2,444000.0,Mon,19468.0,0
2023-10-04,10-30 years,Gas,72.0,3,92000.0,Other,Paid Social,2,238000.0,Thu,10412.0,0
2023-11-25,10-30 years,Gas,191.0,8,56200.0,HE,Paid Social,4,448000.0,Mon,8899.0,0
2024-01-10,<10 years,Gas,172.0,6,106900.0,Other,Organic,4,395000.0,Sun,20688.0,0
2023-01-26,10-30 years,Electric,133.0,6,57100.0,BE,Paid Social,4,372000.0,Sun,9343.0,1
2023-10-11,10-30 years,Oil,148.0,6,112500.0,BW,Organic,2,390000.0,Tue,12926.0,0
2023-01-12,10-30 years,Electric,123.0,3,43000.0,NW,Organic,2,268000.0,Wed,,0
2023-10-12,10-30 years,Gas,254.0,8,64000.0,NW,Organic,4,705000.0,Sun,13838.0,0
2024-01-07,10-30 years,Oil,113.0,3,57400.0,Other,Paid Social,4,300000.0,Fri,,0
2023-10-10,>30 years,Oil,163.0,6,35700.0,NW,Organic,5,346000.0,Thu,13245.0,0
2024-11-26,>30 years,Gas,139.0,6,42000.0,BE,Paid Social,7,283000.0,Mon,8569.0,0
2024-01-05,10-30 years,Gas,152.0,7,65300.0,HE,Display,2,314000.0,Wed,19357.0,0
2023-12-16,10-30 years,Oil,171.0,8,55600.0,BE,Paid Social,3,435000.0,Sat,,0
2023-04-20,>30 years,District,172.0,6,68000.0,BW,Organic,3,302000.0,Thu,14883.0,0
2023-12-25,>30 years,Electric,136.0,4,42600.0,Other,Display,5,362000.0,Sun,,0
2024-10-06,>30 years,Gas,104.0,4,39600.0,Other,Referral,3,268000.0,Sat,20308.0,0
2024-01-12,<10 years,Gas,121.0,4,47900.0,HE,Organic,6,278000.0,Fri,17274.0,0
2024-10-10,<10 years,Oil,132.0,5,66100.0,BY,Organic,8,285000.0,Sun,15175.0,0
2023-04-03,>30 years,Gas,126.0,4,55000.0,Other,Organic,5,313000.0,Sat,,0
2024-01-28,>30 years,Gas,108.0,3,50400.0,HE,Organic,4,333000.0,Sat,13037.0,0
2024-01-28,10-30 years,Gas,168.0,6,78500.0,HE,Organic,6,504000.0,Sat,8581.0,0
2023-01-09,>30 years,Gas,96.0,2,71600.0,Other,Paid Social,1,282000.0,Mon,16169.0,0
2024-10-13,>30 years,Gas,148.0,4,71800.0,BE,Display,5,402000.0,Thu,,0
2023-12-28,10-30 years,Oil,85.0,3,58100.0,Other,Paid Social,3,195000.0,Wed,16249.0,0
2024-01-01,10-30 years,District,194.0,8,45000.0,Other,Paid Social,2,468000.0,Mon,17296.0,0
2024-06-26,10-30 years,Gas,125.0,4,36200.0,NW,Display,6,294000.0,Sat,18686.0,0
2023-12-13,10-30 years,Gas,121.0,4,52600.0,BY,Display,2,346000.0,Fri,17219.0,0
2024-04-16,>30 years,Oil,114.0,5,62600.0,NW,Paid Social,2,290000.0,Thu,16797.0,0
2023-12-28,10-30 years,Gas,218.0,8,84800.0,Other,Paid Social,3,499000.0,Wed,18900.0,0
2024-03-19,>30 years,District,203.0,8,53400.0,BY,Paid Social,3,555000.0,Wed,19181.0,0
2023-01-15,>30 years,Gas,152.0,6,37300.0,HE,Paid Social,7,271000.0,Thu,23371.0,0
2023-02-15,<10 years,District,130.0,3,34800.0,BW,Organic,7,354000.0,Wed,19946.0,0
2024-12-22,<10 years,Gas,233.0,8,65000.0,Other,Organic,7,545000.0,Fri,,0
2023-05-23,10-30 years,Electric,170.0,6,82400.0,BE,Display,5,493000.0,Thu,10372.0,0
2024-12-10,10-30 years,Oil,140.0,5,35300.0,HE,Comparison Site,2,401000.0,Tue,,0
2024-01-06,10-30 years,District,128.0,5,95100.0,HE,Organic,8,159000.0,Fri,20715.0,0
2024-01-21,<10 years,Oil,183.0,8,37800.0,BW,Organic,1,439000.0,Wed,16728.0,0
2024-02-04,10-30 years,Oil,141.0,6,45000.0,Other,Organic,2,332000.0,Fri,24471.0,0
2024-05-28,<10 years,Oil,96.0,4,90200.0,NW,Organic,4,313000.0,Sun,,0
2023-03-05,10-30 years,Electric,157.0,7,49400.0,BY,Referral,6,388000.0,Tue,12786.0,0
2024-03-27,<10 years,Electric,160.0,3,56500.0,BW,Referral,1,400000.0,Mon,14714.0,0
2023-01-09,>30 years,Gas,152.0,6,70100.0,BW,Referral,1,574000.0,Thu,,0
2024-05-13,10-30 years,Gas,170.0,7,96500.0,BE,Referral,4,412000.0,Thu,24593.0,0
2024-03-13,>30 years,Gas,137.0,4,57800.0,BE,Paid Social,1,388000.0,Sun,15281.0,0
2024-01-06,>30 years,Gas,150.0,5,62600.0,BW,Display,6,372000.0,Tue,21915.0,0
2023-05-05,>30 years,Electric,150.0,5,55900.0,HE,Display,1,377000.0,Tue,17403.0,0
2024-12-10,10-30 years,Gas,96.0,4,34300.0,NW,Organic,2,239000.0,Sat,20431.0,0
2023-11-27,>30 years,Oil,178.0,7,100100.0,Other,Paid Social,4,417000.0,Sat,12392.0,0
2023-02-24,<10 years,Oil,172.0,7,30000.0,BE,Paid Social,3,401000.0,Mon,,0
2024-11-18,<10 years,Electric,190.0,8,67600.0,HE,Referral,5,490000.0,Wed,12267.0,0
2023-12-11,>30 years,Oil,110.0,5,94700.0,BY,Organic,4,280000.0,Wed,10514.0,1
2024-10-25,<10 years,Gas,133.0,5,100700.0,NW,Comparison Site,3,308000.0,Tue,13865.0,0
2023-11-17,>30 years,District,194.0,8,43000.0,BY,Paid Social,3,467000.0,Wed,28196.0,0
2023-01-09,10-30 years,Gas,127.0,5,70200.0,BE,Paid Social,8,279000.0,Fri,,0
2024-02-21,10-30 years,Electric,222.0,8,42300.0,HE,Paid Social,3,558000.0,Sat,14415.0,0
2023-01-28,<10 years,Gas,88.0,2,45500.0,BY,Organic,2,253000.0,Sat,14988.0,0
2024-08-05,>30 years,Gas,127.0,4,94600.0,BW,Organic,3,341000.0,Sun,18597.0,0
2023-12-23,10-30 years,Electric,131.0,3,61800.0,Other,Comparison Site,4,281000.0,Thu,19973.0,0
2024-10-10,>30 years,Electric,181.0,7,66500.0,BW,Paid Social,5,502000.0,Sun,21875.0,0
2024-05-21,10-30 years,Gas,217.0,8,84400.0,HE,Organic,4,582000.0,Fri,12254.0,0
2023-02-01,<10 years,Oil,162.0,5,91800.0,Other,Paid Social,6,408000.0,Wed,19507.0,0
2024-03-04,10-30 years,Gas,60.0,2,55700.0,HE,Organic,4,163000.0,Wed,18073.0,0
2024-12-08,10-30 years,Gas,147.0,4,30800.0,HE,Display,3,415000.0,Wed,20164.0,0
2023-01-08,<10 years,Oil,155.0,6,53200.0,BE,Organic,4,371000.0,Wed,10215.0,0
2024-10-02,<10 years,Electric,166.0,6,76700.0,NW,Display,2,386000.0,Mon,14728.0,0
2024-11-27,10-30 years,Electric,147.0,4,32000.0,NW,Display,2,386000.0,Fri,5000.0,0
2024-11-22,>30 years,Oil,202.0,8,49200.0,BW,Organic,1,590000.0,Tue,29305.0,0
2023-08-27,10-30 years,Oil,114.0,4,50800.0,BW,Organic,4,299000.0,Thu,18488.0,0
2023-08-15,10-30 years,Gas,109.0,3,65800.0,BY,Referral,3,297000.0,Sun,,0
2024-10-21,10-30 years,Gas,126.0,4,46400.0,Other,Paid Social,3,320000.0,Fri,16522.0,0
2023-10-19,10-30 years,Gas,254.0,8,60900.0,HE,Organic,2,659000.0,Tue,7475.0,0
2024-02-28,10-30 years,District,143.0,5,37800.0,BW,Referral,3,267000.0,Thu,,0
2024-04-02,10-30 years,Gas,196.0,8,72500.0,NW,Display,4,445000.0,Wed,18938.0,0
2023-05-27,10-30 years,Gas,195.0,7,71000.0,BW,Organic,5,529000.0,Tue,18991.0,0
2023-12-20,<10 years,Oil,81.0,2,200000.0,Other,Paid Social,5,121000.0,Fri,19369.0,0
2023-07-24,10-30 years,Gas,148.0,6,40000.0,NW,Display,1,379000.0,Thu,,0
2024-05-23,10-30 years,Electric,195.0,6,50700.0,BY,Organic,3,508000.0,Mon,22192.0,0
2023-11-05,10-30 years,Gas,264.0,8,101200.0,Other,Paid Social,5,672000.0,Tue,14887.0,0
2023-02-24,>30 years,Electric,193.0,7,31600.0,Other,Paid Social,3,423000.0,Sun,15416.0,0
2024-07-28,10-30 years,Gas,136.0,3,179700.0,NW,Comparison Site,2,366000.0,Tue,13050.0,0
2024-06-02,>30 years,Gas,208.0,7,49100.0,Other,Organic,6,451000.0,Sun,22697.0,0
2024-07-13,>30 years,Electric,133.0,3,32400.0,NW,Paid Social,4,319000.0,Wed,16163.0,0
2023-09-16,10-30 years,Oil,105.0,4,71200.0,Other,Organic,3,236000.0,Thu,5000.0,0
2023-01-25,>30 years,Gas,178.0,8,61200.0,Other,Organic,4,416000.0,Sat,5155.0,1
2024-02-11,<10 years,Gas,92.0,4,40200.0,BE,Organic,5,174000.0,Sat,,0
2024-10-04,>30 years,Gas,126.0,3,45900.0,BY,Referral,3,324000.0,Tue,18543.0,0
2023-10-25,<10 years,Gas,209.0,8,78500.0,BE,Paid Social,4,554000.0,Mon,15073.0,0
2023-11-27,10-30 years,Gas,178.0,7,35400.0,Other,Organic,4,459000.0,Thu,13739.0,0
2023-12-26,10-30 years,Oil,115.0,6,77800.0,NW,Organic,3,333000.0,Sun,17041.0,0
2024-01-05,>30 years,Gas,156.0,6,45900.0,HE,Paid Social,4,325000.0,Fri,15925.0,0
2023-03-22,10-30 years,Gas,146.0,7,171800.0,BY,Paid Social,4,451000.0,Fri,10881.0,0
2023-08-05,>30 years,Oil,186.0,7,110500.0,NW,Organic,4,425000.0,Sun,,0
2024-04-14,>30 years,Gas,165.0,6,35900.0,BY,Paid Social,1,408000.0,Sun,,0
2023-02-26,<10 years,Oil,156.0,6,50900.0,Other,Organic,4,391000.0,Mon,25856.0,0
2023-04-26,10-30 years,Oil,149.0,6,85600.0,BW,Display,3,280000.0,Thu,19968.0,0
2023-06-22,10-30 years,Gas,106.0,4,30000.0,BW,Paid Social,5,218000.0,Wed,11472.0,0
2023-07-11,10-30 years,Gas,205.0,7,41500.0,HE,Paid Social,1,562000.0,Mon,,0
2024-05-17,>30 years,Gas,167.0,7,49400.0,HE,Comparison Site,1,335000.0,Sat,,0
2023-11-08,>30 years,Oil,137.0,4,32500.0,Other,Referral,4,307000.0,Sun,11398.0,0
2023-09-20,>30 years,Oil,140.0,5,60200.0,BY,Display,3,345000.0,Sat,14547.0,0
2024-08-24,>30 years,Oil,146.0,7,50700.0,Other,Paid Social,6,361000.0,Mon,17093.0,0
2023-03-28,<10 years,District,117.0,4,42800.0,HE,Paid Social,4,306000.0,Sat,,0
2023-07-02,<10 years,Oil,127.0,2,104700.0,BE,Comparison Site,1,338000.0,Thu,16913.0,0
2024-01-27,>30 years,Oil,189.0,8,84000.0,BY,Comparison Site,3,405000.0,Tue,18141.0,1
2023-02-03,>30 years,Gas,87.0,2,83500.0,NW,Organic,6,213000.0,Mon,6107.0,0
2023-11-11,<10 years,Gas,224.0,8,60600.0,NW,Organic,2,508000.0,Fri,10893.0,0
2024-01-18,10-30 years,Gas,150.0,6,68400.0,BE,Paid Social,6,451000.0,Wed,,0
2023-04-19,>30 years,Oil,118.0,3,118900.0,HE,Paid Social,1,299000.0,Sat,19006.0,0
2023-01-23,<10 years,Gas,136.0,6,37400.0,Other,Paid Social,4,418000.0,Fri,17843.0,0
2023-02-07,10-30 years,Oil,167.0,5,39700.0,BW,Organic,1,405000.0,Fri,5128.0,0
2024-11-22,10-30 years,Oil,131.0,4,93000.0,NW,Organic,3,294000.0,Mon,10788.0,0
2023-08-25,>30 years,Gas,176.0,7,74300.0,BE,Paid Social,3,521000.0,Wed,,0
2024-04-25,>30 years,Oil,108.0,5,47600.0,NW,Comparison Site,3,250000.0,Sun,,0
2023-04-09,>30 years,Gas,118.0,4,71700.0,Other,Display,5,268000.0,Fri,11783.0,0
2023-06-04,10-30 years,Gas,160.0,5,38000.0,Other,Paid Social,3,390000.0,Tue,20330.0,0
2024-10-15,10-30 years,Oil,125.0,5,70400.0,Other,Organic,1,323000.0,Wed,20722.0,0
2023-08-12,<10 years,Oil,228.0,8,45600.0,HE,Organic,4,541000.0,Thu,17489.0,0
2024-05-05,>30 years,Gas,183.0,6,110400.0,NW,Display,6,521000.0,Mon,21273.0,0
2023-12-02,10-30 years,Gas,170.0,6,68000.0,NW,Organic,1,392000.0,Sun,20201.0,0
2024-04-13,10-30 years,Gas,154.0,4,60200.0,BW,Display,4,373000.0,Fri,16039.0,0
2023-09-01,>30 years,Gas,136.0,4,53400.0,Other,Paid Social,3,295000.0,Tue,,0
2024-01-06,<10 years,District,140.0,6,67700.0,BY,Organic,6,399000.0,Sat,10754.0,0
2024-03-04,>30 years,Gas,117.0,3,84300.0,Other,Paid Social,1,212000.0,Wed,,0
2023-02-24,10-30 years,District,158.0,5,53600.0,BW,Referral,2,386000.0,Sat,14530.0,0
2023-11-03,10-30 years,District,100.0,5,131800.0,NW,Organic,5,301000.0,Sat,21599.0,0
2024-01-05,<10 years,Gas,208.0,8,56300.0,HE,Comparison Site,5,465000.0,Sat,,0
2024-12-06,>30 years,Gas,152.0,7,74700.0,NW,Organic,3,427000.0,Mon,11755.0,1
2024-08-11,>30 years,Electric,205.0,8,68700.0,BY,Paid Social,4,475000.0,Mon,15519.0,0
2023-01-22,<10 years,Gas,186.0,7,30000.0,BW,Display,1,419000.0,Tue,5000.0,0
2023-07-06,<10 years,Oil,147.0,5,90500.0,Other,Referral,5,356000.0,Sun,30923.0,0
2023-11-02,>30 years,Gas,168.0,6,154700.0,Other,Paid Social,2,529000.0,Tue,8336.0,0
2023-08-26,<10 years,Gas,133.0,4,70500.0,NW,Organic,3,477000.0,Tue,16004.0,0
2024-11-05,10-30 years,Gas,146.0,5,69900.0,BW,Display,5,392000.0,Thu,8627.0,0
2023-12-04,10-30 years,Gas,119.0,4,66500.0,HE,Paid Social,4,355000.0,Sat,14293.0,1
2023-02-20,>30 years,Oil,217.0,8,40000.0,NW,Paid Social,5,632000.0,Mon,21915.0,0
2024-07-01,10-30 years,District,158.0,5,60900.0,BW,Organic,3,406000.0,Thu,10865.0,0
2023-11-06,10-30 years,Gas,184.0,5,65200.0,Other,Paid Social,5,510000.0,Fri,18298.0,0
2023-07-04,>30 years,Gas,132.0,4,82500.0,NW,Display,7,383000.0,Thu,8906.0,0
2024-07-01,10-30 years,Gas,213.0,8,70800.0,Other,Organic,2,515000.0,Fri,16990.0,0
2023-04-10,10-30 years,Gas,121.0,5,74500.0,BE,Paid Social,3,313000.0,Thu,18436.0,0
2024-01-12,<10 years,Oil,145.0,5,51200.0,Other,Paid Social,3,465000.0,Sat,17026.0,1
2024-04-02,>30 years,Oil,131.0,7,94600.0,HE,Paid Social,7,329000.0,Thu,11403.0,0
2023-03-05,>30 years,Gas,161.0,6,107000.0,HE,Comparison Site,3,347000.0,Tue,7667.0,0
2023-10-11,<10 years,Electric,122.0,4,67700.0,NW,Comparison Site,3,396000.0,Mon,15963.0,0
2023-06-23,>30 years,Oil,174.0,7,69200.0,BW,Paid Social,5,457000.0,Wed,13191.0,0
2023-04-17,10-30 years,Gas,161.0,7,46300.0,BE,Organic,2,422000.0,Tue,16844.0,0
2024-11-12,>30 years,Oil,144.0,5,76300.0,NW,Paid Social,2,344000.0,Sun,23629.0,0
2023-02-24,10-30 years,Gas,107.0,3,59700.0,BY,Referral,3,334000.0,Sat,22644.0,0
2023-12-12,>30 years,Oil,147.0,5,49800.0,BW,Paid Social,5,331000.0,Wed,,0
2024-01-08,10-30 years,Gas,146.0,4,52700.0,BW,Paid Social,4,387000.0,Thu,19674.0,1
2023-08-08,<10 years,Gas,186.0,7,63300.0,NW,Referral,5,464000.0,Sun,,0
2024-11-14,>30 years,Electric,138.0,5,62600.0,Other,Display,3,330000.0,Sat,15475.0,0
2023-02-21,<10 years,Oil,111.0,4,105000.0,BW,Paid Social,1,226000.0,Sat,18338.0,0
2024-11-27,10-30 years,Oil,79.0,3,47800.0,HE,Paid Social,1,178000.0,Tue,9199.0,0
2023-07-04,>30 years,Gas,196.0,7,72800.0,NW,Display,3,526000.0,Mon,18442.0,0
2024-12-25,10-30 years,Oil,143.0,7,40000.0,HE,Organic,3,256000.0,Sun,,0
2024-11-07,<10 years,Gas,163.0,8,39400.0,BW,Paid Social,5,433000.0,Sat,16580.0,0
2023-04-19,>30 years,Electric,129.0,3,30000.0,HE,Paid Social,1,342000.0,Wed,14170.0,0
2023-03-23,10-30 years,Oil,126.0,4,92200.0,HE,Comparison Site,3,356000.0,Wed,9710.0,0
2023-07-25,10-30 years,Gas,146.0,6,87800.0,Other,Organic,5,330000.0,Thu,19439.0,0
2024-12-23,>30 years,Gas,117.0,3,30000.0,BY,Organic,5,238000.0,Sun,13283.0,0
2024-08-08,>30 years,Electric,135.0,4,63900.0,Other,Referral,3,335000.0,Sun,,0
2024-09-19,10-30 years,Oil,179.0,7,50300.0,Other,Paid Social,5,383000.0,Tue,17873.0,0
2023-12-07,10-30 years,District,178.0,7,67400.0,Other,Organic,2,409000.0,Sun,,0
2023-04-20,>30 years,Gas,130.0,5,62200.0,Other,Comparison Site,4,348000.0,Sat,24165.0,0
2024-12-01,<10 years,Oil,141.0,4,54800.0,Other,Organic,8,414000.0,Sat,11471.0,1
2024-10-27,<10 years,Oil,73.0,3,39300.0,Other,Comparison Site,2,235000.0,Thu,,0
2023-12-25,>30 years,Oil,83.0,2,46100.0,BY,Referral,3,222000.0,Wed,17556.0,0
2023-10-27,10-30 years,Oil,129.0,4,46000.0,BY,Display,4,284000.0,Wed,7551.0,0
2024-02-04,<10 years,Gas,152.0,7,51300.0,BY,Referral,6,288000.0,Sun,,0
2023-10-05,10-30 years,Oil,99.0,5,82700.0,Other,Organic,2,202000.0,Tue,16768.0,0
2024-10-22,<10 years,Oil,178.0,7,119800.0,NW,Organic,1,541000.0,Thu,17709.0,0
2024-08-15,<10 years,Gas,184.0,7,43800.0,Other,Paid Social,3,368000.0,Mon,,0
2024-06-20,<10 years,Gas,116.0,3,78300.0,NW,Comparison Site,4,255000.0,Fri,,0
2023-07-08,>30 years,Oil,115.0,4,30000.0,Other,Organic,1,297000.0,Tue,18332.0,0
2024-07-04,>30 years,Gas,166.0,6,30200.0,Other,Organic,6,428000.0,Sat,13405.0,0
2023-11-27,10-30 years,Gas,217.0,8,63900.0,BE,Display,4,565000.0,Tue,11792.0,0
2024-09-04,10-30 years,Oil,133.0,6,82400.0,Other,Organic,3,323000.0,Fri,20535.0,0
2023-10-27,>30 years,Gas,187.0,7,73700.0,BE,Display,1,466000.0,Tue,20078.0,0
2024-11-10,10-30 years,Gas,149.0,4,49200.0,BY,Display,3,272000.0,Mon,16413.0,0
2023-08-08,10-30 years,Oil,152.0,5,102000.0,Other,Referral,4,401000.0,Mon,17496.0,0
2023-06-14,>30 years,Gas,142.0,5,47200.0,BE,Display,1,308000.0,Mon,,0
2024-02-13,10-30 years,Oil,187.0,7,51700.0,NW,Organic,6,366000.0,Sun,11840.0,0
2023-07-25,10-30 years,Gas,229.0,8,67200.0,NW,Display,5,614000.0,Sat,23068.0,0
2023-01-28,>30 years,Electric,184.0,7,72100.0,Other,Paid Social,1,410000.0,Tue,22990.0,0
2024-12-04,10-30 years,Gas,103.0,3,38200.0,Other,Display,3,253000.0,Mon,9513.0,0
2023-10-24,10-30 years,Gas,140.0,4,38800.0,Other,Organic,5,375000.0,Sun,14266.0,0
2023-10-10,10-30 years,Oil,72.0,3,83600.0,BY,Organic,4,96000.0,Mon,7787.0,0
2023-08-26,10-30 years,Gas,232.0,8,50800.0,Other,Comparison Site,7,505000.0,Fri,,0
2024-05-14,>30 years,Electric,164.0,7,79800.0,BY,Display,6,498000.0,Fri,15971.0,0
2023-11-11,>30 years,Oil,118.0,3,36600.0,NW,Organic,3,337000.0,Sat,,0
2023-01-05,10-30 years,Electric,160.0,7,51500.0,BY,Display,3,362000.0,Wed,,1
2024-02-04,<10 years,Gas,225.0,8,93700.0,NW,Display,3,542000.0,Tue,21661.0,0
2023-11-01,>30 years,Electric,117.0,5,95300.0,HE,Comparison Site,5,277000.0,Thu,12721.0,0
2024-03-19,10-30 years,Gas,127.0,6,48300.0,NW,Referral,7,353000.0,Mon,18963.0,0
2023-09-15,<10 years,Gas,103.0,5,30000.0,BY,Referral,5,263000.0,Fri,23534.0,0
2024-10-10,10-30 years,Gas,173.0,6,78500.0,NW,Referral,6,402000.0,Sun,16897.0,0
2023-11-26,10-30 years,Oil,144.0,5,65400.0,HE,Organic,3,360000.0,Mon,11729.0,0
2023-01-20,<10 years,Electric,64.0,2,68400.0,Other,Paid Social,2,49000.0,Tue,17872.0,0
2024-11-06,<10 years,Gas,163.0,7,37400.0,NW,Organic,1,395000.0,Wed,9813.0,0
2024-06-27,>30 years,Electric,188.0,8,57300.0,HE,Organic,2,443000.0,Sun,18539.0,0
2023-12-11,>30 years,Electric,129.0,8,62300.0,Other,Referral,1,354000.0,Mon,11350.0,0
2024-06-19,10-30 years,Gas,148.0,5,111700.0,Other,Organic,3,363000.0,Mon,14394.0,0
2024-02-07,<10 years,Oil,142.0,4,97100.0,BY,Paid Social,5,289000.0,Wed,13703.0,0
2023-05-24,10-30 years,Gas,177.0,6,92100.0,NW,Comparison Site,3,506000.0,Mon,19433.0,0
2024-04-11,10-30 years,Electric,84.0,3,65700.0,Other,Organic,3,212000.0,Sun,10547.0,0
2023-02-18,10-30 years,Oil,124.0,4,42300.0,BE,Paid Social,2,280000.0,Tue,13645.0,0
2024-07-17,10-30 years,Gas,138.0,4,54700.0,Other,Display,2,359000.0,Thu,,0
2024-06-20,<10 years,Electric,181.0,5,36200.0,BY,Display,8,473000.0,Thu,10891.0,0
2023-11-08,10-30 years,Gas,150.0,7,57400.0,NW,Paid Social,4,449000.0,Thu,11119.0,0
2024-03-13,>30 years,Electric,98.0,4,42600.0,BE,Referral,2,260000.0,Sat,,0
2024-10-27,10-30 years,Gas,127.0,4,59700.0,NW,Paid Social,7,285000.0,Thu,19638.0,0
2023-12-17,10-30 years,Electric,200.0,8,57900.0,HE,Paid Social,3,464000.0,Sat,14906.0,0
2024-05-16,10-30 years,Oil,97.0,4,40900.0,Other,Organic,5,119000.0,Wed,,0
2024-08-01,10-30 years,Oil,191.0,7,75000.0,HE,Referral,6,450000.0,Sun,13580.0,0
2024-10-18,>30 years,Gas,187.0,8,36000.0,HE,Comparison Site,4,482000.0,Thu,18320.0,0
2024-08-17,10-30 years,Electric,199.0,8,171700.0,NW,Display,3,486000.0,Sun,,0
2023-07-19,>30 years,Gas,194.0,8,98400.0,NW,Comparison Site,3,410000.0,Fri,21834.0,0
2023-01-08,<10 years,Gas,205.0,8,37100.0,BY,Paid Social,3,546000.0,Sat,5000.0,0
2024-01-03,>30 years,Gas,78.0,2,66700.0,Other,Display,3,181000.0,Fri,17903.0,0
2024-03-19,<10 years,Electric,202.0,8,56200.0,HE,Referral,2,504000.0,Thu,,0
2023-07-01,<10 years,Gas,170.0,6,56600.0,BY,Paid Social,2,346000.0,Sun,20658.0,0
2023-12-18,<10 years,Oil,127.0,4,49700.0,BY,Organic,4,342000.0,Sun,,0
2023-09-01,<10 years,Electric,103.0,3,86600.0,BY,Display,3,243000.0,Wed,15525.0,0
2023-02-24,10-30 years,Electric,151.0,5,43800.0,BE,Organic,1,417000.0,Wed,,0
2024-10-08,10-30 years,Gas,245.0,8,93600.0,NW,Paid Social,3,627000.0,Thu,17701.0,0
2023-04-05,>30 years,Oil,171.0,7,112600.0,HE,Referral,1,347000.0,Fri,6571.0,0
2023-12-28,<10 years,Gas,131.0,5,42400.0,BE,Organic,4,296000.0,Thu,13519.0,0
2024-10-03,10-30 years,Electric,245.0,8,84200.0,BE,Comparison Site,5,640000.0,Tue,16880.0,0
2024-12-24,10-30 years,Electric,176.0,7,80000.0,BE,Referral,3,498000.0,Tue,14203.0,0
2024-11-04,10-30 years,Electric,177.0,7,30000.0,BW,Comparison Site,3,460000.0,Wed,19294.0,0
2024-10-21,<10 years,Oil,162.0,7,118100.0,Other,Organic,1,374000.0,Thu,20334.0,0
2024-03-16,<10 years,Gas,171.0,7,49700.0,BY,Organic,6,373000.0,Thu,,0
2023-01-07,10-30 years,Gas,60.0,2,63100.0,HE,Referral,1,185000.0,Thu,11788.0,0
2024-02-19,>30 years,Gas,156.0,6,105400.0,BY,Display,1,460000.0,Tue,,0
2023-02-04,10-30 years,Gas,182.0,5,81800.0,Other,Referral,4,473000.0,Tue,21267.0,0
2023-05-02,<10 years,District,213.0,8,55300.0,Other,Referral,2,521000.0,Tue,21180.0,0
2023-11-20,<10 years,Gas,242.0,7,82600.0,BY,Organic,3,638000.0,Mon,13307.0,0
2023-03-02,10-30 years,District,194.0,8,95200.0,HE,Comparison Site,2,475000.0,Fri,12241.0,0
2024-09-12,10-30 years,Electric,158.0,7,60900.0,BE,Referral,2,449000.0,Thu,,0
2024-09-06,10-30 years,Electric,153.0,4,45400.0,BY,Comparison Site,4,392000.0,Sun,17926.0,0
2023-08-02,10-30 years,Oil,122.0,5,68700.0,BW,Organic,1,290000.0,Wed,21651.0,0
2024-03-20,10-30 years,Gas,172.0,7,43200.0,NW,Display,4,431000.0,Wed,,0
2023-11-24,10-30 years,Gas,229.0,8,91200.0,Other,Referral,3,669000.0,Mon,18008.0,0
2023-11-24,10-30 years,Oil,135.0,5,42000.0,BW,Organic,1,451000.0,Tue,14474.0,0
2024-12-17,<10 years,Gas,157.0,7,44900.0,NW,Paid Social,2,453000.0,Tue,16099.0,0
2023-01-14,10-30 years,Gas,122.0,6,89300.0,Other,Referral,6,261000.0,Sat,10691.0,0
2023-08-13,10-30 years,Oil,192.0,8,60200.0,NW,Organic,4,475000.0,Thu,12292.0,0
2024-03-22,>30 years,Electric,200.0,8,71300.0,BW,Display,5,507000.0,Sat,13162.0,0
2024-11-04,>30 years,Electric,122.0,6,78600.0,HE,Comparison Site,1,270000.0,Mon,11537.0,0
2024-07-13,<10 years,Gas,173.0,7,45300.0,Other,Organic,7,434000.0,Tue,17041.0,0
2024-03-11,<10 years,District,60.0,2,49300.0,HE,Comparison Site,9,106000.0,Tue,,0
2024-12-21,10-30 years,Oil,139.0,5,107800.0,Other,Paid Social,7,285000.0,Sun,16167.0,0
2024-08-06,10-30 years,Oil,201.0,6,77800.0,BW,Organic,2,502000.0,Sun,,0
2024-08-25,>30 years,Gas,131.0,4,51900.0,BE,Paid Social,3,444000.0,Wed,24697.0,0
2023-11-23,10-30 years,Oil,98.0,3,67000.0,BY,Paid Social,5,247000.0,Wed,16770.0,0
2023-01-21,>30 years,Oil,178.0,8,55600.0,BE,Organic,8,443000.0,Tue,15423.0,1
2023-12-06,10-30 years,Oil,146.0,5,84800.0,HE,Referral,4,366000.0,Fri,14248.0,1
2023-09-12,>30 years,Gas,158.0,5,64200.0,BY,Paid Social,4,397000.0,Wed,,0
2024-10-07,>30 years,Electric,164.0,7,57400.0,HE,Paid Social,6,340000.0,Fri,15483.0,0
2023-12-26,>30 years,District,186.0,6,38700.0,BE,Paid Social,4,546000.0,Sun,19671.0,0
2024-05-26,10-30 years,Electric,193.0,8,77600.0,Other,Comparison Site,4,533000.0,Mon,6689.0,0
2024-01-28,>30 years,Gas,165.0,5,52200.0,Other,Display,3,332000.0,Wed,10661.0,0
2023-10-19,10-30 years,Gas,197.0,8,88700.0,Other,Organic,4,525000.0,Wed,13552.0,0
2023-09-26,>30 years,Gas,149.0,5,30000.0,Other,Referral,4,381000.0,Tue,,0
2023-05-08,10-30 years,Oil,163.0,6,48800.0,HE,Display,6,452000.0,Sat,6928.0,0
2023-04-17,10-30 years,Electric,151.0,6,76700.0,Other,Organic,4,342000.0,Sun,14293.0,0
2024-03-03,>30 years,Gas,103.0,4,59700.0,BE,Organic,4,268000.0,Thu,8699.0,0
2024-06-15,>30 years,District,210.0,8,46700.0,BE,Paid Social,1,500000.0,Sat,16021.0,0
2024-12-05,>30 years,Oil,152.0,5,94700.0,BY,Organic,6,420000.0,Mon,20397.0,1
2023-02-04,10-30 years,Gas,214.0,8,87900.0,BY,Display,1,549000.0,Tue,11626.0,0
2024-03-03,>30 years,Gas,169.0,5,44100.0,BY,Organic,2,465000.0,Thu,20712.0,0
2023-01-27,>30 years,Gas,167.0,6,56400.0,BY,Paid Social,3,407000.0,Thu,19071.0,0
2024-02-09,10-30 years,Oil,188.0,7,40700.0,NW,Display,8,418000.0,Sun,5000.0,0
2023-06-09,>30 years,Gas,162.0,7,54200.0,NW,Display,4,475000.0,Wed,21165.0,0
2023-04-01,<10 years,Oil,125.0,4,55200.0,BW,Referral,5,344000.0,Tue,16797.0,0
2024-10-08,<10 years,Oil,145.0,6,50100.0,BE,Paid Social,2,317000.0,Fri,16234.0,0
2023-06-03,10-30 years,Gas,197.0,7,79500.0,NW,Organic,3,532000.0,Thu,,0
2024-01-12,<10 years,Gas,179.0,8,80200.0,BW,Paid Social,6,436000.0,Fri,17609.0,1
2024-12-06,10-30 years,Oil,116.0,5,95300.0,Other,Paid Social,2,273000.0,Sat,18670.0,0
2024-01-05,10-30 years,Gas,162.0,5,69800.0,BW,Display,1,318000.0,Sat,11702.0,0
2023-11-17,<10 years,District,111.0,4,31100.0,HE,Display,4,321000.0,Mon,18725.0,0
2023-11-25,10-30 years,Oil,154.0,2,60000.0,Other,Paid Social,4,431000.0,Thu,13436.0,0
2024-07-12,10-30 years,Gas,191.0,8,81500.0,NW,Paid Social,8,479000.0,Tue,9929.0,0
2024-12-19,<10 years,Oil,126.0,5,63000.0,HE,Organic,2,304000.0,Fri,14539.0,0
2023-09-17,<10 years,Electric,146.0,5,84000.0,BW,Display,4,333000.0,Fri,14300.0,0
2024-10-16,10-30 years,Gas,113.0,5,93300.0,BY,Referral,6,227000.0,Fri,,0
2023-12-18,>30 years,Gas,174.0,5,33800.0,BE,Referral,3,495000.0,Wed,,0
2024-09-27,>30 years,Oil,156.0,8,78300.0,Other,Organic,3,357000.0,Sat,11647.0,0
2023-01-26,<10 years,Gas,124.0,6,70100.0,BW,Referral,1,363000.0,Sun,19840.0,0
2023-01-16,10-30 years,Gas,167.0,6,115900.0,Other,Referral,5,439000.0,Sun,7852.0,0
2023-12-26,10-30 years,Oil,149.0,6,47100.0,NW,Display,8,337000.0,Wed,17931.0,0
2024-06-07,10-30 years,Oil,170.0,7,95700.0,Other,Organic,6,403000.0,Tue,22271.0,0
2023-01-07,>30 years,Electric,113.0,5,57900.0,HE,Referral,2,247000.0,Mon,9642.0,0
2024-02-08,10-30 years,Gas,137.0,4,65000.0,HE,Paid Social,1,270000.0,Thu,16173.0,0
2023-05-18,10-30 years,Gas,155.0,5,60500.0,BY,Display,2,425000.0,Wed,7982.0,0
2023-11-07,10-30 years,Oil,178.0,4,119300.0,Other,Paid Social,8,380000.0,Thu,12678.0,0
2023-04-10,>30 years,Electric,111.0,3,41900.0,BW,Referral,6,297000.0,Sat,14357.0,0
2023-01-24,10-30 years,Oil,155.0,7,66800.0,Other,Organic,3,379000.0,Mon,16079.0,1
2024-08-13,10-30 years,Gas,190.0,7,95300.0,NW,Paid Social,5,397000.0,Tue,16598.0,0
2024-12-11,10-30 years,Gas,152.0,6,134700.0,BY,Paid Social,5,392000.0,Sun,,0
2024-06-23,10-30 years,Electric,137.0,3,40500.0,HE,Referral,3,304000.0,Tue,5670.0,0
2023-08-24,>30 years,Oil,128.0,3,89700.0,Other,Paid Social,3,410000.0,Sat,24456.0,0
2023-08-22,<10 years,Gas,129.0,3,53900.0,NW,Organic,4,323000.0,Mon,12981.0,0
2024-10-01,10-30 years,Gas,159.0,6,86600.0,BW,Referral,7,386000.0,Tue,9162.0,0
2024-05-12,10-30 years,Electric,71.0,2,45900.0,Other,Paid Social,3,196000.0,Tue,,0
2024-05-03,<10 years,District,128.0,5,100400.0,HE,Display,3,204000.0,Thu,,0
2023-12-27,<10 years,Gas,167.0,5,52400.0,BW,Referral,2,371000.0,Wed,11519.0,0
2024-02-18,10-30 years,Gas,180.0,8,88300.0,Other,Organic,2,433000.0,Wed,15533.0,0
2023-12-27,10-30 years,Gas,113.0,5,58700.0,Other,Paid Social,2,252000.0,Thu,16442.0,0
2023-01-17,10-30 years,Gas,125.0,5,34700.0,HE,Paid Social,1,405000.0,Mon,10778.0,0
2023-01-12,<10 years,Gas,153.0,5,66100.0,NW,Display,6,338000.0,Thu,12828.0,0
2023-08-12,>30 years,Gas,175.0,6,39500.0,BE,Comparison Site,5,465000.0,Sat,11554.0,0
2023-05-25,>30 years,Oil,135.0,6,52600.0,NW,Comparison Site,4,310000.0,Sun,14749.0,0
2023-05-05,>30 years,Oil,145.0,4,177400.0,BE,Referral,4,410000.0,Mon,25779.0,0
2023-03-03,10-30 years,Electric,164.0,7,68100.0,BY,Organic,3,356000.0,Sat,12222.0,0
2024-04-18,10-30 years,Oil,104.0,4,61600.0,BW,Organic,5,273000.0,Sun,11304.0,1
2023-10-05,10-30 years,Gas,215.0,8,36400.0,NW,Organic,1,547000.0,Wed,16091.0,0
2024-03-21,<10 years,Gas,153.0,7,30000.0,Other,Paid Social,4,409000.0,Sun,17195.0,0
2023-01-15,>30 years,Electric,136.0,6,43200.0,Other,Organic,7,396000.0,Fri,15945.0,0
2024-05-04,>30 years,Electric,196.0,7,47400.0,NW,Paid Social,5,394000.0,Thu,15968.0,0
2023-12-05,>30 years,Gas,155.0,8,41100.0,HE,Referral,5,327000.0,Sun,,0
2024-03-28,10-30 years,Gas,143.0,5,45500.0,HE,Paid Social,4,377000.0,Thu,6262.0,0
2024-12-14,>30 years,Electric,165.0,5,32900.0,NW,Paid Social,6,427000.0,Sun,12984.0,0
2024-06-13,>30 years,Gas,152.0,5,51400.0,BE,Organic,5,294000.0,Mon,7641.0,0
2024-02-20,10-30 years,Gas,125.0,5,30000.0,HE,Organic,2,292000.0,Fri,15435.0,0
2023-03-20,10-30 years,District,193.0,7,63500.0,NW,Paid Social,3,392000.0,Sun,19374.0,0
2023-09-21,10-30 years,Electric,90.0,3,39600.0,BY,Organic,2,256000.0,Tue,10615.0,0
2023-07-10,<10 years,Oil,134.0,4,55000.0,Other,Display,7,288000.0,Sun,19893.0,0
2023-02-26,>30 years,Gas,224.0,8,69600.0,BY,Organic,4,590000.0,Tue,16981.0,0
2024-02-03,10-30 years,Oil,154.0,7,38400.0,BY,Referral,1,370000.0,Tue,11859.0,0
2024-04-05,10-30 years,Oil,87.0,2,36500.0,Other,Referral,3,270000.0,Sat,14821.0,0
2023-12-17,10-30 years,Electric,195.0,7,66100.0,Other,Organic,4,458000.0,Wed,,0
2023-12-26,10-30 years,Gas,139.0,7,40500.0,BY,Organic,2,411000.0,Sun,16733.0,0
2023-02-10,<10 years,District,108.0,4,44900.0,Other,Organic,2,295000.0,Sun,16899.0,0
2024-10-17,>30 years,Gas,192.0,6,48200.0,Other,Comparison Site,3,430000.0,Sun,17969.0,0
2024-12-03,<10 years,Gas,194.0,6,96300.0,NW,Organic,3,474000.0,Sat,8904.0,0
2023-09-15,>30 years,Gas,207.0,7,118600.0,NW,Paid Social,1,460000.0,Thu,,0
2023-09-14,>30 years,Oil,111.0,4,40500.0,BW,Referral,1,303000.0,Tue,15885.0,0
2024-01-09,<10 years,Oil,144.0,6,39200.0,HE,Organic,5,366000.0,Thu,19813.0,0
2023-03-28,>30 years,Oil,138.0,4,32700.0,BE,Referral,6,438000.0,Tue,13176.0,0
2024-12-25,10-30 years,Gas,113.0,5,75900.0,BW,Organic,4,219000.0,Sat,18841.0,0
2023-11-09,10-30 years,Electric,173.0,6,76100.0,BY,Paid Social,2,438000.0,Tue,,0
2023-09-05,10-30 years,Gas,194.0,8,95700.0,BY,Organic,1,564000.0,Sun,16324.0,0
2024-01-24,10-30 years,Gas,132.0,6,137600.0,NW,Organic,2,344000.0,Thu,19614.0,0
2023-04-08,<10 years,Oil,156.0,7,57300.0,Other,Organic,3,336000.0,Tue,,0
2024-10-26,>30 years,Gas,156.0,7,35200.0,BY,Display,4,449000.0,Mon,21973.0,0
2024-01-28,10-30 years,Oil,193.0,7,87400.0,Other,Organic,5,472000.0,Sun,14735.0,0
2023-10-05,<10 years,Gas,150.0,4,41300.0,Other,Comparison Site,3,352000.0,Mon,19023.0,0
2023-11-08,>30 years,Gas,151.0,4,34100.0,BY,Organic,5,340000.0,Thu,13816.0,0
2024-06-19,>30 years,Gas,187.0,8,107900.0,Other,Organic,3,489000.0,Mon,25070.0,0
2024-08-08,10-30 years,Gas,155.0,4,30000.0,HE,Paid Social,3,408000.0,Fri,,0
2023-08-13,<10 years,Gas,127.0,3,92100.0,HE,Organic,5,297000.0,Thu,,0
2023-10-24,10-30 years,Gas,106.0,4,70200.0,HE,Organic,2,260000.0,Wed,13249.0,0
2023-11-28,<10 years,Oil,125.0,5,49000.0,Other,Display,2,364000.0,Tue,15193.0,0
2023-02-16,10-30 years,Gas,160.0,6,75100.0,BE,Referral,3,398000.0,Tue,18531.0,0
2023-04-13,>30 years,Oil,98.0,6,73400.0,BE,Organic,6,261000.0,Thu,11160.0,0
2023-12-04,<10 years,Oil,161.0,7,44000.0,NW,Display,4,462000.0,Sat,11774.0,0
2023-10-28,10-30 years,Electric,90.0,3,50600.0,HE,Display,3,279000.0,Tue,10974.0,0
2024-12-13,>30 years,Electric,110.0,4,172300.0,BY,Comparison Site,2,293000.0,Thu,,0
2024-06-23,<10 years,Gas,176.0,8,83200.0,NW,Display,3,467000.0,Mon,14995.0,0
2023-02-11,<10 years,Gas,132.0,5,142200.0,HE,Organic,5,300000.0,Tue,12556.0,0
2024-10-18,10-30 years,Oil,159.0,5,54900.0,BW,Display,5,375000.0,Mon,,0
2023-08-13,>30 years,Electric,148.0,5,45000.0,HE,Organic,4,337000.0,Tue,10183.0,0
2024-03-02,>30 years,Gas,212.0,8,70800.0,HE,Organic,6,549000.0,Fri,,0
2023-01-27,>30 years,Oil,155.0,6,48000.0,BY,Display,1,299000.0,Wed,20847.0,0
2023-08-08,10-30 years,Electric,109.0,4,63500.0,Other,Paid Social,4,241000.0,Sun,,0
2023-04-24,>30 years,Electric,174.0,7,41400.0,BW,Comparison Site,4,353000.0,Sat,18177.0,0
2023-11-06,<10 years,Oil,108.0,3,57100.0,BW,Organic,4,301000.0,Thu,,0
2023-10-10,10-30 years,Gas,190.0,6,35900.0,Other,Paid Social,5,555000.0,Sun,12857.0,0
2024-12-28,10-30 years,Gas,182.0,6,55300.0,Other,Organic,4,456000.0,Thu,15284.0,0
2023-02-05,<10 years,Gas,162.0,6,72400.0,NW,Paid Social,3,377000.0,Thu,15342.0,0
2024-11-20,10-30 years,Gas,180.0,5,67000.0,Other,Organic,1,383000.0,Mon,,0
2023-11-04,10-30 years,District,197.0,6,74000.0,Other,Organic,1,457000.0,Sun,17835.0,0
2024-02-12,10-30 years,Gas,149.0,6,44500.0,BW,Paid Social,4,361000.0,Tue,10997.0,0
2023-10-22,10-30 years,Gas,157.0,7,55000.0,NW,Paid Social,4,451000.0,Tue,15121.0,0
2023-01-24,>30 years,Gas,160.0,6,38200.0,BW,Organic,1,429000.0,Mon,18384.0,0
2024-11-14,>30 years,Oil,121.0,4,78200.0,NW,Display,5,225000.0,Thu,,0
2024-10-12,10-30 years,Oil,127.0,5,145300.0,BW,Paid Social,3,332000.0,Tue,,0
2023-09-20,10-30 years,Oil,152.0,6,56100.0,BY,Comparison Site,4,347000.0,Tue,12513.0,0
2023-05-11,10-30 years,Electric,150.0,5,48500.0,Other,Referral,1,429000.0,Wed,12803.0,0
2024-04-15,<10 years,Gas,160.0,6,30000.0,Other,Display,3,395000.0,Tue,12893.0,0
2023-11-26,>30 years,Gas,130.0,5,46200.0,Other,Paid Social,3,383000.0,Sun,15253.0,0
2024-06-14,<10 years,Electric,91.0,4,81100.0,BW,Paid Social,2,177000.0,Fri,,0
2023-12-17,<10 years,Electric,209.0,7,68100.0,HE,Comparison Site,2,558000.0,Fri,,0
2023-06-07,<10 years,Gas,94.0,7,86800.0,Other,Display,1,242000.0,Wed,16426.0,0
2024-11-11,>30 years,Gas,183.0,7,119700.0,BE,Organic,5,528000.0,Sun,13565.0,0
2024-11-15,<10 years,Electric,138.0,4,50800.0,HE,Paid Social,5,293000.0,Thu,,0
2023-03-11,10-30 years,Gas,158.0,8,40900.0,BW,Paid Social,3,502000.0,Sat,10708.0,0
2024-11-12,<10 years,Gas,176.0,7,80200.0,Other,Organic,3,456000.0,Thu,15382.0,0
2023-05-21,>30 years,Electric,132.0,6,61900.0,Other,Referral,5,372000.0,Mon,,0
2024-05-27,>30 years,Gas,95.0,4,39300.0,BY,Organic,3,260000.0,Sat,9275.0,0
2023-05-25,10-30 years,Oil,190.0,5,36100.0,HE,Paid Social,3,552000.0,Fri,,0
2024-12-01,>30 years,Gas,177.0,6,84800.0,NW,Comparison Site,6,399000.0,Sat,8500.0,0
2024-12-15,>30 years,Gas,153.0,6,64700.0,BE,Display,3,326000.0,Sun,21900.0,0
2023-02-17,>30 years,Oil,183.0,7,35800.0,Other,Referral,4,495000.0,Thu,21559.0,0
2023-10-18,>30 years,Gas,163.0,5,64100.0,NW,Organic,3,402000.0,Mon,20000.0,0
2024-06-27,10-30 years,Oil,148.0,5,38400.0,NW,Paid Social,3,315000.0,Fri,18496.0,0
2023-02-25,10-30 years,Gas,142.0,5,78500.0,BY,Display,6,376000.0,Sat,16149.0,0
2023-01-08,>30 years,Gas,64.0,2,87700.0,BY,Referral,5,199000.0,Mon,19358.0,0
2024-06-18,10-30 years,Gas,161.0,8,88400.0,BW,Referral,1,417000.0,Sun,,0
2023-01-12,>30 years,Electric,109.0,4,69000.0,Other,Organic,2,245000.0,Thu,12768.0,0
2023-12-26,10-30 years,Gas,168.0,6,66100.0,NW,Display,6,414000.0,Sat,11268.0,1
2023-02-15,10-30 years,Gas,138.0,5,56600.0,BW,Organic,2,365000.0,Sat,14520.0,0
2023-01-07,10-30 years,Gas,81.0,2,42500.0,HE,Paid Social,2,161000.0,Fri,12896.0,0
2024-09-20,>30 years,Oil,147.0,3,96600.0,NW,Paid Social,2,314000.0,Wed,16425.0,0
2023-08-16,10-30 years,Gas,132.0,5,77800.0,Other,Organic,4,362000.0,Sat,13005.0,0
2024-02-22,<10 years,Electric,205.0,8,43100.0,NW,Referral,1,527000.0,Fri,,0
2024-04-02,>30 years,District,70.0,2,31800.0,BW,Display,2,152000.0,Sat,9670.0,0
2023-05-13,>30 years,Gas,117.0,5,48200.0,HE,Organic,1,345000.0,Thu,,0
2024-01-18,10-30 years,Gas,103.0,4,102100.0,Other,Paid Social,5,362000.0,Thu,19832.0,0
2023-05-14,<10 years,Electric,182.0,7,73100.0,HE,Organic,3,320000.0,Thu,12550.0,1
2023-09-11,10-30 years,Gas,158.0,8,65800.0,Other,Paid Social,3,448000.0,Wed,13145.0,0
2024-10-28,>30 years,Electric,180.0,6,101700.0,BY,Paid Social,4,603000.0,Fri,13216.0,0
2024-12-11,<10 years,Gas,105.0,4,30000.0,HE,Paid Social,1,264000.0,Wed,14706.0,0
2023-10-09,10-30 years,Gas,111.0,6,58000.0,Other,Referral,4,307000.0,Mon,22883.0,0
2024-01-14,<10 years,District,152.0,5,97900.0,BW,Referral,4,399000.0,Mon,19438.0,0
2024-01-22,10-30 years,Gas,219.0,7,40100.0,BY,Display,2,552000.0,Mon,18158.0,0
2024-02-01,10-30 years,Gas,172.0,5,42200.0,HE,Comparison Site,3,504000.0,Sun,,0
2024-11-18,10-30 years,Oil,115.0,4,55000.0,HE,Display,5,335000.0,Fri,,0
2023-01-01,>30 years,District,159.0,5,48400.0,Other,Display,4,436000.0,Sun,10392.0,0
2023-12-01,10-30 years,Gas,174.0,7,51300.0,BY,Organic,1,507000.0,Tue,,0
2023-01-22,10-30 years,District,96.0,3,63900.0,Other,Organic,6,185000.0,Sun,12800.0,0
2024-02-07,10-30 years,Oil,140.0,5,47700.0,HE,Organic,1,422000.0,Sun,11774.0,0
2023-10-18,>30 years,District,143.0,4,52500.0,BY,Referral,2,335000.0,Thu,,0
2024-02-23,10-30 years,Oil,222.0,8,43000.0,BW,Comparison Site,3,610000.0,Fri,7962.0,0
2023-01-11,<10 years,Oil,154.0,6,55400.0,Other,Organic,3,322000.0,Tue,14587.0,0
2023-10-06,<10 years,Electric,217.0,8,64700.0,NW,Organic,5,402000.0,Tue,14444.0,0
2023-12-07,10-30 years,Gas,120.0,5,62600.0,BY,Referral,1,298000.0,Mon,13512.0,0
2024-08-18,>30 years,District,172.0,7,46900.0,BY,Paid Social,6,385000.0,Sat,17460.0,0
2024-11-18,10-30 years,Gas,95.0,4,44400.0,BY,Comparison Site,2,305000.0,Fri,11444.0,0
2023-11-15,10-30 years,Gas,175.0,7,51400.0,NW,Comparison Site,1,430000.0,Tue,12765.0,0
2024-07-11,>30 years,Oil,135.0,4,50700.0,Other,Paid Social,6,278000.0,Sun,11892.0,0
2024-08-06,10-30 years,Gas,137.0,4,38200.0,BY,Display,3,298000.0,Tue,13038.0,0
2023-11-03,10-30 years,Electric,179.0,6,40700.0,NW,Display,3,369000.0,Tue,13447.0,0
2024-07-10,<10 years,Electric,183.0,7,73400.0,Other,Display,2,483000.0,Sat,13611.0,0
2024-01-22,<10 years,Gas,162.0,6,30000.0,BE,Comparison Site,2,418000.0,Fri,,0
2023-03-13,10-30 years,Gas,222.0,8,75400.0,BW,Paid Social,2,530000.0,Fri,11987.0,0
2023-11-26,10-30 years,Oil,153.0,5,68600.0,BY,Display,2,453000.0,Thu,15755.0,0
2023-12-04,>30 years,Electric,163.0,6,85200.0,BW,Display,6,400000.0,Tue,8423.0,0
2023-02-23,<10 years,Electric,161.0,5,57800.0,BW,Paid Social,2,291000.0,Sun,,0
2024-09-19,10-30 years,Gas,178.0,7,95100.0,Other,Organic,3,510000.0,Thu,11898.0,0
2023-08-18,10-30 years,District,151.0,6,86100.0,HE,Referral,7,458000.0,Sat,23676.0,0
2023-02-24,10-30 years,Gas,109.0,5,155900.0,HE,Paid Social,8,224000.0,Mon,22761.0,0
2024-07-28,>30 years,Gas,165.0,5,149800.0,Other,Organic,4,320000.0,Thu,15883.0,0
2023-05-22,10-30 years,Gas,89.0,3,43400.0,HE,Organic,3,220000.0,Sat,11022.0,0
2024-02-07,>30 years,Gas,184.0,6,200000.0,HE,Organic,5,518000.0,Mon,,0
2023-02-21,<10 years,Oil,197.0,6,109800.0,BY,Display,2,489000.0,Tue,16959.0,0
2024-05-24,<10 years,Oil,131.0,4,54700.0,HE,Display,1,309000.0,Sat,,0
2024-09-28,<10 years,Electric,129.0,5,36000.0,BE,Organic,4,405000.0,Sat,13902.0,0
2024-11-28,10-30 years,Oil,72.0,4,49300.0,Other,Organic,2,133000.0,Thu,17095.0,0
2024-08-19,10-30 years,Gas,148.0,8,51100.0,NW,Comparison Site,4,436000.0,Mon,12542.0,0
2023-08-26,>30 years,Oil,165.0,6,74900.0,BY,Paid Social,3,452000.0,Sat,8806.0,0
2024-05-04,10-30 years,Gas,163.0,6,41700.0,HE,Referral,2,412000.0,Fri,15799.0,0
2024-09-04,>30 years,Oil,161.0,6,58900.0,Other,Paid Social,1,414000.0,Sat,18222.0,0
2023-09-19,10-30 years,Gas,139.0,5,79100.0,BW,Paid Social,3,365000.0,Wed,17831.0,0
2023-03-12,10-30 years,Gas,186.0,6,40600.0,BW,Referral,2,450000.0,Fri,11716.0,0
2023-09-08,10-30 years,Gas,111.0,4,56900.0,BW,Comparison Site,3,293000.0,Sat,,0
2024-10-03,<10 years,Electric,112.0,5,43400.0,Other,Organic,6,341000.0,Tue,20757.0,0
2024-10-16,>30 years,Oil,96.0,3,122400.0,BW,Display,4,241000.0,Thu,19535.0,0
2024-02-12,<10 years,District,124.0,4,45300.0,BY,Paid Social,6,315000.0,Mon,19174.0,0
2023-12-23,>30 years,Gas,104.0,2,68000.0,Other,Paid Social,5,251000.0,Tue,12898.0,0
2023-11-13,10-30 years,District,60.0,2,38400.0,BE,Organic,2,118000.0,Sat,8237.0,0
2023-03-28,>30 years,Gas,121.0,5,43000.0,BY,Referral,3,331000.0,Sat,7338.0,1
2023-06-24,>30 years,Electric,182.0,7,51300.0,BY,Organic,3,520000.0,Thu,10823.0,1
2023-04-02,10-30 years,Gas,162.0,6,36100.0,NW,Organic,2,376000.0,Tue,20734.0,0
2023-02-27,10-30 years,Gas,175.0,8,63600.0,BW,Display,1,388000.0,Sun,9819.0,0
2023-12-02,<10 years,Electric,171.0,6,32600.0,BE,Comparison Site,7,422000.0,Sat,,0
2024-09-01,10-30 years,Electric,137.0,5,61200.0,NW,Organic,2,335000.0,Sat,12038.0,1
2023-09-04,<10 years,Electric,141.0,6,61500.0,NW,Paid Social,6,363000.0,Wed,,0
2024-03-11,10-30 years,Gas,121.0,3,63400.0,NW,Organic,1,317000.0,Thu,,0
2024-01-14,<10 years,Oil,160.0,5,83000.0,BY,Paid Social,5,509000.0,Tue,21393.0,0
2024-07-10,>30 years,Gas,264.0,8,89800.0,BY,Referral,5,761000.0,Wed,10149.0,0
2023-11-01,10-30 years,Gas,98.0,3,42300.0,BW,Referral,1,290000.0,Tue,14948.0,0
2024-03-11,>30 years,Electric,190.0,7,70200.0,HE,Organic,8,450000.0,Fri,11201.0,0
2024-10-22,<10 years,Oil,129.0,5,60100.0,NW,Paid Social,3,317000.0,Sat,16607.0,0
2023-05-11,10-30 years,District,208.0,8,87800.0,BE,Referral,1,381000.0,Fri,23391.0,0
2023-04-12,10-30 years,Gas,165.0,7,48900.0,Other,Organic,4,417000.0,Thu,11718.0,0
2024-11-24,10-30 years,District,127.0,6,30000.0,Other,Organic,2,360000.0,Thu,11926.0,0
2023-06-15,>30 years,Oil,141.0,3,55100.0,BY,Organic,1,344000.0,Fri,,0
2023-08-27,>30 years,Oil,179.0,6,58800.0,BY,Organic,5,417000.0,Sun,9194.0,1
2024-01-14,10-30 years,Gas,218.0,7,95600.0,Other,Organic,3,570000.0,Sat,13346.0,0
2024-02-05,>30 years,Electric,182.0,8,84500.0,NW,Organic,3,415000.0,Fri,10632.0,0
2023-01-01,10-30 years,Electric,132.0,5,36300.0,Other,Paid Social,4,177000.0,Fri,,0
2023-02-05,>30 years,Gas,170.0,7,95000.0,BW,Paid Social,1,330000.0,Sun,12193.0,0
2023-01-01,10-30 years,Oil,214.0,8,41300.0,BY,Organic,5,528000.0,Fri,19934.0,0
2024-08-12,>30 years,Gas,169.0,6,42700.0,BW,Paid Social,3,467000.0,Fri,13559.0,0
2024-05-18,>30 years,Oil,145.0,6,63600.0,Other,Paid Social,7,362000.0,Wed,18072.0,0
2023-10-02,<10 years,District,93.0,3,64600.0,BW,Referral,5,151000.0,Sun,15411.0,0
2023-09-25,10-30 years,Gas,199.0,7,56400.0,BY,Comparison Site,3,514000.0,Wed,17853.0,0
2023-06-15,10-30 years,Oil,145.0,6,56600.0,HE,Referral,2,299000.0,Wed,,0
2024-07-12,10-30 years,Gas,122.0,4,35700.0,Other,Paid Social,3,301000.0,Wed,,0
2024-02-13,>30 years,Oil,179.0,7,57500.0,Other,Referral,5,463000.0,Sun,22811.0,1
2024-10-10,>30 years,Electric,181.0,6,97300.0,BY,Referral,7,545000.0,Fri,22255.0,0
2023-10-18,>30 years,Gas,113.0,5,57900.0,Other,Comparison Site,6,244000.0,Mon,,0
2023-01-08,10-30 years,Gas,120.0,4,122500.0,BW,Organic,3,330000.0,Sat,25127.0,0
2023-06-05,<10 years,Electric,173.0,7,59900.0,NW,Paid Social,3,434000.0,Mon,,0
2023-02-02,10-30 years,Oil,198.0,8,42800.0,BY,Organic,2,473000.0,Sun,6920.0,0
2023-11-26,>30 years,Gas,137.0,4,41800.0,BE,Paid Social,8,223000.0,Sat,5832.0,0
2024-10-18,<10 years,Gas,142.0,7,92400.0,BW,Organic,1,409000.0,Fri,9836.0,0
2023-09-08,10-30 years,Gas,122.0,5,67200.0,Other,Comparison Site,9,362000.0,Sun,8130.0,0
2023-08-12,10-30 years,Gas,199.0,8,34100.0,Other,Comparison Site,3,564000.0,Tue,11878.0,0
2024-12-14,<10 years,Oil,176.0,6,63500.0,BY,Display,5,533000.0,Thu,16290.0,1
2023-10-19,10-30 years,Gas,105.0,4,74200.0,Other,Organic,2,233000.0,Sat,11241.0,0
2024-09-21,<10 years,Oil,216.0,7,35600.0,Other,Organic,4,515000.0,Fri,8695.0,0
2024-09-26,>30 years,Gas,288.0,8,54600.0,HE,Display,1,727000.0,Sat,12530.0,0
2024-09-18,<10 years,Gas,78.0,3,42600.0,HE,Paid Social,5,211000.0,Sun,20709.0,0
2023-01-09,>30 years,Gas,164.0,5,50000.0,Other,Organic,4,445000.0,Sat,,0
2023-05-16,<10 years,Oil,88.0,2,40200.0,HE,Organic,2,168000.0,Sun,16858.0,0
2023-11-13,>30 years,Gas,138.0,4,30000.0,BE,Display,1,372000.0,Sat,9303.0,0
2024-10-04,10-30 years,District,91.0,4,34300.0,BW,Organic,2,203000.0,Tue,21581.0,0
2024-05-14,>30 years,Gas,209.0,8,89000.0,BY,Paid Social,1,489000.0,Sun,18688.0,0
2024-10-06,>30 years,Gas,135.0,6,47600.0,NW,Comparison Site,3,397000.0,Sun,11781.0,0
2023-10-09,10-30 years,Gas,190.0,7,123500.0,BY,Referral,5,441000.0,Sat,21079.0,0
2023-06-11,>30 years,Gas,157.0,6,39300.0,BY,Comparison Site,3,367000.0,Sun,,0
2023-01-22,10-30 years,Electric,218.0,7,66200.0,Other,Organic,2,546000.0,Tue,13166.0,0
2023-01-15,>30 years,Electric,102.0,4,65800.0,BY,Comparison Site,1,275000.0,Sat,,0
2023-04-07,10-30 years,Gas,62.0,2,59500.0,BW,Paid Social,2,163000.0,Mon,,0
2023-10-28,>30 years,Oil,127.0,4,95200.0,BY,Display,3,250000.0,Sat,11664.0,0
2024-06-17,>30 years,Oil,135.0,7,36000.0,BY,Organic,5,275000.0,Wed,15586.0,0
2024-04-12,<10 years,District,86.0,4,93200.0,BY,Comparison Site,5,191000.0,Thu,20422.0,0
2024-01-03,10-30 years,Gas,167.0,8,52000.0,Other,Paid Social,5,396000.0,Fri,16473.0,0
2024-10-10,>30 years,Gas,165.0,6,71500.0,NW,Organic,2,498000.0,Tue,15857.0,0
2023-06-03,>30 years,Oil,203.0,7,56300.0,NW,Display,6,508000.0,Thu,11312.0,0
2024-11-16,>30 years,Gas,191.0,7,107900.0,HE,Organic,2,392000.0,Sat,,0
2023-06-21,10-30 years,Electric,130.0,5,41900.0,BW,Paid Social,3,283000.0,Thu,24745.0,0
2023-04-12,10-30 years,District,104.0,5,32900.0,Other,Organic,2,242000.0,Thu,18940.0,0
2023-05-05,10-30 years,Gas,81.0,2,79400.0,Other,Paid Social,2,226000.0,Fri,14709.0,0
2023-08-15,10-30 years,Electric,142.0,5,63500.0,BY,Organic,6,403000.0,Mon,11759.0,0
2024-11-06,10-30 years,District,141.0,6,68800.0,BW,Organic,2,406000.0,Sun,19068.0,0
2023-10-27,10-30 years,District,165.0,4,98900.0,HE,Organic,3,390000.0,Mon,,0
2023-01-23,<10 years,Electric,85.0,4,65700.0,HE,Comparison Site,2,311000.0,Sat,13712.0,0
2023-01-15,10-30 years,Oil,156.0,6,53600.0,NW,Display,7,328000.0,Sun,,0
2024-12-25,<10 years,Gas,171.0,6,59200.0,NW,Organic,5,360000.0,Tue,,0
2024-12-15,>30 years,District,124.0,5,131300.0,HE,Comparison Site,3,404000.0,Fri,7413.0,0
2023-12-22,10-30 years,Gas,173.0,4,68300.0,Other,Display,2,399000.0,Tue,19121.0,0
2024-01-04,10-30 years,Gas,140.0,4,81500.0,BW,Paid Social,2,379000.0,Sun,,0
2023-07-14,10-30 years,Gas,197.0,7,43500.0,HE,Paid Social,3,429000.0,Sat,8749.0,0
2023-12-28,<10 years,Oil,207.0,8,84000.0,NW,Organic,5,451000.0,Fri,,0
2024-08-10,>30 years,Gas,151.0,5,51000.0,NW,Comparison Site,4,451000.0,Sat,14256.0,0
2023-10-02,10-30 years,Electric,184.0,7,30000.0,Other,Referral,6,425000.0,Thu,21395.0,0
2023-12-26,>30 years,Oil,96.0,3,65200.0,HE,Organic,1,166000.0,Thu,16628.0,1
2023-07-07,10-30 years,Gas,131.0,5,62900.0,BE,Display,4,348000.0,Mon,15077.0,0
2023-11-07,>30 years,Gas,165.0,6,69100.0,Other,Paid Social,4,365000.0,Sun,18227.0,0
2023-02-24,10-30 years,Gas,132.0,5,53800.0,NW,Referral,1,423000.0,Mon,,0
2024-08-10,<10 years,Gas,139.0,4,91100.0,NW,Display,5,349000.0,Sun,16209.0,0
2024-12-04,>30 years,Gas,111.0,2,67700.0,BY,Paid Social,5,290000.0,Fri,20496.0,0
2024-11-01,10-30 years,Gas,219.0,8,52400.0,BE,Paid Social,1,610000.0,Sun,25136.0,0
2023-01-10,>30 years,Electric,112.0,3,92000.0,BY,Display,3,365000.0,Thu,,0
2024-12-23,10-30 years,Oil,181.0,7,69400.0,BY,Display,5,502000.0,Tue,14489.0,1
2024-11-22,>30 years,Oil,130.0,5,63500.0,Other,Display,3,279000.0,Sun,17072.0,0
2023-02-09,>30 years,Gas,175.0,6,49400.0,BE,Referral,5,424000.0,Wed,26885.0,0
2023-09-26,>30 years,Gas,125.0,2,132100.0,Other,Referral,2,329000.0,Tue,10175.0,0
2024-11-08,10-30 years,Oil,136.0,6,40300.0,Other,Organic,5,320000.0,Thu,15192.0,0
2023-04-26,10-30 years,Oil,166.0,7,51900.0,Other,Referral,3,412000.0,Sun,,0
2024-11-18,>30 years,Gas,174.0,4,52000.0,NW,Organic,4,367000.0,Wed,14189.0,1
2023-11-28,>30 years,Gas,185.0,6,55600.0,HE,Comparison Site,5,458000.0,Sat,,0
2023-10-18,<10 years,District,151.0,5,76100.0,Other,Referral,4,407000.0,Mon,12581.0,0
2023-09-01,10-30 years,Gas,193.0,6,71100.0,BW,Comparison Site,4,467000.0,Fri,17256.0,0
2023-08-15,<10 years,Gas,159.0,5,74800.0,Other,Display,2,481000.0,Sun,,0
2023-10-02,>30 years,Gas,144.0,6,57800.0,Other,Display,4,331000.0,Mon,12008.0,0
2024-02-17,<10 years,Electric,184.0,6,95100.0,NW,Organic,4,464000.0,Wed,,0
2023-01-15,10-30 years,Electric,154.0,3,43900.0,HE,Display,2,361000.0,Sat,12813.0,0
2024-09-11,10-30 years,Gas,160.0,5,42700.0,BW,Paid Social,3,444000.0,Wed,17310.0,0
2023-03-13,>30 years,Gas,110.0,4,36700.0,HE,Organic,2,280000.0,Mon,15295.0,0
2024-01-25,>30 years,Gas,124.0,4,50200.0,BW,Paid Social,5,357000.0,Sat,13376.0,0
2023-03-07,10-30 years,Gas,166.0,6,62300.0,BY,Display,1,476000.0,Tue,16835.0,0
2024-10-10,10-30 years,Gas,115.0,5,47800.0,Other,Referral,4,330000.0,Wed,,0
2023-06-09,>30 years,Gas,151.0,6,49000.0,HE,Paid Social,2,408000.0,Fri,18203.0,0
2024-01-24,>30 years,Gas,74.0,3,93300.0,Other,Organic,1,236000.0,Wed,22368.0,0
2024-11-04,10-30 years,Electric,226.0,8,45500.0,Other,Organic,4,667000.0,Sat,11785.0,0
2023-04-07,>30 years,Oil,177.0,8,52800.0,BY,Paid Social,5,368000.0,Thu,6827.0,0
2023-01-08,10-30 years,Electric,132.0,5,69700.0,BY,Organic,3,295000.0,Tue,9368.0,0
2023-12-03,>30 years,Oil,210.0,8,30700.0,HE,Paid Social,5,428000.0,Sun,11899.0,0
2024-04-27,10-30 years,District,114.0,4,37100.0,Other,Organic,2,373000.0,Thu,25096.0,0
2023-04-04,10-30 years,District,128.0,5,81100.0,Other,Display,1,316000.0,Fri,,0
2024-07-02,>30 years,Gas,170.0,5,30000.0,HE,Organic,3,448000.0,Wed,14392.0,0
2024-11-27,<10 years,Gas,187.0,7,33200.0,BE,Display,5,517000.0,Tue,9966.0,0
2024-08-06,10-30 years,Electric,127.0,4,30800.0,NW,Paid Social,1,382000.0,Tue,12619.0,0
2024-09-22,10-30 years,Electric,168.0,6,52000.0,NW,Paid Social,3,335000.0,Fri,,0
2024-04-03,<10 years,District,163.0,7,35900.0,Other,Organic,3,399000.0,Mon,21364.0,0
2024-10-23,>30 years,Oil,149.0,5,42600.0,Other,Comparison Site,2,315000.0,Thu,11622.0,1
2023-09-17,10-30 years,Gas,128.0,5,95100.0,Other,Organic,1,316000.0,Mon,,0
2024-10-20,<10 years,Gas,184.0,7,55200.0,BE,Organic,3,372000.0,Sun,20036.0,0
2024-08-26,10-30 years,Gas,69.0,2,65400.0,HE,Organic,8,158000.0,Tue,20127.0,0
2023-12-15,10-30 years,Electric,156.0,7,69000.0,NW,Paid Social,2,406000.0,Wed,17273.0,1
2024-02-10,<10 years,District,123.0,6,91600.0,NW,Display,5,323000.0,Sun,19369.0,0
2024-05-23,>30 years,Gas,145.0,5,49400.0,BW,Organic,4,464000.0,Mon,12574.0,0
2024-01-16,10-30 years,Oil,122.0,4,58000.0,BW,Display,5,256000.0,Mon,18148.0,0
2024-12-03,>30 years,Oil,102.0,3,54600.0,NW,Display,4,160000.0,Wed,,0
2024-05-23,<10 years,Gas,124.0,6,40000.0,BW,Referral,5,329000.0,Mon,13312.0,0
2023-12-22,10-30 years,Electric,128.0,6,56200.0,NW,Comparison Site,2,187000.0,Thu,10361.0,1
2024-10-24,<10 years,Oil,141.0,5,67600.0,BY,Display,2,418000.0,Tue,19100.0,0
2024-03-21,<10 years,Gas,150.0,5,84700.0,NW,Display,3,393000.0,Sat,,0
2024-09-18,>30 years,Gas,175.0,8,42100.0,NW,Display,4,421000.0,Tue,7141.0,0
2023-10-01,<10 years,Gas,209.0,8,92500.0,Other,Organic,6,436000.0,Tue,14279.0,0
2024-11-06,<10 years,Gas,153.0,6,51100.0,BE,Referral,6,367000.0,Sat,,0
2024-10-14,>30 years,Gas,108.0,4,97900.0,Other,Paid Social,4,159000.0,Fri,9540.0,0
2023-03-18,10-30 years,Gas,181.0,7,59200.0,NW,Display,1,507000.0,Thu,,0
2024-04-21,<10 years,Oil,161.0,6,66900.0,Other,Paid Social,3,385000.0,Wed,14149.0,0
2023-12-09,>30 years,Oil,110.0,4,51400.0,Other,Comparison Site,5,311000.0,Mon,12292.0,0
2024-03-20,<10 years,Oil,153.0,3,111900.0,BY,Paid Social,4,400000.0,Wed,18211.0,1
2024-06-04,>30 years,Electric,177.0,6,41900.0,BE,Display,4,441000.0,Sat,15051.0,0
2024-07-03,<10 years,District,116.0,3,90400.0,BW,Organic,5,226000.0,Mon,11106.0,0
2024-07-22,10-30 years,Electric,127.0,3,38400.0,HE,Display,3,251000.0,Fri,9894.0,0
2024-11-10,10-30 years,Gas,153.0,5,45700.0,BY,Organic,4,295000.0,Wed,17678.0,0
2024-12-10,10-30 years,Gas,138.0,6,117900.0,Other,Referral,3,348000.0,Mon,15342.0,0
2024-11-03,10-30 years,Gas,88.0,4,77100.0,NW,Paid Social,7,157000.0,Mon,14455.0,0
2024-12-14,10-30 years,Oil,244.0,8,66700.0,HE,Paid Social,3,690000.0,Sun,16756.0,0
2024-02-07,>30 years,Electric,126.0,7,64900.0,HE,Display,7,354000.0,Fri,22002.0,0
2023-11-15,>30 years,Oil,122.0,4,93400.0,BW,Organic,2,382000.0,Tue,17827.0,0
2024-01-27,10-30 years,Oil,135.0,7,69400.0,BW,Paid Social,3,305000.0,Thu,7350.0,0
2024-02-14,10-30 years,Oil,146.0,6,60700.0,HE,Comparison Site,3,365000.0,Tue,,0
2023-08-10,10-30 years,Oil,162.0,6,72000.0,NW,Referral,1,371000.0,Mon,11595.0,0
2023-08-22,>30 years,District,107.0,5,55300.0,BW,Organic,2,226000.0,Fri,15105.0,0
2023-12-14,10-30 years,Electric,200.0,7,51100.0,NW,Paid Social,4,561000.0,Fri,11074.0,0
2024-09-22,10-30 years,Electric,93.0,5,45000.0,BY,Display,4,210000.0,Thu,13694.0,0
2023-02-03,10-30 years,Oil,132.0,6,39300.0,BW,Paid Social,9,365000.0,Wed,14081.0,0
2023-05-25,>30 years,Gas,180.0,5,72000.0,NW,Paid Social,3,455000.0,Mon,17418.0,0
2023-04-08,10-30 years,Gas,178.0,6,56100.0,BE,Comparison Site,3,449000.0,Mon,13593.0,0
2023-01-25,10-30 years,Gas,60.0,2,31200.0,BW,Organic,1,155000.0,Sat,7718.0,0
2024-12-28,10-30 years,Gas,147.0,5,51100.0,HE,Comparison Site,5,407000.0,Wed,17923.0,0
2023-12-28,>30 years,District,152.0,7,67300.0,BY,Paid Social,5,332000.0,Mon,12577.0,0
2024-12-20,>30 years,Gas,159.0,6,45400.0,BW,Organic,3,376000.0,Tue,10155.0,0
2024-03-06,>30 years,Gas,125.0,5,67200.0,BW,Organic,3,290000.0,Tue,6576.0,0
2024-02-02,>30 years,Gas,139.0,5,30000.0,BY,Organic,1,358000.0,Mon,22602.0,0
2023-04-19,10-30 years,Gas,170.0,7,111700.0,NW,Organic,4,430000.0,Wed,9717.0,0
2023-11-10,10-30 years,District,179.0,7,66700.0,NW,Organic,6,412000.0,Wed,,0
2024-01-11,>30 years,Gas,92.0,3,30000.0,NW,Referral,2,266000.0,Sun,13379.0,0
2023-01-24,10-30 years,District,168.0,6,30000.0,NW,Organic,2,471000.0,Tue,,0
2023-12-19,10-30 years,Gas,164.0,7,66000.0,Other,Referral,5,574000.0,Thu,9735.0,1
2024-02-09,>30 years,District,183.0,8,41100.0,Other,Comparison Site,3,436000.0,Mon,16210.0,0
2023-03-19,>30 years,Oil,115.0,6,67600.0,BE,Organic,4,294000.0,Sun,11406.0,0
2023-10-28,>30 years,Oil,167.0,5,83800.0,NW,Display,2,405000.0,Wed,18546.0,0
2024-07-07,>30 years,Gas,75.0,2,43900.0,BY,Paid Social,6,202000.0,Thu,22137.0,0
2024-11-07,10-30 years,Oil,135.0,4,80300.0,BE,Referral,3,397000.0,Mon,21842.0,0
2024-03-20,>30 years,Oil,137.0,4,85800.0,Other,Paid Social,4,386000.0,Tue,,0
2024-07-07,<10 years,Gas,153.0,4,71600.0,Other,Referral,1,498000.0,Fri,16590.0,0
2023-02-20,>30 years,Gas,179.0,7,101700.0,NW,Paid Social,3,451000.0,Thu,14125.0,0
2023-06-03,10-30 years,District,106.0,4,41500.0,BY,Display,2,274000.0,Sun,14766.0,0
2024-07-22,10-30 years,Gas,198.0,7,34700.0,Other,Display,6,411000.0,Thu,,0
2023-02-22,>30 years,District,60.0,2,31000.0,NW,Organic,6,202000.0,Tue,15114.0,0
2024-01-02,10-30 years,Oil,82.0,6,61400.0,HE,Display,3,195000.0,Sat,,0
2024-06-22,10-30 years,Gas,188.0,7,71400.0,BW,Referral,3,438000.0,Thu,22383.0,0
2023-03-10,<10 years,Gas,154.0,4,77100.0,Other,Organic,1,384000.0,Sat,18780.0,0
2023-02-07,<10 years,District,218.0,8,58600.0,BY,Paid Social,2,626000.0,Sun,21403.0,0
2024-02-21,10-30 years,Oil,181.0,7,67900.0,Other,Organic,5,502000.0,Tue,20341.0,0
2023-03-21,10-30 years,Gas,150.0,5,68300.0,BE,Organic,5,402000.0,Sat,10050.0,0
2024-11-13,10-30 years,Oil,130.0,5,71300.0,NW,Paid Social,1,302000.0,Thu,17052.0,0
2023-07-03,10-30 years,Gas,125.0,5,73500.0,HE,Referral,4,293000.0,Sat,,0
2024-08-21,>30 years,Electric,165.0,6,86000.0,HE,Paid Social,3,480000.0,Fri,,0
2024-03-21,<10 years,Gas,127.0,4,36400.0,BY,Display,2,279000.0,Wed,20258.0,0
2024-02-02,10-30 years,Gas,160.0,5,44700.0,BW,Comparison Site,4,381000.0,Fri,11225.0,0
2024-03-18,>30 years,Gas,123.0,5,72800.0,Other,Display,6,275000.0,Tue,12095.0,0
2023-11-20,10-30 years,Gas,158.0,5,30900.0,BE,Paid Social,1,495000.0,Mon,17159.0,0
2024-06-21,10-30 years,Oil,212.0,7,56700.0,HE,Paid Social,4,511000.0,Thu,7264.0,0
2024-12-09,>30 years,Oil,172.0,6,90200.0,BY,Organic,8,404000.0,Sat,17566.0,0
2023-11-09,>30 years,Electric,131.0,3,109800.0,NW,Organic,2,343000.0,Tue,9968.0,0
2024-10-28,>30 years,Oil,164.0,8,77400.0,BW,Display,1,429000.0,Sun,16688.0,0
2024-03-10,>30 years,Gas,161.0,7,70100.0,Other,Display,2,321000.0,Sat,,0
2024-01-28,<10 years,Oil,158.0,7,87300.0,BW,Referral,1,350000.0,Wed,12234.0,0
2023-06-11,>30 years,District,165.0,6,70700.0,BW,Organic,2,503000.0,Wed,5000.0,1
2024-09-27,>30 years,Gas,186.0,8,77600.0,HE,Referral,3,335000.0,Wed,12501.0,0
2023-09-15,>30 years,Gas,193.0,8,127200.0,NW,Referral,2,428000.0,Sun,16942.0,0
2023-01-24,10-30 years,Oil,150.0,6,61100.0,BW,Organic,6,383000.0,Thu,17095.0,1
2023-02-12,>30 years,Gas,95.0,2,54500.0,BE,Comparison Site,4,261000.0,Wed,12551.0,0
2023-06-08,10-30 years,Gas,153.0,4,101600.0,Other,Organic,1,363000.0,Fri,,0
2023-01-23,>30 years,Electric,144.0,6,57000.0,BY,Referral,3,395000.0,Sun,8606.0,1
2024-09-19,<10 years,Electric,172.0,8,72600.0,HE,Paid Social,3,401000.0,Mon,8235.0,0
2023-01-17,>30 years,Oil,102.0,2,81800.0,BE,Referral,7,303000.0,Thu,14791.0,0
2024-07-08,10-30 years,Electric,170.0,6,38100.0,HE,Display,4,382000.0,Mon,,0
2023-06-04,<10 years,Gas,155.0,4,59200.0,NW,Organic,6,400000.0,Fri,,0
2023-12-19,>30 years,Oil,111.0,4,48700.0,HE,Organic,3,238000.0,Sun,5000.0,1
2023-11-19,10-30 years,Oil,67.0,2,51400.0,BE,Comparison Site,2,156000.0,Sun,,0
2024-05-05,10-30 years,Gas,185.0,8,83900.0,Other,Organic,7,530000.0,Mon,,0
2024-11-08,10-30 years,Gas,110.0,5,37800.0,Other,Organic,3,311000.0,Thu,,0
2024-05-15,>30 years,Oil,91.0,2,53700.0,NW,Organic,3,238000.0,Fri,10082.0,0
2023-07-17,10-30 years,Electric,127.0,2,66600.0,BE,Display,2,390000.0,Fri,,0
2023-11-08,10-30 years,Oil,197.0,7,57800.0,Other,Organic,5,370000.0,Sat,19952.0,0
2024-12-15,10-30 years,Gas,158.0,5,69100.0,HE,Paid Social,2,409000.0,Wed,12595.0,0
2024-01-04,>30 years,Gas,168.0,5,75100.0,BW,Organic,6,449000.0,Fri,19225.0,1
2023-03-09,10-30 years,Gas,148.0,8,77700.0,HE,Display,2,453000.0,Wed,20861.0,0
2024-12-23,10-30 years,Gas,162.0,5,92900.0,HE,Organic,6,400000.0,Thu,13628.0,0
2023-12-10,10-30 years,Electric,142.0,5,153100.0,BW,Display,4,240000.0,Thu,15566.0,0
2024-02-27,10-30 years,Oil,131.0,4,86300.0,BY,Organic,3,305000.0,Fri,20500.0,0
2023-01-13,>30 years,Oil,124.0,4,58800.0,BE,Paid Social,7,355000.0,Wed,,0
2024-12-16,>30 years,Electric,138.0,5,71900.0,Other,Comparison Site,6,326000.0,Sun,7748.0,0
2023-09-02,10-30 years,Gas,247.0,7,52600.0,BY,Paid Social,3,575000.0,Fri,,0
2024-01-17,10-30 years,Oil,173.0,5,93100.0,HE,Organic,4,416000.0,Tue,10963.0,1
2023-09-09,10-30 years,Gas,116.0,5,67200.0,NW,Paid Social,3,345000.0,Thu,11463.0,1
2024-04-14,>30 years,Gas,97.0,4,113700.0,NW,Paid Social,3,287000.0,Wed,17904.0,0
2024-05-18,<10 years,Gas,146.0,6,52400.0,Other,Paid Social,7,302000.0,Thu,13646.0,0
2023-03-20,>30 years,District,82.0,2,53700.0,Other,Display,3,197000.0,Mon,,0
2024-10-19,10-30 years,Gas,186.0,6,55100.0,BY,Organic,1,399000.0,Sun,,0
2023-01-21,10-30 years,Gas,60.0,2,48800.0,BE,Paid Social,7,199000.0,Sun,21555.0,0
2023-10-23,<10 years,Oil,138.0,5,74900.0,Other,Organic,2,417000.0,Sun,,0
2023-11-09,>30 years,Gas,78.0,3,66300.0,Other,Paid Social,3,198000.0,Sun,16671.0,0
2024-03-13,>30 years,Gas,168.0,7,68700.0,BW,Organic,4,410000.0,Tue,14418.0,0
2024-06-08,<10 years,Electric,120.0,5,30000.0,Other,Organic,5,324000.0,Fri,,0
2023-10-07,10-30 years,Gas,178.0,7,40400.0,BY,Display,5,531000.0,Mon,12972.0,0
2024-09-11,<10 years,District,63.0,2,58000.0,Other,Paid Social,3,106000.0,Sun,13887.0,0
2023-08-11,>30 years,Oil,195.0,8,62800.0,Other,Organic,4,448000.0,Mon,11612.0,1
2024-12-13,10-30 years,Gas,164.0,6,113900.0,Other,Display,3,354000.0,Tue,14294.0,0
2023-01-21,10-30 years,Gas,149.0,5,40900.0,BY,Referral,2,295000.0,Sat,20770.0,0
2023-01-18,<10 years,Oil,116.0,5,38200.0,Other,Referral,3,288000.0,Tue,21406.0,0
2024-07-23,>30 years,Gas,138.0,7,39200.0,BY,Referral,2,299000.0,Mon,,0
2023-04-22,10-30 years,Oil,179.0,7,62400.0,NW,Organic,3,417000.0,Wed,20212.0,0
2024-10-01,<10 years,Electric,117.0,4,79900.0,Other,Display,3,284000.0,Fri,18426.0,1
2023-09-22,10-30 years,Electric,146.0,5,47900.0,HE,Comparison Site,2,334000.0,Wed,14431.0,0
2024-02-07,>30 years,Oil,138.0,5,63800.0,NW,Display,4,445000.0,Sat,20236.0,0
2023-09-05,10-30 years,Electric,157.0,7,37300.0,BE,Organic,4,367000.0,Wed,16612.0,0
2024-02-26,10-30 years,Gas,94.0,3,36000.0,Other,Display,6,255000.0,Sat,20445.0,0
2023-11-12,10-30 years,Gas,208.0,8,50000.0,HE,Paid Social,1,506000.0,Wed,20861.0,0
2024-12-04,10-30 years,Electric,187.0,8,84300.0,BY,Paid Social,4,497000.0,Mon,17629.0,1
2024-02-10,10-30 years,Gas,79.0,2,45300.0,HE,Display,3,201000.0,Wed,6198.0,0
2023-02-10,>30 years,Oil,71.0,4,55700.0,HE,Organic,1,112000.0,Wed,9977.0,0
2023-10-07,<10 years,Oil,206.0,6,41300.0,HE,Organic,3,537000.0,Sat,11689.0,0
2024-02-09,10-30 years,Gas,153.0,5,39000.0,Other,Paid Social,2,313000.0,Mon,,0
2024-11-20,<10 years,Gas,78.0,3,71700.0,Other,Comparison Site,5,143000.0,Mon,14329.0,0
2024-01-26,10-30 years,Oil,130.0,5,47600.0,BW,Organic,5,230000.0,Sun,12920.0,0
2024-01-17,10-30 years,Electric,138.0,5,34200.0,BY,Paid Social,4,377000.0,Fri,12967.0,0
2023-02-02,>30 years,Gas,176.0,6,33500.0,Other,Paid Social,4,496000.0,Sun,10516.0,0
2024-04-11,<10 years,Oil,188.0,8,89400.0,HE,Organic,2,494000.0,Thu,21716.0,0
2024-02-23,>30 years,Gas,155.0,7,30700.0,BE,Organic,6,360000.0,Thu,,0
2024-11-05,10-30 years,Gas,143.0,6,93900.0,NW,Organic,4,491000.0,Sat,18848.0,0
2024-04-04,10-30 years,Gas,131.0,5,77400.0,Other,Display,4,358000.0,Tue,22663.0,0
2023-11-22,<10 years,Gas,206.0,8,50200.0,NW,Paid Social,9,483000.0,Fri,,0
2023-02-06,10-30 years,Oil,133.0,3,79900.0,Other,Display,1,350000.0,Fri,,0
2023-01-07,10-30 years,Oil,171.0,5,55200.0,NW,Display,5,445000.0,Sun,,0
2024-01-14,10-30 years,District,107.0,4,70600.0,BY,Paid Social,4,338000.0,Sun,,0
2024-02-13,10-30 years,Gas,99.0,2,30000.0,BW,Organic,8,266000.0,Tue,,0
2024-05-07,10-30 years,District,158.0,5,63500.0,Other,Organic,3,401000.0,Thu,,0
2024-07-03,10-30 years,Oil,135.0,6,51800.0,Other,Paid Social,3,384000.0,Fri,,0
2023-01-26,10-30 years,Gas,95.0,4,49100.0,Other,Organic,5,345000.0,Mon,12373.0,0
2024-10-24,>30 years,Gas,137.0,6,85500.0,Other,Comparison Site,3,317000.0,Thu,15599.0,0
2023-07-18,10-30 years,Oil,250.0,8,139200.0,NW,Paid Social,2,624000.0,Mon,21931.0,0
2023-03-28,10-30 years,Electric,149.0,5,100700.0,NW,Paid Social,7,387000.0,Fri,14905.0,0
2023-07-14,10-30 years,Oil,138.0,5,95400.0,BY,Organic,4,349000.0,Mon,19852.0,0
2024-01-13,>30 years,Oil,138.0,5,43000.0,Other,Organic,5,342000.0,Tue,,1
2023-11-06,<10 years,Gas,198.0,7,78200.0,NW,Display,3,484000.0,Thu,16925.0,0
2024-11-19,>30 years,Gas,144.0,6,51400.0,Other,Referral,4,367000.0,Fri,11463.0,0
2023-04-23,10-30 years,Gas,160.0,6,49600.0,Other,Referral,4,362000.0,Tue,22818.0,0
2023-05-18,10-30 years,Gas,179.0,5,141600.0,BY,Display,3,410000.0,Tue,10435.0,0
2024-02-27,10-30 years,Electric,202.0,7,30000.0,BW,Comparison Site,4,487000.0,Fri,7202.0,0
2023-10-11,>30 years,Electric,121.0,5,72600.0,BW,Organic,4,305000.0,Mon,12979.0,1
2023-12-13,>30 years,Gas,112.0,4,70700.0,BW,Organic,2,334000.0,Sat,,0
2024-05-04,>30 years,Electric,121.0,5,83700.0,BE,Organic,3,324000.0,Tue,17780.0,0
2023-11-27,<10 years,Gas,176.0,6,82900.0,HE,Display,6,515000.0,Thu,14291.0,0
2024-05-14,>30 years,Gas,181.0,6,73500.0,HE,Referral,1,374000.0,Sun,13644.0,1
2024-05-09,10-30 years,Gas,158.0,5,70700.0,HE,Organic,3,421000.0,Tue,13065.0,0
2024-08-25,>30 years,Gas,189.0,8,44000.0,BW,Referral,5,416000.0,Tue,,0
2023-04-18,10-30 years,Gas,181.0,6,61400.0,BY,Display,5,420000.0,Mon,21137.0,0
2024-01-17,>30 years,Gas,125.0,5,83900.0,BY,Paid Social,6,383000.0,Sun,16498.0,0
2024-11-13,>30 years,Gas,90.0,4,45800.0,NW,Display,3,207000.0,Sun,20584.0,0
2023-07-13,10-30 years,Gas,132.0,5,69600.0,Other,Display,2,273000.0,Thu,7119.0,0
2023-12-10,10-30 years,Oil,171.0,5,84300.0,Other,Comparison Site,5,446000.0,Thu,12800.0,0
2023-05-19,<10 years,Gas,170.0,6,52600.0,HE,Paid Social,2,380000.0,Thu,21939.0,0
2024-11-05,10-30 years,District,78.0,3,111900.0,BY,Organic,4,217000.0,Thu,9918.0,0
2024-11-10,10-30 years,Electric,60.0,2,75300.0,NW,Display,5,139000.0,Sat,,0
2024-06-06,>30 years,District,178.0,8,31800.0,NW,Organic,3,514000.0,Tue,15850.0,0
2023-01-07,10-30 years,Oil,179.0,7,62200.0,BY,Referral,1,503000.0,Thu,27957.0,1
2024-07-01,10-30 years,Oil,164.0,7,43800.0,Other,Comparison Site,3,322000.0,Fri,7642.0,0
2023-10-06,10-30 years,Gas,186.0,8,39800.0,BW,Display,3,482000.0,Wed,18382.0,0
2024-02-28,10-30 years,Electric,158.0,6,40900.0,HE,Paid Social,2,418000.0,Wed,12254.0,0
2024-02-20,10-30 years,Gas,97.0,4,128600.0,Other,Organic,4,295000.0,Fri,21458.0,0
2024-06-21,<10 years,Gas,138.0,7,43500.0,Other,Organic,4,367000.0,Tue,13064.0,0
2024-03-10,10-30 years,Gas,147.0,6,56500.0,BY,Organic,5,318000.0,Fri,17451.0,0
2023-01-07,<10 years,Gas,127.0,4,68300.0,BY,Paid Social,5,356000.0,Mon,9151.0,0
2024-03-14,>30 years,Gas,126.0,4,45200.0,NW,Display,6,260000.0,Sun,25412.0,0
2024-12-16,<10 years,District,146.0,5,43100.0,NW,Paid Social,4,327000.0,Sat,8992.0,0
2023-05-25,>30 years,Gas,117.0,4,46700.0,BY,Paid Social,6,344000.0,Sat,16524.0,0
2023-03-09,>30 years,Electric,65.0,3,47500.0,BW,Display,2,183000.0,Tue,9914.0,0
2024-11-11,10-30 years,Gas,154.0,6,74000.0,NW,Paid Social,4,447000.0,Mon,5000.0,0
2023-09-11,10-30 years,Oil,200.0,8,42600.0,BY,Referral,3,533000.0,Wed,19913.0,1
2023-04-18,10-30 years,Oil,62.0,3,110600.0,BY,Display,3,156000.0,Thu,,0
2023-11-06,>30 years,Oil,157.0,4,55000.0,NW,Display,1,434000.0,Sun,20413.0,0
2023-03-24,10-30 years,Gas,110.0,5,114600.0,BW,Display,1,251000.0,Sat,17841.0,0
2024-12-15,>30 years,Oil,177.0,6,58400.0,Other,Organic,3,416000.0,Sat,12990.0,1
2024-12-10,<10 years,Gas,165.0,6,33000.0,HE,Display,3,386000.0,Mon,21763.0,0
2023-05-14,<10 years,Oil,192.0,6,46500.0,NW,Display,5,489000.0,Wed,,0
2024-07-21,10-30 years,Oil,116.0,4,74100.0,BW,Display,3,289000.0,Mon,10156.0,0
2024-02-23,<10 years,Gas,153.0,6,39500.0,Other,Display,1,460000.0,Tue,,0
2023-02-17,10-30 years,Gas,250.0,8,58900.0,BW,Comparison Site,2,577000.0,Tue,19149.0,0
2024-03-21,<10 years,Gas,158.0,5,68900.0,Other,Paid Social,2,345000.0,Thu,15421.0,0
2023-12-09,>30 years,Electric,178.0,6,69600.0,Other,Organic,2,413000.0,Tue,5000.0,1
2023-02-04,>30 years,Electric,206.0,8,75300.0,NW,Paid Social,1,543000.0,Tue,17698.0,0
2024-03-07,10-30 years,Gas,115.0,3,65800.0,BE,Organic,4,318000.0,Sat,21254.0,0
2024-08-17,10-30 years,Gas,69.0,3,40100.0,BW,Referral,2,147000.0,Mon,16948.0,0
2024-01-02,10-30 years,Gas,82.0,4,53700.0,NW,Organic,6,154000.0,Wed,15109.0,0
2023-10-09,>30 years,Gas,104.0,5,60200.0,Other,Comparison Site,3,286000.0,Mon,,0
2024-10-17,10-30 years,Electric,133.0,5,71500.0,BW,Organic,5,266000.0,Mon,16328.0,0
2024-01-06,<10 years,Oil,170.0,7,44700.0,BY,Paid Social,1,471000.0,Thu,12258.0,0
2023-07-21,10-30 years,Electric,188.0,6,58900.0,Other,Organic,7,385000.0,Mon,17378.0,0
2023-12-16,10-30 years,District,107.0,2,128800.0,NW,Paid Social,1,244000.0,Tue,13095.0,0
2024-10-02,>30 years,Oil,236.0,8,86900.0,BE,Paid Social,5,558000.0,Sat,17353.0,0
2024-05-07,>30 years,Oil,202.0,8,85200.0,Other,Display,2,551000.0,Sat,16282.0,0
2024-03-15,<10 years,Oil,130.0,4,58500.0,BW,Organic,2,306000.0,Tue,17523.0,0
2024-01-27,>30 years,Oil,245.0,8,64600.0,NW,Organic,4,633000.0,Tue,10237.0,0
2023-12-19,>30 years,Electric,174.0,6,60300.0,HE,Organic,4,390000.0,Wed,8576.0,1
2023-07-07,<10 years,Electric,147.0,7,72600.0,HE,Display,4,268000.0,Sat,27677.0,0
2024-02-04,>30 years,Gas,113.0,5,36500.0,Other,Organic,3,308000.0,Thu,19555.0,0
2024-10-15,10-30 years,District,105.0,3,43500.0,NW,Paid Social,6,265000.0,Tue,24969.0,0
2024-02-15,10-30 years,Oil,187.0,8,34100.0,NW,Paid Social,2,435000.0,Thu,19286.0,0
2023-02-14,10-30 years,Gas,154.0,5,80700.0,Other,Referral,1,424000.0,Fri,14557.0,0
2024-12-08,>30 years,Electric,167.0,4,80100.0,Other,Referral,3,485000.0,Tue,,0
2023-10-17,10-30 years,Gas,105.0,2,46200.0,NW,Comparison Site,1,318000.0,Sat,,0
2024-08-24,>30 years,Electric,172.0,6,45200.0,BE,Referral,1,406000.0,Sun,5000.0,0
2023-04-12,10-30 years,District,153.0,7,80300.0,BY,Referral,1,502000.0,Tue,20786.0,0
2024-05-03,10-30 years,Gas,107.0,4,79500.0,BW,Comparison Site,7,194000.0,Mon,,0
2023-04-23,>30 years,Electric,93.0,5,114700.0,NW,Referral,5,298000.0,Sat,,0
2023-05-11,>30 years,Electric,152.0,5,43100.0,NW,Organic,3,378000.0,Fri,14151.0,0
2024-06-11,10-30 years,Oil,177.0,6,57200.0,BW,Referral,4,416000.0,Tue,6594.0,1
2024-02-08,10-30 years,Gas,192.0,7,62900.0,BW,Display,2,489000.0,Fri,10316.0,0
2024-04-09,<10 years,Gas,159.0,6,75100.0,BE,Display,6,465000.0,Thu,13103.0,0
2023-03-08,10-30 years,Gas,118.0,5,88200.0,BE,Organic,4,174000.0,Sat,24673.0,0
2024-09-15,>30 years,Gas,151.0,6,57100.0,BW,Organic,5,422000.0,Thu,12075.0,0
2024-12-18,10-30 years,Oil,164.0,6,65400.0,HE,Organic,4,379000.0,Sat,12222.0,1
2024-06-06,10-30 years,Electric,119.0,3,52800.0,HE,Referral,2,311000.0,Tue,21370.0,0
2023-02-16,10-30 years,District,131.0,5,33700.0,NW,Organic,6,437000.0,Sun,20365.0,0
2024-04-27,10-30 years,Gas,151.0,6,42700.0,Other,Paid Social,8,331000.0,Sun,21707.0,0
2023-02-06,<10 years,Gas,159.0,7,49600.0,NW,Comparison Site,7,430000.0,Sat,15762.0,0
2024-09-23,10-30 years,Electric,100.0,3,74900.0,HE,Paid Social,7,216000.0,Mon,13692.0,0
2024-04-28,>30 years,Gas,128.0,4,30000.0,NW,Referral,6,219000.0,Sat,13636.0,0
2024-02-04,>30 years,District,156.0,5,75400.0,BY,Referral,3,510000.0,Sun,11014.0,0
2023-09-22,10-30 years,Electric,170.0,6,75600.0,Other,Referral,6,481000.0,Wed,,0
2023-12-12,<10 years,Oil,156.0,5,49900.0,Other,Paid Social,2,363000.0,Sun,10836.0,0
2023-07-16,10-30 years,Gas,162.0,6,128200.0,NW,Organic,5,401000.0,Mon,10458.0,0
2023-05-23,>30 years,Gas,160.0,7,66300.0,Other,Referral,4,384000.0,Sat,13737.0,0
2024-10-13,10-30 years,Gas,117.0,6,65900.0,NW,Display,1,252000.0,Sat,16373.0,0
2024-02-06,10-30 years,Gas,205.0,8,56100.0,HE,Display,3,468000.0,Sat,,0
2024-05-23,>30 years,Oil,135.0,5,30000.0,BY,Display,3,328000.0,Wed,16542.0,0
2023-01-25,10-30 years,Gas,120.0,3,46200.0,HE,Organic,5,365000.0,Sun,,0
2024-07-25,10-30 years,Oil,92.0,3,43600.0,Other,Organic,2,188000.0,Tue,,0
2023-12-05,10-30 years,Electric,129.0,5,78000.0,BW,Display,3,354000.0,Sat,13119.0,0
2024-02-09,<10 years,Gas,122.0,4,48500.0,BY,Organic,2,323000.0,Sat,,0
2023-12-06,<10 years,Oil,135.0,6,67500.0,BE,Display,2,324000.0,Sat,,0
2023-10-25,>30 years,Electric,163.0,5,31300.0,BY,Organic,5,385000.0,Tue,21727.0,0
2024-12-12,10-30 years,Gas,198.0,7,103300.0,NW,Organic,2,517000.0,Sat,15460.0,0
2024-04-24,10-30 years,Gas,183.0,7,79700.0,BY,Referral,1,489000.0,Tue,,0
2024-11-12,10-30 years,Oil,69.0,2,59300.0,Other,Comparison Site,4,66000.0,Tue,7805.0,0
2023-07-16,>30 years,Oil,190.0,7,49400.0,NW,Organic,3,457000.0,Tue,6604.0,0
2024-01-26,>30 years,Oil,171.0,6,83600.0,BW,Referral,4,419000.0,Mon,11722.0,1
2024-10-03,<10 years,Gas,222.0,8,48700.0,BW,Organic,4,538000.0,Thu,9566.0,0
2023-12-19,10-30 years,Gas,124.0,4,48500.0,NW,Paid Social,1,464000.0,Mon,15883.0,0
2023-02-11,10-30 years,Gas,110.0,3,54600.0,NW,Paid Social,2,251000.0,Thu,,0
2023-06-22,10-30 years,Gas,185.0,8,107500.0,BY,Paid Social,5,511000.0,Tue,6633.0,0
2024-11-11,10-30 years,Oil,180.0,8,46600.0,HE,Paid Social,1,434000.0,Fri,,0
2023-12-03,<10 years,Oil,123.0,3,78600.0,Other,Display,3,338000.0,Wed,8045.0,0
2024-02-16,>30 years,Oil,140.0,5,44000.0,Other,Display,6,372000.0,Wed,12468.0,0
2024-04-08,10-30 years,Gas,169.0,6,30000.0,HE,Comparison Site,2,416000.0,Mon,15170.0,0
2024-01-07,10-30 years,Gas,164.0,7,70100.0,BE,Organic,4,508000.0,Sat,5000.0,0
2023-11-28,10-30 years,Electric,149.0,6,42300.0,BE,Comparison Site,3,385000.0,Thu,12592.0,0
2024-11-23,10-30 years,Oil,154.0,6,53200.0,BW,Referral,2,367000.0,Thu,,0
2024-09-04,10-30 years,Electric,117.0,6,83800.0,HE,Organic,2,265000.0,Thu,9886.0,0
2023-07-06,<10 years,Gas,142.0,5,41600.0,Other,Organic,1,374000.0,Thu,13453.0,0
2023-02-03,10-30 years,Oil,95.0,4,50700.0,Other,Organic,3,291000.0,Tue,16649.0,0
2024-03-14,>30 years,Oil,150.0,6,77400.0,NW,Paid Social,3,456000.0,Fri,22546.0,0
2023-12-12,>30 years,District,95.0,2,49900.0,NW,Display,2,183000.0,Wed,9159.0,0
2024-11-03,10-30 years,District,106.0,3,62000.0,NW,Display,3,243000.0,Wed,,0
2023-10-18,10-30 years,District,277.0,8,56500.0,HE,Paid Social,2,675000.0,Mon,14698.0,0
2023-12-27,10-30 years,Electric,74.0,2,56500.0,NW,Display,7,151000.0,Fri,23560.0,0
2024-08-27,10-30 years,Oil,189.0,7,55100.0,NW,Display,2,531000.0,Sat,17683.0,0
2024-06-06,10-30 years,Gas,161.0,5,71600.0,BW,Paid Social,2,377000.0,Fri,15178.0,0
2024-11-08,>30 years,Oil,162.0,6,30000.0,BW,Display,4,377000.0,Mon,20076.0,0
2023-05-14,10-30 years,Gas,107.0,4,53800.0,BW,Organic,6,270000.0,Sun,17828.0,0
2024-05-25,>30 years,Gas,179.0,8,43700.0,Other,Display,4,351000.0,Sat,23653.0,0
2024-10-26,10-30 years,Oil,77.0,4,78600.0,NW,Organic,7,171000.0,Fri,20901.0,0
2023-03-16,>30 years,Electric,130.0,4,96400.0,BW,Display,2,403000.0,Sat,21674.0,0
2023-03-19,10-30 years,Oil,151.0,7,59400.0,HE,Display,4,463000.0,Mon,6326.0,0
2024-10-09,>30 years,Gas,217.0,7,56000.0,BE,Comparison Site,4,587000.0,Thu,,0
2024-01-07,<10 years,Oil,176.0,7,73100.0,BE,Paid Social,2,428000.0,Mon,,0
2024-10-27,>30 years,District,133.0,5,63000.0,Other,Paid Social,4,262000.0,Sat,24635.0,0
2023-11-28,10-30 years,Oil,139.0,3,56200.0,BY,Paid Social,3,452000.0,Fri,14740.0,0
2024-11-14,10-30 years,Oil,173.0,8,65900.0,Other,Organic,3,555000.0,Sat,21433.0,0
2024-10-04,<10 years,Oil,102.0,4,52300.0,Other,Organic,2,98000.0,Fri,14912.0,0
2024-03-09,<10 years,District,194.0,8,79800.0,NW,Display,2,537000.0,Thu,27627.0,0
2023-08-20,10-30 years,Gas,146.0,6,120600.0,Other,Organic,3,360000.0,Wed,,0
2023-11-21,10-30 years,Gas,115.0,3,55900.0,BY,Paid Social,4,409000.0,Wed,17650.0,0
2024-02-14,10-30 years,Gas,94.0,4,71100.0,NW,Organic,1,244000.0,Fri,24769.0,0
2024-09-27,10-30 years,Gas,60.0,2,30000.0,Other,Comparison Site,1,124000.0,Tue,10574.0,0
2023-12-02,10-30 years,Gas,220.0,8,30000.0,Other,Display,2,569000.0,Wed,20743.0,0
2023-04-22,>30 years,Oil,75.0,4,65400.0,BW,Organic,2,143000.0,Wed,18771.0,0
2024-12-23,>30 years,Gas,169.0,5,51600.0,BE,Organic,2,314000.0,Tue,11079.0,0
2024-03-17,10-30 years,Gas,167.0,6,44900.0,Other,Paid Social,5,412000.0,Sun,,0
2023-01-03,10-30 years,Gas,131.0,4,71600.0,BW,Paid Social,5,246000.0,Sat,21820.0,0
2023-12-18,>30 years,District,145.0,5,53300.0,BY,Display,3,363000.0,Fri,,0
2024-07-05,>30 years,Oil,134.0,5,71500.0,BE,Organic,3,245000.0,Wed,17009.0,1
2024-11-03,<10 years,Gas,159.0,4,62900.0,HE,Display,3,429000.0,Sat,18877.0,0
2023-01-09,>30 years,Gas,134.0,7,80800.0,BY,Organic,4,283000.0,Thu,17198.0,0
2023-01-03,10-30 years,Gas,138.0,5,56800.0,Other,Comparison Site,3,350000.0,Tue,14324.0,0
2024-01-01,>30 years,Oil,147.0,4,59400.0,NW,Paid Social,6,294000.0,Thu,16143.0,0
2024-07-15,10-30 years,Oil,175.0,6,53300.0,NW,Comparison Site,4,363000.0,Sat,18776.0,0
2024-04-12,10-30 years,District,174.0,5,49700.0,Other,Display,5,401000.0,Sat,17396.0,0
2023-11-09,10-30 years,Oil,145.0,6,71500.0,HE,Paid Social,7,382000.0,Tue,12268.0,0
2024-12-22,10-30 years,District,140.0,5,41200.0,NW,Referral,3,283000.0,Wed,12725.0,0
2024-12-06,10-30 years,Gas,173.0,7,91300.0,HE,Organic,2,485000.0,Sat,13388.0,0
2024-11-19,>30 years,Electric,116.0,5,40500.0,BE,Display,2,258000.0,Sun,10954.0,0
2024-10-28,10-30 years,Oil,103.0,5,52500.0,BW,Organic,3,275000.0,Sun,16765.0,0
2023-03-12,<10 years,Gas,96.0,4,50800.0,NW,Referral,4,243000.0,Sun,20516.0,0
2024-12-12,<10 years,Gas,160.0,5,75200.0,Other,Referral,4,421000.0,Mon,,0
2023-03-27,10-30 years,Oil,194.0,7,97600.0,BE,Display,3,432000.0,Fri,16220.0,0
2023-12-08,>30 years,Gas,153.0,4,67800.0,BW,Organic,5,352000.0,Fri,9748.0,0
2023-05-22,>30 years,Electric,161.0,7,111300.0,NW,Paid Social,2,375000.0,Wed,13318.0,0
2024-01-12,10-30 years,Electric,129.0,6,45400.0,NW,Display,6,301000.0,Mon,15841.0,0
2023-01-08,10-30 years,Gas,160.0,6,53800.0,Other,Paid Social,5,357000.0,Tue,11193.0,0
2023-03-01,10-30 years,Gas,155.0,8,34400.0,BW,Referral,1,321000.0,Tue,10023.0,0
2023-04-17,>30 years,District,169.0,6,38400.0,BW,Paid Social,3,528000.0,Sat,16440.0,0
2024-02-03,10-30 years,Gas,60.0,2,86900.0,BE,Paid Social,5,160000.0,Thu,11878.0,0
2023-03-24,10-30 years,Gas,167.0,6,55200.0,Other,Organic,2,394000.0,Fri,,0
2023-07-06,10-30 years,Gas,175.0,6,49500.0,NW,Display,1,409000.0,Thu,16744.0,0
2023-01-08,>30 years,District,174.0,6,41900.0,Other,Referral,1,537000.0,Mon,20903.0,0
2024-11-01,<10 years,Electric,145.0,7,78600.0,NW,Paid Social,5,406000.0,Wed,12138.0,0
2023-06-21,10-30 years,Gas,220.0,7,50800.0,BE,Comparison Site,3,525000.0,Tue,5000.0,0
2023-02-10,10-30 years,Gas,187.0,8,37700.0,NW,Organic,6,474000.0,Tue,15525.0,0
2023-01-09,10-30 years,Gas,208.0,8,60500.0,BE,Organic,5,528000.0,Mon,14110.0,0
2023-11-17,<10 years,Gas,168.0,8,73400.0,BW,Paid Social,4,418000.0,Tue,9308.0,0
2023-11-21,10-30 years,Oil,150.0,5,56100.0,HE,Paid Social,8,372000.0,Sat,11711.0,0
2023-12-23,10-30 years,Gas,174.0,6,48500.0,Other,Referral,1,480000.0,Wed,22465.0,0
2024-01-11,>30 years,Oil,125.0,5,61300.0,Other,Referral,3,352000.0,Sat,17128.0,0
2023-12-13,10-30 years,Oil,183.0,6,34700.0,BY,Paid Social,4,523000.0,Mon,11260.0,0
2024-03-01,<10 years,Gas,132.0,3,77700.0,NW,Display,2,345000.0,Fri,17340.0,0
2024-05-12,>30 years,District,126.0,4,69600.0,BE,Display,7,265000.0,Thu,,0
2023-12-21,>30 years,Gas,97.0,4,89800.0,BW,Organic,3,309000.0,Fri,12714.0,0
2023-09-16,>30 years,Gas,190.0,7,42800.0,BW,Paid Social,3,422000.0,Tue,11803.0,0
2024-11-07,>30 years,Electric,231.0,8,31900.0,Other,Organic,4,656000.0,Sun,,0
2023-11-08,<10 years,Gas,205.0,6,33000.0,HE,Paid Social,2,445000.0,Thu,,0
2024-09-23,10-30 years,Gas,186.0,6,40100.0,BE,Organic,6,414000.0,Tue,23520.0,0
2023-03-23,10-30 years,Gas,187.0,6,37000.0,BW,Referral,8,354000.0,Sat,17823.0,0
2024-09-18,>30 years,Gas,186.0,7,73800.0,NW,Referral,1,521000.0,Fri,16885.0,0
2023-01-01,10-30 years,District,145.0,6,49200.0,HE,Display,1,402000.0,Fri,15288.0,0
2023-09-05,<10 years,Gas,135.0,5,54300.0,BE,Comparison Site,4,301000.0,Mon,10086.0,0
2024-09-08,10-30 years,Gas,111.0,3,47000.0,Other,Display,3,272000.0,Tue,22095.0,0
2024-12-12,>30 years,Electric,224.0,7,55900.0,BY,Organic,6,519000.0,Thu,18765.0,1
2023-04-09,>30 years,Gas,142.0,6,78000.0,Other,Referral,7,337000.0,Mon,26678.0,0
2024-05-09,>30 years,District,156.0,5,111100.0,BE,Organic,6,475000.0,Mon,14813.0,0
2023-04-11,10-30 years,Gas,105.0,4,85600.0,NW,Organic,1,267000.0,Fri,8640.0,0
2023-01-18,10-30 years,Gas,119.0,4,60600.0,BE,Display,3,239000.0,Wed,10347.0,0
2023-12-25,10-30 years,Gas,111.0,3,53100.0,BE,Organic,2,248000.0,Tue,11115.0,0
2024-11-20,<10 years,Gas,136.0,2,97100.0,BY,Display,2,280000.0,Fri,9948.0,0
2023-01-02,<10 years,Gas,176.0,8,41100.0,BW,Paid Social,3,439000.0,Tue,14066.0,0
2024-01-16,10-30 years,Gas,169.0,7,59500.0,BW,Display,4,344000.0,Sun,5000.0,0
2023-02-17,10-30 years,Oil,174.0,6,37600.0,Other,Referral,4,469000.0,Wed,11906.0,0
2023-05-03,>30 years,Gas,149.0,4,95600.0,Other,Paid Social,4,317000.0,Sat,13832.0,0
2023-07-13,<10 years,Gas,180.0,6,104400.0,BY,Paid Social,3,417000.0,Sun,7186.0,0
2024-01-21,>30 years,Gas,144.0,4,35700.0,BE,Paid Social,5,537000.0,Fri,16296.0,0
2023-08-25,10-30 years,Oil,168.0,5,34600.0,Other,Paid Social,2,404000.0,Wed,13112.0,0
2024-11-06,10-30 years,Gas,134.0,4,48900.0,Other,Referral,5,403000.0,Wed,16394.0,0
2024-05-11,10-30 years,Gas,194.0,8,74900.0,HE,Paid Social,1,426000.0,Sun,17983.0,0
2023-05-13,10-30 years,Electric,114.0,2,43400.0,BE,Display,6,322000.0,Sat,20822.0,0
2024-08-06,10-30 years,Gas,195.0,8,44300.0,NW,Display,5,488000.0,Fri,13999.0,0
2024-09-12,10-30 years,Gas,164.0,4,76700.0,BW,Paid Social,2,378000.0,Fri,7708.0,0
2024-05-03,>30 years,Gas,211.0,8,66100.0,HE,Paid Social,4,523000.0,Wed,12322.0,0
2023-08-09,>30 years,Gas,124.0,4,57600.0,NW,Paid Social,6,360000.0,Tue,15251.0,0
2024-01-11,10-30 years,Electric,141.0,6,61000.0,NW,Display,7,413000.0,Thu,25436.0,0
2023-01-27,>30 years,Gas,140.0,6,66300.0,BY,Paid Social,2,267000.0,Fri,,0
2023-01-28,10-30 years,Gas,115.0,4,82600.0,BE,Organic,2,210000.0,Mon,,0
2024-07-02,>30 years,Gas,229.0,8,83600.0,Other,Paid Social,6,589000.0,Wed,11845.0,0
2024-02-07,10-30 years,District,122.0,4,48300.0,BE,Display,3,286000.0,Thu,13443.0,0
2023-01-01,>30 years,Gas,113.0,4,57000.0,NW,Paid Social,5,249000.0,Thu,11939.0,0
2023-12-19,>30 years,Oil,208.0,7,46800.0,NW,Organic,3,515000.0,Thu,15188.0,0
2024-07-18,>30 years,Gas,181.0,7,70400.0,HE,Comparison Site,2,414000.0,Sat,18950.0,0
2023-01-15,<10 years,Oil,142.0,4,40000.0,BE,Referral,3,327000.0,Wed,21037.0,0
2023-11-11,10-30 years,Oil,76.0,3,37900.0,BW,Organic,4,186000.0,Thu,13707.0,0
2024-01-05,10-30 years,Gas,219.0,8,49400.0,Other,Referral,2,557000.0,Sat,,0
2024-04-20,<10 years,Gas,228.0,8,30000.0,BW,Referral,5,636000.0,Thu,16351.0,0
2023-12-01,10-30 years,Gas,174.0,7,30000.0,Other,Display,3,378000.0,Sun,13474.0,0
2024-10-13,>30 years,Gas,171.0,7,69100.0,HE,Display,5,437000.0,Fri,19647.0,0
2024-07-24,10-30 years,Gas,158.0,5,71600.0,NW,Organic,6,381000.0,Thu,,0
2023-07-11,<10 years,Gas,133.0,5,40000.0,BW,Paid Social,1,314000.0,Thu,21799.0,0
2024-05-27,10-30 years,Gas,198.0,8,55500.0,HE,Display,1,475000.0,Tue,,0
2024-01-27,<10 years,Gas,135.0,6,107000.0,BW,Organic,3,367000.0,Tue,17475.0,1
2023-05-06,10-30 years,Oil,172.0,6,55300.0,Other,Comparison Site,3,341000.0,Fri,12446.0,0
2024-02-21,10-30 years,Gas,159.0,6,97200.0,NW,Organic,2,420000.0,Wed,17213.0,0
2023-02-26,10-30 years,Gas,150.0,7,44700.0,BY,Paid Social,5,389000.0,Thu,15006.0,0
2023-04-28,>30 years,Oil,116.0,3,62700.0,BY,Comparison Site,5,276000.0,Fri,12883.0,0
2024-06-06,<10 years,Oil,102.0,2,70800.0,HE,Organic,1,244000.0,Mon,13676.0,0
2023-12-09,>30 years,District,170.0,7,48000.0,HE,Display,3,387000.0,Mon,17718.0,0
2023-01-27,>30 years,Electric,133.0,3,51700.0,NW,Paid Social,3,282000.0,Fri,,0
2023-02-17,<10 years,Oil,156.0,4,54700.0,Other,Display,1,378000.0,Tue,10105.0,0
2024-12-22,>30 years,Gas,158.0,5,42300.0,NW,Display,5,402000.0,Wed,17020.0,0
2023-12-09,10-30 years,Oil,162.0,7,63500.0,NW,Display,1,409000.0,Sun,,0
2024-07-13,10-30 years,Oil,145.0,5,94700.0,BW,Referral,5,420000.0,Mon,10794.0,1
2023-03-23,10-30 years,Electric,176.0,7,93500.0,BW,Organic,2,435000.0,Sat,13534.0,0
2024-04-02,10-30 years,Gas,147.0,4,128000.0,BW,Organic,5,358000.0,Tue,17377.0,0
2023-10-26,>30 years,Oil,140.0,5,49400.0,BW,Referral,2,393000.0,Tue,25783.0,1
2023-07-12,10-30 years,Oil,180.0,6,47600.0,Other,Display,2,471000.0,Mon,13752.0,0
2024-12-07,<10 years,Gas,151.0,6,75100.0,BE,Comparison Site,6,254000.0,Thu,10505.0,0
2023-04-28,10-30 years,Oil,159.0,6,102300.0,BE,Paid Social,4,383000.0,Sun,12501.0,0
2023-02-03,10-30 years,Gas,188.0,8,90800.0,BW,Paid Social,4,463000.0,Sun,16633.0,0
2024-09-11,>30 years,Oil,167.0,7,76800.0,HE,Display,3,423000.0,Fri,16510.0,0
2023-05-17,10-30 years,Oil,187.0,7,42800.0,NW,Organic,5,460000.0,Sun,17684.0,0
2024-12-08,10-30 years,Gas,87.0,2,44100.0,BY,Organic,2,146000.0,Mon,10273.0,0
2023-08-26,10-30 years,Electric,256.0,8,72800.0,BY,Organic,2,730000.0,Sun,17946.0,0
2024-02-21,10-30 years,Electric,179.0,7,70200.0,Other,Paid Social,4,422000.0,Wed,16923.0,0
2023-01-17,<10 years,Gas,174.0,6,56100.0,BY,Paid Social,5,497000.0,Tue,17190.0,0
2023-08-19,10-30 years,Gas,144.0,3,71500.0,HE,Paid Social,4,292000.0,Sat,14621.0,0
2024-12-21,<10 years,Oil,90.0,3,61700.0,Other,Referral,1,332000.0,Fri,20585.0,0
2023-10-13,>30 years,Gas,179.0,7,80900.0,HE,Organic,6,518000.0,Tue,,0
2024-11-21,10-30 years,Gas,194.0,8,47500.0,HE,Paid Social,5,415000.0,Mon,10093.0,0
2023-11-28,>30 years,Electric,82.0,2,33800.0,Other,Comparison Site,6,166000.0,Mon,15992.0,0
2023-11-20,>30 years,District,185.0,7,35800.0,BE,Referral,2,517000.0,Mon,14406.0,0
2024-12-12,>30 years,Gas,212.0,8,44800.0,BW,Paid Social,1,539000.0,Wed,18239.0,0
2024-02-19,<10 years,Gas,210.0,8,47400.0,BW,Display,7,549000.0,Fri,11298.0,0
2024-12-12,>30 years,Oil,171.0,7,59000.0,BY,Paid Social,2,372000.0,Mon,21581.0,0
2024-11-23,>30 years,Oil,147.0,7,42500.0,NW,Paid Social,5,348000.0,Tue,21701.0,0
2023-07-11,>30 years,Electric,188.0,6,38500.0,BY,Organic,3,535000.0,Sun,15219.0,0
2023-08-23,<10 years,Gas,167.0,5,32400.0,NW,Organic,6,399000.0,Wed,,0
2023-09-25,<10 years,Oil,165.0,5,64400.0,Other,Organic,5,408000.0,Sun,,0
2023-08-19,>30 years,Gas,129.0,3,59300.0,Other,Paid Social,2,381000.0,Wed,24123.0,0
2024-12-18,10-30 years,Oil,85.0,3,64600.0,HE,Organic,2,239000.0,Thu,13352.0,0
2024-11-15,<10 years,Gas,184.0,8,49500.0,Other,Display,5,485000.0,Mon,17609.0,0
2024-11-03,10-30 years,Electric,137.0,5,122300.0,NW,Display,2,359000.0,Wed,21028.0,0
2024-12-08,>30 years,Oil,111.0,2,37300.0,BW,Organic,3,251000.0,Wed,12832.0,1
2023-01-17,10-30 years,Electric,106.0,3,61300.0,Other,Display,3,253000.0,Fri,,0
2023-03-08,>30 years,Gas,143.0,4,30000.0,Other,Paid Social,4,340000.0,Fri,13057.0,0
2023-04-03,10-30 years,Oil,101.0,3,70300.0,BY,Paid Social,3,232000.0,Mon,11834.0,0
2024-01-15,10-30 years,District,193.0,7,43900.0,HE,Referral,6,473000.0,Tue,14029.0,0
2024-02-23,10-30 years,District,172.0,6,35000.0,Other,Organic,3,452000.0,Tue,14357.0,0
2023-11-22,10-30 years,District,195.0,8,71600.0,Other,Paid Social,2,575000.0,Wed,16105.0,0
2024-01-03,10-30 years,Gas,109.0,4,36800.0,NW,Paid Social,1,386000.0,Tue,15388.0,0
2024-07-21,10-30 years,Gas,94.0,3,42800.0,BY,Display,3,196000.0,Sun,14314.0,0
2024-11-09,10-30 years,Gas,220.0,8,88300.0,BY,Display,1,578000.0,Thu,12176.0,0
2024-10-25,10-30 years,Gas,118.0,4,63600.0,Other,Organic,1,278000.0,Thu,15666.0,0
2024-01-19,10-30 years,Gas,154.0,6,51200.0,BE,Display,3,303000.0,Fri,,0
2024-10-17,10-30 years,Oil,119.0,3,63200.0,HE,Organic,7,270000.0,Thu,16925.0,0
2023-03-07,<10 years,Electric,117.0,2,50800.0,BY,Comparison Site,7,249000.0,Wed,9078.0,0
2023-10-25,<10 years,Oil,174.0,4,77300.0,NW,Organic,4,443000.0,Mon,17230.0,0
2023-10-05,10-30 years,Electric,145.0,5,56000.0,HE,Comparison Site,5,365000.0,Sun,15847.0,0
2024-10-05,>30 years,Gas,203.0,6,40900.0,HE,Comparison Site,1,583000.0,Sat,13455.0,0
2024-09-01,10-30 years,Electric,79.0,3,33000.0,BW,Referral,5,197000.0,Mon,5000.0,0
2023-10-08,<10 years,Gas,149.0,6,93700.0,NW,Organic,6,407000.0,Thu,19072.0,0
2024-07-14,10-30 years,Gas,130.0,5,34000.0,HE,Organic,1,208000.0,Fri,20026.0,0
2023-05-06,10-30 years,Gas,140.0,6,80600.0,Other,Display,4,355000.0,Wed,,0
2024-04-03,10-30 years,Electric,143.0,5,42200.0,BW,Display,3,339000.0,Fri,15353.0,0
2024-11-13,10-30 years,District,176.0,5,45900.0,Other,Display,5,386000.0,Tue,5000.0,0
2023-01-19,10-30 years,Gas,143.0,4,98200.0,BW,Organic,8,437000.0,Thu,20237.0,0
2024-11-02,10-30 years,Gas,143.0,5,45600.0,NW,Display,4,355000.0,Mon,14377.0,0
2024-01-02,<10 years,Oil,220.0,8,53500.0,BW,Paid Social,2,532000.0,Tue,14410.0,0
2024-03-06,<10 years,Oil,101.0,2,95100.0,Other,Paid Social,4,182000.0,Fri,15820.0,0
2023-02-26,10-30 years,Oil,107.0,4,76200.0,NW,Display,6,204000.0,Tue,5758.0,0
2024-10-28,10-30 years,Gas,224.0,8,77900.0,HE,Organic,3,684000.0,Sat,,0
2023-03-08,>30 years,Electric,218.0,8,43000.0,NW,Display,5,482000.0,Thu,17367.0,0
2023-12-23,10-30 years,Gas,78.0,2,42100.0,NW,Display,6,232000.0,Sat,9139.0,0
2023-01-07,>30 years,Gas,236.0,8,74600.0,BY,Display,2,559000.0,Wed,17401.0,0
2023-11-17,<10 years,Gas,173.0,6,59800.0,Other,Paid Social,1,471000.0,Fri,,0
2023-02-13,>30 years,District,122.0,4,58600.0,BE,Organic,1,269000.0,Sat,15577.0,0
2023-02-19,10-30 years,Gas,150.0,4,36500.0,HE,Organic,2,398000.0,Mon,9267.0,0
2023-10-17,10-30 years,Oil,133.0,6,45200.0,BY,Paid Social,3,298000.0,Thu,5000.0,0
2024-07-10,<10 years,Gas,150.0,3,30100.0,NW,Comparison Site,4,295000.0,Fri,21267.0,0
2024-11-22,<10 years,Gas,133.0,3,62900.0,NW,Referral,3,403000.0,Sat,13003.0,0
2024-09-18,>30 years,District,103.0,4,70900.0,Other,Paid Social,3,161000.0,Tue,,0
2024-06-14,<10 years,Gas,97.0,5,86400.0,BY,Display,4,184000.0,Tue,18304.0,0
2024-03-15,<10 years,Electric,159.0,6,33600.0,BE,Organic,5,471000.0,Sat,16286.0,0
2023-08-04,<10 years,District,118.0,4,78400.0,Other,Organic,9,289000.0,Mon,10980.0,0
2024-12-08,<10 years,Oil,93.0,4,58200.0,Other,Display,4,224000.0,Sat,22315.0,0
2024-05-14,10-30 years,Gas,171.0,6,90600.0,NW,Organic,5,479000.0,Mon,17533.0,0
2023-02-02,10-30 years,Electric,171.0,8,30000.0,BY,Paid Social,4,518000.0,Mon,14905.0,0
2023-01-12,10-30 years,Electric,171.0,7,112200.0,NW,Organic,7,411000.0,Wed,22910.0,0
2024-04-17,10-30 years,District,153.0,6,54900.0,NW,Referral,4,418000.0,Mon,22374.0,0
2024-11-18,>30 years,Electric,115.0,3,64700.0,HE,Paid Social,7,317000.0,Sun,13412.0,0
2023-09-17,>30 years,Gas,198.0,8,42900.0,BW,Organic,1,474000.0,Mon,,0
2023-08-08,10-30 years,Oil,185.0,5,40300.0,HE,Comparison Site,6,446000.0,Sun,17354.0,0
2023-04-12,10-30 years,Gas,239.0,8,73100.0,HE,Paid Social,5,608000.0,Mon,,0
2023-01-28,10-30 years,Gas,200.0,8,52300.0,Other,Comparison Site,1,524000.0,Mon,19753.0,0
2023-11-11,10-30 years,Oil,163.0,6,114300.0,BE,Organic,4,411000.0,Tue,,0
2024-08-02,>30 years,Electric,221.0,8,53200.0,BW,Paid Social,4,542000.0,Fri,14586.0,1
2023-08-18,10-30 years,Oil,153.0,6,83500.0,BY,Paid Social,2,359000.0,Mon,18297.0,0
2023-12-19,10-30 years,Electric,153.0,5,54800.0,NW,Organic,3,326000.0,Sun,11979.0,0
2024-05-24,10-30 years,Gas,148.0,4,30000.0,Other,Paid Social,5,289000.0,Sun,19275.0,0
2024-10-17,>30 years,Gas,130.0,5,50500.0,HE,Organic,2,295000.0,Wed,19112.0,0
2024-01-01,>30 years,Gas,239.0,8,80500.0,Other,Organic,3,632000.0,Sun,12211.0,0
2023-09-24,>30 years,Gas,117.0,4,63400.0,BW,Organic,7,193000.0,Tue,13436.0,0
2023-01-23,10-30 years,Gas,84.0,2,48800.0,NW,Organic,2,162000.0,Tue,19942.0,1
2023-10-13,10-30 years,District,131.0,5,65400.0,BW,Comparison Site,6,313000.0,Wed,13105.0,0
2023-12-12,>30 years,Oil,165.0,6,99400.0,BY,Organic,6,437000.0,Thu,10798.0,0
2023-12-15,<10 years,Gas,128.0,4,91500.0,Other,Referral,3,365000.0,Sun,17187.0,0
2024-03-21,10-30 years,Gas,136.0,5,33400.0,HE,Paid Social,3,384000.0,Fri,,0
2023-11-12,10-30 years,Oil,73.0,3,60500.0,BY,Organic,3,245000.0,Sun,19565.0,0
2024-01-05,10-30 years,Gas,100.0,4,63900.0,Other,Referral,2,209000.0,Fri,10181.0,0
2024-12-28,10-30 years,Oil,97.0,5,38600.0,BE,Referral,6,234000.0,Mon,14662.0,0
2024-05-15,>30 years,Gas,183.0,7,43600.0,HE,Display,2,393000.0,Mon,12241.0,0
2023-02-14,<10 years,Gas,94.0,4,40700.0,BW,Organic,3,214000.0,Mon,15592.0,0
2023-04-28,>30 years,Oil,124.0,5,41800.0,Other,Referral,5,279000.0,Tue,14123.0,0
2023-11-18,>30 years,Oil,142.0,6,32400.0,BE,Organic,2,315000.0,Mon,20811.0,0
2024-11-02,>30 years,Gas,107.0,4,55400.0,Other,Organic,7,226000.0,Sun,12515.0,0
2023-04-06,10-30 years,District,161.0,6,79000.0,Other,Referral,6,462000.0,Tue,18872.0,0
2023-10-22,10-30 years,Gas,168.0,6,46500.0,BW,Organic,2,380000.0,Wed,17054.0,0
2023-11-23,>30 years,Gas,208.0,7,115100.0,Other,Display,3,561000.0,Sat,16202.0,0
2024-01-09,10-30 years,Oil,150.0,5,100000.0,BY,Paid Social,5,402000.0,Tue,12282.0,0
2024-12-04,10-30 years,Oil,65.0,3,52800.0,HE,Paid Social,2,133000.0,Tue,16560.0,0
2024-10-06,10-30 years,Gas,127.0,5,54000.0,BE,Display,6,254000.0,Fri,12968.0,0
2024-01-28,<10 years,Oil,139.0,4,99200.0,HE,Organic,7,339000.0,Sat,,0
2024-06-01,10-30 years,Gas,202.0,7,45100.0,NW,Paid Social,3,554000.0,Wed,18226.0,0
2023-01-11,10-30 years,District,141.0,4,65900.0,BY,Paid Social,2,339000.0,Sun,15765.0,0
2024-10-17,10-30 years,Oil,166.0,8,86900.0,Other,Referral,2,419000.0,Thu,22867.0,0
2024-11-21,<10 years,Gas,138.0,5,48800.0,BW,Paid Social,1,333000.0,Mon,20053.0,0
2024-01-10,>30 years,Gas,172.0,6,57900.0,BY,Comparison Site,2,476000.0,Wed,,0
2024-03-06,10-30 years,Oil,125.0,4,36200.0,BW,Comparison Site,5,353000.0,Thu,13853.0,0
2024-11-17,10-30 years,Oil,83.0,2,37800.0,BY,Referral,5,115000.0,Tue,,0
2023-12-03,>30 years,Electric,60.0,3,109600.0,NW,Referral,4,137000.0,Thu,13996.0,0
2023-10-06,10-30 years,District,170.0,8,69700.0,BW,Display,4,500000.0,Fri,18836.0,0
2024-12-20,>30 years,Gas,163.0,5,79100.0,BY,Display,4,494000.0,Sun,14045.0,0
2024-10-25,10-30 years,Electric,166.0,7,70200.0,BW,Referral,2,334000.0,Tue,18704.0,0
2024-01-26,>30 years,Oil,155.0,5,62900.0,Other,Display,2,400000.0,Fri,22797.0,0
2024-11-23,10-30 years,Gas,72.0,3,48600.0,Other,Comparison Site,3,207000.0,Wed,12841.0,0
2024-03-17,10-30 years,Oil,124.0,4,120600.0,BE,Referral,8,311000.0,Fri,17192.0,0
2023-02-12,10-30 years,Gas,146.0,5,35800.0,HE,Display,3,371000.0,Thu,19800.0,0
2023-08-10,10-30 years,Gas,121.0,6,37100.0,Other,Paid Social,5,220000.0,Sun,,0
2024-05-09,10-30 years,Electric,173.0,8,46500.0,BY,Organic,1,493000.0,Tue,21770.0,0
2024-02-07,>30 years,Oil,144.0,5,70000.0,BE,Organic,5,373000.0,Tue,25150.0,0
2023-04-25,10-30 years,District,176.0,7,64000.0,NW,Organic,1,423000.0,Tue,,0
2024-10-07,>30 years,Gas,196.0,8,43200.0,NW,Referral,3,489000.0,Thu,13666.0,0
2024-09-12,10-30 years,Gas,168.0,5,52200.0,Other,Comparison Site,3,400000.0,Thu,6085.0,0
2024-08-21,10-30 years,Gas,157.0,4,50000.0,Other,Paid Social,9,319000.0,Fri,11307.0,0
2023-08-04,>30 years,Gas,97.0,3,65700.0,NW,Display,4,268000.0,Tue,11251.0,0
2024-10-11,>30 years,District,152.0,6,49600.0,Other,Organic,5,358000.0,Fri,17333.0,0
2024-11-25,10-30 years,Gas,86.0,3,116500.0,BW,Display,2,212000.0,Tue,14145.0,0
2023-06-22,>30 years,Oil,102.0,3,53300.0,Other,Organic,5,214000.0,Sat,10201.0,0
2023-03-03,10-30 years,Oil,162.0,6,53400.0,Other,Comparison Site,4,325000.0,Tue,18302.0,1
2024-02-02,<10 years,Electric,99.0,3,79300.0,HE,Organic,2,332000.0,Wed,,0
2024-07-15,10-30 years,Oil,241.0,8,74100.0,NW,Organic,1,625000.0,Wed,,0
2024-06-26,>30 years,Oil,187.0,7,94300.0,Other,Referral,4,547000.0,Tue,14571.0,0
2023-12-09,>30 years,Electric,152.0,6,87700.0,BY,Paid Social,3,324000.0,Wed,7465.0,0
2024-11-20,<10 years,Gas,60.0,2,54500.0,BW,Organic,7,98000.0,Mon,17238.0,0
2024-09-28,>30 years,District,74.0,3,94600.0,HE,Organic,1,233000.0,Tue,15806.0,0
2024-04-27,>30 years,Electric,241.0,8,50900.0,BW,Organic,5,606000.0,Tue,19048.0,0
2023-02-10,10-30 years,Gas,128.0,6,38500.0,NW,Comparison Site,7,354000.0,Fri,,0
2023-09-10,10-30 years,Oil,197.0,8,58900.0,HE,Paid Social,2,547000.0,Mon,,0
2023-08-11,10-30 years,Electric,129.0,6,69700.0,BY,Organic,1,250000.0,Sun,10465.0,0
2024-11-08,10-30 years,Electric,110.0,3,65300.0,NW,Organic,8,187000.0,Mon,21869.0,0
2023-05-28,>30 years,Gas,107.0,3,71700.0,NW,Organic,5,242000.0,Mon,10957.0,0
2023-03-17,10-30 years,Oil,89.0,2,43700.0,BY,Display,8,232000.0,Sat,10806.0,0
2024-12-24,10-30 years,Gas,173.0,6,76300.0,HE,Organic,2,405000.0,Tue,8735.0,0
2023-06-15,<10 years,Gas,165.0,5,104000.0,HE,Display,5,526000.0,Mon,22665.0,0
2024-10-18,>30 years,Electric,128.0,5,43800.0,HE,Display,3,215000.0,Thu,19718.0,0
2024-02-05,10-30 years,Electric,67.0,2,85600.0,Other,Paid Social,4,152000.0,Wed,,0
2024-09-11,10-30 years,Oil,140.0,5,69800.0,Other,Display,4,345000.0,Mon,12891.0,0
2024-02-18,10-30 years,Oil,172.0,6,78500.0,HE,Organic,1,336000.0,Sun,13801.0,0
2024-07-15,<10 years,Oil,238.0,8,43700.0,BE,Paid Social,7,571000.0,Mon,17590.0,0
2024-07-21,>30 years,District,191.0,8,63300.0,Other,Paid Social,2,530000.0,Wed,13239.0,0
2024-01-06,10-30 years,Gas,158.0,6,60800.0,BW,Organic,4,394000.0,Fri,15496.0,0
2024-11-18,10-30 years,Gas,116.0,4,59200.0,Other,Organic,4,212000.0,Sun,12295.0,0
2023-08-13,<10 years,Electric,200.0,8,65700.0,BW,Paid Social,1,459000.0,Thu,,0
2023-01-06,<10 years,Gas,155.0,5,74200.0,BW,Organic,2,375000.0,Sat,13164.0,0
2023-06-13,>30 years,Gas,156.0,8,105200.0,NW,Comparison Site,3,469000.0,Sun,21066.0,0
2024-10-17,10-30 years,Oil,197.0,8,90000.0,Other,Display,3,464000.0,Fri,,0
2023-12-18,>30 years,Oil,140.0,4,86500.0,Other,Organic,4,282000.0,Wed,11867.0,1
2024-05-12,<10 years,Gas,186.0,7,102000.0,NW,Display,4,455000.0,Fri,10509.0,0
2023-01-04,10-30 years,Electric,102.0,4,64900.0,HE,Referral,4,228000.0,Sun,,0
2024-07-24,>30 years,Gas,121.0,4,42100.0,NW,Comparison Site,5,325000.0,Wed,7608.0,0
2024-12-25,10-30 years,Gas,169.0,8,64500.0,BY,Paid Social,3,464000.0,Tue,17241.0,0
2024-03-25,10-30 years,Gas,148.0,7,71500.0,Other,Paid Social,3,387000.0,Fri,17973.0,0
2024-09-23,>30 years,Gas,140.0,4,83400.0,HE,Display,3,381000.0,Tue,,0
2024-09-26,>30 years,Oil,102.0,2,74400.0,BE,Comparison Site,4,281000.0,Sun,,0
2023-02-19,<10 years,Gas,188.0,8,55800.0,HE,Display,1,460000.0,Sat,19561.0,0
2023-12-02,10-30 years,Electric,84.0,4,96900.0,BW,Paid Social,4,181000.0,Sat,8413.0,0
2024-12-21,<10 years,Electric,185.0,8,67600.0,Other,Organic,5,441000.0,Thu,14606.0,0
2024-12-23,>30 years,Gas,152.0,7,55100.0,BW,Organic,4,381000.0,Tue,,0
2024-02-08,10-30 years,Gas,153.0,6,30000.0,BE,Paid Social,6,417000.0,Fri,14950.0,0
2024-10-15,>30 years,Gas,148.0,5,72000.0,BW,Organic,4,399000.0,Sat,7904.0,0
2023-09-07,<10 years,Oil,115.0,4,37600.0,HE,Paid Social,9,361000.0,Wed,,0
2024-02-24,10-30 years,Gas,149.0,7,40100.0,BW,Paid Social,3,450000.0,Sun,7448.0,0
2024-11-22,<10 years,Electric,165.0,7,71900.0,Other,Display,5,459000.0,Sun,11425.0,0
2024-01-10,10-30 years,Gas,166.0,7,72500.0,NW,Paid Social,2,438000.0,Sun,,0
2024-04-28,<10 years,District,146.0,5,38300.0,Other,Paid Social,3,288000.0,Wed,,0
2024-11-21,10-30 years,Oil,145.0,6,51100.0,Other,Display,6,344000.0,Mon,,0
2024-11-08,>30 years,Electric,145.0,6,58300.0,BW,Display,4,347000.0,Sat,15779.0,1
2023-07-16,<10 years,Oil,140.0,5,83000.0,HE,Paid Social,4,268000.0,Thu,,0
2023-03-27,10-30 years,Oil,79.0,2,47500.0,Other,Display,5,213000.0,Thu,13058.0,0
2023-05-12,>30 years,Oil,129.0,6,81700.0,NW,Paid Social,1,354000.0,Fri,,0
2023-01-04,>30 years,Electric,108.0,4,42600.0,BW,Referral,3,289000.0,Sun,18131.0,1
2023-02-23,10-30 years,Oil,144.0,4,36100.0,Other,Comparison Site,5,283000.0,Fri,16958.0,0
2024-12-01,>30 years,Electric,113.0,5,92400.0,HE,Referral,8,248000.0,Tue,14189.0,0
2023-07-07,10-30 years,Gas,164.0,5,106500.0,BE,Referral,2,303000.0,Sat,17997.0,0
2023-09-20,10-30 years,Gas,198.0,6,95400.0,HE,Referral,3,481000.0,Wed,14255.0,0
2023-01-03,>30 years,Gas,137.0,6,79400.0,BY,Organic,4,377000.0,Wed,18518.0,1
2024-06-26,>30 years,Electric,161.0,7,62400.0,NW,Display,3,309000.0,Wed,13054.0,0
2024-09-13,>30 years,Gas,131.0,6,75000.0,HE,Display,5,351000.0,Sat,25236.0,0
2023-05-21,>30 years,Electric,146.0,7,73800.0,BY,Comparison Site,4,426000.0,Wed,7731.0,0
2024-05-01,10-30 years,Gas,204.0,7,122200.0,Other,Referral,1,460000.0,Tue,21265.0,0
2023-12-26,10-30 years,Gas,88.0,3,44900.0,NW,Paid Social,4,155000.0,Tue,,0
2024-12-23,10-30 years,Gas,123.0,4,47500.0,BE,Paid Social,4,269000.0,Sun,12467.0,0
2023-11-09,10-30 years,Gas,154.0,5,41900.0,Other,Organic,4,376000.0,Sat,,0
2023-02-01,<10 years,Oil,143.0,5,102900.0,NW,Organic,3,383000.0,Sat,14631.0,0
2023-02-24,10-30 years,Gas,135.0,5,60100.0,NW,Paid Social,1,282000.0,Mon,,0
2023-02-04,>30 years,Gas,103.0,4,45000.0,BY,Display,2,287000.0,Sun,14749.0,0
2023-10-24,>30 years,Electric,167.0,5,30000.0,NW,Organic,1,400000.0,Mon,,0
2024-05-12,10-30 years,Gas,146.0,6,43100.0,HE,Display,4,297000.0,Sun,14993.0,0
2024-11-13,10-30 years,Gas,176.0,6,66000.0,BY,Organic,3,469000.0,Sun,5000.0,0
2023-05-23,>30 years,Electric,192.0,7,30000.0,BW,Display,4,626000.0,Mon,13979.0,0
2023-11-05,10-30 years,Gas,148.0,5,41700.0,BY,Display,5,287000.0,Thu,,0
2024-11-23,>30 years,Gas,203.0,7,60800.0,BE,Display,3,517000.0,Sun,18628.0,0
2024-12-18,<10 years,Gas,192.0,8,55000.0,Other,Paid Social,6,522000.0,Tue,10962.0,0
2023-02-08,10-30 years,Gas,133.0,4,37300.0,BW,Organic,1,331000.0,Mon,16370.0,0
2023-03-16,>30 years,Gas,209.0,8,43400.0,BE,Referral,1,561000.0,Tue,10689.0,0
2023-01-14,>30 years,Gas,176.0,6,54200.0,NW,Organic,1,442000.0,Sun,14250.0,1
2023-04-26,10-30 years,Gas,201.0,8,69100.0,NW,Organic,1,509000.0,Fri,19215.0,0
2023-12-01,<10 years,Gas,77.0,2,75200.0,NW,Organic,3,189000.0,Mon,,0
2024-01-27,>30 years,Gas,177.0,5,57100.0,Other,Organic,1,463000.0,Wed,17592.0,0
2024-01-04,10-30 years,Gas,162.0,6,100300.0,HE,Display,6,379000.0,Thu,8912.0,0
2024-11-24,>30 years,Gas,117.0,6,49300.0,HE,Display,3,382000.0,Wed,13086.0,0
2023-11-02,10-30 years,Gas,90.0,4,39200.0,BW,Paid Social,3,295000.0,Sat,9375.0,0
2024-06-21,10-30 years,Oil,144.0,5,30000.0,BW,Referral,6,307000.0,Fri,18687.0,0
2023-03-13,<10 years,Electric,152.0,5,77200.0,HE,Referral,3,252000.0,Mon,20355.0,1
2024-05-21,10-30 years,Oil,126.0,6,57800.0,BE,Paid Social,2,307000.0,Wed,18080.0,0
2024-07-25,<10 years,Electric,120.0,4,33300.0,BY,Referral,2,253000.0,Tue,19168.0,0
2023-07-05,<10 years,Oil,128.0,4,66400.0,HE,Paid Social,7,332000.0,Tue,5000.0,0
2023-12-07,10-30 years,Oil,123.0,4,85200.0,Other,Referral,3,275000.0,Tue,,1
2023-03-20,10-30 years,Gas,187.0,7,66200.0,HE,Paid Social,1,481000.0,Thu,,0
2023-12-22,10-30 years,Gas,118.0,4,46300.0,NW,Organic,4,314000.0,Sat,15819.0,0
2024-02-12,<10 years,Gas,84.0,2,38200.0,HE,Organic,2,114000.0,Sat,,0
2023-10-04,>30 years,Gas,181.0,6,66000.0,BE,Paid Social,3,539000.0,Wed,,0
2023-05-13,<10 years,District,187.0,6,60700.0,NW,Paid Social,1,429000.0,Sat,,0
2023-09-05,10-30 years,District,145.0,6,157200.0,NW,Paid Social,1,374000.0,Wed,16850.0,0
2024-03-19,10-30 years,Gas,105.0,3,40300.0,BY,Comparison Site,6,293000.0,Wed,22560.0,0
2023-02-16,>30 years,Oil,72.0,4,69900.0,Other,Paid Social,5,150000.0,Tue,,0
2023-12-04,10-30 years,Gas,151.0,5,48100.0,BW,Paid Social,6,307000.0,Sun,5000.0,0
2023-02-22,<10 years,Oil,171.0,7,45700.0,NW,Paid Social,5,462000.0,Mon,23499.0,0
2023-08-08,<10 years,Oil,117.0,3,38500.0,BE,Referral,3,370000.0,Tue,5000.0,0
2023-05-23,>30 years,Gas,182.0,5,90100.0,BE,Paid Social,5,441000.0,Sun,13213.0,0
2024-10-27,>30 years,Oil,93.0,3,89600.0,HE,Referral,4,162000.0,Fri,19040.0,0
2023-11-09,10-30 years,Oil,153.0,6,84600.0,NW,Organic,1,333000.0,Mon,11754.0,0
2024-12-10,<10 years,Oil,69.0,2,50100.0,BW,Paid Social,2,141000.0,Wed,,0
2024-03-04,10-30 years,Gas,112.0,2,73000.0,Other,Display,8,304000.0,Sat,,0
2023-03-25,10-30 years,District,80.0,2,99000.0,BY,Display,5,150000.0,Mon,18010.0,0
2023-10-06,>30 years,Electric,173.0,5,30000.0,Other,Display,2,472000.0,Tue,16902.0,0
2023-07-25,<10 years,Oil,164.0,8,73400.0,BY,Display,2,382000.0,Mon,,0
2023-04-09,10-30 years,Gas,248.0,8,86000.0,BW,Paid Social,3,541000.0,Fri,10620.0,0
2023-11-08,10-30 years,Gas,158.0,6,78400.0,BW,Organic,4,393000.0,Mon,20008.0,0
2024-10-27,10-30 years,Oil,133.0,5,43000.0,NW,Display,8,350000.0,Wed,,0
2024-12-23,10-30 years,Gas,109.0,6,42300.0,BY,Organic,2,250000.0,Sat,7839.0,0
2023-10-25,>30 years,Gas,189.0,8,67700.0,NW,Paid Social,2,507000.0,Fri,19917.0,0
2023-01-09,10-30 years,Gas,256.0,8,60900.0,NW,Organic,4,532000.0,Sun,12639.0,0
2024-02-06,10-30 years,Gas,190.0,7,84600.0,Other,Comparison Site,4,453000.0,Wed,11565.0,0
2023-10-21,10-30 years,Gas,158.0,6,84200.0,BE,Organic,3,430000.0,Tue,9371.0,0
2024-01-17,10-30 years,Gas,153.0,6,48700.0,BE,Organic,4,398000.0,Mon,5000.0,0
2023-10-13,<10 years,Gas,85.0,3,32100.0,HE,Display,4,199000.0,Sun,10756.0,0
2023-08-17,10-30 years,Electric,185.0,5,35700.0,BW,Display,2,451000.0,Sat,14951.0,0
2024-06-04,<10 years,Gas,121.0,3,39700.0,BE,Paid Social,3,359000.0,Wed,20905.0,0
2024-05-04,>30 years,Gas,102.0,2,49300.0,NW,Display,4,226000.0,Sat,23527.0,0
2024-01-11,10-30 years,Electric,143.0,5,67000.0,Other,Paid Social,5,343000.0,Mon,15850.0,0
2024-02-14,<10 years,Gas,119.0,4,52900.0,BY,Display,1,285000.0,Fri,21104.0,0
2023-09-02,<10 years,Gas,113.0,2,37400.0,BE,Paid Social,2,285000.0,Mon,18283.0,0
2023-01-24,10-30 years,Gas,130.0,4,75800.0,HE,Display,2,218000.0,Sun,15573.0,0
2023-07-06,10-30 years,Electric,74.0,2,53400.0,BW,Referral,7,218000.0,Sat,,0
2023-08-08,10-30 years,Oil,140.0,6,46400.0,BW,Organic,6,284000.0,Sat,17743.0,0
2023-05-05,10-30 years,Gas,160.0,7,44200.0,Other,Paid Social,4,434000.0,Sat,,0
2023-06-08,>30 years,Oil,110.0,3,67200.0,NW,Paid Social,3,291000.0,Sun,17210.0,0
2023-12-03,10-30 years,District,204.0,8,54000.0,NW,Organic,1,389000.0,Thu,13096.0,0
2023-05-27,10-30 years,Gas,127.0,5,47700.0,Other,Comparison Site,2,356000.0,Wed,15626.0,0
2023-11-20,>30 years,Oil,107.0,4,37900.0,HE,Comparison Site,2,298000.0,Sat,,0
2024-03-23,<10 years,Gas,183.0,7,47700.0,BE,Referral,6,452000.0,Sat,13354.0,0
2023-11-19,<10 years,Oil,153.0,6,65600.0,HE,Organic,3,351000.0,Thu,,0
2024-11-07,10-30 years,Oil,204.0,7,75400.0,NW,Paid Social,2,629000.0,Sat,9493.0,0
2024-09-03,>30 years,Electric,214.0,8,85400.0,Other,Comparison Site,2,511000.0,Mon,13668.0,0
2023-11-19,10-30 years,Oil,95.0,2,45900.0,BW,Display,4,308000.0,Thu,12116.0,0
2024-01-16,<10 years,Oil,239.0,8,33300.0,NW,Paid Social,3,574000.0,Sat,16595.0,0
2024-01-17,>30 years,Gas,60.0,4,74300.0,Other,Organic,6,150000.0,Fri,11726.0,0
2023-03-11,10-30 years,Gas,99.0,4,63500.0,NW,Organic,3,278000.0,Wed,7001.0,0
2024-04-17,>30 years,Oil,97.0,3,34800.0,BW,Display,5,282000.0,Mon,17478.0,0
2024-04-25,>30 years,Gas,204.0,7,79500.0,BY,Paid Social,1,449000.0,Thu,8418.0,0
2024-05-22,10-30 years,Gas,171.0,5,30000.0,Other,Paid Social,2,472000.0,Wed,11898.0,0
2024-11-18,>30 years,Gas,161.0,6,40400.0,Other,Referral,1,330000.0,Wed,,0
2023-04-22,>30 years,Gas,60.0,3,114500.0,BY,Organic,2,81000.0,Mon,18776.0,0
2023-01-15,>30 years,Gas,149.0,4,181700.0,Other,Organic,3,370000.0,Sat,,0
2024-12-13,10-30 years,Oil,248.0,8,86100.0,BY,Paid Social,3,586000.0,Sat,13314.0,0
2023-10-15,>30 years,Gas,171.0,7,52400.0,Other,Organic,1,394000.0,Mon,16512.0,0
2024-02-19,<10 years,Oil,137.0,4,69100.0,Other,Paid Social,4,352000.0,Sun,19583.0,0
2024-10-24,>30 years,Gas,193.0,6,30000.0,Other,Display,2,480000.0,Wed,14542.0,0
2023-03-18,10-30 years,Electric,156.0,6,50200.0,BW,Organic,6,310000.0,Wed,17095.0,1
2024-05-25,<10 years,Gas,130.0,5,31400.0,NW,Referral,2,366000.0,Tue,,0
2023-01-10,<10 years,Electric,123.0,3,93400.0,BE,Organic,5,412000.0,Fri,16091.0,0
2023-01-26,10-30 years,Gas,172.0,6,81800.0,HE,Paid Social,2,471000.0,Wed,7655.0,0
2023-12-09,10-30 years,Oil,139.0,5,76700.0,BY,Organic,3,398000.0,Sat,13633.0,0
2023-02-20,10-30 years,Gas,157.0,7,82500.0,BE,Display,2,360000.0,Tue,16131.0,0
2024-02-17,10-30 years,Oil,60.0,3,48100.0,Other,Referral,5,162000.0,Mon,13570.0,0
2024-01-03,10-30 years,Gas,146.0,8,58900.0,BY,Paid Social,5,355000.0,Tue,8946.0,0
2024-07-03,10-30 years,Gas,108.0,2,45600.0,BW,Paid Social,3,292000.0,Fri,17182.0,0
2024-09-24,10-30 years,Gas,191.0,7,60800.0,HE,Display,4,438000.0,Mon,17969.0,0
2023-10-26,>30 years,Electric,108.0,4,57600.0,NW,Referral,3,295000.0,Fri,15672.0,0
2023-09-27,10-30 years,Gas,119.0,3,69400.0,Other,Referral,2,361000.0,Sun,11140.0,0
2023-12-20,<10 years,Oil,96.0,3,38600.0,BW,Display,6,201000.0,Mon,,0
2024-05-20,10-30 years,District,183.0,6,60100.0,HE,Display,1,466000.0,Fri,15804.0,0
2023-06-03,>30 years,Gas,171.0,8,59800.0,BW,Display,6,361000.0,Fri,19695.0,0
2024-08-21,<10 years,District,106.0,3,64400.0,BW,Paid Social,4,244000.0,Tue,,0
2023-10-06,10-30 years,Gas,113.0,4,41300.0,NW,Paid Social,1,250000.0,Mon,,0
2023-08-09,10-30 years,Electric,182.0,5,46900.0,BY,Organic,5,419000.0,Wed,19234.0,0
2023-10-06,>30 years,District,232.0,8,43000.0,BY,Comparison Site,3,614000.0,Mon,15740.0,0
2024-07-27,10-30 years,District,168.0,5,130600.0,Other,Organic,8,429000.0,Sat,14261.0,0
2023-01-04,>30 years,Gas,196.0,7,96600.0,BY,Paid Social,3,407000.0,Thu,14942.0,0
2024-01-25,10-30 years,Electric,139.0,5,58300.0,NW,Referral,3,313000.0,Sat,9321.0,0
2024-09-27,>30 years,Gas,108.0,5,71500.0,Other,Display,5,284000.0,Fri,18078.0,0
2023-12-21,10-30 years,Gas,143.0,5,110700.0,Other,Organic,7,243000.0,Fri,6297.0,0
2024-11-04,10-30 years,Gas,193.0,6,113700.0,HE,Display,5,496000.0,Sat,,0
2024-04-13,10-30 years,Gas,127.0,4,70200.0,BW,Comparison Site,2,323000.0,Fri,,0
2024-09-13,>30 years,Oil,136.0,5,43000.0,Other,Display,3,354000.0,Mon,24933.0,0
2024-12-09,<10 years,Gas,239.0,8,97100.0,BE,Referral,2,529000.0,Thu,,0
2024-12-10,<10 years,District,221.0,8,65700.0,BW,Paid Social,4,591000.0,Thu,7629.0,0
2024-10-14,>30 years,Oil,156.0,6,52300.0,Other,Paid Social,6,414000.0,Sat,5306.0,0
2024-10-06,10-30 years,Electric,197.0,7,78500.0,BW,Organic,2,536000.0,Tue,20746.0,0
2024-10-10,10-30 years,Electric,102.0,3,46300.0,HE,Referral,1,191000.0,Thu,16700.0,0
2023-10-18,10-30 years,Electric,177.0,8,32400.0,NW,Display,5,402000.0,Wed,17188.0,0
2023-12-21,10-30 years,Gas,154.0,6,99700.0,Other,Organic,6,254000.0,Sun,18282.0,0
2023-11-15,10-30 years,Oil,167.0,6,71600.0,Other,Display,3,361000.0,Fri,19517.0,0
2023-11-27,>30 years,Gas,96.0,2,83300.0,HE,Display,2,246000.0,Sat,18596.0,0
2024-06-19,<10 years,Gas,88.0,4,30000.0,BE,Display,5,248000.0,Fri,15406.0,0
2023-02-11,>30 years,Gas,128.0,2,70800.0,Other,Comparison Site,4,271000.0,Tue,7218.0,0
2024-10-18,10-30 years,Oil,95.0,4,67200.0,Other,Organic,7,304000.0,Mon,14297.0,0
2023-02-07,10-30 years,Gas,112.0,6,52200.0,HE,Display,2,281000.0,Thu,18691.0,0
2024-11-15,10-30 years,Gas,253.0,8,52300.0,BY,Display,7,593000.0,Sat,23459.0,0
2023-12-01,10-30 years,Gas,199.0,8,48900.0,NW,Comparison Site,1,494000.0,Sun,20392.0,0
2024-01-11,<10 years,Gas,164.0,5,112400.0,BE,Referral,2,421000.0,Wed,14734.0,0
2023-12-11,>30 years,Oil,168.0,6,83700.0,BE,Display,4,390000.0,Wed,16193.0,0
2023-05-26,>30 years,Oil,167.0,6,53900.0,NW,Paid Social,1,441000.0,Sun,12369.0,0
2024-10-18,<10 years,District,142.0,6,46300.0,Other,Organic,6,256000.0,Sat,8746.0,0
2024-12-10,<10 years,Gas,163.0,7,59400.0,NW,Referral,1,322000.0,Fri,17264.0,0
2024-11-19,10-30 years,Gas,188.0,7,59700.0,BE,Referral,5,536000.0,Fri,14876.0,0
2024-12-13,>30 years,Gas,141.0,4,39400.0,BY,Paid Social,1,393000.0,Thu,,0
2024-02-10,10-30 years,District,208.0,7,93200.0,NW,Organic,4,500000.0,Sat,18926.0,0
2023-10-24,>30 years,Gas,140.0,3,54000.0,HE,Comparison Site,7,404000.0,Sun,,0
2024-07-19,10-30 years,Gas,110.0,6,61600.0,BW,Paid Social,5,323000.0,Tue,,0
2023-04-09,>30 years,Gas,160.0,6,82800.0,BW,Display,5,419000.0,Sun,14252.0,0
2023-08-25,10-30 years,Gas,142.0,5,112500.0,BY,Display,5,324000.0,Fri,18022.0,0
2023-03-28,10-30 years,Gas,140.0,5,62600.0,Other,Display,2,413000.0,Wed,,0
2024-12-09,>30 years,Oil,185.0,8,33900.0,BY,Organic,5,385000.0,Tue,19464.0,0
2024-11-21,>30 years,Oil,135.0,4,75900.0,Other,Display,3,318000.0,Sun,15228.0,0
2023-09-11,10-30 years,Gas,113.0,4,63900.0,BE,Paid Social,6,242000.0,Tue,19247.0,0
2024-10-26,10-30 years,Gas,134.0,4,48400.0,BE,Referral,8,435000.0,Tue,12003.0,0
2023-06-28,10-30 years,Gas,120.0,5,69800.0,BE,Comparison Site,2,286000.0,Wed,28027.0,0
2024-12-28,10-30 years,Oil,120.0,5,46200.0,Other,Referral,1,290000.0,Thu,21242.0,0
2024-11-22,10-30 years,Electric,189.0,7,32400.0,HE,Paid Social,4,408000.0,Sat,18370.0,0
2023-06-25,10-30 years,Electric,109.0,4,63100.0,HE,Display,1,211000.0,Tue,12124.0,0
2023-03-07,>30 years,Gas,155.0,6,41100.0,NW,Organic,2,349000.0,Fri,5000.0,0
2024-06-24,10-30 years,Oil,137.0,4,53600.0,Other,Organic,1,319000.0,Fri,,0
2023-02-01,<10 years,District,146.0,6,75500.0,BW,Organic,5,346000.0,Wed,,0
2024-10-06,10-30 years,Oil,69.0,2,30000.0,NW,Organic,3,186000.0,Thu,22084.0,0
2024-05-06,<10 years,Gas,176.0,7,51600.0,BY,Display,8,436000.0,Sat,20863.0,0
2023-01-05,10-30 years,Oil,139.0,5,40900.0,NW,Organic,3,313000.0,Sat,12349.0,0
2024-02-21,10-30 years,Oil,189.0,6,32900.0,NW,Organic,6,467000.0,Mon,9272.0,0
2023-12-13,10-30 years,Gas,166.0,6,60700.0,Other,Organic,2,408000.0,Thu,18133.0,1
2024-10-03,>30 years,Gas,152.0,6,48900.0,Other,Comparison Site,5,472000.0,Fri,16514.0,0
2024-03-04,>30 years,Oil,150.0,3,76500.0,HE,Organic,2,387000.0,Fri,11413.0,0
2024-03-24,<10 years,Electric,240.0,8,70500.0,BW,Display,4,539000.0,Wed,14740.0,0
2023-08-21,10-30 years,District,118.0,4,74700.0,HE,Referral,1,379000.0,Tue,18213.0,0
2024-04-20,>30 years,Gas,162.0,6,30000.0,BW,Referral,7,369000.0,Thu,13875.0,0
2024-11-23,10-30 years,Oil,160.0,6,63100.0,NW,Comparison Site,2,366000.0,Sat,13717.0,0
2024-12-05,>30 years,Gas,85.0,3,64100.0,NW,Paid Social,1,219000.0,Sun,19256.0,0
2024-09-17,>30 years,District,148.0,5,36300.0,HE,Paid Social,8,248000.0,Fri,17115.0,0
2023-03-16,10-30 years,Gas,88.0,4,56800.0,BW,Organic,4,198000.0,Thu,10246.0,0
2024-04-09,10-30 years,Gas,147.0,5,65700.0,Other,Organic,4,287000.0,Mon,8920.0,0
2023-08-03,>30 years,Gas,85.0,2,60500.0,Other,Comparison Site,2,259000.0,Fri,9365.0,0
2023-02-22,>30 years,Oil,165.0,7,76400.0,BW,Referral,3,500000.0,Fri,21627.0,0
2024-10-17,>30 years,Gas,100.0,3,71700.0,BW,Paid Social,3,135000.0,Thu,19279.0,0
2024-11-03,10-30 years,Oil,150.0,6,77100.0,Other,Referral,5,471000.0,Wed,,0
2023-06-22,>30 years,Gas,85.0,2,35000.0,HE,Referral,2,225000.0,Mon,5000.0,0
2023-02-05,10-30 years,Gas,169.0,6,44700.0,Other,Organic,2,393000.0,Sun,13394.0,0
2024-02-14,10-30 years,Gas,147.0,5,50700.0,NW,Comparison Site,5,408000.0,Fri,19526.0,0
2023-03-23,10-30 years,Gas,143.0,5,55800.0,BY,Paid Social,3,338000.0,Fri,20542.0,0
2023-02-08,>30 years,Gas,156.0,6,31100.0,NW,Display,4,402000.0,Fri,9684.0,0
2024-10-06,>30 years,Oil,171.0,5,55400.0,Other,Referral,5,517000.0,Fri,9944.0,0
2024-07-22,>30 years,Gas,116.0,5,80100.0,BW,Display,2,211000.0,Tue,15937.0,0
2024-01-17,10-30 years,Gas,149.0,6,34500.0,Other,Organic,3,347000.0,Mon,15107.0,0
2023-02-10,10-30 years,Oil,131.0,4,32400.0,HE,Comparison Site,2,355000.0,Mon,15226.0,0
2023-03-10,>30 years,Gas,202.0,7,97300.0,BW,Organic,6,504000.0,Tue,13690.0,0
2024-01-04,10-30 years,Oil,134.0,4,69600.0,NW,Paid Social,10,323000.0,Mon,17687.0,0
2023-07-28,>30 years,District,118.0,4,129400.0,BY,Organic,1,290000.0,Thu,7731.0,0
2023-03-23,10-30 years,Gas,90.0,5,63000.0,HE,Display,2,270000.0,Tue,17814.0,0
2024-05-19,>30 years,Oil,139.0,5,57000.0,BY,Organic,3,413000.0,Tue,20276.0,0
2024-02-28,>30 years,Oil,122.0,5,44200.0,Other,Organic,3,267000.0,Tue,15662.0,0
2023-09-09,10-30 years,Gas,164.0,6,152500.0,BY,Paid Social,5,453000.0,Fri,15081.0,0
2023-10-01,<10 years,Oil,159.0,6,96300.0,HE,Display,2,434000.0,Sun,16815.0,0
2023-10-08,10-30 years,Gas,171.0,7,72200.0,Other,Paid Social,1,452000.0,Mon,17357.0,0
2024-10-18,>30 years,Gas,100.0,4,67000.0,HE,Comparison Site,2,227000.0,Sun,13955.0,0
2023-05-22,10-30 years,Electric,60.0,3,37600.0,BE,Comparison Site,3,203000.0,Thu,12000.0,0
2023-09-16,>30 years,Oil,150.0,6,59900.0,NW,Paid Social,3,388000.0,Tue,8109.0,0
2023-01-17,10-30 years,District,183.0,5,38400.0,BW,Display,4,391000.0,Sun,9321.0,0
2024-01-07,>30 years,Oil,134.0,5,52800.0,BW,Comparison Site,3,285000.0,Wed,17239.0,0
2023-12-17,10-30 years,Gas,221.0,8,62400.0,BE,Referral,3,599000.0,Sat,14192.0,0
2023-01-26,<10 years,Oil,145.0,5,64300.0,Other,Organic,4,383000.0,Thu,14393.0,1
2023-10-26,>30 years,Oil,121.0,5,39700.0,Other,Organic,4,351000.0,Wed,11497.0,0
2023-12-01,10-30 years,Oil,167.0,6,73500.0,NW,Display,4,341000.0,Tue,17517.0,0
2023-09-11,10-30 years,Electric,205.0,7,57500.0,Other,Referral,4,443000.0,Wed,11669.0,0
2023-10-03,10-30 years,District,148.0,6,80900.0,HE,Referral,3,347000.0,Sat,13693.0,1
2024-12-11,<10 years,Gas,180.0,6,75600.0,BY,Display,7,425000.0,Tue,15467.0,0
2023-10-16,10-30 years,Gas,133.0,5,97600.0,BW,Referral,5,293000.0,Fri,6519.0,0
2024-10-09,10-30 years,Oil,134.0,5,43600.0,HE,Organic,4,411000.0,Thu,14999.0,0
2024-10-25,>30 years,Oil,195.0,7,131800.0,BE,Paid Social,4,531000.0,Tue,18001.0,0
2024-11-19,10-30 years,Oil,79.0,3,38200.0,BW,Referral,1,185000.0,Thu,11171.0,0
2023-04-09,10-30 years,Gas,108.0,5,52100.0,BW,Organic,5,322000.0,Mon,14719.0,0
2023-06-19,10-30 years,Gas,173.0,7,64400.0,HE,Paid Social,3,453000.0,Tue,14394.0,0
2023-11-13,>30 years,Gas,136.0,7,74800.0,Other,Paid Social,1,388000.0,Sat,,0
2024-06-21,10-30 years,Oil,162.0,8,53000.0,BE,Organic,4,372000.0,Fri,,0
2024-05-08,>30 years,Gas,171.0,7,58200.0,BY,Organic,1,570000.0,Fri,5409.0,1
2024-12-16,10-30 years,Oil,97.0,3,132600.0,BW,Paid Social,3,261000.0,Sun,20771.0,0
2024-01-22,<10 years,District,97.0,4,46100.0,Other,Comparison Site,1,266000.0,Fri,7214.0,0
2024-05-25,10-30 years,Gas,196.0,6,39800.0,Other,Organic,1,418000.0,Mon,7343.0,0
2024-12-28,10-30 years,Gas,135.0,4,35700.0,NW,Organic,4,340000.0,Tue,15839.0,0
2024-09-13,>30 years,Gas,123.0,5,46900.0,BW,Organic,7,331000.0,Wed,14147.0,0
2024-04-13,10-30 years,Gas,165.0,6,30000.0,Other,Paid Social,1,341000.0,Sat,7625.0,0
2024-05-27,10-30 years,Gas,189.0,6,59800.0,NW,Paid Social,7,432000.0,Wed,17128.0,0
2023-04-19,<10 years,Gas,181.0,7,118200.0,Other,Comparison Site,3,486000.0,Thu,7320.0,0
2023-04-08,10-30 years,Oil,168.0,7,58400.0,BW,Referral,5,450000.0,Fri,21750.0,1
2023-10-04,>30 years,Gas,196.0,8,97300.0,NW,Paid Social,8,537000.0,Fri,11968.0,0
2024-04-11,10-30 years,Oil,170.0,7,51300.0,HE,Paid Social,2,413000.0,Wed,,0
2024-04-27,<10 years,District,128.0,3,120700.0,NW,Paid Social,3,292000.0,Mon,6205.0,0
2023-02-17,<10 years,Gas,160.0,7,70500.0,Other,Display,3,440000.0,Tue,18785.0,0
2024-01-28,10-30 years,Electric,181.0,5,59100.0,Other,Referral,3,494000.0,Sat,9806.0,0
2024-11-15,>30 years,Gas,118.0,3,40400.0,Other,Organic,1,284000.0,Wed,16488.0,0
2023-01-08,>30 years,Gas,127.0,5,64400.0,BY,Organic,6,321000.0,Thu,12979.0,0
2024-08-05,<10 years,Oil,158.0,8,121900.0,NW,Comparison Site,2,449000.0,Sat,8089.0,0
2024-10-07,10-30 years,Gas,177.0,8,30000.0,BW,Paid Social,6,408000.0,Sat,14744.0,0
2023-07-17,10-30 years,Gas,149.0,6,57300.0,Other,Display,2,332000.0,Tue,18227.0,0
2023-10-12,>30 years,Gas,160.0,5,51700.0,BY,Referral,3,403000.0,Wed,15112.0,1
2023-05-28,10-30 years,District,60.0,2,34400.0,BW,Paid Social,3,193000.0,Sun,17771.0,0
2023-04-06,10-30 years,Gas,214.0,8,44500.0,BY,Organic,5,447000.0,Wed,5000.0,0
2023-02-16,10-30 years,Electric,181.0,7,83000.0,HE,Display,5,446000.0,Thu,17370.0,0
2024-09-21,10-30 years,Oil,179.0,6,48300.0,NW,Display,5,459000.0,Wed,15757.0,0
2023-11-10,10-30 years,Gas,176.0,7,93600.0,BY,Referral,6,484000.0,Wed,17813.0,0
2024-08-10,<10 years,Gas,179.0,8,52700.0,NW,Referral,8,467000.0,Thu,18775.0,0
2023-06-13,10-30 years,Gas,206.0,8,58000.0,BE,Paid Social,4,511000.0,Sat,16826.0,0
2024-03-08,10-30 years,Gas,195.0,8,85300.0,BE,Organic,1,478000.0,Thu,5822.0,0
2023-04-08,10-30 years,Gas,167.0,4,56900.0,BW,Paid Social,1,476000.0,Fri,17323.0,0
2024-02-12,10-30 years,Gas,182.0,7,67000.0,Other,Comparison Site,3,525000.0,Sun,22396.0,0
2024-07-15,10-30 years,Gas,161.0,6,49200.0,BY,Organic,3,373000.0,Sat,16768.0,0
2024-01-02,>30 years,Gas,120.0,3,53100.0,Other,Paid Social,3,242000.0,Wed,8582.0,0
2023-05-26,<10 years,Oil,130.0,5,82200.0,BW,Organic,4,344000.0,Sun,17935.0,0
2024-09-17,>30 years,Gas,133.0,4,44600.0,NW,Comparison Site,2,331000.0,Fri,26011.0,0
2023-08-25,<10 years,District,143.0,5,38800.0,NW,Referral,5,328000.0,Thu,13268.0,0
2024-09-03,<10 years,Gas,141.0,4,53200.0,NW,Paid Social,2,332000.0,Wed,24847.0,0
2024-02-13,>30 years,Oil,104.0,3,59300.0,NW,Display,5,282000.0,Wed,11311.0,0
2024-02-26,>30 years,District,158.0,7,40400.0,Other,Display,4,334000.0,Tue,23452.0,0
2023-02-04,<10 years,Gas,180.0,7,106100.0,NW,Comparison Site,2,598000.0,Mon,23583.0,0
2023-03-07,>30 years,Oil,131.0,3,64600.0,NW,Comparison Site,4,312000.0,Sat,8364.0,0
2024-11-04,10-30 years,Gas,137.0,6,43300.0,Other,Display,3,394000.0,Wed,16847.0,0
2024-10-06,10-30 years,District,180.0,7,73800.0,NW,Organic,2,434000.0,Thu,,0
2024-01-05,<10 years,Oil,158.0,6,87600.0,BW,Display,3,377000.0,Fri,20803.0,1
2024-04-28,10-30 years,Gas,185.0,8,38600.0,BY,Display,3,520000.0,Tue,18765.0,0
2024-01-22,10-30 years,Oil,179.0,6,72900.0,BE,Referral,2,394000.0,Wed,19573.0,0
2023-05-03,10-30 years,Oil,118.0,5,48700.0,BY,Referral,3,267000.0,Fri,,0
2024-08-24,10-30 years,Gas,159.0,7,72500.0,BE,Display,5,327000.0,Tue,20275.0,0
2023-10-06,10-30 years,Electric,174.0,7,137100.0,Other,Paid Social,3,434000.0,Thu,11626.0,0
2024-12-27,>30 years,Oil,122.0,4,44300.0,NW,Referral,4,349000.0,Mon,14375.0,1
2024-04-07,<10 years,Gas,103.0,4,66800.0,BY,Paid Social,3,292000.0,Sat,15338.0,0
2024-10-18,<10 years,Electric,149.0,5,30000.0,BE,Paid Social,6,383000.0,Thu,22380.0,0
2024-10-01,>30 years,Gas,66.0,3,132200.0,NW,Organic,5,88000.0,Thu,7685.0,0
2024-10-06,<10 years,Oil,60.0,2,30000.0,BW,Organic,3,152000.0,Mon,14913.0,0
2023-11-12,10-30 years,Gas,174.0,6,64100.0,HE,Paid Social,3,388000.0,Mon,16282.0,0
2024-12-27,10-30 years,Electric,120.0,5,90100.0,HE,Organic,3,274000.0,Wed,,0
2023-10-03,10-30 years,Oil,138.0,5,57900.0,BE,Organic,3,421000.0,Wed,17213.0,0
2024-06-15,>30 years,Oil,160.0,5,51500.0,BE,Display,3,384000.0,Sun,16066.0,0
2023-05-17,10-30 years,District,148.0,6,56900.0,HE,Display,4,346000.0,Mon,15874.0,0
2023-01-27,10-30 years,Gas,119.0,4,52900.0,NW,Display,3,344000.0,Mon,,0
2024-11-11,10-30 years,Gas,228.0,8,31000.0,Other,Referral,2,504000.0,Wed,15091.0,0
2023-04-16,<10 years,Oil,147.0,5,30000.0,Other,Paid Social,1,282000.0,Mon,,0
2023-03-06,10-30 years,Gas,260.0,8,94100.0,NW,Display,2,693000.0,Wed,18708.0,0
2023-11-18,10-30 years,Gas,112.0,5,43300.0,BY,Display,1,222000.0,Sat,5000.0,0
2023-11-23,>30 years,Oil,135.0,6,59300.0,HE,Display,3,229000.0,Sun,13033.0,1
2023-07-26,>30 years,Oil,151.0,7,36200.0,Other,Display,1,278000.0,Thu,21458.0,0
2023-12-05,<10 years,Gas,153.0,5,52800.0,BY,Referral,3,411000.0,Sun,22006.0,0
2023-05-19,<10 years,Electric,190.0,7,82600.0,NW,Display,4,475000.0,Fri,16969.0,0
2023-01-19,>30 years,Oil,60.0,2,48600.0,BY,Referral,4,210000.0,Sat,11470.0,1
2023-10-11,<10 years,Electric,211.0,6,99900.0,NW,Paid Social,1,553000.0,Mon,13507.0,0
2023-02-19,>30 years,District,75.0,3,63300.0,NW,Comparison Site,3,195000.0,Sat,8971.0,0
2024-12-14,>30 years,Gas,119.0,5,60600.0,HE,Organic,2,333000.0,Sat,18088.0,0
2023-04-05,>30 years,Oil,152.0,5,67900.0,BW,Organic,5,311000.0,Thu,,1
2023-02-19,10-30 years,Gas,166.0,6,66400.0,Other,Organic,8,476000.0,Wed,18529.0,0
2024-12-04,<10 years,Electric,142.0,5,75700.0,BE,Paid Social,2,321000.0,Wed,17582.0,0
2024-11-20,10-30 years,Oil,131.0,4,55600.0,Other,Display,2,268000.0,Mon,,0
2024-09-11,>30 years,Gas,150.0,6,41900.0,BY,Paid Social,7,442000.0,Mon,15562.0,0
2023-06-18,<10 years,District,134.0,4,99900.0,Other,Organic,4,412000.0,Fri,20356.0,0
2024-10-18,>30 years,Oil,193.0,6,89000.0,HE,Organic,7,483000.0,Sun,15008.0,0
2024-12-21,10-30 years,District,178.0,6,69200.0,BY,Referral,1,407000.0,Thu,14172.0,1
2023-07-09,10-30 years,Gas,168.0,5,87600.0,BY,Organic,2,422000.0,Thu,,0
2024-10-09,>30 years,Electric,191.0,7,36900.0,BW,Comparison Site,2,484000.0,Thu,23068.0,0
2023-03-19,<10 years,Oil,164.0,6,40000.0,NW,Display,4,435000.0,Tue,20551.0,0
2023-09-04,10-30 years,Oil,140.0,6,74600.0,Other,Comparison Site,4,302000.0,Fri,12144.0,0
2024-02-12,<10 years,Electric,86.0,2,35500.0,BW,Organic,4,277000.0,Fri,15941.0,0
2023-06-15,<10 years,Oil,225.0,8,123000.0,Other,Display,2,544000.0,Sun,13846.0,0
2024-11-14,<10 years,Oil,195.0,8,45500.0,NW,Paid Social,5,485000.0,Sat,10157.0,0
2023-01-16,10-30 years,Gas,102.0,3,33200.0,BE,Display,2,243000.0,Sat,13951.0,0
2023-09-11,10-30 years,Electric,179.0,6,44500.0,BE,Referral,3,364000.0,Sun,16756.0,0
2024-11-22,>30 years,Oil,168.0,8,41700.0,BE,Display,5,386000.0,Wed,12563.0,0
2024-12-03,>30 years,Electric,112.0,5,62600.0,HE,Paid Social,3,255000.0,Sat,7432.0,0
2023-07-13,10-30 years,Gas,205.0,8,67400.0,NW,Referral,5,494000.0,Mon,11161.0,0
2024-08-17,<10 years,Gas,157.0,5,41600.0,Other,Organic,1,392000.0,Sun,23160.0,0
2024-09-22,10-30 years,Gas,104.0,5,60200.0,BE,Organic,4,232000.0,Wed,14277.0,0
2024-10-12,>30 years,Electric,101.0,3,43400.0,HE,Paid Social,2,315000.0,Sat,,0
2024-09-20,10-30 years,Gas,167.0,6,90100.0,NW,Referral,3,442000.0,Wed,23555.0,0
2024-01-26,>30 years,Gas,112.0,4,39100.0,BY,Paid Social,3,263000.0,Wed,,0
2024-12-20,<10 years,Oil,121.0,4,108800.0,BW,Referral,5,337000.0,Fri,15738.0,1
2024-03-14,>30 years,Gas,167.0,6,58300.0,Other,Organic,4,402000.0,Thu,17671.0,0
2023-09-16,10-30 years,District,124.0,4,78800.0,Other,Comparison Site,4,359000.0,Sat,,0
2024-12-24,>30 years,Oil,131.0,5,37200.0,Other,Organic,7,295000.0,Fri,13207.0,0
2024-04-23,10-30 years,District,118.0,4,54500.0,Other,Organic,3,349000.0,Sat,9185.0,0
2023-12-09,10-30 years,Gas,177.0,7,131000.0,BW,Organic,4,426000.0,Wed,17894.0,0
2024-02-05,10-30 years,Gas,200.0,8,48400.0,NW,Organic,4,584000.0,Sun,7596.0,0
2023-10-23,>30 years,Gas,82.0,2,69500.0,BW,Comparison Site,4,244000.0,Fri,13311.0,0
2024-06-21,10-30 years,Oil,111.0,4,50900.0,Other,Organic,3,279000.0,Fri,19447.0,0
2023-02-28,<10 years,Gas,60.0,2,49700.0,BY,Organic,2,268000.0,Fri,18874.0,0
2023-06-12,10-30 years,Gas,155.0,6,97100.0,BE,Organic,1,370000.0,Tue,18659.0,0
2024-10-10,10-30 years,District,158.0,5,104800.0,BE,Referral,4,555000.0,Fri,13660.0,0
2023-03-14,10-30 years,Gas,112.0,3,30000.0,HE,Paid Social,4,263000.0,Tue,18687.0,0
2024-11-07,>30 years,Oil,133.0,3,48100.0,Other,Display,7,384000.0,Thu,,0
2024-02-27,10-30 years,Oil,168.0,4,39600.0,BE,Referral,1,415000.0,Sun,,0
2024-01-24,10-30 years,Gas,212.0,8,68200.0,NW,Paid Social,3,555000.0,Tue,18057.0,0
2023-01-15,10-30 years,Oil,120.0,3,71500.0,NW,Organic,1,258000.0,Tue,18025.0,0
2024-07-05,>30 years,Oil,154.0,4,44200.0,BW,Organic,1,455000.0,Thu,14284.0,0
2024-02-08,>30 years,Gas,172.0,6,48000.0,Other,Display,9,453000.0,Sun,22559.0,0
2024-01-23,10-30 years,Gas,222.0,8,64200.0,BW,Display,2,562000.0,Wed,15038.0,0
2023-02-08,10-30 years,Electric,166.0,6,53800.0,NW,Referral,4,486000.0,Sun,19145.0,0
2024-03-28,10-30 years,Gas,226.0,8,87100.0,HE,Paid Social,2,558000.0,Wed,,0
2024-03-17,10-30 years,Oil,92.0,3,44700.0,NW,Referral,2,267000.0,Mon,12730.0,0
2023-10-04,10-30 years,Oil,166.0,7,74300.0,HE,Paid Social,2,418000.0,Wed,,0
2023-02-04,10-30 years,Gas,139.0,4,55000.0,BE,Display,2,314000.0,Sat,16612.0,0
2023-11-06,10-30 years,District,149.0,6,92400.0,BY,Paid Social,5,288000.0,Thu,11233.0,0
2023-12-24,10-30 years,Gas,101.0,3,68700.0,BW,Paid Social,4,206000.0,Sat,12927.0,1
2023-01-23,10-30 years,Gas,199.0,7,34400.0,Other,Referral,2,402000.0,Wed,13222.0,0
2024-08-05,>30 years,Oil,173.0,7,39900.0,NW,Referral,5,360000.0,Sat,15251.0,0
2024-08-08,10-30 years,Gas,159.0,5,40000.0,BW,Referral,5,432000.0,Sat,22092.0,0
2024-02-03,10-30 years,Oil,81.0,2,54400.0,BE,Organic,3,160000.0,Mon,13985.0,0
2023-03-23,>30 years,District,187.0,6,52600.0,BY,Display,6,435000.0,Fri,23585.0,0
2023-06-10,10-30 years,Gas,123.0,5,62600.0,BW,Paid Social,2,291000.0,Tue,21576.0,0
2024-10-21,10-30 years,Gas,119.0,4,106100.0,BY,Organic,6,288000.0,Sun,,0
2023-04-22,>30 years,Gas,90.0,2,75900.0,BY,Organic,8,163000.0,Sun,16556.0,0
2023-04-18,<10 years,Electric,137.0,4,55300.0,Other,Display,6,389000.0,Mon,,0
2023-12-17,10-30 years,Gas,128.0,5,46400.0,NW,Paid Social,4,360000.0,Tue,8061.0,0
2023-02-15,10-30 years,Gas,204.0,7,89200.0,Other,Paid Social,3,572000.0,Sun,,0
2023-02-13,10-30 years,Oil,110.0,4,78400.0,HE,Organic,1,262000.0,Sun,,0
2024-11-08,10-30 years,Gas,121.0,5,126500.0,BW,Display,5,299000.0,Wed,12779.0,0
2024-01-21,>30 years,Gas,126.0,5,82600.0,BY,Organic,4,305000.0,Sat,16484.0,0
2023-06-09,10-30 years,District,117.0,3,56500.0,BW,Organic,3,368000.0,Mon,19152.0,0
2023-08-06,>30 years,Gas,97.0,3,87300.0,NW,Organic,6,239000.0,Wed,,0
2023-09-25,>30 years,Gas,176.0,6,122700.0,Other,Paid Social,6,392000.0,Tue,5000.0,0
2023-11-16,10-30 years,Gas,143.0,5,48500.0,BY,Display,3,353000.0,Sat,,0
2023-10-27,10-30 years,Electric,128.0,4,44200.0,NW,Display,3,327000.0,Sat,,0
2023-07-08,>30 years,Gas,124.0,3,39200.0,Other,Organic,6,398000.0,Sat,8826.0,0
2023-12-17,<10 years,Gas,155.0,6,56800.0,Other,Organic,1,428000.0,Mon,19206.0,0
2023-07-13,<10 years,Gas,124.0,4,48700.0,BE,Paid Social,2,349000.0,Sat,,0
2023-07-14,<10 years,District,147.0,5,57900.0,NW,Referral,3,327000.0,Mon,,0
2023-05-28,10-30 years,Gas,169.0,5,54800.0,HE,Paid Social,4,437000.0,Fri,5000.0,0
2024-12-13,<10 years,Gas,164.0,6,74100.0,NW,Organic,1,454000.0,Tue,,0
2024-03-06,10-30 years,Oil,208.0,8,86500.0,Other,Referral,5,547000.0,Sat,16210.0,0
2024-02-03,10-30 years,Gas,189.0,7,68400.0,NW,Paid Social,4,424000.0,Fri,12659.0,0
2024-07-22,<10 years,Electric,163.0,6,65100.0,Other,Referral,2,374000.0,Wed,13697.0,0
2024-12-06,<10 years,Oil,165.0,6,64300.0,HE,Organic,2,365000.0,Mon,,0
2024-08-25,>30 years,Gas,228.0,8,42400.0,HE,Referral,5,551000.0,Tue,,0
2024-04-03,10-30 years,Oil,118.0,3,76700.0,BE,Organic,2,248000.0,Wed,11961.0,0
2024-04-27,10-30 years,Gas,170.0,5,65000.0,BY,Organic,4,493000.0,Sun,16999.0,0
2024-08-05,<10 years,Gas,115.0,3,30000.0,NW,Display,4,377000.0,Sun,15673.0,0
2023-12-09,10-30 years,Oil,183.0,6,68700.0,Other,Paid Social,4,455000.0,Mon,16003.0,0
2024-02-26,10-30 years,Gas,176.0,8,57000.0,NW,Display,3,449000.0,Sat,6402.0,0
2024-03-22,>30 years,Gas,140.0,6,74600.0,BE,Organic,3,328000.0,Thu,24993.0,0
2024-01-10,10-30 years,Gas,202.0,7,75000.0,BE,Paid Social,7,477000.0,Mon,16392.0,0
2023-01-20,>30 years,Electric,152.0,5,100500.0,Other,Display,2,342000.0,Tue,17551.0,0
2023-03-04,>30 years,Electric,163.0,6,45100.0,NW,Referral,1,368000.0,Sun,16217.0,0
2023-08-13,10-30 years,Gas,85.0,3,32400.0,Other,Referral,4,189000.0,Fri,15610.0,0
2024-03-08,10-30 years,Gas,240.0,8,105000.0,Other,Paid Social,5,555000.0,Fri,14130.0,0
2024-12-23,>30 years,District,109.0,4,89600.0,BY,Display,3,349000.0,Tue,20233.0,0
2024-09-27,10-30 years,Oil,100.0,3,45800.0,BE,Paid Social,4,226000.0,Thu,18032.0,0
2023-11-13,<10 years,Gas,175.0,7,49800.0,BE,Display,2,442000.0,Thu,18077.0,0
2023-01-28,10-30 years,Oil,157.0,5,62200.0,NW,Display,3,434000.0,Wed,12866.0,0
2024-10-23,<10 years,Gas,89.0,5,60900.0,NW,Display,5,247000.0,Wed,9387.0,0
2024-10-17,>30 years,Oil,116.0,4,42000.0,BW,Paid Social,4,246000.0,Sat,9611.0,1
2023-12-18,10-30 years,Electric,134.0,6,80900.0,HE,Organic,2,412000.0,Mon,19920.0,0
2023-10-18,>30 years,Gas,120.0,4,64800.0,NW,Paid Social,2,267000.0,Sun,16421.0,0
2024-10-21,10-30 years,Oil,158.0,6,34200.0,HE,Referral,8,370000.0,Wed,16302.0,0
2023-04-08,>30 years,Oil,187.0,8,61500.0,BW,Paid Social,5,408000.0,Thu,,0
2024-09-09,10-30 years,District,238.0,8,76900.0,BW,Referral,4,647000.0,Thu,21540.0,0
2023-07-21,10-30 years,Gas,89.0,2,48000.0,Other,Organic,4,169000.0,Fri,11886.0,0
2023-09-01,>30 years,Electric,147.0,6,54500.0,BW,Display,3,352000.0,Wed,6866.0,0
2023-06-22,>30 years,Gas,153.0,5,63400.0,BW,Organic,4,350000.0,Sun,12288.0,0
2023-02-03,10-30 years,Gas,153.0,5,30000.0,HE,Paid Social,5,317000.0,Tue,6287.0,0
2024-06-09,10-30 years,Gas,158.0,6,55300.0,BE,Comparison Site,2,441000.0,Tue,5589.0,0
2023-01-01,10-30 years,Electric,153.0,6,68300.0,BW,Display,1,402000.0,Thu,17835.0,0
2024-01-25,>30 years,Gas,196.0,7,62500.0,NW,Organic,3,408000.0,Thu,18244.0,0
2023-03-12,10-30 years,Electric,165.0,6,102800.0,HE,Referral,2,364000.0,Sun,17570.0,0
2024-09-10,>30 years,Gas,90.0,4,79800.0,BE,Paid Social,5,206000.0,Fri,13830.0,0
2023-01-07,10-30 years,Electric,97.0,3,50800.0,Other,Display,3,191000.0,Sat,,0
2024-09-01,<10 years,Gas,186.0,7,57800.0,BW,Display,3,404000.0,Sat,15345.0,0
2023-08-21,>30 years,Gas,170.0,6,68900.0,Other,Organic,5,347000.0,Tue,17360.0,0
2024-11-24,<10 years,Oil,139.0,3,30000.0,Other,Paid Social,4,296000.0,Fri,22304.0,0
2023-04-06,10-30 years,Oil,169.0,7,31800.0,Other,Organic,6,381000.0,Sat,15237.0,0
2024-10-19,>30 years,Gas,174.0,6,58800.0,Other,Organic,3,483000.0,Fri,12023.0,0
2023-01-17,>30 years,Oil,190.0,8,123200.0,BW,Display,6,444000.0,Sat,,0
2023-05-24,10-30 years,Gas,141.0,6,55100.0,Other,Organic,6,265000.0,Wed,18125.0,0
2023-04-02,>30 years,Oil,182.0,5,89900.0,Other,Organic,6,471000.0,Mon,,0
2024-01-07,10-30 years,Gas,145.0,5,33800.0,BW,Display,4,282000.0,Wed,,0
2023-09-06,>30 years,Gas,91.0,2,49500.0,BE,Paid Social,6,199000.0,Thu,26059.0,0
2024-02-28,>30 years,District,166.0,6,44500.0,BE,Organic,2,435000.0,Wed,6165.0,0
2023-09-05,10-30 years,Gas,201.0,6,67200.0,HE,Paid Social,3,472000.0,Tue,12551.0,0
2024-07-22,<10 years,Electric,181.0,6,85000.0,Other,Display,3,463000.0,Mon,18886.0,0
2024-12-04,10-30 years,Gas,198.0,8,54900.0,BE,Display,2,491000.0,Thu,20368.0,0
2024-06-26,<10 years,Gas,157.0,5,51400.0,BY,Referral,6,419000.0,Mon,20178.0,0
2023-08-04,10-30 years,Gas,116.0,4,103400.0,BY,Comparison Site,4,144000.0,Sat,15094.0,0
2024-06-19,10-30 years,Gas,158.0,4,143500.0,NW,Organic,4,384000.0,Sat,14307.0,0
2024-03-14,10-30 years,Gas,135.0,4,50400.0,NW,Paid Social,6,304000.0,Fri,,0
2023-04-28,>30 years,Gas,163.0,8,57800.0,BE,Paid Social,1,338000.0,Tue,11991.0,0
2024-01-16,10-30 years,Gas,152.0,6,66600.0,BW,Referral,6,506000.0,Fri,11299.0,0
2024-08-12,10-30 years,Gas,191.0,6,70200.0,NW,Organic,7,413000.0,Wed,5517.0,0
2024-12-18,<10 years,Electric,95.0,3,65700.0,BY,Organic,5,205000.0,Tue,7157.0,1
2023-02-27,>30 years,Gas,60.0,2,30000.0,BY,Organic,3,176000.0,Thu,,0
2024-03-24,10-30 years,Oil,153.0,6,71000.0,BE,Display,1,417000.0,Thu,21681.0,0
2024-03-23,>30 years,Gas,136.0,5,130200.0,BW,Organic,2,325000.0,Wed,,0
2023-06-02,<10 years,Electric,129.0,5,31300.0,Other,Paid Social,1,299000.0,Wed,19923.0,0
2024-03-22,10-30 years,Gas,122.0,5,31600.0,HE,Organic,3,334000.0,Thu,19787.0,0
2024-12-20,<10 years,Gas,149.0,5,35800.0,NW,Comparison Site,3,368000.0,Thu,13436.0,0
2023-03-19,<10 years,Gas,166.0,8,77000.0,NW,Display,2,454000.0,Fri,24748.0,0
2024-03-03,<10 years,Gas,172.0,6,30000.0,BE,Organic,3,509000.0,Mon,,0
2023-12-17,10-30 years,Electric,60.0,3,94600.0,BE,Organic,2,180000.0,Fri,12032.0,0
2023-06-09,10-30 years,Gas,146.0,6,39200.0,Other,Paid Social,6,378000.0,Sat,11574.0,0
2024-03-15,>30 years,District,79.0,2,83100.0,BY,Organic,5,226000.0,Sun,,0
2024-11-18,10-30 years,Electric,186.0,8,47400.0,Other,Organic,7,546000.0,Wed,6337.0,0
2023-10-04,10-30 years,Gas,175.0,7,44700.0,Other,Organic,6,467000.0,Wed,10291.0,0
2023-03-16,>30 years,Gas,107.0,5,73000.0,Other,Comparison Site,1,286000.0,Thu,9107.0,0
2024-06-02,10-30 years,District,154.0,6,75500.0,BW,Paid Social,1,400000.0,Thu,17052.0,0
2023-12-21,10-30 years,Gas,70.0,2,44100.0,BW,Organic,1,260000.0,Tue,20750.0,0
2024-11-20,>30 years,Electric,167.0,7,66500.0,HE,Paid Social,3,369000.0,Sat,9209.0,0
2024-02-01,>30 years,District,168.0,6,78000.0,Other,Paid Social,3,364000.0,Tue,25552.0,0
2024-03-15,10-30 years,Electric,180.0,8,30000.0,BW,Organic,5,396000.0,Mon,19808.0,0
2023-03-20,10-30 years,Oil,175.0,6,58200.0,BE,Paid Social,2,385000.0,Fri,8803.0,0
2024-05-21,10-30 years,Electric,128.0,4,57800.0,BW,Organic,1,331000.0,Fri,9266.0,0
2024-01-05,>30 years,Oil,109.0,3,30000.0,Other,Organic,4,300000.0,Thu,13501.0,0
2024-12-16,>30 years,Gas,122.0,4,59700.0,Other,Comparison Site,3,299000.0,Wed,21342.0,0
2023-10-04,10-30 years,Gas,145.0,6,58500.0,BY,Organic,3,314000.0,Sun,12177.0,0
2023-12-28,>30 years,Electric,99.0,3,83300.0,BW,Organic,3,279000.0,Tue,,1
2024-08-23,10-30 years,District,136.0,5,72200.0,NW,Display,4,277000.0,Sun,11742.0,0
2024-12-18,10-30 years,Oil,136.0,5,105100.0,HE,Organic,4,306000.0,Mon,,0
2024-04-17,>30 years,Oil,195.0,7,69500.0,HE,Comparison Site,3,411000.0,Sat,13967.0,0
2024-11-05,10-30 years,Gas,169.0,6,40500.0,Other,Comparison Site,5,395000.0,Sun,5892.0,0
2023-08-23,<10 years,Electric,121.0,3,50000.0,Other,Referral,2,298000.0,Sat,23487.0,0
2024-01-13,>30 years,Gas,162.0,6,89400.0,NW,Comparison Site,2,438000.0,Wed,,0
2023-02-09,10-30 years,Oil,167.0,7,83100.0,BY,Organic,8,436000.0,Thu,20583.0,0
2024-09-01,10-30 years,District,81.0,3,80400.0,NW,Organic,6,224000.0,Mon,16276.0,0
2024-01-11,>30 years,Gas,233.0,8,83700.0,BE,Referral,1,518000.0,Tue,15403.0,0
2024-02-07,>30 years,District,143.0,4,67900.0,HE,Display,4,326000.0,Sun,9369.0,0
2023-11-08,>30 years,District,114.0,5,63600.0,BW,Display,5,232000.0,Tue,18821.0,0
2024-08-22,10-30 years,District,151.0,5,56200.0,BY,Organic,2,364000.0,Fri,6872.0,0
2023-12-09,10-30 years,Gas,113.0,5,90600.0,BE,Paid Social,2,238000.0,Tue,7912.0,0
2024-12-21,10-30 years,Gas,80.0,2,68100.0,BE,Organic,3,159000.0,Tue,19316.0,0
2023-04-23,10-30 years,Oil,173.0,6,30000.0,HE,Organic,5,440000.0,Mon,20261.0,0
2023-01-12,>30 years,Gas,152.0,6,69800.0,BY,Paid Social,4,411000.0,Sun,16201.0,0
2023-06-08,>30 years,Gas,160.0,6,86200.0,BY,Organic,4,370000.0,Sat,,0
2023-09-01,<10 years,District,82.0,4,42300.0,BY,Paid Social,4,346000.0,Tue,18771.0,0
2024-08-22,<10 years,Oil,168.0,7,48200.0,Other,Organic,1,409000.0,Fri,23354.0,0
2024-11-17,>30 years,Gas,141.0,4,60200.0,NW,Referral,5,413000.0,Wed,20973.0,0
2024-06-13,>30 years,Gas,100.0,3,104900.0,NW,Comparison Site,5,265000.0,Sat,18483.0,0
2023-04-15,10-30 years,Oil,114.0,3,52700.0,BW,Display,7,280000.0,Tue,31720.0,0
2023-04-26,10-30 years,Electric,213.0,8,53000.0,NW,Organic,4,541000.0,Thu,8552.0,0
2024-01-17,10-30 years,Gas,133.0,6,72800.0,NW,Display,2,264000.0,Mon,6795.0,0
2023-06-06,>30 years,Gas,211.0,8,65000.0,Other,Referral,3,486000.0,Tue,7625.0,0
2024-02-15,10-30 years,Oil,112.0,3,45900.0,Other,Paid Social,4,308000.0,Sat,,0
2023-11-22,10-30 years,Gas,127.0,4,61000.0,Other,Paid Social,6,338000.0,Mon,27116.0,0
2023-05-17,10-30 years,Gas,133.0,4,61200.0,NW,Organic,4,384000.0,Fri,14178.0,0
2024-03-03,10-30 years,Oil,181.0,6,99300.0,HE,Paid Social,5,520000.0,Tue,,0
2024-01-22,10-30 years,Gas,160.0,6,41000.0,Other,Organic,4,441000.0,Sat,21600.0,0
2024-10-25,>30 years,Oil,157.0,5,61900.0,BW,Paid Social,2,374000.0,Fri,11232.0,1
2024-01-05,>30 years,Electric,191.0,7,74800.0,HE,Organic,1,493000.0,Tue,18376.0,1
2023-05-06,>30 years,Gas,174.0,6,92000.0,NW,Organic,2,483000.0,Wed,15724.0,0
2024-09-18,>30 years,District,96.0,4,47100.0,NW,Referral,3,248000.0,Fri,13776.0,0
2024-08-14,10-30 years,Electric,188.0,7,126100.0,NW,Display,3,461000.0,Thu,17750.0,0
2023-01-12,10-30 years,Oil,107.0,4,30600.0,HE,Display,2,315000.0,Mon,6036.0,0
2023-07-11,>30 years,Gas,189.0,7,33100.0,NW,Paid Social,2,558000.0,Sat,5000.0,0
2023-09-17,10-30 years,Electric,168.0,7,65300.0,NW,Display,3,399000.0,Wed,17232.0,0
2023-04-04,10-30 years,District,173.0,8,31100.0,HE,Paid Social,1,398000.0,Sat,19697.0,0
2024-05-16,10-30 years,Gas,132.0,5,46500.0,NW,Paid Social,3,305000.0,Sat,16323.0,0
2023-11-17,10-30 years,Oil,107.0,6,73100.0,BW,Organic,5,316000.0,Tue,,0
2023-03-01,10-30 years,Gas,144.0,5,106200.0,NW,Paid Social,3,392000.0,Wed,15574.0,0
2024-04-13,<10 years,Gas,162.0,5,67000.0,BY,Organic,3,394000.0,Sun,12845.0,0
2023-10-14,<10 years,Gas,173.0,6,69700.0,BW,Paid Social,4,415000.0,Sun,,0
2024-01-15,10-30 years,Gas,129.0,5,78400.0,Other,Comparison Site,3,243000.0,Thu,16918.0,1
2024-02-27,>30 years,Gas,123.0,5,31700.0,BE,Referral,6,339000.0,Mon,,0
2023-11-04,10-30 years,Gas,137.0,7,76500.0,NW,Paid Social,4,341000.0,Tue,,0
2024-02-13,<10 years,Electric,182.0,6,60000.0,Other,Paid Social,2,492000.0,Sat,20317.0,0
2024-08-22,10-30 years,Electric,78.0,2,43500.0,NW,Paid Social,4,181000.0,Mon,6223.0,0
2023-07-11,>30 years,District,139.0,5,40800.0,BY,Paid Social,6,437000.0,Sat,21079.0,0
2024-12-13,10-30 years,Gas,122.0,6,57900.0,NW,Organic,3,265000.0,Tue,16685.0,1
2024-12-24,<10 years,Oil,170.0,7,83000.0,Other,Paid Social,3,367000.0,Fri,11581.0,0
2023-12-10,>30 years,Electric,193.0,7,92500.0,BE,Paid Social,2,394000.0,Mon,14360.0,0
2024-09-03,10-30 years,Oil,85.0,5,56900.0,BE,Referral,2,247000.0,Fri,10117.0,0
2024-10-18,10-30 years,Gas,163.0,7,91000.0,BY,Organic,5,418000.0,Wed,10470.0,0
2024-10-07,10-30 years,Gas,185.0,6,38800.0,BW,Paid Social,6,423000.0,Tue,17983.0,0
2023-06-13,10-30 years,District,111.0,6,50100.0,HE,Organic,3,231000.0,Tue,,0
2024-11-06,>30 years,Gas,189.0,8,118700.0,NW,Display,4,528000.0,Thu,,0
2024-11-14,<10 years,Gas,110.0,4,96600.0,BW,Display,3,257000.0,Mon,,0
2024-05-23,10-30 years,Gas,174.0,5,43400.0,Other,Display,1,407000.0,Mon,15678.0,0
2023-03-18,10-30 years,District,197.0,8,80600.0,BW,Paid Social,1,524000.0,Sun,8299.0,0
2023-07-09,10-30 years,Gas,120.0,4,47700.0,BW,Display,7,411000.0,Fri,15447.0,0
2024-12-06,<10 years,Oil,139.0,6,53200.0,BY,Organic,1,287000.0,Tue,9371.0,0
2024-12-03,<10 years,Gas,195.0,6,58700.0,NW,Organic,4,431000.0,Mon,16613.0,0
2024-01-17,10-30 years,Oil,60.0,3,35100.0,NW,Display,5,153000.0,Sat,12612.0,0
2023-12-04,10-30 years,Oil,169.0,8,67600.0,NW,Organic,4,513000.0,Sun,12876.0,1
2024-10-05,>30 years,Gas,222.0,8,103700.0,Other,Display,4,562000.0,Wed,20211.0,0
2023-10-06,10-30 years,District,60.0,2,56400.0,BY,Organic,5,25000.0,Wed,21403.0,0
2024-12-20,10-30 years,Electric,193.0,7,48100.0,BE,Comparison Site,3,399000.0,Thu,14646.0,0
2023-11-11,10-30 years,Gas,183.0,7,47400.0,NW,Organic,3,475000.0,Sat,10394.0,0
2023-12-03,>30 years,Gas,148.0,5,30000.0,NW,Referral,2,304000.0,Sat,11431.0,0
2024-09-23,10-30 years,Gas,166.0,6,30000.0,Other,Organic,2,392000.0,Fri,12596.0,0
2023-10-17,10-30 years,Electric,160.0,8,126100.0,BE,Paid Social,5,357000.0,Thu,21491.0,0
2024-12-23,10-30 years,Gas,128.0,5,50100.0,HE,Comparison Site,4,345000.0,Fri,5000.0,0
2023-09-15,10-30 years,Gas,199.0,7,41500.0,BY,Paid Social,3,537000.0,Wed,14846.0,0
2024-03-23,10-30 years,Gas,150.0,6,42000.0,BW,Paid Social,3,494000.0,Fri,13365.0,1
2023-11-02,<10 years,Gas,166.0,7,58400.0,BY,Organic,3,409000.0,Thu,24137.0,0
2023-08-15,<10 years,Gas,112.0,4,54300.0,HE,Organic,4,301000.0,Sat,,0
2023-11-10,>30 years,Oil,60.0,2,69900.0,BW,Organic,3,188000.0,Tue,12856.0,0
2023-10-23,<10 years,Gas,103.0,4,35700.0,NW,Display,8,232000.0,Mon,13385.0,0
2023-01-14,10-30 years,Electric,223.0,8,71400.0,NW,Organic,4,686000.0,Mon,18545.0,0
2024-09-02,<10 years,District,176.0,7,75400.0,Other,Organic,1,452000.0,Mon,10588.0,0
2023-03-11,10-30 years,Gas,133.0,3,53300.0,NW,Paid Social,4,387000.0,Sat,23351.0,0
2023-11-13,10-30 years,Oil,173.0,6,83100.0,Other,Organic,2,508000.0,Thu,15995.0,0
2024-02-02,<10 years,Oil,167.0,7,101300.0,HE,Display,2,462000.0,Tue,,0
2024-01-18,<10 years,Oil,78.0,2,53500.0,NW,Comparison Site,1,191000.0,Thu,22259.0,0
2023-02-16,10-30 years,Gas,184.0,5,58500.0,HE,Referral,2,607000.0,Mon,15316.0,0
2023-01-03,10-30 years,Gas,74.0,2,68400.0,BW,Comparison Site,2,180000.0,Fri,,0
2024-10-16,>30 years,Electric,125.0,4,77400.0,Other,Paid Social,5,336000.0,Sun,16600.0,0
2023-11-11,<10 years,Gas,111.0,4,81300.0,HE,Organic,8,395000.0,Tue,12645.0,0
2024-03-10,>30 years,Oil,158.0,4,78500.0,NW,Display,3,400000.0,Wed,15418.0,0
2023-04-04,>30 years,Oil,158.0,4,80300.0,Other,Organic,2,477000.0,Tue,15316.0,0
2023-01-26,<10 years,Gas,60.0,2,64300.0,NW,Paid Social,3,225000.0,Sat,16121.0,0
2023-08-15,>30 years,Electric,199.0,7,82200.0,NW,Referral,4,586000.0,Sat,18590.0,0
2023-10-15,10-30 years,Electric,152.0,5,81000.0,NW,Referral,2,392000.0,Fri,15249.0,0
2024-08-08,10-30 years,Gas,189.0,8,56800.0,Other,Organic,2,524000.0,Sun,9663.0,0
2023-05-11,10-30 years,Electric,151.0,5,101300.0,Other,Organic,6,350000.0,Wed,21672.0,0
2024-02-17,10-30 years,Gas,157.0,7,33700.0,Other,Display,3,400000.0,Fri,13103.0,0
2023-03-08,10-30 years,Electric,93.0,3,63500.0,NW,Organic,5,247000.0,Sat,12553.0,0
2024-01-04,10-30 years,Oil,119.0,4,70500.0,NW,Comparison Site,6,360000.0,Mon,,0
2024-01-15,>30 years,Oil,141.0,3,59400.0,BY,Paid Social,2,422000.0,Fri,11259.0,0
2024-03-23,10-30 years,Gas,178.0,5,123500.0,BW,Display,2,453000.0,Thu,13700.0,0
2023-04-07,10-30 years,Gas,132.0,7,57600.0,BY,Display,1,360000.0,Fri,20472.0,0
2023-11-05,>30 years,District,121.0,4,104500.0,Other,Paid Social,7,327000.0,Wed,9593.0,0
2023-04-04,>30 years,Gas,114.0,4,48600.0,NW,Paid Social,1,313000.0,Wed,9268.0,0
2023-07-19,>30 years,Oil,164.0,7,55500.0,BW,Referral,1,359000.0,Fri,16677.0,1
2023-08-05,>30 years,District,146.0,5,66300.0,NW,Organic,2,287000.0,Mon,6892.0,0
2023-12-20,10-30 years,Gas,115.0,3,56800.0,Other,Organic,2,250000.0,Sun,13423.0,0
2024-03-04,10-30 years,Gas,142.0,4,37400.0,HE,Organic,5,263000.0,Fri,6827.0,0
2024-05-16,10-30 years,Electric,120.0,5,69400.0,Other,Display,1,239000.0,Wed,11779.0,0
2024-01-04,>30 years,District,111.0,5,61900.0,Other,Organic,6,191000.0,Sun,15415.0,0
2024-05-23,<10 years,Gas,86.0,3,47500.0,NW,Display,8,215000.0,Sun,,0
2023-02-22,10-30 years,Oil,96.0,2,30000.0,BW,Paid Social,3,233000.0,Sat,23330.0,0
2024-04-20,<10 years,District,148.0,4,32400.0,BE,Referral,4,334000.0,Thu,19601.0,0
2023-04-09,10-30 years,Gas,69.0,2,33000.0,NW,Paid Social,6,158000.0,Sun,,0
2024-01-06,10-30 years,Gas,116.0,4,58400.0,Other,Organic,4,265000.0,Wed,20227.0,0
2023-11-15,10-30 years,Oil,176.0,5,93300.0,NW,Referral,5,519000.0,Mon,9906.0,0
2024-02-04,<10 years,Gas,189.0,8,44500.0,NW,Organic,4,529000.0,Thu,15867.0,0
2023-05-20,10-30 years,Oil,165.0,6,76100.0,HE,Referral,6,338000.0,Wed,20237.0,0
2024-10-05,>30 years,Oil,183.0,7,39700.0,BW,Organic,1,416000.0,Sun,16888.0,0
2024-10-12,>30 years,Gas,151.0,5,54400.0,BY,Organic,7,441000.0,Tue,,0
2024-01-09,<10 years,Electric,108.0,4,53300.0,Other,Referral,6,296000.0,Fri,,0
2023-07-04,>30 years,Gas,177.0,8,61200.0,Other,Display,3,402000.0,Thu,13311.0,0
2023-02-03,>30 years,Gas,169.0,4,55200.0,BY,Organic,1,452000.0,Fri,,0
2023-07-19,<10 years,Gas,128.0,2,61100.0,Other,Comparison Site,1,408000.0,Wed,19366.0,0
2023-06-02,>30 years,Electric,125.0,5,82800.0,BW,Display,1,271000.0,Sun,10428.0,0
2024-05-02,>30 years,Gas,148.0,5,73600.0,NW,Organic,3,310000.0,Thu,20380.0,0
2024-04-17,10-30 years,Gas,195.0,8,65400.0,HE,Paid Social,2,509000.0,Sun,,0
2023-11-14,<10 years,District,135.0,5,64500.0,HE,Comparison Site,1,432000.0,Tue,12415.0,0
2024-12-11,10-30 years,District,60.0,4,43800.0,NW,Organic,2,121000.0,Wed,22793.0,0
2023-11-23,>30 years,Gas,167.0,7,49700.0,Other,Comparison Site,2,398000.0,Sun,21079.0,0
2023-11-26,10-30 years,Gas,106.0,4,61700.0,NW,Organic,5,252000.0,Wed,19747.0,0
2023-11-17,10-30 years,Oil,168.0,6,64400.0,NW,Organic,5,450000.0,Fri,18212.0,1
2023-07-01,10-30 years,Oil,166.0,5,37200.0,BY,Organic,1,441000.0,Sun,15319.0,0
2023-02-10,10-30 years,District,212.0,8,30000.0,HE,Organic,2,481000.0,Fri,,0
2024-03-24,10-30 years,Gas,146.0,6,59100.0,BY,Organic,2,375000.0,Wed,16145.0,0
2023-01-26,10-30 years,Gas,170.0,8,40400.0,BY,Organic,6,442000.0,Mon,16692.0,0
2023-12-11,>30 years,Oil,155.0,6,104400.0,NW,Paid Social,1,361000.0,Tue,16698.0,0
2023-11-12,>30 years,Oil,185.0,5,78400.0,BY,Organic,2,499000.0,Tue,18234.0,0
2024-10-17,10-30 years,Oil,60.0,3,75700.0,BW,Display,4,148000.0,Sat,18071.0,0
2024-09-16,10-30 years,Electric,123.0,6,35100.0,Other,Comparison Site,3,450000.0,Sun,10387.0,0
2024-08-20,10-30 years,Oil,140.0,4,85000.0,Other,Organic,5,456000.0,Sun,6275.0,0
2024-02-10,>30 years,Gas,152.0,5,46600.0,Other,Paid Social,2,418000.0,Tue,,0
2023-12-01,10-30 years,Oil,101.0,3,81300.0,Other,Organic,5,344000.0,Sun,6489.0,0
2024-09-22,10-30 years,Gas,162.0,6,84600.0,BW,Paid Social,1,368000.0,Tue,18073.0,0
2024-03-22,>30 years,Gas,185.0,7,32000.0,BY,Display,7,443000.0,Tue,19719.0,0
2024-02-25,>30 years,District,122.0,6,40200.0,HE,Referral,3,256000.0,Sat,14477.0,0
2023-10-27,<10 years,Oil,111.0,3,107500.0,Other,Referral,1,219000.0,Wed,,0
2023-12-26,10-30 years,Gas,166.0,6,33100.0,BY,Organic,3,417000.0,Mon,13070.0,0
2023-12-08,10-30 years,Gas,156.0,5,74300.0,NW,Display,6,358000.0,Wed,15034.0,0
2024-06-09,>30 years,Gas,159.0,6,39100.0,Other,Organic,3,476000.0,Wed,23467.0,0
2024-01-02,<10 years,Gas,92.0,5,95500.0,NW,Paid Social,3,299000.0,Wed,9223.0,0
2024-01-28,10-30 years,Oil,259.0,8,54800.0,NW,Comparison Site,1,587000.0,Sat,17680.0,0
2024-05-28,10-30 years,Oil,60.0,2,58200.0,BE,Organic,6,28000.0,Mon,20380.0,0
2024-02-27,<10 years,Gas,185.0,6,94600.0,NW,Display,5,391000.0,Sun,13481.0,0
2024-09-14,10-30 years,Gas,121.0,6,117300.0,BE,Paid Social,3,303000.0,Sat,17415.0,0
2023-01-12,10-30 years,Gas,271.0,8,57200.0,BW,Referral,6,675000.0,Mon,5000.0,0
2024-08-07,10-30 years,Gas,168.0,8,73900.0,BY,Organic,6,448000.0,Mon,14517.0,0
2024-04-14,10-30 years,Gas,193.0,7,59200.0,NW,Paid Social,1,452000.0,Sun,13181.0,0
2024-11-24,10-30 years,Electric,170.0,6,122000.0,Other,Organic,3,410000.0,Sat,14393.0,0
2024-11-26,10-30 years,Electric,60.0,2,107900.0,NW,Paid Social,2,135000.0,Mon,,0
2024-02-06,10-30 years,District,154.0,7,62600.0,Other,Display,4,375000.0,Thu,,0
2024-12-22,<10 years,Oil,164.0,5,77400.0,Other,Organic,6,441000.0,Sun,13226.0,0
2024-11-04,10-30 years,Oil,169.0,7,92200.0,Other,Display,3,327000.0,Wed,6134.0,0
2023-11-01,>30 years,Gas,197.0,8,46000.0,NW,Display,6,566000.0,Mon,,0
2024-10-18,10-30 years,Gas,159.0,8,56100.0,NW,Organic,4,431000.0,Tue,6695.0,0
2023-03-13,>30 years,Oil,182.0,5,89700.0,HE,Referral,2,516000.0,Fri,,0
2024-01-05,10-30 years,Gas,120.0,4,35200.0,BY,Comparison Site,1,242000.0,Sat,7333.0,0
2024-04-19,<10 years,Electric,79.0,3,77500.0,NW,Organic,3,172000.0,Thu,,0
2024-06-14,>30 years,Gas,113.0,4,74700.0,Other,Organic,1,268000.0,Fri,9214.0,0
2023-10-17,<10 years,District,120.0,5,45100.0,BY,Paid Social,5,383000.0,Sun,,0
2024-11-07,>30 years,Gas,113.0,4,93000.0,Other,Organic,5,456000.0,Fri,22163.0,0
2023-02-12,10-30 years,Gas,101.0,3,70700.0,HE,Referral,3,161000.0,Wed,19836.0,0
2024-11-15,10-30 years,Electric,112.0,4,46200.0,HE,Organic,3,261000.0,Thu,,0
2023-09-13,<10 years,Gas,132.0,2,34100.0,HE,Organic,3,252000.0,Sun,5000.0,0
2024-05-08,>30 years,Electric,109.0,3,49800.0,HE,Paid Social,7,273000.0,Sat,,0
2023-11-15,>30 years,Gas,253.0,8,41300.0,HE,Referral,3,600000.0,Thu,9998.0,0
2023-01-03,<10 years,Oil,94.0,3,49000.0,BE,Display,3,213000.0,Tue,10682.0,0
2024-08-14,10-30 years,Gas,168.0,6,50500.0,NW,Paid Social,1,425000.0,Fri,,0
2023-01-08,<10 years,Gas,128.0,6,96500.0,Other,Paid Social,2,369000.0,Wed,12460.0,0
2023-12-03,>30 years,Oil,171.0,8,35400.0,BY,Display,4,358000.0,Wed,13576.0,0
2023-07-06,10-30 years,Gas,140.0,6,39100.0,BE,Paid Social,3,341000.0,Sun,,0
2024-08-22,10-30 years,Gas,184.0,6,50500.0,NW,Referral,1,593000.0,Tue,9382.0,0
2023-09-28,<10 years,Electric,134.0,6,168400.0,BE,Referral,2,329000.0,Sat,19614.0,0
2023-03-23,>30 years,District,153.0,4,32000.0,BW,Organic,1,361000.0,Fri,17314.0,0
2024-04-23,10-30 years,Gas,62.0,2,30000.0,NW,Organic,3,220000.0,Wed,18452.0,0
2024-02-15,>30 years,Gas,95.0,3,99800.0,Other,Paid Social,3,210000.0,Mon,,0
2024-06-22,>30 years,Oil,88.0,4,48800.0,HE,Referral,2,198000.0,Thu,10899.0,0
2024-01-20,<10 years,Electric,211.0,8,43200.0,NW,Comparison Site,4,499000.0,Fri,,0
2023-06-26,10-30 years,District,187.0,8,69600.0,BY,Organic,3,548000.0,Sat,17520.0,0
2024-03-17,10-30 years,Gas,158.0,5,79000.0,NW,Paid Social,1,404000.0,Sun,15249.0,0
2024-10-06,10-30 years,Oil,192.0,7,83400.0,Other,Referral,3,482000.0,Sun,10954.0,0
2023-04-19,<10 years,Gas,109.0,2,75100.0,NW,Comparison Site,2,231000.0,Wed,16569.0,0
2023-09-03,>30 years,Gas,210.0,7,45300.0,HE,Organic,1,553000.0,Tue,14046.0,0
2024-08-12,>30 years,Gas,154.0,6,77900.0,BE,Paid Social,5,462000.0,Sun,18148.0,0
2023-10-09,>30 years,Gas,140.0,3,70300.0,NW,Paid Social,3,305000.0,Sun,14842.0,0
2023-11-22,>30 years,Oil,191.0,8,102300.0,BY,Organic,10,464000.0,Fri,9564.0,0
2023-10-13,10-30 years,Gas,188.0,8,107700.0,BY,Referral,2,391000.0,Sat,6952.0,0
2023-02-28,10-30 years,Electric,93.0,3,41700.0,BW,Organic,7,184000.0,Sun,15796.0,0
2023-03-20,<10 years,Oil,184.0,7,117900.0,BY,Referral,5,424000.0,Wed,16658.0,1
2023-09-22,10-30 years,Gas,143.0,5,49900.0,BW,Organic,1,339000.0,Tue,,0
2024-02-20,<10 years,Electric,161.0,7,33800.0,Other,Comparison Site,3,416000.0,Sat,,0
2023-12-16,10-30 years,District,134.0,5,116500.0,BW,Paid Social,5,369000.0,Thu,6690.0,0
2023-06-11,>30 years,Oil,106.0,2,83000.0,Other,Organic,4,295000.0,Sun,11007.0,0
2024-08-20,>30 years,Gas,96.0,4,30000.0,HE,Display,5,178000.0,Fri,16436.0,0
2023-01-07,>30 years,Gas,125.0,5,48900.0,NW,Organic,5,332000.0,Thu,9003.0,0
2024-08-23,<10 years,Gas,167.0,6,45000.0,BW,Organic,1,504000.0,Sun,,0
2023-01-10,>30 years,Gas,160.0,5,47600.0,BW,Organic,5,396000.0,Sat,12935.0,0
2023-12-02,<10 years,Gas,158.0,6,126100.0,Other,Referral,1,458000.0,Wed,,0
2024-03-06,10-30 years,Oil,182.0,6,55000.0,BE,Organic,3,414000.0,Tue,18382.0,0
2024-09-17,10-30 years,Gas,148.0,6,49500.0,BW,Paid Social,2,365000.0,Sat,14617.0,0
2024-02-03,10-30 years,Gas,226.0,8,90000.0,BE,Paid Social,2,480000.0,Sun,,0
2024-08-20,>30 years,Gas,165.0,5,49400.0,BW,Referral,3,394000.0,Sat,16292.0,0
2023-12-07,10-30 years,Gas,111.0,3,155700.0,BE,Organic,5,216000.0,Mon,,0
2023-12-04,10-30 years,Gas,96.0,5,64900.0,Other,Referral,5,255000.0,Thu,17299.0,0
2024-10-06,<10 years,Gas,163.0,5,88400.0,Other,Display,2,336000.0,Sat,18375.0,0
2023-04-19,>30 years,Electric,141.0,4,130500.0,Other,Paid Social,1,359000.0,Wed,13787.0,0
2024-07-21,10-30 years,Oil,104.0,5,43300.0,HE,Comparison Site,5,232000.0,Tue,11527.0,0
2023-12-13,>30 years,Gas,144.0,4,81700.0,BW,Organic,2,365000.0,Sun,12438.0,0
2023-11-22,10-30 years,District,128.0,5,48200.0,Other,Display,5,366000.0,Sun,16686.0,0
2023-12-04,10-30 years,Electric,132.0,5,65000.0,NW,Display,1,225000.0,Sat,21722.0,1
2024-12-07,10-30 years,Gas,204.0,7,30000.0,Other,Comparison Site,5,511000.0,Sat,,0
2024-03-28,10-30 years,Gas,179.0,8,48400.0,HE,Referral,2,519000.0,Mon,19903.0,0
2023-08-13,10-30 years,Gas,192.0,6,103400.0,BY,Display,4,503000.0,Thu,14913.0,0
2023-04-11,>30 years,Gas,219.0,8,83100.0,BW,Organic,2,493000.0,Thu,21104.0,0
2024-04-25,>30 years,Gas,155.0,8,53100.0,HE,Paid Social,2,414000.0,Fri,15776.0,0
2024-06-01,<10 years,Oil,160.0,6,62600.0,HE,Organic,2,439000.0,Sun,17309.0,0
2024-02-03,<10 years,Electric,163.0,7,80900.0,Other,Paid Social,7,450000.0,Sun,14682.0,0
2024-07-03,10-30 years,Gas,194.0,7,81700.0,BW,Organic,3,522000.0,Wed,19617.0,0
2023-01-20,>30 years,Gas,192.0,7,70900.0,Other,Comparison Site,2,460000.0,Thu,,0
2024-11-14,10-30 years,Gas,127.0,4,89700.0,NW,Paid Social,1,323000.0,Mon,17882.0,0
2024-12-06,>30 years,District,104.0,3,55900.0,HE,Organic,4,335000.0,Sun,12397.0,0
2024-09-21,>30 years,Gas,107.0,3,33300.0,HE,Organic,1,289000.0,Fri,19107.0,0
2024-06-26,10-30 years,Gas,152.0,7,40700.0,NW,Paid Social,2,361000.0,Sun,,0
2024-06-25,10-30 years,Gas,101.0,4,50100.0,BY,Organic,4,266000.0,Sat,22089.0,0
2024-10-17,>30 years,Oil,165.0,7,30000.0,BW,Paid Social,1,474000.0,Wed,13707.0,0
2024-02-10,10-30 years,Gas,65.0,3,38300.0,BY,Organic,1,140000.0,Thu,15364.0,0
2023-03-16,10-30 years,Electric,225.0,8,40600.0,BE,Referral,3,547000.0,Tue,,0
2024-01-27,10-30 years,Gas,95.0,4,35500.0,BE,Paid Social,2,269000.0,Thu,6995.0,0
2023-03-12,10-30 years,Gas,124.0,6,30900.0,BE,Referral,8,195000.0,Tue,17427.0,0
2023-10-04,10-30 years,Gas,127.0,6,119500.0,Other,Paid Social,3,280000.0,Thu,16971.0,0
2024-09-22,10-30 years,Electric,209.0,8,86700.0,NW,Referral,6,477000.0,Fri,18786.0,0
2024-02-07,10-30 years,Gas,150.0,4,53800.0,Other,Paid Social,3,397000.0,Mon,15904.0,0
2024-04-03,>30 years,Electric,107.0,4,64100.0,BE,Display,6,285000.0,Mon,15674.0,0
2024-04-19,10-30 years,Gas,147.0,5,50700.0,Other,Display,7,448000.0,Thu,17243.0,0
2023-08-27,10-30 years,Gas,152.0,5,50400.0,BE,Display,3,345000.0,Mon,,0
2023-08-14,10-30 years,Electric,165.0,5,86300.0,BY,Organic,5,431000.0,Wed,,0
2023-05-28,>30 years,Gas,106.0,4,65400.0,BE,Paid Social,2,177000.0,Mon,20947.0,0
2023-02-15,10-30 years,Gas,185.0,8,39700.0,NW,Referral,3,418000.0,Sat,18628.0,1
2023-05-04,<10 years,Gas,155.0,7,94600.0,BY,Comparison Site,3,324000.0,Thu,22897.0,0
2024-01-16,10-30 years,Gas,209.0,8,71000.0,BY,Display,1,501000.0,Tue,14579.0,0
2023-10-07,10-30 years,Gas,143.0,5,85500.0,Other,Comparison Site,3,425000.0,Mon,16567.0,0
2023-11-22,10-30 years,Gas,147.0,6,64600.0,NW,Organic,7,263000.0,Sat,17819.0,0
2024-11-12,<10 years,Gas,143.0,4,61800.0,NW,Organic,7,384000.0,Mon,18891.0,0
2023-04-26,<10 years,Gas,200.0,8,56800.0,BW,Paid Social,1,437000.0,Sun,,0
2023-02-01,>30 years,Oil,177.0,6,73900.0,BY,Display,1,463000.0,Thu,12535.0,0
2024-11-23,10-30 years,Gas,121.0,3,37300.0,Other,Paid Social,5,329000.0,Tue,12826.0,0
2024-02-06,>30 years,Oil,257.0,8,74300.0,NW,Display,5,698000.0,Wed,,0
2023-01-22,10-30 years,Gas,124.0,4,31800.0,NW,Display,1,353000.0,Thu,,0
2024-07-05,10-30 years,Oil,129.0,2,46800.0,BW,Display,2,354000.0,Wed,17628.0,0
2024-10-01,>30 years,Oil,189.0,6,106800.0,BY,Referral,6,507000.0,Thu,,0
2024-11-22,<10 years,Oil,144.0,6,38700.0,BW,Organic,3,445000.0,Fri,14500.0,0
2024-01-09,10-30 years,Oil,107.0,3,47700.0,BY,Organic,2,209000.0,Sat,22200.0,0
2023-01-23,<10 years,Gas,199.0,8,48700.0,NW,Organic,3,492000.0,Sat,12591.0,0
2023-03-21,10-30 years,Gas,230.0,8,43400.0,BW,Comparison Site,7,600000.0,Tue,7791.0,0
2023-09-07,<10 years,Oil,109.0,3,54400.0,Other,Display,5,268000.0,Sat,20313.0,0
2023-01-18,<10 years,Gas,199.0,8,63500.0,HE,Organic,1,549000.0,Tue,,0
2024-02-18,>30 years,Gas,130.0,5,105200.0,Other,Paid Social,5,396000.0,Tue,18311.0,0
2023-10-26,10-30 years,Gas,67.0,2,90400.0,NW,Organic,5,129000.0,Mon,25068.0,0
2023-11-26,>30 years,Gas,176.0,8,75700.0,BY,Display,6,512000.0,Mon,7042.0,0
2024-11-18,10-30 years,Oil,75.0,2,56800.0,HE,Comparison Site,1,202000.0,Sat,12420.0,0
2024-04-24,10-30 years,Gas,121.0,4,45100.0,BW,Display,1,268000.0,Mon,,0
2024-02-06,<10 years,Gas,139.0,4,75200.0,BW,Display,4,418000.0,Fri,18846.0,0
2023-11-25,10-30 years,District,149.0,8,70600.0,BE,Comparison Site,5,403000.0,Sun,22941.0,0
2023-05-16,10-30 years,Gas,194.0,7,73000.0,Other,Paid Social,4,402000.0,Mon,19966.0,0
2024-08-28,<10 years,Gas,125.0,5,51300.0,BY,Display,4,227000.0,Tue,5000.0,0
2023-02-23,>30 years,Electric,206.0,8,63400.0,Other,Comparison Site,4,517000.0,Wed,15330.0,0
2024-08-13,10-30 years,Gas,146.0,5,65500.0,NW,Display,2,364000.0,Fri,,0
2023-01-23,10-30 years,District,107.0,2,47200.0,NW,Paid Social,4,353000.0,Tue,,0
2024-11-27,10-30 years,Gas,174.0,7,93600.0,Other,Display,1,487000.0,Tue,,0
2023-08-26,>30 years,Gas,222.0,8,31700.0,HE,Referral,2,614000.0,Thu,20902.0,0
2023-09-27,<10 years,Gas,132.0,5,45900.0,Other,Organic,1,364000.0,Sat,7707.0,0
2024-02-10,10-30 years,Oil,108.0,3,42100.0,Other,Paid Social,1,338000.0,Mon,21465.0,0
2024-03-03,10-30 years,District,127.0,4,51400.0,HE,Organic,3,358000.0,Fri,,0
2023-05-06,<10 years,Electric,81.0,2,47800.0,BE,Referral,4,166000.0,Mon,,0
2024-12-03,10-30 years,Oil,162.0,6,47500.0,BE,Comparison Site,3,394000.0,Tue,13123.0,0
2024-03-26,10-30 years,Gas,88.0,4,82700.0,NW,Paid Social,3,208000.0,Wed,7292.0,0
2023-06-19,<10 years,Electric,176.0,5,65700.0,BY,Organic,8,434000.0,Thu,19250.0,0
2023-01-08,<10 years,Electric,139.0,5,42900.0,BY,Organic,2,319000.0,Mon,,0
2024-07-03,>30 years,Gas,178.0,4,73800.0,NW,Organic,1,448000.0,Thu,12488.0,0
2023-02-14,<10 years,Electric,139.0,5,71300.0,HE,Paid Social,4,357000.0,Sat,18715.0,0
2023-01-07,10-30 years,Electric,169.0,7,30000.0,BY,Paid Social,5,389000.0,Tue,16427.0,0
2023-11-02,<10 years,Oil,110.0,3,49600.0,BY,Comparison Site,2,212000.0,Fri,6741.0,0
2023-12-17,<10 years,Gas,161.0,6,76500.0,BW,Referral,1,487000.0,Sun,16887.0,0
2023-06-10,10-30 years,District,124.0,5,69600.0,BY,Paid Social,2,267000.0,Tue,14999.0,0
2024-08-08,10-30 years,Gas,174.0,8,76100.0,HE,Organic,6,420000.0,Sat,17351.0,0
2024-06-18,10-30 years,Oil,144.0,5,43100.0,BW,Paid Social,4,444000.0,Sat,,0
2024-12-28,<10 years,Gas,194.0,7,70000.0,BW,Organic,2,511000.0,Sat,15632.0,0
2023-10-14,>30 years,District,140.0,7,30000.0,BW,Display,2,378000.0,Fri,10493.0,0
2023-02-23,10-30 years,Gas,120.0,5,55200.0,Other,Referral,4,315000.0,Sat,,0
2023-10-05,<10 years,Oil,155.0,6,119700.0,BW,Paid Social,2,371000.0,Tue,20005.0,0
2023-01-13,10-30 years,Gas,244.0,8,85100.0,NW,Paid Social,6,639000.0,Wed,14612.0,0
2023-08-18,<10 years,Oil,193.0,7,64500.0,BE,Comparison Site,3,471000.0,Sun,,0
2024-01-25,10-30 years,District,118.0,4,47800.0,BY,Paid Social,3,294000.0,Mon,18132.0,0
2024-09-27,10-30 years,District,150.0,7,98600.0,Other,Organic,5,411000.0,Mon,21181.0,0
2024-07-08,<10 years,Gas,123.0,4,59700.0,BW,Organic,7,321000.0,Fri,23888.0,1
2024-01-01,<10 years,Gas,115.0,7,51000.0,Other,Referral,4,452000.0,Fri,6236.0,0
2024-02-02,10-30 years,Gas,151.0,6,102500.0,NW,Organic,1,355000.0,Fri,16028.0,0
2024-12-08,>30 years,Gas,140.0,5,61400.0,NW,Comparison Site,7,351000.0,Thu,6116.0,0
2023-10-16,<10 years,Electric,108.0,4,69000.0,NW,Comparison Site,3,302000.0,Sun,6729.0,0
2023-05-13,<10 years,Oil,124.0,5,33800.0,Other,Referral,6,319000.0,Sun,18734.0,0
2024-01-22,10-30 years,Gas,152.0,7,49100.0,HE,Paid Social,7,355000.0,Wed,9837.0,0
2024-11-02,10-30 years,Gas,127.0,4,80100.0,Other,Paid Social,4,298000.0,Tue,,0
2023-08-18,<10 years,Oil,149.0,5,58500.0,BW,Comparison Site,5,363000.0,Mon,19004.0,1
2023-12-15,10-30 years,Gas,122.0,5,57200.0,Other,Organic,5,311000.0,Sun,17132.0,0
2023-03-25,10-30 years,Gas,169.0,4,38800.0,BY,Paid Social,3,508000.0,Wed,17617.0,0
2023-11-03,<10 years,Gas,123.0,4,85200.0,NW,Paid Social,5,302000.0,Sat,5433.0,0
2024-03-14,10-30 years,Gas,175.0,6,51700.0,BW,Paid Social,4,474000.0,Fri,14268.0,1
2024-11-12,<10 years,Gas,138.0,6,65800.0,Other,Referral,5,404000.0,Sun,14033.0,0
2023-05-19,10-30 years,District,64.0,2,103600.0,HE,Display,5,177000.0,Sat,18754.0,0
2024-12-23,>30 years,Gas,139.0,6,119400.0,BW,Comparison Site,2,393000.0,Wed,13232.0,0
2024-11-18,10-30 years,Electric,170.0,6,43600.0,NW,Organic,4,408000.0,Wed,15085.0,0
2024-10-28,10-30 years,Oil,128.0,4,53100.0,NW,Referral,5,324000.0,Sat,7737.0,1
2024-08-19,10-30 years,Oil,142.0,5,75600.0,BW,Paid Social,5,329000.0,Tue,9918.0,0
2023-11-17,10-30 years,Gas,175.0,6,45700.0,NW,Display,1,364000.0,Fri,22188.0,0
2023-10-02,>30 years,Gas,211.0,8,89200.0,BY,Display,1,532000.0,Wed,11770.0,0
2024-05-16,10-30 years,Gas,196.0,7,77900.0,Other,Organic,3,440000.0,Thu,,0
2024-05-23,10-30 years,Oil,154.0,8,76600.0,Other,Display,2,437000.0,Sat,15142.0,0
2024-12-16,10-30 years,Oil,172.0,7,55000.0,BY,Paid Social,4,470000.0,Sun,13582.0,0
2023-10-28,10-30 years,District,154.0,6,61800.0,Other,Organic,9,363000.0,Tue,,0
2023-02-12,10-30 years,Gas,90.0,4,73500.0,BE,Paid Social,1,217000.0,Thu,,0
2024-12-21,<10 years,Gas,201.0,8,64800.0,NW,Referral,5,537000.0,Thu,7823.0,0
2023-12-25,10-30 years,Gas,203.0,7,32800.0,NW,Paid Social,3,453000.0,Sun,15067.0,0
2023-02-23,10-30 years,Gas,83.0,4,103100.0,Other,Paid Social,3,280000.0,Mon,15167.0,0
2023-10-11,10-30 years,Gas,135.0,5,63500.0,NW,Organic,3,346000.0,Sat,15407.0,0
2023-05-13,>30 years,Electric,211.0,8,60300.0,NW,Paid Social,1,560000.0,Sun,19660.0,0
2023-04-15,10-30 years,Gas,159.0,6,97800.0,BE,Comparison Site,3,446000.0,Wed,8404.0,0
2023-09-07,<10 years,Electric,110.0,3,57600.0,Other,Comparison Site,3,330000.0,Thu,19170.0,0
2024-04-12,>30 years,Gas,199.0,5,40000.0,NW,Referral,5,499000.0,Wed,,0
2024-01-15,>30 years,Gas,155.0,5,53000.0,Other,Paid Social,4,340000.0,Sat,11765.0,0
2024-03-07,10-30 years,Oil,202.0,8,97500.0,BY,Organic,5,496000.0,Thu,11497.0,0
2024-01-27,<10 years,Gas,153.0,6,40800.0,NW,Comparison Site,3,343000.0,Fri,11157.0,0
2023-04-21,10-30 years,District,64.0,3,30000.0,BY,Paid Social,4,230000.0,Fri,10856.0,0
2024-05-21,<10 years,Electric,222.0,8,47500.0,HE,Referral,3,535000.0,Fri,16778.0,0
2023-07-13,>30 years,Oil,106.0,6,71800.0,Other,Paid Social,3,307000.0,Wed,15042.0,0
2023-06-20,>30 years,District,133.0,6,95700.0,BE,Referral,6,249000.0,Thu,14969.0,0
2023-12-28,10-30 years,Gas,198.0,8,65100.0,NW,Organic,3,570000.0,Sat,20169.0,0
2023-10-02,>30 years,Gas,241.0,8,51700.0,Other,Referral,3,579000.0,Wed,,0
2024-04-09,10-30 years,Electric,147.0,5,33900.0,BW,Referral,4,366000.0,Tue,15599.0,0
2024-12-06,>30 years,Gas,164.0,6,48400.0,BY,Organic,1,361000.0,Mon,,0
2024-01-14,>30 years,Gas,103.0,3,30000.0,Other,Display,2,250000.0,Mon,14736.0,0
2023-12-23,<10 years,Gas,139.0,5,92200.0,HE,Organic,1,299000.0,Mon,6889.0,0
2023-06-24,<10 years,Gas,194.0,7,39000.0,BW,Paid Social,2,473000.0,Tue,15787.0,0
2024-09-17,10-30 years,Oil,162.0,8,43800.0,NW,Paid Social,2,440000.0,Thu,22559.0,0
2023-05-13,>30 years,Gas,219.0,8,36100.0,BW,Organic,4,563000.0,Wed,14623.0,1
2023-12-04,>30 years,Gas,94.0,5,56100.0,HE,Paid Social,1,232000.0,Fri,14755.0,0
2024-01-28,10-30 years,Gas,92.0,3,67100.0,HE,Display,4,259000.0,Sat,16549.0,0
2024-08-25,<10 years,Gas,123.0,3,92700.0,BY,Display,2,290000.0,Sun,16155.0,0
2023-09-19,<10 years,Electric,125.0,4,58200.0,Other,Paid Social,1,340000.0,Tue,11581.0,0
2024-05-16,>30 years,Oil,188.0,6,45000.0,Other,Organic,6,459000.0,Sat,,0
2024-12-01,10-30 years,Gas,134.0,6,88100.0,NW,Organic,5,374000.0,Wed,,0
2024-02-02,10-30 years,Gas,103.0,3,68800.0,NW,Referral,3,330000.0,Sun,17605.0,0
2024-02-23,10-30 years,Gas,166.0,7,59000.0,BW,Display,4,406000.0,Thu,13109.0,0
2024-03-13,>30 years,Gas,119.0,4,50700.0,BE,Display,4,311000.0,Tue,22509.0,0
2024-08-06,>30 years,Oil,106.0,4,41400.0,BY,Organic,5,245000.0,Fri,14248.0,0
2023-11-11,10-30 years,Gas,192.0,8,76800.0,NW,Paid Social,4,495000.0,Wed,6313.0,0
2024-10-10,10-30 years,Gas,202.0,7,58500.0,NW,Comparison Site,2,550000.0,Sun,20943.0,0
2024-10-18,10-30 years,Oil,189.0,5,32500.0,Other,Display,1,558000.0,Tue,5000.0,0
2023-01-09,>30 years,Oil,117.0,5,54300.0,Other,Referral,4,331000.0,Tue,11402.0,0
2023-01-08,10-30 years,Oil,126.0,5,86700.0,Other,Paid Social,3,291000.0,Sat,15159.0,0
2024-03-26,10-30 years,Oil,172.0,5,148000.0,Other,Display,1,432000.0,Wed,,0
2023-03-15,10-30 years,Gas,180.0,7,54000.0,NW,Display,5,474000.0,Wed,,0
2023-08-05,10-30 years,Gas,141.0,5,81700.0,Other,Organic,4,329000.0,Fri,12775.0,0
2024-09-15,<10 years,Oil,198.0,7,51000.0,Other,Organic,1,489000.0,Fri,8225.0,0
2024-12-13,10-30 years,Gas,68.0,3,62500.0,NW,Organic,2,117000.0,Wed,,0
2023-12-10,10-30 years,Gas,127.0,7,68200.0,Other,Organic,1,308000.0,Sun,10782.0,0
2023-03-08,10-30 years,Electric,239.0,8,105200.0,Other,Display,2,575000.0,Sat,20170.0,0
2024-01-14,<10 years,Oil,149.0,5,93900.0,BY,Comparison Site,4,474000.0,Mon,16213.0,0
2023-12-21,<10 years,Gas,131.0,6,76700.0,Other,Referral,4,324000.0,Tue,,0
2023-02-10,10-30 years,Gas,169.0,4,43200.0,BY,Display,4,426000.0,Wed,,0
2024-02-13,10-30 years,Oil,112.0,5,73200.0,Other,Referral,9,307000.0,Wed,11735.0,0
2024-04-28,10-30 years,Gas,60.0,2,109500.0,Other,Comparison Site,9,111000.0,Mon,8761.0,0
2024-01-07,>30 years,Gas,270.0,8,75000.0,Other,Paid Social,2,659000.0,Tue,5078.0,0
2023-10-28,<10 years,Oil,116.0,4,79200.0,NW,Organic,3,269000.0,Tue,18613.0,0
2023-09-07,10-30 years,Gas,159.0,6,63500.0,BY,Referral,5,348000.0,Tue,17302.0,0
2024-12-14,10-30 years,Gas,157.0,7,52800.0,BY,Paid Social,2,338000.0,Tue,10992.0,0
2023-11-23,>30 years,Gas,170.0,8,74200.0,NW,Comparison Site,2,383000.0,Fri,17742.0,0
2024-10-18,10-30 years,Electric,118.0,3,55100.0,BY,Comparison Site,9,233000.0,Sat,19607.0,0
2023-05-17,10-30 years,Electric,60.0,2,32000.0,Other,Comparison Site,3,191000.0,Tue,,0
2024-10-13,10-30 years,Electric,124.0,4,102900.0,BY,Referral,1,239000.0,Tue,17133.0,0
2023-08-10,10-30 years,Gas,151.0,3,78300.0,BE,Display,2,363000.0,Mon,,0
2023-07-26,>30 years,Electric,154.0,5,30000.0,HE,Referral,6,501000.0,Fri,20160.0,0
2024-05-22,10-30 years,Electric,213.0,7,30000.0,BW,Organic,5,408000.0,Mon,,0
2024-10-19,>30 years,Gas,139.0,4,55500.0,BY,Organic,3,413000.0,Sun,12105.0,0
2024-05-19,10-30 years,Gas,158.0,7,76500.0,Other,Paid Social,6,405000.0,Fri,5000.0,0
2024-02-16,>30 years,Oil,118.0,5,47100.0,Other,Display,4,257000.0,Mon,15747.0,0
2023-12-04,10-30 years,District,126.0,6,41800.0,HE,Referral,2,305000.0,Wed,17377.0,0
2023-10-23,>30 years,District,230.0,7,56400.0,BW,Organic,2,505000.0,Sat,14796.0,0
2023-11-17,10-30 years,Gas,121.0,3,56400.0,BW,Organic,3,239000.0,Fri,10338.0,0
2024-12-07,10-30 years,District,135.0,5,54500.0,BE,Comparison Site,4,388000.0,Fri,,0
2024-04-25,10-30 years,Gas,193.0,8,37700.0,Other,Organic,2,498000.0,Thu,14307.0,0
2023-07-08,>30 years,Gas,226.0,8,64100.0,Other,Display,2,564000.0,Wed,18999.0,0
2024-03-28,10-30 years,District,182.0,8,60100.0,BY,Organic,2,558000.0,Wed,19836.0,0
2023-11-10,10-30 years,Electric,183.0,7,32900.0,HE,Comparison Site,3,468000.0,Thu,11913.0,0
2023-03-13,<10 years,Oil,100.0,5,72500.0,NW,Display,7,245000.0,Mon,,0
2024-11-02,>30 years,Electric,171.0,6,51500.0,BW,Organic,1,405000.0,Mon,5066.0,0
2024-02-24,10-30 years,Oil,138.0,5,43600.0,NW,Organic,4,379000.0,Sun,11385.0,0
2023-12-25,10-30 years,Gas,169.0,5,64200.0,NW,Comparison Site,5,440000.0,Fri,,0
2023-07-24,>30 years,District,139.0,5,52900.0,NW,Referral,5,342000.0,Sat,14787.0,0
2024-07-19,>30 years,District,127.0,5,51700.0,BY,Organic,2,279000.0,Mon,,0
2023-04-03,10-30 years,Gas,92.0,4,43100.0,HE,Paid Social,2,250000.0,Thu,18854.0,0
2023-11-14,>30 years,Gas,147.0,5,66700.0,HE,Paid Social,7,384000.0,Tue,,0
2024-12-21,10-30 years,Gas,157.0,5,96600.0,NW,Paid Social,2,355000.0,Wed,28014.0,0
2024-09-27,<10 years,Electric,66.0,4,58100.0,NW,Organic,4,221000.0,Sat,,0
2024-11-16,>30 years,Electric,125.0,6,45800.0,BE,Referral,4,241000.0,Mon,19386.0,0
2023-11-07,>30 years,District,139.0,5,84700.0,BW,Paid Social,1,435000.0,Thu,12439.0,0
2024-12-08,10-30 years,Gas,173.0,6,61700.0,Other,Organic,6,467000.0,Sat,14390.0,1
2023-09-03,<10 years,Oil,126.0,5,34300.0,Other,Paid Social,4,310000.0,Thu,9258.0,0
2024-09-13,10-30 years,Electric,175.0,6,65200.0,BW,Display,3,399000.0,Thu,7920.0,0
2023-11-01,>30 years,Gas,161.0,4,45600.0,BE,Display,1,392000.0,Fri,5000.0,0
2024-02-07,>30 years,Oil,185.0,8,81500.0,BY,Organic,1,406000.0,Sun,21679.0,0
2023-02-27,10-30 years,Oil,129.0,7,30000.0,NW,Paid Social,4,283000.0,Wed,14022.0,0
2024-10-01,>30 years,Oil,139.0,6,57100.0,BY,Paid Social,1,323000.0,Sun,,0
2023-05-05,10-30 years,Oil,173.0,8,93600.0,BY,Organic,1,440000.0,Sat,15610.0,0
2023-03-17,10-30 years,Electric,109.0,5,52000.0,NW,Organic,3,257000.0,Mon,20371.0,0
2024-11-16,<10 years,Gas,147.0,8,56700.0,NW,Comparison Site,3,471000.0,Thu,17232.0,0
2024-12-15,10-30 years,Gas,190.0,6,44700.0,NW,Paid Social,1,387000.0,Sat,,0
2023-05-14,10-30 years,Electric,123.0,2,55600.0,Other,Display,1,360000.0,Mon,,0
2024-10-17,>30 years,Gas,163.0,4,34100.0,Other,Organic,2,486000.0,Wed,14848.0,0
2024-10-23,10-30 years,Gas,150.0,5,36600.0,BW,Comparison Site,2,420000.0,Thu,17455.0,0
2024-05-14,10-30 years,Gas,209.0,7,35700.0,BE,Comparison Site,4,517000.0,Mon,16837.0,0
2023-01-06,>30 years,Gas,153.0,6,105700.0,HE,Referral,3,387000.0,Mon,,0
2023-10-04,10-30 years,Electric,171.0,7,32900.0,NW,Paid Social,6,414000.0,Thu,11777.0,0
2024-03-03,10-30 years,Oil,143.0,7,43300.0,BE,Paid Social,4,455000.0,Sat,,0
2024-12-09,10-30 years,Oil,129.0,4,32200.0,Other,Referral,3,309000.0,Mon,11727.0,0
2023-11-20,>30 years,Oil,159.0,6,109700.0,HE,Referral,4,404000.0,Wed,,0
2024-02-02,10-30 years,Gas,127.0,6,48600.0,BE,Comparison Site,4,305000.0,Wed,15673.0,0
2023-03-14,<10 years,Gas,191.0,7,33800.0,BW,Organic,3,417000.0,Tue,13594.0,0
2024-02-18,10-30 years,Electric,197.0,8,44400.0,BE,Display,5,504000.0,Sat,21665.0,0
2023-06-23,>30 years,Gas,153.0,5,41000.0,Other,Display,3,327000.0,Fri,10832.0,0
2024-01-25,<10 years,Gas,132.0,4,86100.0,Other,Paid Social,4,286000.0,Sat,13007.0,0
2024-01-27,10-30 years,Oil,159.0,5,54700.0,NW,Organic,5,456000.0,Wed,,0
2024-06-05,10-30 years,Gas,99.0,4,37400.0,Other,Organic,4,235000.0,Fri,22375.0,0
2023-11-20,<10 years,Gas,120.0,5,105900.0,HE,Referral,5,352000.0,Wed,11749.0,0
2023-05-22,10-30 years,Gas,106.0,4,74800.0,BW,Paid Social,4,196000.0,Tue,,0
2024-12-18,>30 years,District,120.0,5,42000.0,Other,Referral,2,359000.0,Mon,21537.0,0
2023-10-11,<10 years,Gas,125.0,4,70100.0,HE,Organic,2,316000.0,Mon,6510.0,0
2024-03-23,>30 years,Gas,99.0,5,32300.0,BW,Organic,4,203000.0,Sun,20150.0,0
2024-12-07,>30 years,Electric,139.0,6,30000.0,HE,Paid Social,3,336000.0,Thu,20880.0,0
2023-10-17,10-30 years,Electric,142.0,5,37700.0,BE,Display,1,334000.0,Thu,12766.0,0
2024-11-05,10-30 years,Oil,173.0,6,81200.0,BY,Display,6,465000.0,Sun,18960.0,0
2023-01-19,>30 years,Gas,154.0,7,108600.0,BE,Organic,7,476000.0,Tue,,0
2023-08-09,>30 years,Gas,206.0,8,38800.0,Other,Comparison Site,2,422000.0,Fri,,0
2023-11-02,<10 years,Gas,174.0,7,60900.0,BY,Comparison Site,1,357000.0,Thu,19114.0,0
2024-08-22,10-30 years,Oil,244.0,8,118100.0,NW,Organic,2,701000.0,Sat,16811.0,0
2023-03-02,10-30 years,Oil,104.0,3,81000.0,NW,Paid Social,3,307000.0,Sat,14557.0,0
2024-10-27,10-30 years,Gas,190.0,7,47500.0,NW,Organic,4,522000.0,Mon,13556.0,0
2023-11-07,10-30 years,Oil,87.0,4,86200.0,Other,Comparison Site,1,168000.0,Thu,20018.0,0
2024-03-01,>30 years,Oil,192.0,8,85600.0,Other,Paid Social,6,546000.0,Sun,15545.0,0
2023-03-18,10-30 years,District,165.0,6,42700.0,BW,Comparison Site,3,407000.0,Mon,17150.0,0
2024-04-01,>30 years,Oil,141.0,5,30000.0,BW,Paid Social,6,360000.0,Sat,16412.0,0
2024-03-23,10-30 years,Oil,158.0,5,43000.0,NW,Display,3,386000.0,Sun,,0
2024-12-16,<10 years,Electric,130.0,6,54600.0,NW,Comparison Site,3,282000.0,Sat,14175.0,1
2024-01-10,>30 years,Gas,127.0,3,37200.0,BW,Display,3,334000.0,Sun,12849.0,0
2024-01-13,10-30 years,Gas,168.0,6,51500.0,BE,Organic,1,489000.0,Sun,11210.0,0
2023-11-13,10-30 years,Electric,85.0,3,118900.0,HE,Referral,3,214000.0,Fri,12685.0,0
2023-06-07,10-30 years,Gas,163.0,5,70800.0,BY,Comparison Site,3,425000.0,Tue,12755.0,0
2024-07-15,10-30 years,Gas,145.0,6,37500.0,NW,Organic,3,414000.0,Sun,15630.0,0
2024-11-19,10-30 years,Electric,137.0,5,37100.0,NW,Paid Social,3,384000.0,Tue,10573.0,0
2024-11-26,>30 years,Oil,130.0,5,86500.0,BW,Comparison Site,4,446000.0,Fri,16383.0,0
2024-12-24,>30 years,Electric,159.0,5,56000.0,BY,Display,4,356000.0,Mon,15140.0,0
2024-12-08,10-30 years,Electric,191.0,7,71300.0,HE,Organic,1,470000.0,Thu,,0
2024-03-01,>30 years,Gas,239.0,8,68800.0,NW,Referral,3,602000.0,Sat,5000.0,0
2024-12-20,<10 years,Oil,195.0,7,58300.0,HE,Paid Social,2,429000.0,Mon,,0
2024-01-21,<10 years,District,183.0,8,155500.0,Other,Referral,3,497000.0,Sat,16089.0,0
2023-04-27,<10 years,Gas,118.0,4,50200.0,Other,Referral,5,330000.0,Sun,,0
2024-05-19,10-30 years,Oil,126.0,3,35600.0,Other,Display,3,445000.0,Wed,13002.0,0
2024-11-20,<10 years,Oil,150.0,5,63900.0,HE,Organic,4,359000.0,Sun,,0
2023-01-08,10-30 years,Gas,168.0,7,59300.0,BW,Display,2,428000.0,Thu,5000.0,0
2024-12-17,10-30 years,Gas,132.0,6,69000.0,BW,Referral,2,289000.0,Mon,23828.0,1
2023-08-07,10-30 years,Gas,197.0,8,50100.0,BE,Referral,3,518000.0,Wed,,0
2023-05-25,>30 years,Gas,123.0,4,50700.0,NW,Organic,4,370000.0,Thu,10682.0,0
2023-02-22,>30 years,Oil,100.0,3,100500.0,NW,Paid Social,9,204000.0,Wed,20202.0,0
2023-12-19,10-30 years,District,191.0,7,87700.0,BE,Paid Social,1,484000.0,Sun,5000.0,0
2023-08-01,10-30 years,Gas,159.0,5,54500.0,NW,Paid Social,3,375000.0,Wed,,0
2023-04-18,>30 years,Gas,139.0,5,69000.0,Other,Paid Social,4,342000.0,Fri,12499.0,1
2024-12-06,>30 years,Oil,95.0,2,71400.0,NW,Organic,1,241000.0,Sun,21422.0,0
2024-10-15,>30 years,District,189.0,7,58400.0,BW,Comparison Site,4,509000.0,Thu,,0
2024-12-03,<10 years,Oil,245.0,8,35400.0,Other,Referral,1,583000.0,Sun,24074.0,0
2024-03-25,10-30 years,Electric,170.0,5,30000.0,NW,Paid Social,2,413000.0,Thu,10852.0,0
2023-01-18,10-30 years,Oil,125.0,4,78900.0,NW,Comparison Site,3,301000.0,Sun,16107.0,0
2023-01-21,10-30 years,Oil,160.0,5,51200.0,Other,Paid Social,4,376000.0,Sun,,0
2023-01-01,10-30 years,Gas,173.0,5,104600.0,Other,Organic,3,538000.0,Wed,16863.0,0
2023-06-21,>30 years,Gas,170.0,6,34400.0,BW,Paid Social,3,545000.0,Wed,,0
2023-02-27,>30 years,Gas,117.0,2,71100.0,Other,Organic,4,356000.0,Mon,11625.0,0
2024-06-26,<10 years,Gas,130.0,4,37400.0,NW,Comparison Site,4,392000.0,Sat,16963.0,0
2024-01-04,10-30 years,Gas,120.0,6,64500.0,BE,Organic,4,296000.0,Wed,14024.0,0
2023-07-17,10-30 years,Oil,165.0,8,47000.0,BW,Paid Social,4,500000.0,Fri,,0
2024-11-07,<10 years,Gas,147.0,7,30000.0,BE,Display,5,386000.0,Thu,10576.0,0
2023-09-12,<10 years,Gas,196.0,7,79400.0,BY,Organic,1,508000.0,Wed,5527.0,0
2024-12-13,>30 years,Oil,160.0,8,70800.0,BW,Organic,5,377000.0,Wed,5000.0,1
2023-10-16,10-30 years,Gas,178.0,7,73000.0,BW,Paid Social,3,426000.0,Wed,,0
2024-09-02,>30 years,Gas,139.0,5,99800.0,BY,Referral,3,325000.0,Wed,8869.0,0
2023-02-17,>30 years,District,78.0,2,81700.0,Other,Display,3,157000.0,Thu,11185.0,0
2024-11-22,>30 years,Gas,204.0,7,51200.0,BW,Display,5,509000.0,Thu,11342.0,0
2024-05-01,<10 years,Gas,155.0,5,135100.0,NW,Organic,1,392000.0,Tue,11619.0,0
2024-01-26,<10 years,Gas,167.0,6,75900.0,HE,Referral,4,381000.0,Mon,10220.0,0
2023-11-06,10-30 years,Electric,183.0,7,40200.0,BY,Display,4,407000.0,Mon,,0
2024-02-23,<10 years,Oil,160.0,6,53400.0,Other,Paid Social,1,396000.0,Wed,,0
2024-02-15,10-30 years,Gas,76.0,2,46300.0,NW,Display,3,202000.0,Mon,22381.0,0
2023-12-01,>30 years,Oil,136.0,6,127300.0,BE,Paid Social,4,265000.0,Thu,10150.0,0
2024-10-23,>30 years,Gas,131.0,6,87700.0,NW,Organic,3,247000.0,Wed,5000.0,0
2023-01-05,>30 years,Gas,132.0,4,66800.0,BY,Referral,6,324000.0,Thu,9547.0,1
2023-07-26,10-30 years,Oil,142.0,4,51200.0,NW,Organic,2,356000.0,Sun,11084.0,0
2023-07-06,10-30 years,Gas,152.0,7,132600.0,BY,Display,1,474000.0,Tue,5000.0,0
2023-06-26,10-30 years,Gas,227.0,8,97900.0,Other,Paid Social,1,483000.0,Sun,25674.0,0
2023-09-23,10-30 years,Gas,171.0,7,50100.0,BW,Paid Social,3,415000.0,Fri,11714.0,0
2023-02-09,>30 years,District,179.0,7,62300.0,Other,Paid Social,5,409000.0,Tue,,0
2024-12-03,<10 years,District,131.0,6,74400.0,NW,Organic,2,316000.0,Sat,9874.0,0
2023-09-18,10-30 years,Oil,209.0,8,43800.0,HE,Display,7,552000.0,Sun,13636.0,0
2023-01-01,>30 years,Electric,155.0,5,44200.0,Other,Referral,5,423000.0,Wed,11665.0,0
2023-04-06,<10 years,Oil,149.0,6,134500.0,NW,Paid Social,4,295000.0,Sun,12429.0,0
2024-09-26,>30 years,Electric,78.0,2,58500.0,BW,Organic,1,193000.0,Sun,16809.0,0
2024-10-21,<10 years,Gas,178.0,6,52600.0,HE,Organic,1,486000.0,Mon,5000.0,0
2024-03-01,>30 years,Oil,187.0,6,83200.0,BW,Display,3,411000.0,Mon,23877.0,0
2024-12-15,10-30 years,Electric,186.0,7,39300.0,Other,Organic,6,423000.0,Mon,,0
2024-08-12,<10 years,District,94.0,4,60200.0,HE,Paid Social,5,176000.0,Thu,13318.0,0
2024-08-15,<10 years,Gas,188.0,7,101300.0,HE,Display,5,390000.0,Thu,16767.0,0
2024-11-17,>30 years,Gas,138.0,6,32200.0,BW,Display,4,340000.0,Wed,25009.0,0
2024-06-18,>30 years,District,100.0,5,46000.0,Other,Paid Social,4,203000.0,Fri,20560.0,0
2024-02-04,10-30 years,Oil,236.0,8,54400.0,BW,Display,4,543000.0,Sat,,0
2023-12-15,>30 years,District,211.0,8,44200.0,BY,Comparison Site,6,551000.0,Sat,9807.0,0
2024-10-22,>30 years,Electric,176.0,8,95100.0,Other,Organic,4,395000.0,Sat,,0
2023-10-01,<10 years,Electric,171.0,6,98300.0,BW,Display,3,478000.0,Sat,,0
2024-01-05,10-30 years,Gas,213.0,8,71800.0,BE,Paid Social,5,502000.0,Thu,9056.0,0
2023-03-06,10-30 years,Gas,131.0,4,57900.0,BW,Organic,1,367000.0,Thu,11652.0,0
2024-01-08,10-30 years,Oil,249.0,8,113100.0,BE,Organic,1,577000.0,Thu,20280.0,0
2024-03-17,<10 years,Electric,152.0,6,50700.0,Other,Display,5,392000.0,Fri,,0
2024-12-02,10-30 years,Oil,190.0,6,63200.0,NW,Organic,6,557000.0,Wed,9808.0,1
2023-07-24,10-30 years,Gas,172.0,6,66000.0,NW,Comparison Site,3,365000.0,Tue,10075.0,0
2023-04-17,10-30 years,Electric,110.0,5,49800.0,Other,Paid Social,2,291000.0,Sun,18783.0,0
2024-08-08,10-30 years,Oil,151.0,6,55400.0,BW,Paid Social,3,413000.0,Mon,,0
2024-10-21,>30 years,District,209.0,6,38700.0,NW,Display,6,579000.0,Sat,18602.0,0
2024-12-24,<10 years,Gas,119.0,3,94600.0,BE,Organic,6,275000.0,Thu,13024.0,0
2024-08-18,>30 years,Gas,204.0,7,30000.0,BE,Organic,3,465000.0,Fri,12502.0,0
2023-02-05,10-30 years,Gas,177.0,5,61500.0,NW,Paid Social,5,479000.0,Mon,15747.0,0
2024-04-09,<10 years,Gas,98.0,3,44900.0,Other,Organic,3,161000.0,Fri,30743.0,0
2024-10-04,>30 years,District,150.0,8,56200.0,Other,Organic,1,294000.0,Sun,6328.0,0
2024-07-24,10-30 years,Gas,148.0,5,30000.0,Other,Display,4,363000.0,Tue,12382.0,0
2023-08-12,10-30 years,District,109.0,4,92300.0,BY,Paid Social,5,321000.0,Mon,10892.0,0
2023-04-27,<10 years,District,162.0,6,52200.0,HE,Paid Social,4,466000.0,Thu,,0
2023-02-23,10-30 years,Gas,96.0,4,75800.0,Other,Referral,2,180000.0,Sat,14177.0,0
2023-01-26,10-30 years,Electric,185.0,7,60300.0,BW,Display,3,491000.0,Sat,10501.0,0
2024-10-14,10-30 years,Gas,114.0,4,55200.0,BY,Referral,4,309000.0,Fri,8368.0,0
2023-09-21,<10 years,Electric,137.0,7,70600.0,Other,Organic,1,374000.0,Sun,16696.0,0
2023-04-10,>30 years,Gas,150.0,3,37300.0,NW,Organic,4,368000.0,Thu,18498.0,0
2024-08-01,>30 years,District,211.0,7,60100.0,HE,Display,3,616000.0,Tue,,0
2023-11-03,10-30 years,Oil,99.0,4,33900.0,NW,Comparison Site,5,307000.0,Mon,19587.0,0
2023-11-26,10-30 years,Electric,130.0,5,39700.0,NW,Display,5,283000.0,Thu,15053.0,0
2023-12-04,<10 years,Oil,156.0,5,48400.0,Other,Display,5,472000.0,Sat,17685.0,0
2024-09-14,>30 years,Oil,147.0,7,44400.0,BY,Paid Social,5,380000.0,Fri,15277.0,0
2023-08-24,<10 years,Gas,154.0,6,64600.0,BY,Display,1,320000.0,Sun,8431.0,0
2023-10-01,<10 years,Gas,142.0,4,34500.0,HE,Display,3,365000.0,Mon,17592.0,0
2024-01-22,10-30 years,Gas,161.0,6,77000.0,NW,Paid Social,6,367000.0,Wed,16467.0,0
2023-05-08,>30 years,Electric,72.0,3,143500.0,Other,Organic,2,262000.0,Tue,12859.0,0
2024-06-06,10-30 years,Gas,207.0,7,89900.0,HE,Display,4,485000.0,Tue,8951.0,0
2023-06-07,<10 years,District,147.0,8,71300.0,HE,Paid Social,5,385000.0,Mon,18658.0,0
2024-02-26,10-30 years,Electric,258.0,8,47700.0,HE,Organic,5,718000.0,Sat,15276.0,0
2024-09-01,10-30 years,Gas,137.0,5,64400.0,BW,Paid Social,2,364000.0,Fri,17987.0,0
2023-01-20,10-30 years,Gas,191.0,7,75000.0,BE,Paid Social,6,431000.0,Tue,,0
2023-01-04,10-30 years,District,120.0,4,93700.0,NW,Organic,3,190000.0,Mon,,0
2024-05-02,>30 years,Gas,152.0,5,118200.0,HE,Paid Social,2,311000.0,Wed,11466.0,0
2024-11-17,10-30 years,Gas,110.0,5,46900.0,Other,Comparison Site,3,264000.0,Mon,12698.0,0
2023-12-01,10-30 years,Gas,137.0,5,32200.0,NW,Organic,5,359000.0,Mon,15447.0,0
2024-09-02,10-30 years,District,121.0,3,72600.0,BW,Paid Social,2,352000.0,Sun,14659.0,0
2024-02-28,10-30 years,Oil,170.0,7,56600.0,BW,Referral,2,450000.0,Mon,10865.0,0
2024-01-02,10-30 years,Gas,216.0,8,40400.0,Other,Comparison Site,3,549000.0,Wed,19040.0,0
2023-12-15,<10 years,Gas,168.0,6,47200.0,HE,Organic,4,315000.0,Mon,22669.0,0
2024-09-16,10-30 years,Gas,265.0,8,39700.0,BE,Display,5,653000.0,Mon,17251.0,0
2023-10-20,10-30 years,Gas,178.0,6,64300.0,HE,Paid Social,1,355000.0,Fri,10651.0,0
2024-12-23,>30 years,Electric,113.0,4,132200.0,BY,Organic,1,371000.0,Mon,13699.0,0
2024-10-04,<10 years,Oil,247.0,8,61900.0,BW,Referral,4,627000.0,Tue,16095.0,0
2024-08-02,>30 years,Oil,186.0,6,52200.0,BY,Paid Social,6,440000.0,Fri,22873.0,0
2023-09-06,10-30 years,Gas,94.0,3,93200.0,Other,Organic,4,247000.0,Fri,9450.0,0
2024-12-22,10-30 years,Oil,149.0,3,67900.0,NW,Display,2,268000.0,Wed,,0
2024-04-27,<10 years,Gas,182.0,8,75200.0,Other,Organic,4,484000.0,Sat,,0
2024-09-19,10-30 years,Electric,173.0,8,130900.0,BY,Display,4,390000.0,Tue,10320.0,0
2023-06-16,>30 years,Electric,182.0,7,30000.0,BE,Paid Social,6,367000.0,Fri,17295.0,0
2023-04-27,>30 years,Gas,191.0,8,34800.0,BW,Organic,7,511000.0,Sun,22560.0,0
2023-01-16,10-30 years,Gas,126.0,5,53400.0,BW,Organic,5,395000.0,Sat,29014.0,0
2023-11-11,10-30 years,Electric,170.0,7,103200.0,NW,Organic,4,433000.0,Wed,,0
2023-05-26,>30 years,Gas,159.0,6,55000.0,HE,Comparison Site,3,383000.0,Sun,10310.0,0
2023-10-05,>30 years,Oil,140.0,5,82600.0,Other,Paid Social,1,433000.0,Fri,18744.0,0
2023-09-06,>30 years,Oil,183.0,6,35100.0,BW,Referral,1,475000.0,Sun,,0
2023-07-08,10-30 years,Gas,158.0,5,82700.0,Other,Referral,2,325000.0,Mon,25340.0,0
2024-11-06,>30 years,Oil,195.0,6,62400.0,NW,Display,4,508000.0,Sun,,0
2023-12-03,<10 years,Oil,162.0,6,44500.0,Other,Display,1,428000.0,Tue,,0
2024-12-14,10-30 years,Oil,137.0,5,101400.0,HE,Organic,4,265000.0,Fri,12391.0,0
2023-12-12,<10 years,Gas,156.0,6,84100.0,BY,Organic,4,360000.0,Sun,22977.0,0
2024-03-09,10-30 years,Electric,177.0,6,63000.0,NW,Referral,7,473000.0,Sun,15775.0,0
2023-10-17,10-30 years,Gas,152.0,7,56500.0,HE,Display,4,415000.0,Tue,17185.0,1
2023-03-19,<10 years,Gas,132.0,5,32300.0,BW,Referral,5,303000.0,Wed,20552.0,0
2024-08-04,10-30 years,Gas,156.0,6,50700.0,Other,Display,3,425000.0,Mon,20503.0,0
2023-02-10,10-30 years,Electric,207.0,7,34000.0,Other,Referral,6,408000.0,Sat,,0
2024-09-04,10-30 years,Gas,177.0,7,61100.0,Other,Display,4,343000.0,Sat,16505.0,0
2024-10-02,<10 years,Electric,165.0,5,69400.0,Other,Referral,1,462000.0,Sun,,0
2024-10-02,10-30 years,Oil,142.0,6,75500.0,BE,Paid Social,10,394000.0,Wed,,0
2023-02-19,>30 years,Electric,159.0,8,61500.0,BE,Organic,3,336000.0,Mon,,0
2023-09-12,10-30 years,Oil,112.0,4,113300.0,HE,Organic,3,315000.0,Fri,,0
2023-05-26,10-30 years,Oil,143.0,5,34100.0,BY,Organic,2,375000.0,Sun,,0
2024-02-04,>30 years,Electric,171.0,5,60400.0,BW,Paid Social,5,433000.0,Sun,19504.0,0
2024-11-16,<10 years,Oil,154.0,6,98900.0,BY,Comparison Site,3,371000.0,Fri,12520.0,0
2024-11-10,>30 years,Electric,135.0,5,77000.0,BY,Paid Social,3,249000.0,Sat,16894.0,0
2024-07-16,10-30 years,Gas,101.0,2,47900.0,Other,Paid Social,7,301000.0,Mon,19994.0,0
2023-10-22,>30 years,Gas,145.0,6,80100.0,Other,Referral,3,449000.0,Thu,21219.0,0
2024-02-07,10-30 years,Electric,120.0,6,49300.0,Other,Referral,1,280000.0,Sat,15429.0,1
2023-12-07,>30 years,Electric,149.0,4,61500.0,Other,Organic,1,335000.0,Wed,14338.0,0
2024-04-06,<10 years,Electric,161.0,7,78200.0,BW,Paid Social,3,401000.0,Thu,,0
2024-01-12,>30 years,Oil,208.0,8,33400.0,BW,Organic,4,563000.0,Thu,9354.0,0
2024-04-23,10-30 years,District,187.0,6,90200.0,BE,Paid Social,3,495000.0,Thu,18240.0,0
2023-01-17,10-30 years,Gas,160.0,7,84000.0,BW,Paid Social,3,379000.0,Sat,13598.0,0
2023-10-24,<10 years,Gas,234.0,8,30000.0,Other,Organic,5,624000.0,Tue,20401.0,0
2023-01-08,>30 years,Gas,166.0,7,30000.0,NW,Organic,6,353000.0,Sat,22457.0,0
2023-07-21,10-30 years,District,121.0,4,30000.0,Other,Display,4,336000.0,Tue,20151.0,0
2023-03-24,<10 years,Gas,141.0,6,61200.0,BY,Organic,5,361000.0,Sat,9894.0,0
2024-05-24,<10 years,Electric,253.0,8,125100.0,HE,Organic,2,582000.0,Sun,15963.0,0
2024-01-12,10-30 years,Gas,121.0,5,84100.0,BE,Paid Social,4,351000.0,Sun,,0
2024-01-10,10-30 years,Gas,138.0,3,94600.0,BY,Organic,2,337000.0,Mon,14212.0,0
2024-11-10,10-30 years,Oil,190.0,8,85400.0,NW,Display,3,320000.0,Sat,12716.0,0
2023-12-25,>30 years,Oil,115.0,3,70700.0,HE,Display,5,212000.0,Mon,,0
2024-11-25,10-30 years,Gas,191.0,8,30000.0,NW,Comparison Site,2,442000.0,Wed,,0
2023-05-23,>30 years,Gas,197.0,7,97000.0,NW,Paid Social,1,437000.0,Fri,23683.0,0
2024-10-07,10-30 years,Gas,162.0,5,47600.0,NW,Organic,4,356000.0,Mon,16815.0,0
2024-12-02,>30 years,Oil,217.0,8,38500.0,BE,Referral,7,572000.0,Wed,,0
2024-01-05,10-30 years,Gas,143.0,6,51600.0,BW,Organic,2,331000.0,Fri,14986.0,0
2024-09-19,10-30 years,Oil,188.0,8,84000.0,Other,Organic,7,426000.0,Sun,12627.0,0
2024-04-18,10-30 years,Gas,60.0,2,60600.0,BW,Display,3,116000.0,Sat,22839.0,0
2023-04-08,10-30 years,Oil,177.0,6,63400.0,NW,Paid Social,1,444000.0,Sat,21668.0,0
2024-12-21,>30 years,Gas,204.0,7,59200.0,BW,Display,2,575000.0,Tue,10118.0,0
2023-05-17,10-30 years,Gas,182.0,8,103100.0,Other,Organic,3,357000.0,Sat,,0
2024-11-26,>30 years,Gas,135.0,5,30000.0,BW,Display,5,353000.0,Wed,10965.0,0
2024-07-13,10-30 years,Electric,90.0,2,59900.0,BY,Paid Social,4,195000.0,Sat,,0
2023-07-10,10-30 years,Oil,196.0,8,77300.0,NW,Display,3,482000.0,Thu,29381.0,0
2024-10-19,10-30 years,District,117.0,5,65600.0,Other,Referral,8,235000.0,Sun,10070.0,0
2024-10-22,10-30 years,District,122.0,3,104900.0,Other,Paid Social,2,350000.0,Sun,,0
2024-04-24,<10 years,Oil,140.0,5,65100.0,BW,Display,3,354000.0,Thu,11581.0,0
2024-01-08,>30 years,Electric,177.0,7,51900.0,NW,Display,2,394000.0,Thu,,0
2024-12-05,>30 years,Oil,199.0,8,46100.0,NW,Display,2,520000.0,Tue,19617.0,0
2023-08-13,10-30 years,Oil,232.0,8,31500.0,Other,Paid Social,4,643000.0,Fri,13041.0,0
2024-04-26,>30 years,Oil,157.0,6,46300.0,Other,Organic,5,352000.0,Sun,12408.0,0
2023-08-26,10-30 years,Gas,163.0,6,36700.0,BY,Organic,2,437000.0,Sat,19636.0,0
2024-01-11,10-30 years,Gas,170.0,5,57200.0,NW,Paid Social,5,444000.0,Wed,10142.0,0
2023-12-13,10-30 years,Oil,133.0,5,30000.0,NW,Organic,4,393000.0,Sun,13342.0,0
2023-09-02,<10 years,Oil,180.0,8,61900.0,Other,Organic,1,421000.0,Sun,14494.0,1
2024-10-26,<10 years,Gas,128.0,7,50600.0,Other,Organic,7,350000.0,Thu,,0
2023-08-16,10-30 years,Gas,196.0,7,96800.0,Other,Organic,4,563000.0,Thu,10003.0,0
2023-08-28,<10 years,Gas,113.0,5,75300.0,NW,Comparison Site,6,296000.0,Tue,,0
2023-05-05,<10 years,District,187.0,8,96000.0,BE,Organic,3,450000.0,Fri,9974.0,0
2024-09-10,<10 years,Gas,188.0,7,61300.0,NW,Organic,3,530000.0,Sun,15904.0,0
2024-09-21,<10 years,Oil,90.0,2,86900.0,Other,Display,5,171000.0,Fri,13299.0,0
2024-03-10,<10 years,District,166.0,7,61200.0,Other,Display,1,348000.0,Sun,,0
2024-12-08,10-30 years,Gas,215.0,6,42500.0,HE,Referral,2,513000.0,Fri,28256.0,0
2024-10-15,>30 years,Electric,162.0,5,49100.0,HE,Display,3,448000.0,Fri,29650.0,0
2023-02-06,<10 years,Electric,156.0,4,74900.0,Other,Organic,5,349000.0,Fri,13508.0,0
2024-02-12,<10 years,Gas,133.0,4,72700.0,Other,Organic,3,272000.0,Tue,14807.0,0
2023-12-23,>30 years,Gas,173.0,7,66000.0,BW,Referral,1,511000.0,Sat,20780.0,0
2023-06-13,<10 years,Gas,139.0,7,61800.0,BE,Organic,2,382000.0,Mon,12201.0,0
2024-06-07,>30 years,Gas,172.0,6,65700.0,HE,Paid Social,9,379000.0,Sun,16142.0,0
2024-02-27,<10 years,District,183.0,8,42700.0,BY,Paid Social,6,437000.0,Fri,22578.0,0
2024-04-04,10-30 years,Gas,164.0,5,63700.0,BW,Display,1,425000.0,Fri,27973.0,0
2024-08-21,<10 years,District,198.0,8,52600.0,BY,Comparison Site,4,543000.0,Thu,9192.0,0
2024-01-12,10-30 years,Gas,169.0,6,55900.0,BY,Paid Social,4,345000.0,Tue,15295.0,1
2023-11-16,>30 years,District,139.0,6,30000.0,BY,Referral,5,340000.0,Sun,19181.0,0
2023-01-12,<10 years,Gas,81.0,2,70100.0,Other,Referral,4,182000.0,Fri,5000.0,0
2024-12-22,>30 years,Oil,135.0,4,34800.0,Other,Organic,2,360000.0,Thu,17306.0,0
2024-11-05,10-30 years,Gas,147.0,6,35300.0,BY,Display,2,410000.0,Tue,,0
2023-12-13,>30 years,Gas,176.0,7,70300.0,BY,Referral,4,435000.0,Thu,22586.0,0
2024-12-16,<10 years,Gas,78.0,2,30900.0,NW,Display,2,97000.0,Fri,19970.0,0
2024-04-10,<10 years,Gas,82.0,2,81700.0,BE,Referral,1,164000.0,Thu,13249.0,0
2023-03-01,10-30 years,Gas,77.0,5,43900.0,BW,Referral,1,133000.0,Mon,,0
2023-10-08,<10 years,Oil,150.0,4,75100.0,Other,Organic,5,309000.0,Tue,22934.0,0
2023-12-10,>30 years,Gas,100.0,5,35000.0,BW,Comparison Site,2,217000.0,Thu,14027.0,1
2023-11-06,10-30 years,Oil,171.0,7,48600.0,BW,Comparison Site,3,529000.0,Wed,10282.0,0
2024-01-19,10-30 years,Oil,138.0,6,81100.0,HE,Display,2,355000.0,Mon,24927.0,0
2024-03-12,<10 years,Electric,91.0,4,54400.0,BY,Paid Social,6,221000.0,Sat,21931.0,0
2024-12-18,10-30 years,Electric,194.0,6,41200.0,BY,Paid Social,7,424000.0,Fri,12423.0,0
2023-10-25,10-30 years,Electric,152.0,5,71700.0,Other,Paid Social,2,333000.0,Wed,16558.0,0
2023-05-04,>30 years,Gas,196.0,8,30000.0,NW,Organic,10,582000.0,Fri,15133.0,0
2024-06-21,10-30 years,Gas,155.0,5,94100.0,Other,Display,3,403000.0,Sat,10358.0,0
2023-10-25,>30 years,Oil,215.0,8,38200.0,BW,Display,4,570000.0,Wed,,0
2024-03-14,>30 years,Oil,179.0,6,109200.0,Other,Display,3,500000.0,Mon,5000.0,0
2024-07-13,>30 years,Gas,98.0,3,80000.0,Other,Organic,2,252000.0,Mon,21443.0,0
2024-10-10,10-30 years,Oil,132.0,7,53100.0,HE,Organic,5,328000.0,Sat,9396.0,0
2024-01-05,10-30 years,Gas,127.0,5,71100.0,Other,Comparison Site,5,319000.0,Wed,,0
2024-06-07,<10 years,Gas,63.0,2,30000.0,NW,Display,3,241000.0,Sat,12037.0,0
2023-04-16,>30 years,Oil,189.0,8,43700.0,Other,Paid Social,4,558000.0,Fri,7065.0,0
2024-01-03,>30 years,Gas,171.0,7,49100.0,BY,Organic,2,460000.0,Mon,11756.0,0
2024-12-07,<10 years,Gas,211.0,8,69000.0,Other,Display,3,493000.0,Sun,25225.0,0
2023-09-06,10-30 years,Gas,89.0,4,59000.0,Other,Organic,3,276000.0,Fri,18839.0,0
2023-05-17,>30 years,Gas,108.0,3,53100.0,BE,Organic,3,313000.0,Sun,14512.0,0
2023-05-07,<10 years,Gas,114.0,4,49600.0,Other,Referral,3,264000.0,Tue,14619.0,0
2024-01-24,<10 years,Gas,213.0,8,55400.0,NW,Comparison Site,7,601000.0,Tue,19050.0,0
2023-09-15,>30 years,Gas,210.0,8,59200.0,BY,Display,5,569000.0,Wed,,0
2023-10-16,>30 years,Gas,101.0,3,79700.0,NW,Organic,4,243000.0,Mon,,0
2024-07-23,>30 years,Gas,168.0,6,69700.0,BW,Paid Social,4,420000.0,Sat,14675.0,0
2024-06-26,<10 years,Gas,179.0,8,71400.0,BY,Organic,2,348000.0,Mon,19804.0,0
2023-08-13,10-30 years,Gas,148.0,5,110300.0,HE,Paid Social,4,454000.0,Thu,17421.0,0
2024-06-16,10-30 years,Electric,233.0,8,72600.0,Other,Display,3,548000.0,Wed,,0
2023-03-04,10-30 years,Oil,60.0,2,62600.0,Other,Display,3,120000.0,Mon,11419.0,0
2024-10-22,10-30 years,Oil,75.0,3,80300.0,BE,Paid Social,1,213000.0,Sat,10420.0,0
2024-11-23,>30 years,Oil,158.0,5,56000.0,Other,Display,3,412000.0,Sat,14484.0,0
2023-01-23,>30 years,Gas,105.0,5,60000.0,BY,Display,6,260000.0,Tue,19319.0,0
2023-05-12,10-30 years,District,189.0,8,101600.0,BE,Comparison Site,2,485000.0,Tue,5738.0,0
2023-02-22,<10 years,Gas,89.0,3,64200.0,Other,Paid Social,3,208000.0,Fri,,0
2024-01-23,<10 years,Gas,178.0,5,79100.0,HE,Paid Social,3,491000.0,Sat,21844.0,0
2023-03-21,10-30 years,Gas,152.0,4,98700.0,NW,Referral,4,387000.0,Tue,14418.0,0
2023-07-05,<10 years,Electric,226.0,8,122900.0,BY,Organic,5,529000.0,Mon,16788.0,0
2024-09-13,10-30 years,District,120.0,6,30000.0,NW,Paid Social,1,287000.0,Thu,,0
2024-02-04,10-30 years,Electric,217.0,8,30800.0,BY,Display,2,518000.0,Mon,13605.0,0
2023-10-19,>30 years,Gas,184.0,8,38200.0,BE,Organic,8,466000.0,Sun,14622.0,0
2024-02-25,10-30 years,District,114.0,4,30000.0,BE,Organic,7,353000.0,Thu,12014.0,0
2024-01-27,10-30 years,Gas,115.0,4,200000.0,Other,Paid Social,4,307000.0,Wed,14377.0,0
2024-11-23,>30 years,Oil,196.0,6,94500.0,NW,Paid Social,2,601000.0,Thu,11064.0,0
2023-06-09,10-30 years,District,158.0,6,48300.0,BW,Display,5,423000.0,Sat,7739.0,0
2024-01-26,>30 years,Electric,146.0,6,63000.0,NW,Paid Social,4,396000.0,Wed,20844.0,0
2024-03-27,10-30 years,Gas,222.0,8,43300.0,BE,Organic,7,639000.0,Sun,,0
2024-10-21,>30 years,Oil,184.0,7,36700.0,Other,Comparison Site,6,474000.0,Fri,16973.0,0
2023-02-17,10-30 years,Gas,118.0,5,30000.0,BW,Referral,5,323000.0,Sat,17801.0,0
2023-09-21,10-30 years,Gas,130.0,4,30000.0,BY,Organic,4,327000.0,Mon,8866.0,0
2024-01-05,10-30 years,Oil,169.0,7,81900.0,Other,Organic,3,463000.0,Mon,16044.0,0
2023-02-20,>30 years,Gas,161.0,6,47700.0,NW,Display,4,497000.0,Sun,20395.0,0
2023-12-11,10-30 years,Gas,180.0,8,41200.0,BW,Organic,5,550000.0,Sun,20415.0,1
2023-03-18,<10 years,Oil,185.0,7,125200.0,BY,Comparison Site,4,477000.0,Tue,13805.0,0
2023-01-24,10-30 years,Oil,213.0,8,70100.0,Other,Paid Social,4,475000.0,Sun,22458.0,0
2023-08-11,10-30 years,Gas,135.0,4,98100.0,Other,Display,5,381000.0,Wed,20281.0,0
2024-12-12,10-30 years,Gas,246.0,8,45500.0,BY,Paid Social,8,599000.0,Thu,11131.0,0
2023-07-25,>30 years,Electric,188.0,6,93200.0,BW,Paid Social,2,431000.0,Sun,27203.0,0
2023-11-27,>30 years,Gas,162.0,6,75300.0,BW,Display,5,414000.0,Wed,10477.0,0
2024-12-16,10-30 years,Oil,144.0,5,34200.0,NW,Paid Social,3,338000.0,Thu,10243.0,0
2024-12-20,<10 years,District,166.0,7,59900.0,BE,Display,4,370000.0,Sat,21579.0,0
2024-08-25,10-30 years,Oil,79.0,3,30000.0,NW,Paid Social,1,146000.0,Fri,14128.0,0
2024-03-21,10-30 years,Gas,146.0,5,54100.0,BW,Comparison Site,2,447000.0,Tue,10041.0,0
2023-04-25,10-30 years,Gas,203.0,8,43900.0,NW,Organic,6,516000.0,Sun,12245.0,0
2023-11-01,>30 years,Oil,134.0,4,70700.0,BY,Organic,1,317000.0,Sat,23908.0,0
2023-08-10,10-30 years,Electric,74.0,2,51700.0,BY,Organic,4,176000.0,Thu,,0
2023-05-08,<10 years,Oil,97.0,2,98300.0,Other,Referral,3,274000.0,Sat,9269.0,0
2024-10-13,>30 years,Gas,138.0,5,54000.0,HE,Organic,3,362000.0,Tue,15081.0,0
2024-01-20,<10 years,Gas,163.0,6,64200.0,NW,Organic,6,370000.0,Mon,14293.0,0
2023-01-02,<10 years,Gas,117.0,7,70400.0,NW,Organic,4,318000.0,Thu,,0
2023-06-16,>30 years,Oil,96.0,2,52000.0,BY,Comparison Site,4,229000.0,Wed,16842.0,0
2023-05-21,10-30 years,Oil,121.0,4,98600.0,HE,Referral,6,300000.0,Tue,12473.0,1
2023-04-09,10-30 years,Gas,227.0,8,85200.0,Other,Display,6,601000.0,Sun,15962.0,0
2023-09-19,10-30 years,Electric,255.0,8,69400.0,NW,Paid Social,4,576000.0,Sun,23515.0,0
2023-10-22,<10 years,Oil,171.0,6,48800.0,NW,Organic,2,420000.0,Thu,14216.0,0
2024-09-27,10-30 years,Electric,161.0,7,37800.0,BY,Comparison Site,4,384000.0,Fri,20372.0,0
2023-11-27,10-30 years,Gas,195.0,7,60200.0,NW,Organic,4,523000.0,Thu,21434.0,0
2023-08-04,10-30 years,Gas,95.0,4,57000.0,NW,Organic,2,195000.0,Thu,20135.0,0
2024-10-07,10-30 years,Gas,128.0,4,42600.0,NW,Paid Social,5,289000.0,Mon,17648.0,0
2023-03-27,>30 years,Oil,66.0,2,53200.0,BW,Organic,5,166000.0,Tue,,0
2024-08-04,10-30 years,Electric,169.0,4,36900.0,BW,Comparison Site,7,450000.0,Fri,18100.0,0
2023-02-06,>30 years,Oil,148.0,7,114100.0,Other,Organic,3,382000.0,Wed,11732.0,0
2024-11-12,>30 years,Gas,118.0,7,88800.0,NW,Comparison Site,2,200000.0,Sun,12444.0,0
2024-09-09,>30 years,Oil,228.0,7,36000.0,Other,Display,4,613000.0,Fri,,0
2023-08-14,10-30 years,Gas,200.0,6,66400.0,BE,Organic,7,459000.0,Tue,7195.0,0
2023-07-25,10-30 years,Electric,149.0,7,30000.0,HE,Referral,2,363000.0,Tue,9824.0,0
2024-09-17,10-30 years,Gas,118.0,5,52700.0,NW,Paid Social,2,219000.0,Sat,,0
2023-11-03,>30 years,Gas,162.0,5,55000.0,BE,Paid Social,6,456000.0,Sun,5987.0,0
2024-05-15,10-30 years,Gas,154.0,4,43900.0,HE,Organic,5,367000.0,Wed,12742.0,0
2024-05-15,>30 years,Gas,130.0,5,42700.0,BE,Referral,7,375000.0,Sun,11612.0,0
2024-07-03,10-30 years,Gas,111.0,3,65700.0,Other,Referral,1,260000.0,Sat,5000.0,0
2024-11-13,<10 years,Gas,160.0,7,49500.0,NW,Referral,3,331000.0,Wed,,0
2023-10-21,10-30 years,Gas,159.0,6,76100.0,NW,Display,3,432000.0,Sat,17476.0,0
2023-10-10,<10 years,Gas,107.0,3,102000.0,BE,Organic,3,246000.0,Wed,,0
2024-02-07,<10 years,Electric,71.0,2,68700.0,Other,Paid Social,5,112000.0,Sat,,0
2024-07-16,>30 years,Gas,136.0,5,103000.0,BY,Organic,3,363000.0,Sun,10898.0,0
2024-01-28,10-30 years,District,93.0,4,44200.0,Other,Display,3,316000.0,Sat,,0
2023-09-17,10-30 years,Electric,118.0,6,59800.0,Other,Organic,4,340000.0,Sun,10926.0,0
2024-03-08,10-30 years,Gas,128.0,4,93100.0,NW,Organic,4,266000.0,Tue,,0
2023-12-02,10-30 years,Gas,168.0,4,55000.0,BY,Referral,5,425000.0,Wed,13412.0,0
2024-05-28,<10 years,Gas,128.0,6,67100.0,NW,Comparison Site,4,284000.0,Tue,14182.0,0
2023-03-09,>30 years,Oil,161.0,5,39900.0,BY,Paid Social,4,394000.0,Wed,9891.0,0
2023-10-08,>30 years,Oil,114.0,2,117000.0,BW,Referral,4,307000.0,Sat,10489.0,1
2023-09-18,>30 years,Gas,163.0,7,44200.0,Other,Organic,1,440000.0,Thu,17223.0,0
2023-07-04,<10 years,Gas,137.0,5,64600.0,HE,Paid Social,3,315000.0,Tue,7405.0,0
2024-12-25,10-30 years,Oil,162.0,6,45300.0,NW,Display,3,394000.0,Thu,22649.0,0
2024-04-11,>30 years,Gas,202.0,7,36500.0,BY,Referral,2,495000.0,Sat,,0
2024-10-23,<10 years,District,142.0,5,70900.0,HE,Organic,3,313000.0,Thu,,0
2023-10-06,<10 years,Gas,144.0,8,120000.0,NW,Organic,6,429000.0,Mon,,0
2023-01-24,>30 years,Gas,168.0,7,44000.0,HE,Paid Social,5,508000.0,Sat,14498.0,0
2023-04-25,>30 years,Gas,171.0,7,39300.0,BW,Display,5,393000.0,Mon,16982.0,0
2024-07-05,10-30 years,Oil,60.0,2,47300.0,Other,Organic,3,99000.0,Tue,,0
2024-02-06,<10 years,Gas,104.0,4,51800.0,Other,Organic,1,322000.0,Tue,,0
2024-12-18,10-30 years,Gas,160.0,6,70400.0,BE,Organic,2,383000.0,Thu,11126.0,0
2024-06-12,10-30 years,Gas,216.0,8,30000.0,HE,Paid Social,6,580000.0,Wed,,0
2024-11-07,10-30 years,Gas,91.0,3,93900.0,BY,Referral,4,167000.0,Mon,10223.0,0
2024-01-19,10-30 years,Oil,127.0,3,104000.0,BW,Organic,4,275000.0,Tue,14158.0,1
2023-05-07,10-30 years,Gas,160.0,7,69500.0,NW,Organic,4,377000.0,Wed,18275.0,0
2024-01-18,>30 years,Oil,111.0,4,38500.0,NW,Organic,1,260000.0,Fri,12430.0,0
2024-12-19,>30 years,Gas,172.0,7,92400.0,Other,Organic,3,387000.0,Thu,16733.0,1
2024-05-15,10-30 years,Gas,179.0,7,49500.0,BW,Display,5,473000.0,Fri,10242.0,0
2024-11-05,<10 years,Oil,168.0,6,64100.0,Other,Paid Social,2,469000.0,Sat,,0
2024-03-03,10-30 years,Oil,158.0,7,58700.0,NW,Organic,3,360000.0,Wed,15740.0,0
2023-10-19,<10 years,Oil,109.0,3,37000.0,Other,Referral,4,319000.0,Wed,9113.0,0
2023-01-16,10-30 years,Gas,138.0,5,130400.0,NW,Paid Social,5,425000.0,Mon,5882.0,0
2024-09-24,>30 years,District,201.0,8,35400.0,BW,Comparison Site,5,489000.0,Wed,13464.0,0
2024-02-07,10-30 years,Gas,165.0,8,60200.0,HE,Organic,3,458000.0,Sat,12999.0,0
2023-03-06,<10 years,Gas,60.0,2,63500.0,NW,Display,5,52000.0,Thu,15758.0,0
2023-05-10,10-30 years,Gas,183.0,6,61300.0,NW,Referral,2,508000.0,Tue,14352.0,0
2023-02-19,<10 years,Gas,166.0,5,66000.0,Other,Organic,4,465000.0,Thu,14562.0,0
2024-05-04,<10 years,Oil,136.0,7,60100.0,BY,Referral,2,299000.0,Fri,,0
2024-12-03,10-30 years,Gas,142.0,6,70000.0,BW,Referral,3,418000.0,Fri,,0
2024-03-08,10-30 years,District,125.0,4,40200.0,BY,Display,3,428000.0,Wed,13864.0,0
2024-04-24,10-30 years,Gas,153.0,4,37400.0,BY,Referral,2,390000.0,Tue,,0
2024-05-13,<10 years,Oil,150.0,5,93500.0,NW,Paid Social,6,450000.0,Mon,,0
2023-10-13,10-30 years,Oil,140.0,6,72400.0,BY,Paid Social,5,332000.0,Wed,16820.0,0
2024-09-04,10-30 years,Electric,161.0,4,56200.0,BW,Organic,9,471000.0,Sat,10134.0,0
2023-03-17,>30 years,Gas,145.0,6,101300.0,Other,Referral,3,363000.0,Tue,18817.0,0
2024-12-13,<10 years,District,190.0,7,73800.0,BY,Organic,5,538000.0,Mon,9273.0,0
2023-02-28,>30 years,District,183.0,7,80200.0,NW,Organic,4,475000.0,Sun,18774.0,0
2023-11-22,10-30 years,District,96.0,3,108500.0,BW,Display,2,285000.0,Mon,11680.0,0
2023-02-03,10-30 years,Electric,165.0,7,63200.0,Other,Display,3,392000.0,Thu,,0
2024-11-12,10-30 years,Electric,139.0,4,51500.0,NW,Paid Social,4,468000.0,Sat,,0
2023-12-07,10-30 years,Oil,111.0,4,50600.0,Other,Display,3,145000.0,Tue,12811.0,0
2023-01-25,10-30 years,Electric,163.0,6,30000.0,BW,Paid Social,3,395000.0,Sun,,0
2024-08-13,<10 years,Oil,166.0,8,39500.0,BY,Organic,5,420000.0,Sat,,0
2024-06-25,>30 years,Oil,260.0,8,80900.0,BY,Organic,6,639000.0,Wed,,0
2023-05-13,<10 years,Oil,61.0,2,43200.0,Other,Organic,4,83000.0,Sat,17612.0,0
2024-06-05,10-30 years,District,131.0,5,50800.0,NW,Paid Social,5,408000.0,Thu,22447.0,0
2023-08-07,10-30 years,Gas,250.0,8,79800.0,BY,Referral,1,705000.0,Mon,30399.0,0
2024-08-10,10-30 years,Electric,120.0,5,63200.0,Other,Paid Social,2,269000.0,Sat,7352.0,0
2023-07-08,>30 years,Gas,165.0,6,64600.0,NW,Paid Social,2,316000.0,Mon,23515.0,0
2023-03-07,>30 years,Gas,158.0,7,102800.0,NW,Display,4,272000.0,Mon,18799.0,0
2023-03-09,<10 years,Gas,153.0,6,80700.0,BE,Comparison Site,4,402000.0,Tue,17500.0,0
2024-07-25,10-30 years,Gas,127.0,4,30000.0,NW,Organic,2,238000.0,Mon,15716.0,0
2024-03-25,>30 years,District,131.0,4,114100.0,BW,Display,4,412000.0,Sat,24418.0,0
2023-02-17,10-30 years,Gas,163.0,7,52800.0,Other,Display,2,521000.0,Sat,,0
2023-11-23,10-30 years,Oil,142.0,6,77200.0,BY,Paid Social,6,389000.0,Mon,16514.0,0
2024-09-06,>30 years,Gas,162.0,6,64900.0,BY,Organic,7,342000.0,Fri,12081.0,0
2023-12-20,10-30 years,District,169.0,8,43100.0,BW,Paid Social,1,456000.0,Mon,20122.0,0
2023-06-17,<10 years,Electric,189.0,8,71000.0,BY,Organic,2,448000.0,Mon,20974.0,0
2024-07-17,>30 years,Gas,193.0,7,47100.0,HE,Organic,5,435000.0,Tue,,0
2023-03-18,>30 years,Gas,157.0,6,51600.0,Other,Organic,3,339000.0,Wed,13370.0,0
2024-03-18,>30 years,Gas,105.0,4,80000.0,BE,Display,5,283000.0,Tue,10244.0,0
2024-01-05,10-30 years,Gas,201.0,8,44400.0,BE,Paid Social,1,551000.0,Sun,7179.0,0
2023-07-10,>30 years,Gas,164.0,4,30000.0,NW,Paid Social,5,376000.0,Mon,16302.0,0
2024-02-16,>30 years,District,184.0,7,42500.0,Other,Organic,3,468000.0,Mon,14576.0,0
2024-11-01,>30 years,Electric,169.0,7,99300.0,NW,Referral,1,427000.0,Fri,14935.0,0
2024-01-03,10-30 years,Gas,142.0,5,87800.0,NW,Paid Social,5,371000.0,Tue,7974.0,0
2023-12-13,>30 years,District,138.0,7,73100.0,Other,Display,7,289000.0,Fri,13630.0,0
2023-03-05,10-30 years,Gas,215.0,7,69600.0,HE,Organic,2,492000.0,Thu,,0
2023-06-07,<10 years,Gas,155.0,7,133100.0,Other,Referral,1,357000.0,Sat,,0
2024-10-27,10-30 years,Oil,150.0,8,99300.0,HE,Paid Social,6,329000.0,Fri,8214.0,0
2024-01-27,>30 years,Gas,119.0,4,44100.0,BY,Paid Social,7,398000.0,Fri,16796.0,0
2023-03-10,>30 years,Gas,140.0,5,72000.0,Other,Referral,3,439000.0,Fri,13400.0,0
2023-03-06,>30 years,Gas,190.0,7,76900.0,BE,Referral,6,472000.0,Thu,,0
2023-12-02,<10 years,Oil,154.0,6,45100.0,BW,Organic,3,467000.0,Mon,5000.0,0
2024-11-26,10-30 years,District,204.0,8,70500.0,BE,Paid Social,2,475000.0,Tue,16913.0,0
2024-01-09,10-30 years,Oil,166.0,6,43700.0,NW,Display,3,423000.0,Wed,15768.0,0
2023-03-26,>30 years,Oil,156.0,5,58300.0,Other,Comparison Site,4,411000.0,Tue,17622.0,0
2024-06-03,<10 years,Oil,134.0,4,55500.0,BY,Referral,4,245000.0,Sun,16227.0,1
2023-03-20,>30 years,Gas,154.0,5,99200.0,Other,Organic,7,360000.0,Tue,18121.0,0
2023-01-26,10-30 years,Electric,118.0,4,89000.0,BY,Display,3,278000.0,Sun,19717.0,0
2023-10-21,>30 years,Oil,177.0,8,41500.0,Other,Paid Social,1,476000.0,Mon,22139.0,0
2024-12-14,10-30 years,Gas,150.0,5,135600.0,BE,Organic,2,365000.0,Sun,21225.0,0
2023-01-11,10-30 years,Gas,142.0,5,77900.0,Other,Paid Social,5,272000.0,Sun,16345.0,0
2023-09-01,>30 years,District,142.0,5,33900.0,BE,Paid Social,5,326000.0,Wed,,0
2023-02-28,>30 years,Gas,179.0,8,40900.0,Other,Organic,3,434000.0,Mon,7764.0,0
2024-11-11,<10 years,District,127.0,4,35600.0,BW,Paid Social,3,329000.0,Wed,16797.0,0
2024-08-19,<10 years,Gas,193.0,8,49400.0,BW,Comparison Site,2,432000.0,Fri,17015.0,0
2023-11-12,>30 years,Oil,135.0,6,120100.0,BW,Referral,5,281000.0,Wed,15549.0,0
2023-06-05,10-30 years,Gas,177.0,6,58600.0,NW,Display,5,528000.0,Tue,18872.0,0
2024-05-28,>30 years,Electric,133.0,7,67200.0,NW,Organic,3,328000.0,Thu,12863.0,0
2024-12-10,10-30 years,Oil,128.0,5,131300.0,BY,Organic,2,302000.0,Thu,,0
2023-04-22,>30 years,Gas,211.0,8,41700.0,BW,Display,3,539000.0,Tue,20587.0,0
2024-01-06,10-30 years,Gas,178.0,7,68700.0,BE,Paid Social,2,495000.0,Wed,,0
2023-04-10,>30 years,Gas,155.0,8,92800.0,BY,Paid Social,2,472000.0,Sun,8158.0,0
2023-04-21,<10 years,Electric,92.0,4,42000.0,Other,Referral,3,271000.0,Fri,,0
2024-10-12,10-30 years,Electric,168.0,5,83600.0,BW,Display,3,401000.0,Thu,14979.0,0
2023-04-15,<10 years,Electric,191.0,8,66100.0,NW,Organic,5,583000.0,Sat,,0
2023-01-16,>30 years,Gas,158.0,6,34700.0,NW,Comparison Site,4,419000.0,Tue,14178.0,0
2023-02-15,>30 years,Oil,151.0,7,85900.0,BY,Organic,1,430000.0,Wed,10337.0,0
2023-12-16,10-30 years,District,158.0,5,68500.0,HE,Comparison Site,3,417000.0,Wed,12793.0,0
2024-07-02,10-30 years,Electric,168.0,6,62200.0,BW,Paid Social,8,485000.0,Sun,11155.0,0
2024-10-26,>30 years,Gas,127.0,4,69300.0,BW,Referral,3,292000.0,Fri,21532.0,1
2024-08-06,>30 years,Oil,150.0,5,114200.0,BE,Organic,1,346000.0,Wed,11762.0,0
2024-12-08,10-30 years,Oil,156.0,4,60400.0,Other,Referral,1,292000.0,Wed,21408.0,0
2024-06-07,>30 years,Oil,188.0,7,43500.0,HE,Organic,2,511000.0,Thu,,0
2023-04-08,>30 years,Gas,65.0,4,35700.0,BY,Referral,7,214000.0,Wed,14450.0,0
2024-09-21,10-30 years,Gas,190.0,7,44000.0,NW,Paid Social,2,455000.0,Fri,,0
2024-10-08,10-30 years,District,89.0,3,41600.0,HE,Referral,5,238000.0,Thu,,0
2023-09-18,10-30 years,Gas,124.0,5,46000.0,BW,Organic,4,371000.0,Sun,17944.0,0
2023-07-09,>30 years,Gas,150.0,3,55700.0,BW,Display,5,343000.0,Mon,13284.0,0
2023-10-10,10-30 years,Electric,179.0,8,81200.0,Other,Referral,4,482000.0,Fri,21228.0,0
2024-10-04,>30 years,Oil,194.0,6,41000.0,BE,Paid Social,1,439000.0,Sun,,0
2024-02-05,<10 years,District,123.0,5,42000.0,BE,Referral,4,319000.0,Thu,23808.0,0
2024-12-09,>30 years,Gas,174.0,7,55900.0,BW,Display,1,414000.0,Tue,7248.0,0
2024-02-06,>30 years,Oil,116.0,4,59600.0,BY,Paid Social,1,275000.0,Tue,20790.0,1
2023-01-14,10-30 years,Gas,105.0,3,82000.0,NW,Comparison Site,4,237000.0,Thu,26095.0,0
2023-04-09,10-30 years,Gas,213.0,8,65500.0,BY,Paid Social,2,477000.0,Thu,10504.0,0
2023-09-24,<10 years,Gas,211.0,8,71600.0,Other,Display,2,517000.0,Wed,13227.0,0
2023-01-19,>30 years,Oil,138.0,5,63600.0,HE,Display,7,378000.0,Mon,10807.0,0
2024-09-28,>30 years,Oil,94.0,3,34300.0,BY,Organic,2,180000.0,Sat,19272.0,0
2024-10-05,10-30 years,Gas,105.0,3,31800.0,Other,Paid Social,2,191000.0,Sat,,0
2023-02-04,<10 years,Gas,194.0,8,30000.0,HE,Display,3,563000.0,Thu,19023.0,0
2024-02-14,10-30 years,Oil,167.0,6,36800.0,BY,Organic,3,383000.0,Thu,13806.0,0
2023-10-21,10-30 years,Gas,107.0,4,52600.0,Other,Organic,2,369000.0,Sun,12050.0,0
2024-12-10,10-30 years,Gas,157.0,6,66600.0,BY,Paid Social,1,317000.0,Tue,20675.0,0
2023-02-22,10-30 years,Oil,119.0,5,30000.0,BE,Organic,7,273000.0,Wed,16517.0,0
2024-11-26,10-30 years,Gas,88.0,3,42800.0,NW,Referral,6,210000.0,Sun,10566.0,0
2024-11-26,10-30 years,Gas,108.0,2,47900.0,BE,Referral,3,298000.0,Wed,13766.0,0
2024-09-02,10-30 years,Oil,193.0,8,48000.0,NW,Organic,5,503000.0,Fri,14732.0,0
2023-10-20,>30 years,Gas,83.0,2,48200.0,BY,Display,5,190000.0,Sat,11132.0,0
2023-12-20,10-30 years,Electric,145.0,4,33900.0,Other,Display,5,290000.0,Thu,16566.0,0
2023-01-27,10-30 years,Oil,106.0,3,53900.0,Other,Organic,2,264000.0,Wed,,0
2024-01-13,<10 years,Gas,197.0,8,41100.0,Other,Display,6,609000.0,Thu,15833.0,0
2024-02-03,10-30 years,Oil,142.0,6,98400.0,NW,Display,5,296000.0,Sun,11036.0,0
2024-11-24,>30 years,Gas,191.0,8,93000.0,NW,Paid Social,5,455000.0,Thu,8162.0,0
2024-09-13,<10 years,Oil,121.0,4,42200.0,BY,Display,4,288000.0,Mon,11467.0,1
2023-06-24,10-30 years,Electric,158.0,6,44300.0,NW,Organic,3,363000.0,Thu,16419.0,0
2024-12-24,<10 years,District,124.0,5,120800.0,Other,Organic,2,253000.0,Wed,20007.0,0
2024-02-08,10-30 years,District,96.0,4,33800.0,HE,Comparison Site,2,179000.0,Sun,,0
2024-10-19,10-30 years,Oil,116.0,6,60900.0,BE,Display,7,299000.0,Thu,9214.0,0
2023-12-15,<10 years,Oil,133.0,6,107600.0,BE,Paid Social,3,412000.0,Thu,16270.0,0
2023-04-01,<10 years,Gas,98.0,5,41300.0,BY,Display,2,304000.0,Tue,5000.0,0
2023-07-04,>30 years,Electric,182.0,6,31400.0,BW,Display,2,411000.0,Wed,17768.0,0
2024-12-13,10-30 years,Gas,116.0,4,47900.0,BW,Paid Social,6,258000.0,Sat,,0
2023-01-02,10-30 years,Oil,192.0,6,53400.0,BE,Paid Social,4,457000.0,Fri,13840.0,0
2023-12-18,>30 years,Gas,120.0,4,63500.0,NW,Organic,6,316000.0,Wed,,0
2023-11-07,10-30 years,Gas,136.0,5,62200.0,Other,Display,7,308000.0,Wed,10739.0,0
2024-03-17,>30 years,Gas,117.0,3,69500.0,NW,Display,3,266000.0,Wed,18733.0,0
2023-02-16,>30 years,Gas,149.0,6,30000.0,BW,Display,3,289000.0,Sat,16501.0,0
2024-02-07,10-30 years,Gas,118.0,4,60800.0,Other,Comparison Site,2,208000.0,Sat,14120.0,0
2023-12-18,10-30 years,Gas,114.0,5,44500.0,NW,Organic,3,144000.0,Tue,17813.0,0
2023-12-28,10-30 years,Gas,210.0,8,100300.0,Other,Organic,1,550000.0,Sat,22246.0,0
2023-03-24,>30 years,Gas,197.0,8,80100.0,BW,Comparison Site,5,438000.0,Sat,12315.0,0
2024-03-22,10-30 years,Gas,229.0,8,87800.0,NW,Display,5,599000.0,Sat,8832.0,0
2024-02-25,>30 years,Oil,145.0,4,88500.0,HE,Display,4,336000.0,Fri,11264.0,1
2023-05-01,>30 years,Electric,75.0,3,63000.0,HE,Paid Social,3,198000.0,Sat,9892.0,0
2024-02-22,>30 years,Oil,147.0,4,49300.0,BE,Paid Social,8,388000.0,Thu,12738.0,0
2023-09-20,>30 years,Gas,120.0,6,56000.0,Other,Organic,5,146000.0,Wed,8344.0,0
2024-01-04,>30 years,Gas,131.0,4,86500.0,Other,Display,3,326000.0,Thu,15703.0,0
2024-12-21,>30 years,Gas,148.0,5,53000.0,NW,Organic,6,376000.0,Tue,17087.0,1
2024-04-09,<10 years,District,219.0,7,61500.0,Other,Paid Social,1,562000.0,Tue,11122.0,0
2024-08-21,>30 years,Gas,154.0,6,57300.0,Other,Organic,1,353000.0,Sun,29274.0,0
2023-10-07,>30 years,Oil,233.0,8,53600.0,HE,Display,6,551000.0,Sun,24184.0,0
2024-03-22,10-30 years,Gas,123.0,4,98500.0,HE,Comparison Site,4,325000.0,Wed,15833.0,0
2024-06-16,<10 years,Gas,209.0,8,48300.0,HE,Organic,3,556000.0,Thu,25324.0,0
2023-08-09,10-30 years,Electric,157.0,5,38100.0,BE,Organic,2,408000.0,Thu,17937.0,0
2024-12-05,<10 years,Gas,67.0,2,78300.0,NW,Paid Social,1,217000.0,Mon,28470.0,0
2024-10-14,10-30 years,Gas,157.0,7,56200.0,Other,Paid Social,3,388000.0,Wed,13958.0,0
2024-12-03,10-30 years,District,178.0,6,47400.0,BE,Referral,5,509000.0,Sat,17668.0,0
2023-10-15,>30 years,Gas,85.0,2,49300.0,BY,Organic,5,160000.0,Fri,23605.0,0
2023-11-19,10-30 years,Oil,139.0,5,51900.0,BE,Display,6,431000.0,Wed,,0
2024-11-05,>30 years,Gas,129.0,5,44500.0,NW,Comparison Site,4,316000.0,Fri,14084.0,0
2023-05-12,<10 years,District,189.0,7,111500.0,BY,Display,7,455000.0,Fri,,0
2024-05-23,10-30 years,Electric,132.0,5,92600.0,HE,Organic,7,327000.0,Sun,18097.0,0
2024-03-17,10-30 years,Gas,135.0,4,35700.0,Other,Organic,1,349000.0,Sun,11450.0,0
2023-12-10,10-30 years,District,115.0,3,46700.0,BW,Paid Social,7,309000.0,Thu,13111.0,0
2024-02-13,>30 years,Gas,112.0,4,51700.0,Other,Paid Social,3,279000.0,Fri,16411.0,0
2024-10-01,>30 years,Gas,111.0,4,30000.0,BE,Organic,2,325000.0,Sun,18646.0,0
2024-01-09,>30 years,Oil,102.0,4,45700.0,BE,Paid Social,5,347000.0,Fri,14718.0,0
2024-12-18,10-30 years,Oil,100.0,3,72100.0,Other,Display,2,177000.0,Sat,5000.0,0
2024-04-06,>30 years,Oil,210.0,8,54800.0,Other,Paid Social,6,578000.0,Mon,16600.0,1
2023-11-15,10-30 years,Oil,206.0,8,99500.0,BY,Organic,4,523000.0,Sun,17563.0,1
2023-03-18,<10 years,Gas,196.0,7,70200.0,Other,Comparison Site,2,552000.0,Fri,19425.0,0
2024-01-07,>30 years,District,153.0,5,104800.0,BY,Organic,5,351000.0,Tue,14653.0,0
2023-12-03,>30 years,Electric,133.0,4,78000.0,BW,Display,6,404000.0,Fri,15751.0,0
2024-11-10,10-30 years,Oil,171.0,5,56500.0,HE,Display,1,364000.0,Sun,,0
2024-01-10,>30 years,Gas,209.0,7,39700.0,Other,Organic,6,555000.0,Sat,16652.0,0
2024-12-20,>30 years,Electric,159.0,8,37400.0,BW,Paid Social,3,474000.0,Tue,19601.0,0
2024-01-25,10-30 years,Oil,134.0,5,67700.0,HE,Paid Social,2,370000.0,Sun,18821.0,0
2024-01-23,10-30 years,District,174.0,7,86300.0,BE,Display,1,423000.0,Thu,,0
2023-10-20,>30 years,Gas,284.0,8,63400.0,BE,Paid Social,1,791000.0,Wed,17431.0,0
2024-01-02,>30 years,Oil,118.0,4,71500.0,HE,Organic,2,318000.0,Tue,13511.0,1
2023-09-05,10-30 years,District,108.0,5,78700.0,HE,Referral,5,271000.0,Sat,,0
2024-04-10,10-30 years,Gas,199.0,7,50900.0,NW,Paid Social,5,423000.0,Thu,16905.0,0
2024-10-03,10-30 years,Oil,191.0,8,72300.0,BE,Paid Social,1,449000.0,Fri,18427.0,0
2024-02-03,10-30 years,District,108.0,2,74200.0,NW,Referral,3,423000.0,Fri,24755.0,0
2024-05-09,10-30 years,Oil,162.0,5,38400.0,BY,Paid Social,4,396000.0,Sat,7800.0,0
2024-05-03,10-30 years,Oil,136.0,6,63900.0,BY,Organic,4,315000.0,Tue,22198.0,1
2023-07-19,10-30 years,Gas,100.0,4,70700.0,BE,Comparison Site,7,216000.0,Sun,5953.0,0
2023-12-03,>30 years,Oil,102.0,6,69500.0,Other,Referral,3,308000.0,Wed,14651.0,0
2023-01-02,>30 years,Gas,127.0,3,66800.0,BY,Display,1,340000.0,Wed,11116.0,0
2024-02-12,>30 years,Gas,156.0,6,81900.0,BY,Paid Social,1,454000.0,Thu,,0
2024-10-15,>30 years,Oil,178.0,6,144300.0,BE,Display,2,530000.0,Tue,,0
2024-03-13,>30 years,Gas,134.0,5,64700.0,BW,Paid Social,2,358000.0,Wed,18625.0,0
2024-06-10,10-30 years,District,139.0,5,112700.0,Other,Display,3,343000.0,Thu,,0
2023-09-24,>30 years,Oil,173.0,6,30400.0,NW,Organic,1,433000.0,Fri,5593.0,0
2023-04-02,<10 years,Oil,138.0,5,63400.0,Other,Paid Social,5,362000.0,Sat,,0
2024-07-06,10-30 years,Gas,140.0,4,31900.0,BE,Display,3,346000.0,Fri,12436.0,0
2023-08-13,10-30 years,Gas,197.0,8,48900.0,Other,Display,3,541000.0,Wed,11731.0,0
2023-06-24,10-30 years,Gas,135.0,6,117600.0,BY,Organic,4,349000.0,Sun,11960.0,0
2024-04-28,10-30 years,Gas,125.0,4,82500.0,NW,Display,7,371000.0,Thu,10629.0,0
2023-12-12,>30 years,Electric,126.0,6,62500.0,BY,Organic,2,283000.0,Tue,8337.0,1
2023-10-11,<10 years,Electric,143.0,6,94600.0,BE,Display,5,345000.0,Sun,12632.0,0
2023-12-18,>30 years,Electric,201.0,7,66200.0,BW,Comparison Site,3,459000.0,Sat,14362.0,0
2024-09-20,10-30 years,Oil,167.0,5,51100.0,HE,Comparison Site,3,428000.0,Sat,,0
2023-09-21,>30 years,Oil,145.0,5,30300.0,Other,Display,3,444000.0,Wed,15329.0,0
2023-06-11,10-30 years,Oil,146.0,6,71000.0,BW,Display,1,260000.0,Sat,16609.0,0
2024-02-08,10-30 years,Gas,181.0,8,40700.0,BY,Organic,2,472000.0,Fri,20500.0,0
2023-02-09,10-30 years,Oil,145.0,5,59600.0,BY,Paid Social,2,318000.0,Sat,,0
2023-11-25,10-30 years,Gas,145.0,6,57200.0,Other,Organic,4,397000.0,Fri,18479.0,0
2024-05-15,<10 years,Oil,163.0,6,51500.0,Other,Referral,4,346000.0,Wed,,0
2023-02-23,10-30 years,Gas,121.0,4,68100.0,BW,Display,4,270000.0,Tue,9805.0,0
2023-01-26,<10 years,Oil,228.0,8,123200.0,BY,Organic,3,582000.0,Mon,13776.0,0
2024-06-18,10-30 years,Gas,226.0,8,64000.0,BW,Paid Social,2,536000.0,Sun,15733.0,0
2023-10-28,>30 years,Gas,153.0,5,57800.0,HE,Display,4,302000.0,Tue,24526.0,0
2023-02-05,<10 years,Oil,145.0,5,54700.0,BE,Display,4,382000.0,Tue,13782.0,0
2023-03-16,10-30 years,Gas,115.0,5,60400.0,BE,Paid Social,3,261000.0,Thu,15528.0,0
2024-05-12,>30 years,Gas,153.0,6,91500.0,BY,Paid Social,5,322000.0,Sun,10138.0,0
2023-03-28,10-30 years,Gas,110.0,4,30000.0,BY,Organic,9,285000.0,Fri,18413.0,0
2023-11-26,10-30 years,Gas,144.0,6,54000.0,BW,Organic,5,251000.0,Wed,9769.0,0
2024-03-13,10-30 years,Electric,180.0,7,30000.0,HE,Paid Social,4,375000.0,Fri,,0
2023-10-23,10-30 years,Oil,191.0,8,49500.0,BY,Paid Social,4,546000.0,Sun,,0
2023-07-18,<10 years,Electric,208.0,8,61200.0,BW,Comparison Site,3,519000.0,Thu,,0
2023-09-16,10-30 years,Gas,168.0,7,89700.0,NW,Paid Social,4,433000.0,Tue,12687.0,0
2024-12-26,10-30 years,Gas,115.0,4,81500.0,BW,Organic,1,220000.0,Mon,,1
2024-07-06,>30 years,Oil,209.0,8,102600.0,HE,Organic,4,460000.0,Fri,,0
2024-12-14,>30 years,Gas,188.0,4,52000.0,BW,Paid Social,5,460000.0,Tue,22133.0,1
2024-06-24,>30 years,Gas,134.0,5,41500.0,Other,Comparison Site,1,340000.0,Wed,10889.0,0
2024-08-08,10-30 years,Oil,110.0,4,47300.0,NW,Referral,3,361000.0,Sun,20456.0,0
2024-02-23,10-30 years,Oil,158.0,6,77500.0,NW,Paid Social,6,444000.0,Thu,21308.0,0
2024-03-06,10-30 years,Gas,202.0,8,104600.0,HE,Comparison Site,3,412000.0,Wed,14872.0,0
2024-04-06,10-30 years,Gas,133.0,5,71100.0,Other,Organic,3,377000.0,Sat,15871.0,0
2024-08-03,10-30 years,Oil,156.0,5,49200.0,Other,Paid Social,4,384000.0,Tue,13674.0,0
2024-08-23,>30 years,Gas,174.0,7,34500.0,NW,Organic,1,466000.0,Mon,13338.0,0
2023-04-18,10-30 years,District,92.0,3,54500.0,NW,Referral,3,227000.0,Sat,14394.0,0
2024-09-09,10-30 years,District,125.0,4,78600.0,BY,Organic,4,213000.0,Thu,22392.0,0
2023-11-27,10-30 years,Electric,215.0,8,36100.0,BY,Comparison Site,2,493000.0,Tue,22659.0,0
2023-02-02,>30 years,Gas,73.0,3,133100.0,BE,Paid Social,4,181000.0,Fri,12811.0,0
2024-12-19,10-30 years,Gas,198.0,6,55200.0,NW,Comparison Site,6,527000.0,Mon,17822.0,0
2023-05-06,10-30 years,District,198.0,8,89500.0,Other,Paid Social,4,518000.0,Thu,9604.0,0
2023-01-24,>30 years,Gas,167.0,4,39000.0,HE,Paid Social,3,370000.0,Sat,,0
2024-10-16,<10 years,Gas,156.0,7,49800.0,BY,Paid Social,1,445000.0,Thu,14205.0,0
2024-08-03,10-30 years,Gas,84.0,2,101900.0,BE,Referral,3,198000.0,Sun,15854.0,0
2024-12-20,>30 years,Gas,170.0,8,37300.0,NW,Paid Social,2,370000.0,Sun,17169.0,0
2023-09-11,>30 years,Oil,133.0,4,74600.0,Other,Referral,4,330000.0,Sun,8988.0,0
2023-10-05,<10 years,District,198.0,6,42300.0,NW,Referral,3,404000.0,Sat,13809.0,0
2024-10-18,10-30 years,Electric,163.0,4,41600.0,BY,Organic,3,439000.0,Sat,,0
2023-01-02,10-30 years,Oil,88.0,2,58100.0,NW,Comparison Site,4,251000.0,Fri,,0
2024-03-16,10-30 years,Gas,119.0,4,46000.0,Other,Organic,9,373000.0,Wed,15110.0,0
2023-05-04,10-30 years,Oil,88.0,2,67700.0,Other,Referral,3,255000.0,Tue,14558.0,0
2023-10-14,>30 years,Gas,97.0,4,54500.0,Other,Organic,3,163000.0,Tue,5000.0,0
2023-03-22,10-30 years,Gas,185.0,7,44600.0,Other,Display,5,442000.0,Sun,18490.0,0
2023-05-10,10-30 years,Gas,140.0,6,55600.0,NW,Comparison Site,1,324000.0,Tue,19775.0,0
2023-01-10,10-30 years,Oil,121.0,3,110000.0,HE,Organic,4,283000.0,Thu,20074.0,1
2024-12-19,<10 years,Gas,149.0,5,41200.0,Other,Organic,4,374000.0,Sat,,0
2024-03-02,10-30 years,District,135.0,6,39000.0,Other,Paid Social,3,452000.0,Fri,18839.0,0
2024-11-08,10-30 years,District,156.0,6,40300.0,NW,Paid Social,4,416000.0,Thu,6653.0,0
2024-12-26,>30 years,Gas,235.0,8,40700.0,HE,Organic,2,544000.0,Sat,17345.0,0
2023-10-16,10-30 years,Gas,149.0,6,41500.0,BY,Paid Social,4,479000.0,Thu,5000.0,0
2024-01-22,10-30 years,Electric,195.0,7,35200.0,BE,Referral,5,404000.0,Sat,5431.0,0
2023-12-06,10-30 years,District,74.0,4,85200.0,BE,Referral,3,179000.0,Fri,25296.0,0
2023-02-01,10-30 years,Electric,135.0,5,64200.0,HE,Paid Social,6,358000.0,Sun,15575.0,0
2024-11-27,<10 years,Gas,100.0,5,58700.0,HE,Paid Social,4,224000.0,Mon,16825.0,0
2024-07-12,>30 years,Gas,160.0,6,156400.0,Other,Organic,4,359000.0,Mon,11248.0,0
2023-01-17,>30 years,Gas,181.0,6,75900.0,Other,Display,3,464000.0,Fri,11916.0,0
2024-10-26,<10 years,Gas,185.0,8,200000.0,BW,Organic,3,409000.0,Mon,18244.0,0
2024-02-07,>30 years,Gas,145.0,6,100400.0,HE,Paid Social,4,297000.0,Wed,12231.0,0
2024-02-14,10-30 years,Electric,199.0,8,36800.0,BY,Paid Social,5,486000.0,Tue,14696.0,0
2023-12-05,10-30 years,Gas,163.0,7,35100.0,BW,Organic,4,351000.0,Sat,,0
2023-12-05,10-30 years,Electric,173.0,5,48700.0,NW,Paid Social,3,494000.0,Sun,,0
2024-08-02,10-30 years,Gas,131.0,5,52000.0,NW,Organic,2,300000.0,Sat,12156.0,0
2024-12-07,<10 years,Gas,129.0,5,99800.0,BW,Organic,1,300000.0,Sun,18631.0,0
2024-05-19,10-30 years,Gas,138.0,5,50800.0,HE,Organic,2,313000.0,Mon,,0
2023-08-11,<10 years,Gas,201.0,7,57300.0,BY,Organic,3,568000.0,Tue,,0
2023-03-08,<10 years,Electric,131.0,3,37500.0,HE,Display,8,235000.0,Fri,18947.0,0
2023-01-02,10-30 years,Gas,89.0,5,78000.0,Other,Display,4,246000.0,Fri,13169.0,0
2023-09-26,10-30 years,Electric,142.0,6,92900.0,BW,Organic,4,399000.0,Wed,14088.0,0
2023-12-21,>30 years,District,126.0,3,81600.0,NW,Display,4,324000.0,Sat,13248.0,0
2024-10-06,10-30 years,Electric,192.0,8,63100.0,BY,Paid Social,5,507000.0,Tue,5000.0,0
2023-10-02,<10 years,Oil,156.0,6,90200.0,HE,Paid Social,3,393000.0,Mon,19054.0,0
2023-11-06,10-30 years,Oil,168.0,6,74100.0,Other,Organic,2,431000.0,Sat,,0
2023-02-01,>30 years,Gas,193.0,5,82100.0,BY,Organic,2,526000.0,Wed,12374.0,0
2023-02-13,10-30 years,Oil,162.0,6,43800.0,BE,Paid Social,4,403000.0,Mon,12101.0,0
2023-09-25,>30 years,District,111.0,4,53300.0,BW,Organic,6,262000.0,Tue,10805.0,1
2024-12-12,10-30 years,Gas,166.0,8,76700.0,HE,Display,3,506000.0,Mon,14567.0,0
2023-01-22,>30 years,Electric,198.0,7,49700.0,BE,Display,4,478000.0,Sun,14708.0,0
2024-03-15,10-30 years,Electric,150.0,5,135300.0,BE,Organic,3,362000.0,Wed,11447.0,0
2024-11-21,<10 years,District,153.0,5,70900.0,BE,Paid Social,7,407000.0,Sun,10811.0,0
2024-07-24,10-30 years,Gas,129.0,5,75400.0,NW,Organic,2,260000.0,Sat,15806.0,0
2024-10-08,10-30 years,Gas,158.0,6,91300.0,Other,Display,2,411000.0,Mon,,0
2024-08-28,10-30 years,Gas,169.0,7,66700.0,NW,Organic,3,484000.0,Sun,22982.0,0
2023-01-12,10-30 years,Electric,197.0,8,72300.0,NW,Paid Social,4,518000.0,Mon,,0
2023-11-07,<10 years,Gas,220.0,8,47500.0,NW,Organic,6,562000.0,Thu,6043.0,0
2024-01-24,10-30 years,Gas,171.0,8,52300.0,BY,Display,5,404000.0,Sat,19480.0,1
2024-11-09,>30 years,Gas,211.0,8,59800.0,BE,Organic,4,469000.0,Sun,,0
2023-10-18,>30 years,Gas,164.0,6,38600.0,BY,Paid Social,7,360000.0,Sun,16600.0,0
2023-12-18,10-30 years,Gas,175.0,6,114100.0,HE,Organic,4,401000.0,Thu,16824.0,0
2024-03-05,<10 years,Oil,253.0,8,38000.0,BE,Comparison Site,3,653000.0,Tue,,0
2024-04-10,<10 years,District,147.0,6,39000.0,BY,Referral,4,406000.0,Sun,8311.0,0
2023-11-18,>30 years,Gas,105.0,3,60100.0,NW,Organic,3,227000.0,Wed,12368.0,1
2024-05-05,>30 years,Electric,239.0,8,71800.0,BE,Paid Social,7,703000.0,Sun,20508.0,0
2024-03-03,>30 years,Oil,177.0,7,44800.0,BW,Paid Social,1,466000.0,Sun,15887.0,0
2023-01-23,10-30 years,Gas,104.0,5,48800.0,BY,Organic,6,275000.0,Sat,16592.0,0
2023-01-17,>30 years,Electric,144.0,4,53700.0,NW,Organic,1,406000.0,Thu,13530.0,0
2023-11-17,>30 years,Gas,169.0,6,60700.0,Other,Display,4,356000.0,Thu,14701.0,0
2024-07-17,10-30 years,Oil,121.0,4,77400.0,NW,Referral,2,316000.0,Fri,8424.0,0
2024-08-20,>30 years,Oil,101.0,3,44400.0,HE,Display,4,233000.0,Fri,15315.0,0
2024-11-07,<10 years,Oil,183.0,7,50600.0,BE,Display,1,432000.0,Sun,12963.0,0
2024-06-23,10-30 years,Gas,76.0,2,69700.0,NW,Display,4,247000.0,Wed,24195.0,0
2024-11-07,>30 years,Oil,129.0,5,96000.0,NW,Paid Social,5,327000.0,Mon,15575.0,0
2024-05-01,<10 years,Electric,128.0,5,86300.0,Other,Organic,5,274000.0,Thu,18161.0,0
2023-07-17,>30 years,Oil,110.0,4,69800.0,Other,Organic,6,270000.0,Thu,23386.0,0
2024-03-03,10-30 years,Electric,136.0,4,30000.0,BE,Paid Social,7,393000.0,Tue,17270.0,0
2023-07-20,>30 years,Oil,142.0,6,42200.0,NW,Organic,4,363000.0,Sun,17309.0,0
2024-01-10,10-30 years,Gas,60.0,3,43800.0,NW,Paid Social,6,150000.0,Sun,20091.0,0
2024-12-27,>30 years,Gas,161.0,5,89800.0,HE,Paid Social,6,404000.0,Fri,,1
2024-02-17,>30 years,Oil,183.0,8,39200.0,NW,Display,5,646000.0,Wed,5000.0,0
2024-10-03,10-30 years,Electric,209.0,7,32400.0,NW,Referral,1,537000.0,Fri,17661.0,0
2023-03-12,<10 years,Gas,148.0,6,70000.0,BY,Organic,5,386000.0,Tue,13695.0,0
2023-06-18,>30 years,Gas,64.0,3,73000.0,Other,Paid Social,1,228000.0,Thu,5000.0,0
2024-05-17,10-30 years,Gas,183.0,6,44300.0,Other,Organic,3,453000.0,Mon,17854.0,0
2023-03-24,10-30 years,Oil,153.0,6,50200.0,NW,Comparison Site,3,410000.0,Fri,19435.0,0
2023-10-02,<10 years,Oil,180.0,8,113500.0,BY,Paid Social,4,459000.0,Thu,12362.0,0
2023-10-06,>30 years,Oil,154.0,5,34500.0,BY,Referral,3,394000.0,Mon,,0
2023-07-07,10-30 years,Gas,172.0,8,39500.0,BY,Display,2,392000.0,Fri,20225.0,0
2024-10-05,>30 years,Gas,114.0,4,76500.0,Other,Organic,4,272000.0,Thu,18272.0,1
2023-12-15,>30 years,Electric,104.0,3,62700.0,BY,Referral,8,209000.0,Sun,5000.0,0
2024-06-25,<10 years,Gas,145.0,5,58300.0,BE,Paid Social,1,339000.0,Sun,18540.0,0
2024-10-07,10-30 years,Gas,149.0,5,32200.0,BW,Display,6,315000.0,Sat,25225.0,0
2023-11-24,>30 years,Oil,118.0,3,40800.0,BE,Paid Social,3,211000.0,Sat,18969.0,0
2024-12-10,>30 years,Electric,118.0,4,52900.0,BW,Display,5,255000.0,Mon,27475.0,0
2024-02-08,10-30 years,Gas,117.0,4,127900.0,BY,Paid Social,2,342000.0,Thu,,0
2024-01-16,>30 years,District,197.0,7,48400.0,Other,Comparison Site,7,513000.0,Tue,14405.0,0
2023-12-22,10-30 years,Gas,112.0,4,33100.0,BY,Paid Social,7,297000.0,Wed,17845.0,0
2024-04-20,10-30 years,Gas,171.0,6,50100.0,BY,Organic,3,421000.0,Wed,,0
2024-02-05,>30 years,Gas,118.0,4,44900.0,HE,Paid Social,3,306000.0,Tue,20032.0,0
2024-07-03,10-30 years,Oil,168.0,6,75400.0,BW,Comparison Site,6,552000.0,Thu,13137.0,0
2024-01-22,10-30 years,Gas,205.0,7,30000.0,BE,Referral,3,544000.0,Fri,15129.0,0
2024-07-21,>30 years,Oil,194.0,6,45600.0,Other,Display,3,512000.0,Thu,19452.0,0
2023-01-11,10-30 years,Gas,138.0,4,106000.0,BY,Organic,7,319000.0,Fri,16695.0,0
2024-11-07,<10 years,Gas,161.0,7,76800.0,BE,Organic,5,375000.0,Sat,16783.0,0
2024-10-19,10-30 years,Gas,132.0,6,61400.0,BW,Display,1,370000.0,Sat,21182.0,0
2023-08-11,10-30 years,Oil,188.0,8,47900.0,NW,Display,5,440000.0,Sun,10165.0,0
2023-02-18,10-30 years,Oil,147.0,5,78400.0,Other,Paid Social,2,359000.0,Mon,,0
2024-01-02,>30 years,Electric,204.0,8,77300.0,HE,Comparison Site,1,508000.0,Wed,11756.0,0
2024-01-04,<10 years,Oil,112.0,4,38200.0,NW,Display,1,270000.0,Sat,17936.0,0
2023-12-23,>30 years,Oil,118.0,3,92900.0,BW,Referral,1,156000.0,Sat,15280.0,0
2024-11-11,>30 years,Oil,175.0,8,146300.0,BY,Organic,3,379000.0,Fri,,1
2024-04-27,>30 years,District,167.0,6,51000.0,NW,Display,4,480000.0,Tue,16910.0,0
2024-11-05,10-30 years,Electric,223.0,8,40000.0,NW,Display,1,538000.0,Sun,19004.0,0
2024-02-18,10-30 years,Electric,140.0,4,82600.0,NW,Referral,7,396000.0,Sun,,0
2023-07-03,10-30 years,Oil,128.0,5,86900.0,BW,Display,2,383000.0,Sat,20511.0,0
2024-12-12,>30 years,Oil,127.0,5,53900.0,HE,Display,5,238000.0,Sat,14995.0,0
2024-02-07,10-30 years,Gas,139.0,5,37000.0,BY,Display,3,323000.0,Sun,12704.0,0
2023-07-11,10-30 years,Electric,164.0,6,71300.0,NW,Organic,4,372000.0,Wed,15309.0,0
2023-02-10,10-30 years,Gas,84.0,3,30000.0,Other,Referral,4,179000.0,Mon,17574.0,0
2024-12-16,>30 years,Gas,101.0,4,63300.0,Other,Paid Social,4,230000.0,Fri,20957.0,0
2024-07-20,<10 years,Oil,159.0,6,30000.0,NW,Referral,5,343000.0,Tue,11949.0,0
2023-01-23,>30 years,Gas,165.0,6,50500.0,BW,Referral,4,392000.0,Mon,24940.0,1
2024-12-28,<10 years,District,137.0,5,97000.0,Other,Organic,1,389000.0,Sun,,0
2023-06-25,10-30 years,Electric,168.0,6,141800.0,NW,Display,7,367000.0,Sun,12119.0,0
2024-08-21,10-30 years,Oil,89.0,4,91100.0,NW,Paid Social,3,181000.0,Thu,14385.0,0
2023-03-08,<10 years,Gas,120.0,6,64000.0,BW,Display,1,327000.0,Sun,16244.0,0
2023-03-17,>30 years,Oil,119.0,4,72600.0,BE,Organic,3,326000.0,Wed,16396.0,1
2024-02-06,10-30 years,Gas,115.0,2,65600.0,BE,Organic,1,271000.0,Wed,14728.0,0
2024-01-12,<10 years,Gas,183.0,7,39700.0,NW,Display,4,427000.0,Wed,15631.0,0
2024-08-02,>30 years,District,188.0,8,70900.0,Other,Organic,4,363000.0,Sun,,0
2024-10-17,10-30 years,Gas,60.0,2,52100.0,BW,Referral,1,147000.0,Tue,5819.0,0
2024-01-28,>30 years,Electric,71.0,3,82300.0,NW,Organic,3,143000.0,Mon,13234.0,0
2024-01-17,10-30 years,Electric,155.0,5,94600.0,BY,Display,3,300000.0,Tue,23332.0,0
2024-11-19,10-30 years,District,126.0,5,50100.0,BE,Display,1,347000.0,Sat,10643.0,0
2024-02-18,<10 years,Oil,145.0,6,58100.0,BY,Organic,3,322000.0,Sun,22527.0,1
2024-10-24,>30 years,Oil,163.0,6,66000.0,BE,Referral,6,374000.0,Sun,11023.0,0
2023-11-15,10-30 years,District,221.0,8,65400.0,Other,Display,2,593000.0,Wed,16094.0,0
2024-10-22,>30 years,Electric,147.0,6,144400.0,Other,Referral,5,296000.0,Thu,5417.0,0
2024-03-12,>30 years,Electric,184.0,6,53600.0,BW,Organic,3,421000.0,Sat,12207.0,0
2024-02-28,>30 years,Electric,133.0,5,30000.0,Other,Paid Social,3,387000.0,Tue,16582.0,0
2023-10-23,>30 years,Gas,168.0,6,55100.0,BE,Display,6,351000.0,Sat,17662.0,0
2024-12-22,10-30 years,Gas,178.0,6,128500.0,Other,Organic,2,495000.0,Fri,,0
2024-01-10,<10 years,Gas,129.0,4,70500.0,HE,Referral,1,354000.0,Fri,5045.0,0
2024-07-14,<10 years,Oil,123.0,3,62500.0,HE,Paid Social,8,272000.0,Wed,,0
2024-11-08,10-30 years,Gas,131.0,6,37000.0,HE,Referral,4,385000.0,Wed,16389.0,0
2024-12-21,10-30 years,Oil,185.0,7,56700.0,NW,Referral,6,521000.0,Tue,18463.0,0
2023-03-04,<10 years,Oil,179.0,6,110500.0,NW,Paid Social,4,372000.0,Thu,,0
2024-01-02,10-30 years,Gas,60.0,2,93100.0,BE,Organic,4,90000.0,Wed,10581.0,0
2024-07-15,10-30 years,Gas,133.0,5,106800.0,BE,Paid Social,4,380000.0,Tue,14350.0,0
2023-02-02,<10 years,Oil,167.0,7,36400.0,HE,Paid Social,3,425000.0,Sun,13134.0,0
2023-10-28,10-30 years,District,212.0,6,80500.0,BW,Paid Social,9,381000.0,Mon,16739.0,0
2023-04-28,<10 years,Electric,146.0,6,30000.0,BY,Organic,2,367000.0,Mon,24340.0,0
2024-09-18,10-30 years,Gas,165.0,5,57700.0,HE,Organic,3,441000.0,Mon,22574.0,0
2024-12-18,<10 years,Oil,154.0,7,67900.0,NW,Paid Social,3,464000.0,Thu,18155.0,0
2024-05-07,>30 years,Electric,129.0,4,95900.0,NW,Paid Social,4,268000.0,Thu,11460.0,0
2024-12-03,<10 years,Oil,96.0,2,86900.0,BE,Referral,4,295000.0,Sat,6932.0,0
2024-02-10,>30 years,Gas,100.0,4,99200.0,NW,Organic,3,305000.0,Sat,13254.0,0
2024-11-16,10-30 years,Gas,181.0,6,104900.0,Other,Comparison Site,3,492000.0,Tue,17255.0,0
2023-09-03,10-30 years,Gas,155.0,7,58100.0,HE,Comparison Site,3,406000.0,Sun,12851.0,0
2024-12-07,10-30 years,Gas,121.0,5,35100.0,NW,Organic,3,336000.0,Mon,8968.0,0
2024-02-19,10-30 years,Gas,93.0,4,75000.0,NW,Organic,5,274000.0,Wed,18999.0,0
2024-07-19,<10 years,Oil,181.0,8,84000.0,BW,Organic,1,485000.0,Wed,16140.0,0
2024-02-13,>30 years,Oil,110.0,4,48200.0,BW,Paid Social,2,352000.0,Thu,11527.0,0
2024-01-14,>30 years,Oil,177.0,7,61700.0,BE,Paid Social,1,461000.0,Mon,,0
2023-08-07,>30 years,Gas,145.0,5,78800.0,BW,Paid Social,4,313000.0,Fri,14059.0,0
2024-03-27,10-30 years,Gas,148.0,6,110600.0,NW,Display,6,275000.0,Sat,5000.0,0
2023-01-04,10-30 years,Oil,220.0,8,34100.0,Other,Paid Social,3,511000.0,Wed,10995.0,0
2023-01-28,10-30 years,District,66.0,2,98000.0,NW,Paid Social,3,189000.0,Fri,16459.0,0
2023-10-14,10-30 years,Gas,115.0,4,58500.0,Other,Display,6,273000.0,Fri,18072.0,0
2024-12-19,>30 years,Gas,214.0,8,56100.0,BW,Paid Social,3,473000.0,Wed,10641.0,0
2023-07-05,10-30 years,Gas,187.0,6,98700.0,Other,Paid Social,1,443000.0,Sat,12863.0,0
2024-06-16,>30 years,Oil,140.0,5,48200.0,Other,Paid Social,5,326000.0,Thu,18980.0,0
2023-01-06,10-30 years,District,225.0,8,74200.0,Other,Paid Social,3,629000.0,Mon,,0
2023-04-12,10-30 years,Oil,190.0,8,45400.0,NW,Display,4,463000.0,Sun,16827.0,0
2023-12-02,>30 years,Electric,129.0,6,55100.0,BW,Organic,4,358000.0,Mon,8541.0,1
2024-10-01,>30 years,Gas,107.0,3,108000.0,Other,Referral,4,185000.0,Thu,9083.0,0
2024-09-23,10-30 years,Gas,206.0,6,71000.0,BY,Comparison Site,7,539000.0,Sun,22260.0,0
2023-03-28,10-30 years,Electric,117.0,5,100000.0,HE,Organic,6,268000.0,Thu,19091.0,0
2023-11-12,10-30 years,Gas,160.0,5,30000.0,NW,Display,1,389000.0,Thu,14881.0,0
2024-11-19,<10 years,Gas,210.0,8,101500.0,Other,Display,2,549000.0,Sat,14096.0,0
2024-10-11,>30 years,District,157.0,6,39800.0,NW,Organic,2,415000.0,Tue,15697.0,0
2024-02-08,10-30 years,Gas,150.0,4,46600.0,NW,Organic,1,331000.0,Mon,13747.0,0
2023-11-08,10-30 years,Gas,83.0,3,49800.0,HE,Comparison Site,7,181000.0,Wed,,0
2024-01-09,10-30 years,Gas,190.0,7,69600.0,HE,Display,6,505000.0,Thu,16873.0,0
2023-10-18,10-30 years,Oil,77.0,2,70100.0,NW,Display,2,233000.0,Tue,20157.0,0
2024-10-22,10-30 years,Gas,204.0,8,76500.0,HE,Comparison Site,2,571000.0,Fri,21303.0,0
2024-10-03,>30 years,Gas,83.0,4,69600.0,BW,Paid Social,5,165000.0,Sat,15505.0,0
2024-10-14,<10 years,Oil,117.0,3,70000.0,Other,Organic,6,301000.0,Thu,17548.0,0
2023-04-22,>30 years,District,197.0,8,53000.0,BY,Paid Social,5,526000.0,Fri,16345.0,0
2023-10-07,10-30 years,Gas,208.0,8,65600.0,HE,Organic,2,534000.0,Thu,13422.0,0
2024-09-14,>30 years,Oil,154.0,6,71400.0,BW,Comparison Site,2,405000.0,Wed,14005.0,0
2023-08-05,>30 years,Oil,136.0,5,34000.0,BY,Display,1,372000.0,Wed,19262.0,0
2024-01-02,10-30 years,Gas,156.0,6,74100.0,BE,Display,1,396000.0,Thu,17419.0,0
2023-09-17,<10 years,Gas,71.0,2,65400.0,NW,Referral,1,175000.0,Thu,8702.0,0
2024-07-20,10-30 years,Oil,194.0,8,91300.0,BE,Paid Social,8,525000.0,Mon,12781.0,0
2023-03-09,10-30 years,Oil,125.0,5,109400.0,BY,Organic,1,441000.0,Sat,15957.0,0
2023-12-13,>30 years,Gas,140.0,7,112000.0,Other,Organic,3,276000.0,Wed,11726.0,0
2024-04-05,<10 years,Gas,153.0,6,30000.0,NW,Paid Social,4,369000.0,Tue,18334.0,0
2023-10-19,<10 years,Gas,161.0,6,42400.0,HE,Referral,3,455000.0,Fri,9084.0,0
2023-04-20,10-30 years,Oil,168.0,6,39900.0,BY,Organic,4,426000.0,Sat,17878.0,0
2024-05-08,10-30 years,Oil,199.0,8,60600.0,NW,Display,4,405000.0,Fri,,0
2023-10-09,10-30 years,Oil,201.0,8,46000.0,BE,Organic,9,559000.0,Wed,12173.0,0
2023-10-10,10-30 years,Oil,149.0,7,88500.0,NW,Paid Social,3,348000.0,Fri,20823.0,0
2023-03-25,>30 years,District,179.0,5,45800.0,BE,Organic,3,445000.0,Tue,27560.0,0
2023-05-04,<10 years,District,185.0,8,65000.0,BY,Paid Social,1,463000.0,Thu,12892.0,0
2023-05-14,10-30 years,Oil,80.0,2,43800.0,Other,Organic,3,202000.0,Tue,15511.0,0
2024-02-01,>30 years,Oil,132.0,3,63200.0,BE,Referral,1,298000.0,Wed,15085.0,1
2024-11-12,10-30 years,Gas,114.0,6,30000.0,BY,Comparison Site,2,314000.0,Tue,,0
2023-01-20,>30 years,Gas,151.0,6,45900.0,BW,Organic,2,404000.0,Wed,,0
2024-09-23,>30 years,Oil,200.0,8,30000.0,Other,Paid Social,2,519000.0,Fri,24817.0,0
2024-11-07,>30 years,District,181.0,7,93300.0,BY,Display,1,465000.0,Thu,11577.0,0
2023-05-24,10-30 years,Gas,183.0,8,62700.0,HE,Organic,3,438000.0,Tue,15012.0,0
2023-03-27,>30 years,Electric,134.0,6,57100.0,BY,Display,1,313000.0,Fri,8019.0,0
2023-07-27,>30 years,District,134.0,5,51100.0,BE,Comparison Site,2,223000.0,Thu,23697.0,0
2024-11-16,>30 years,Electric,126.0,4,55600.0,BE,Paid Social,3,277000.0,Sat,,0
2024-08-09,10-30 years,Electric,114.0,4,91500.0,BW,Display,3,149000.0,Tue,12197.0,0
2023-12-23,<10 years,Gas,173.0,7,59900.0,BW,Paid Social,5,369000.0,Mon,15160.0,0
2024-01-24,10-30 years,Gas,128.0,6,51200.0,Other,Display,4,263000.0,Thu,16474.0,0
2023-03-13,10-30 years,Gas,98.0,4,30000.0,Other,Referral,2,216000.0,Sat,5000.0,0
2024-06-28,10-30 years,Electric,162.0,7,48100.0,BY,Paid Social,2,410000.0,Fri,,0
2023-04-08,10-30 years,Gas,153.0,6,57100.0,NW,Referral,6,478000.0,Sat,16302.0,0
2024-01-10,>30 years,Gas,162.0,7,69500.0,Other,Display,9,362000.0,Sun,17071.0,0
2024-09-23,>30 years,Oil,208.0,8,74000.0,HE,Organic,3,462000.0,Thu,13022.0,0
2023-09-14,>30 years,Oil,151.0,6,79600.0,NW,Paid Social,2,373000.0,Fri,21224.0,1
2023-07-23,>30 years,Oil,124.0,4,56600.0,BW,Paid Social,4,374000.0,Thu,,0
2024-08-05,>30 years,District,124.0,7,41700.0,HE,Paid Social,5,321000.0,Tue,,0
2023-01-22,>30 years,Gas,112.0,5,55700.0,Other,Organic,5,206000.0,Sun,22431.0,0
2023-02-11,<10 years,Gas,119.0,4,41000.0,HE,Organic,2,323000.0,Wed,8002.0,0
2023-09-15,10-30 years,Oil,100.0,3,30000.0,Other,Paid Social,4,233000.0,Sun,13552.0,0
2024-10-03,10-30 years,Gas,155.0,6,70700.0,Other,Display,3,376000.0,Mon,15941.0,0
2023-10-05,<10 years,Oil,123.0,3,30000.0,NW,Display,4,326000.0,Sun,14545.0,0
2023-08-08,>30 years,Oil,155.0,5,38600.0,NW,Comparison Site,7,458000.0,Mon,8077.0,0
2024-10-01,<10 years,Oil,135.0,4,58600.0,Other,Display,4,387000.0,Sat,,0
2024-02-12,10-30 years,Gas,146.0,6,115800.0,NW,Display,2,357000.0,Fri,23499.0,0
2024-08-27,<10 years,Electric,220.0,8,45500.0,BE,Paid Social,1,507000.0,Sat,,0
2024-06-28,10-30 years,District,196.0,7,30000.0,HE,Paid Social,3,479000.0,Wed,8991.0,0
2024-06-27,10-30 years,Gas,88.0,2,56200.0,NW,Display,2,136000.0,Mon,13650.0,0
2024-02-20,>30 years,Gas,126.0,6,57600.0,HE,Paid Social,1,221000.0,Tue,20912.0,0
2024-01-19,10-30 years,Oil,74.0,4,40800.0,BE,Paid Social,6,223000.0,Sat,,0
2024-04-06,10-30 years,Gas,134.0,4,54200.0,Other,Comparison Site,1,284000.0,Mon,12813.0,0
2024-07-09,>30 years,Oil,163.0,7,43800.0,Other,Display,2,453000.0,Sat,,0
2024-01-12,>30 years,Gas,193.0,7,68700.0,NW,Paid Social,5,585000.0,Wed,15674.0,0
2023-11-17,10-30 years,District,191.0,7,44400.0,NW,Referral,5,477000.0,Sat,12031.0,0
2024-02-10,<10 years,Gas,163.0,6,44600.0,Other,Organic,1,405000.0,Sat,23906.0,0
2023-05-25,<10 years,District,113.0,3,81900.0,BY,Comparison Site,2,263000.0,Sun,18402.0,0
2024-10-06,>30 years,Gas,184.0,7,54900.0,NW,Referral,3,468000.0,Fri,12007.0,0
2023-12-20,10-30 years,Gas,152.0,6,47100.0,BE,Organic,1,373000.0,Sun,,0
2024-04-24,<10 years,Gas,158.0,7,109500.0,BW,Referral,7,401000.0,Sun,10243.0,0
2024-01-05,<10 years,Electric,228.0,8,68600.0,Other,Organic,3,490000.0,Thu,7790.0,1
2024-05-25,>30 years,Oil,112.0,6,30300.0,Other,Display,6,306000.0,Mon,,0
2024-07-20,10-30 years,Oil,233.0,6,36600.0,HE,Organic,3,543000.0,Wed,28627.0,0
2024-10-10,10-30 years,Gas,222.0,8,57300.0,BW,Display,2,554000.0,Mon,13288.0,0
2024-07-21,10-30 years,Gas,153.0,7,85000.0,BY,Referral,4,391000.0,Fri,13392.0,0
2023-09-20,<10 years,Oil,158.0,7,30000.0,BW,Referral,1,320000.0,Tue,,0
2023-05-26,10-30 years,Oil,122.0,3,36100.0,NW,Paid Social,4,352000.0,Thu,,0
2024-11-22,10-30 years,Gas,158.0,6,103200.0,Other,Display,3,297000.0,Thu,9628.0,0
2023-10-08,10-30 years,Gas,154.0,5,43200.0,NW,Organic,3,324000.0,Tue,14834.0,0
2023-09-14,>30 years,Gas,122.0,5,43300.0,BY,Paid Social,5,316000.0,Tue,12098.0,0
2023-02-02,10-30 years,Gas,121.0,4,33400.0,BE,Paid Social,6,361000.0,Mon,12589.0,0
2023-09-01,>30 years,Electric,140.0,4,74400.0,Other,Referral,5,337000.0,Fri,7679.0,0
2024-03-12,10-30 years,Gas,150.0,5,30500.0,BW,Display,4,392000.0,Thu,9029.0,0
2023-01-26,10-30 years,Oil,81.0,3,57300.0,BE,Display,2,158000.0,Fri,23571.0,0
2024-01-23,10-30 years,Oil,195.0,7,71900.0,BY,Organic,3,366000.0,Thu,7269.0,0
2023-09-22,10-30 years,Oil,130.0,4,61600.0,NW,Paid Social,3,264000.0,Wed,17755.0,0
2024-10-27,10-30 years,Oil,138.0,5,65200.0,BY,Comparison Site,1,256000.0,Fri,11177.0,0
2024-10-17,10-30 years,Electric,157.0,5,46900.0,Other,Referral,6,360000.0,Sun,18912.0,0
2023-10-17,>30 years,Oil,139.0,5,92400.0,Other,Referral,1,408000.0,Mon,11401.0,0
2024-03-20,>30 years,Electric,196.0,6,70300.0,HE,Paid Social,4,518000.0,Sun,5000.0,0
2023-01-12,<10 years,Oil,139.0,6,33700.0,BW,Referral,3,344000.0,Fri,,0
2023-01-27,<10 years,Gas,127.0,5,48600.0,Other,Referral,4,286000.0,Sun,24653.0,0
2024-11-23,<10 years,Gas,175.0,7,128300.0,NW,Paid Social,4,406000.0,Tue,10169.0,0
2024-11-06,>30 years,Gas,180.0,8,69300.0,NW,Display,3,492000.0,Tue,9438.0,0
2024-12-15,<10 years,Gas,250.0,8,79300.0,Other,Organic,4,621000.0,Fri,13788.0,0
2024-10-17,10-30 years,Oil,74.0,4,37100.0,HE,Referral,1,158000.0,Sat,12443.0,0
2023-08-12,10-30 years,Oil,153.0,5,89600.0,BW,Organic,1,439000.0,Fri,11006.0,0
2024-10-03,10-30 years,Oil,177.0,8,30000.0,BW,Paid Social,3,523000.0,Thu,,0
2023-04-19,<10 years,Gas,114.0,4,67800.0,BY,Display,3,247000.0,Sat,18101.0,0
2024-02-08,10-30 years,Oil,206.0,8,52800.0,BW,Paid Social,2,537000.0,Thu,14137.0,0
2023-12-16,<10 years,Gas,123.0,5,53500.0,Other,Paid Social,4,304000.0,Wed,11785.0,0
2023-05-17,<10 years,Gas,155.0,5,90200.0,BW,Organic,2,422000.0,Wed,14989.0,0
2023-09-10,10-30 years,Oil,194.0,7,38200.0,Other,Organic,5,525000.0,Thu,19602.0,0
2023-05-01,10-30 years,Gas,106.0,4,65800.0,BW,Display,5,258000.0,Wed,13458.0,0
2024-12-05,<10 years,Gas,145.0,7,66500.0,Other,Paid Social,4,372000.0,Sat,9307.0,0
2023-04-25,10-30 years,Gas,181.0,7,66200.0,BY,Display,2,334000.0,Wed,,0
2023-02-17,10-30 years,Gas,156.0,6,105400.0,BE,Paid Social,2,448000.0,Mon,11082.0,0
2023-02-01,10-30 years,Gas,177.0,8,58900.0,NW,Comparison Site,4,465000.0,Fri,14988.0,0
2023-06-11,>30 years,Gas,182.0,6,71600.0,BW,Referral,6,458000.0,Mon,,0
2024-01-04,>30 years,Gas,129.0,5,90600.0,BE,Organic,5,274000.0,Mon,17608.0,0
2023-08-13,10-30 years,Gas,215.0,8,44300.0,Other,Comparison Site,4,582000.0,Wed,21727.0,0
2023-04-05,10-30 years,Electric,116.0,4,56200.0,BY,Referral,3,307000.0,Fri,,0
2024-02-01,>30 years,Gas,204.0,6,36000.0,Other,Organic,4,434000.0,Tue,11700.0,0
2023-01-11,<10 years,Oil,164.0,6,74900.0,NW,Organic,10,420000.0,Sun,13320.0,0
2023-11-13,10-30 years,Gas,125.0,5,62500.0,BE,Referral,1,368000.0,Tue,10811.0,0
2023-10-15,>30 years,District,115.0,3,80400.0,HE,Referral,6,297000.0,Mon,15564.0,0
2024-02-07,10-30 years,Oil,161.0,6,58000.0,Other,Organic,3,392000.0,Sun,5339.0,0
2023-02-02,10-30 years,Gas,141.0,5,48100.0,NW,Comparison Site,2,374000.0,Mon,,0
2023-02-13,10-30 years,Gas,170.0,6,69200.0,BW,Comparison Site,3,430000.0,Fri,8086.0,1
2024-12-12,<10 years,Gas,141.0,4,106500.0,Other,Organic,2,260000.0,Sat,19131.0,0
2024-11-06,10-30 years,Electric,153.0,5,75600.0,Other,Paid Social,2,363000.0,Fri,16385.0,0
2023-11-02,10-30 years,Gas,170.0,7,33800.0,BW,Organic,9,351000.0,Mon,11814.0,0
2024-12-24,<10 years,Gas,147.0,5,64600.0,BW,Paid Social,3,481000.0,Wed,,0
2023-01-07,<10 years,District,140.0,6,140200.0,Other,Paid Social,2,392000.0,Sun,,0
2023-03-06,10-30 years,Gas,164.0,7,46000.0,HE,Organic,2,359000.0,Thu,12736.0,0
2024-12-07,<10 years,Oil,135.0,4,49300.0,NW,Paid Social,4,284000.0,Sat,9769.0,1
2024-09-26,10-30 years,Electric,177.0,8,30000.0,Other,Organic,3,513000.0,Sat,15010.0,0
2023-11-05,10-30 years,Electric,168.0,7,57800.0,BY,Comparison Site,5,343000.0,Fri,21145.0,0
2023-03-07,<10 years,Oil,178.0,7,49900.0,NW,Referral,3,364000.0,Fri,15392.0,1
2023-01-01,10-30 years,Electric,178.0,8,72400.0,Other,Referral,1,342000.0,Fri,13382.0,0
2024-03-10,<10 years,District,140.0,5,60100.0,HE,Referral,5,333000.0,Sat,17390.0,0
2023-10-01,10-30 years,District,70.0,2,64500.0,BY,Organic,4,185000.0,Fri,18198.0,0
2024-07-01,10-30 years,Gas,144.0,6,74700.0,Other,Display,3,335000.0,Sun,,0
2024-03-09,10-30 years,Gas,160.0,7,30000.0,Other,Display,7,298000.0,Tue,15208.0,0
2023-03-17,10-30 years,Gas,145.0,6,94700.0,BW,Comparison Site,5,313000.0,Thu,8945.0,0
2023-01-04,10-30 years,Electric,121.0,2,70700.0,BY,Display,4,339000.0,Thu,18391.0,0
2024-12-17,>30 years,Gas,200.0,7,88400.0,BE,Display,5,515000.0,Sat,13560.0,0
2023-09-02,10-30 years,Gas,118.0,5,70800.0,BW,Paid Social,1,274000.0,Sun,20514.0,0
2024-10-04,10-30 years,Gas,123.0,6,70000.0,NW,Paid Social,2,334000.0,Wed,22495.0,0
2023-11-21,>30 years,Oil,132.0,5,55700.0,BY,Paid Social,4,326000.0,Fri,16966.0,0
2023-09-23,10-30 years,Oil,138.0,7,49200.0,BE,Comparison Site,4,379000.0,Sat,11986.0,0
2024-10-07,>30 years,Gas,127.0,5,84800.0,NW,Organic,4,201000.0,Sat,14639.0,0
2024-06-24,>30 years,Oil,149.0,5,71200.0,Other,Organic,2,306000.0,Thu,,0
2024-09-14,10-30 years,Gas,154.0,5,52200.0,NW,Comparison Site,6,401000.0,Wed,,0
2024-11-24,>30 years,Gas,112.0,5,102000.0,HE,Comparison Site,3,317000.0,Thu,7693.0,0
2024-04-08,>30 years,District,106.0,5,55600.0,Other,Display,3,291000.0,Tue,22503.0,0
2023-07-19,>30 years,Oil,179.0,7,70400.0,Other,Referral,5,441000.0,Tue,21115.0,1
2024-12-22,10-30 years,Gas,148.0,5,37800.0,Other,Organic,1,317000.0,Tue,12679.0,0
2024-07-22,10-30 years,District,190.0,7,50100.0,BW,Referral,5,472000.0,Fri,15676.0,0
2023-04-13,<10 years,Gas,176.0,6,38400.0,BE,Paid Social,4,403000.0,Sun,,0
2023-03-13,10-30 years,Oil,138.0,5,38600.0,NW,Referral,2,319000.0,Mon,9359.0,1
2024-04-14,10-30 years,Oil,167.0,5,55300.0,Other,Paid Social,8,458000.0,Tue,5000.0,0
2023-10-19,10-30 years,Gas,180.0,8,48400.0,BW,Display,1,439000.0,Tue,12841.0,0
2024-06-03,>30 years,Oil,118.0,5,87900.0,Other,Paid Social,4,278000.0,Tue,13046.0,0
2024-12-12,<10 years,Gas,89.0,2,46400.0,BW,Display,3,251000.0,Sat,16367.0,0
2023-11-11,>30 years,Gas,112.0,6,72700.0,HE,Organic,2,217000.0,Sun,6711.0,0
2023-06-21,<10 years,Gas,173.0,6,44500.0,BE,Comparison Site,2,369000.0,Mon,15207.0,0
2023-12-11,<10 years,Oil,219.0,7,59600.0,BY,Display,3,631000.0,Mon,24985.0,0
2024-07-10,10-30 years,Oil,149.0,4,38600.0,BY,Paid Social,1,345000.0,Tue,25957.0,0
2024-02-06,<10 years,Oil,201.0,7,78100.0,BE,Display,1,475000.0,Fri,14987.0,0
2023-12-11,>30 years,Electric,187.0,7,108100.0,BY,Display,1,502000.0,Tue,,0
2023-11-26,10-30 years,Gas,122.0,6,37600.0,HE,Referral,5,291000.0,Sun,,0
2023-03-06,<10 years,Gas,147.0,5,75400.0,BY,Display,4,357000.0,Wed,7028.0,0
2023-01-22,<10 years,Gas,176.0,7,113300.0,BW,Display,8,415000.0,Fri,,0
2024-02-15,10-30 years,District,103.0,3,43100.0,BW,Display,4,289000.0,Fri,18646.0,0
2024-02-24,<10 years,Electric,184.0,7,107400.0,BW,Referral,6,384000.0,Mon,5762.0,0
2024-07-06,10-30 years,District,193.0,6,60700.0,HE,Paid Social,3,438000.0,Tue,19172.0,0
2024-11-01,10-30 years,Gas,182.0,6,57200.0,BY,Organic,1,468000.0,Mon,18128.0,0
2024-12-26,<10 years,Oil,145.0,6,53200.0,Other,Paid Social,4,262000.0,Sat,16144.0,1
2024-01-12,10-30 years,Oil,169.0,6,53600.0,BW,Paid Social,3,516000.0,Mon,15450.0,1
2023-10-07,>30 years,Oil,189.0,8,36800.0,BE,Organic,1,467000.0,Mon,18960.0,1
2023-11-01,10-30 years,Oil,91.0,3,47400.0,BW,Referral,4,265000.0,Tue,16201.0,0
2024-07-26,10-30 years,Gas,60.0,2,140800.0,Other,Referral,5,277000.0,Wed,18159.0,0
2023-04-23,10-30 years,Oil,171.0,6,33800.0,BW,Organic,5,456000.0,Tue,17384.0,0
2024-01-28,>30 years,Electric,126.0,5,64200.0,BW,Paid Social,2,348000.0,Fri,14922.0,1
2023-10-03,>30 years,Gas,157.0,5,57900.0,BY,Paid Social,2,385000.0,Mon,18489.0,0
2024-07-03,>30 years,District,158.0,5,56400.0,BW,Paid Social,3,517000.0,Wed,14661.0,0
2023-03-15,10-30 years,Oil,199.0,8,43500.0,Other,Paid Social,1,421000.0,Tue,11842.0,0
2024-12-10,<10 years,Oil,157.0,7,30000.0,BW,Referral,3,395000.0,Thu,8820.0,0
2024-10-18,10-30 years,Oil,171.0,6,66900.0,BW,Paid Social,3,452000.0,Mon,11332.0,0
2024-01-18,>30 years,Oil,169.0,8,46200.0,BW,Organic,5,358000.0,Wed,22633.0,0
2024-04-24,<10 years,Gas,182.0,6,62000.0,Other,Display,10,469000.0,Mon,9926.0,0
2023-03-02,10-30 years,Oil,127.0,4,44400.0,HE,Referral,1,293000.0,Fri,9750.0,0
2024-03-06,>30 years,Gas,162.0,5,73400.0,Other,Display,3,413000.0,Sat,16172.0,0
2023-02-11,10-30 years,District,60.0,2,58400.0,BE,Referral,5,98000.0,Sat,19167.0,0
2023-08-01,10-30 years,Gas,125.0,6,64500.0,Other,Organic,5,266000.0,Sat,24580.0,0
2023-04-20,10-30 years,Gas,191.0,5,73200.0,Other,Referral,1,491000.0,Thu,,0
2024-12-24,<10 years,District,97.0,4,60000.0,NW,Organic,1,219000.0,Thu,13413.0,0
2024-04-22,10-30 years,Gas,101.0,4,43700.0,BY,Referral,2,225000.0,Thu,18647.0,0
2024-02-01,<10 years,Gas,176.0,6,84300.0,BY,Paid Social,3,394000.0,Fri,11874.0,0
2023-11-05,>30 years,Electric,125.0,6,125700.0,NW,Organic,1,313000.0,Wed,14999.0,0
2023-01-23,>30 years,Gas,200.0,7,69400.0,BY,Organic,4,534000.0,Fri,23238.0,0
2024-09-13,10-30 years,Gas,153.0,6,30000.0,NW,Comparison Site,3,341000.0,Tue,11991.0,0
2024-11-02,10-30 years,Gas,211.0,7,42600.0,BW,Paid Social,3,588000.0,Wed,8676.0,0
2023-03-01,10-30 years,Electric,218.0,8,55000.0,BY,Referral,7,607000.0,Tue,5000.0,1
2023-10-03,<10 years,Gas,201.0,8,51300.0,BY,Paid Social,4,578000.0,Mon,13511.0,0
2024-07-17,<10 years,Oil,130.0,4,32000.0,Other,Display,8,332000.0,Wed,19881.0,0
2024-05-10,10-30 years,Gas,105.0,4,44200.0,NW,Display,1,278000.0,Mon,12208.0,0
2024-10-03,>30 years,Gas,201.0,7,59000.0,Other,Display,7,557000.0,Mon,17324.0,0
2024-11-10,>30 years,Gas,149.0,5,65000.0,HE,Comparison Site,5,436000.0,Mon,,0
2024-05-10,10-30 years,District,158.0,4,59400.0,HE,Display,5,322000.0,Wed,,0
2024-03-10,10-30 years,Oil,196.0,7,42000.0,BW,Display,3,546000.0,Thu,18405.0,0
2024-10-01,10-30 years,Gas,105.0,5,36500.0,BW,Paid Social,4,275000.0,Tue,9471.0,0
2024-09-10,10-30 years,Gas,174.0,6,48900.0,BY,Organic,2,428000.0,Fri,,0
2023-03-24,10-30 years,Gas,130.0,5,49000.0,BW,Paid Social,4,289000.0,Sun,,0
2023-01-27,>30 years,Oil,182.0,6,71100.0,BY,Display,1,465000.0,Wed,17884.0,0
2023-05-14,>30 years,Gas,165.0,5,36900.0,HE,Paid Social,3,357000.0,Mon,19237.0,0
2023-11-20,10-30 years,Gas,185.0,6,63700.0,BE,Paid Social,1,397000.0,Mon,16603.0,0
2024-03-28,10-30 years,Electric,133.0,5,58200.0,HE,Referral,4,318000.0,Sat,19471.0,0
2023-04-09,>30 years,Gas,122.0,5,51000.0,HE,Paid Social,5,377000.0,Tue,17793.0,0
2024-06-18,>30 years,Gas,150.0,6,69600.0,BW,Display,4,406000.0,Tue,,0
2023-02-07,10-30 years,Gas,127.0,5,49700.0,BW,Comparison Site,8,327000.0,Mon,5000.0,0
2024-02-16,10-30 years,Gas,125.0,6,89500.0,BW,Display,3,298000.0,Fri,10318.0,0
2023-03-16,>30 years,Gas,122.0,4,79500.0,Other,Paid Social,5,457000.0,Wed,9689.0,0
2023-09-19,10-30 years,Gas,175.0,8,45500.0,NW,Display,2,379000.0,Tue,20205.0,0
2023-12-22,10-30 years,Oil,228.0,8,111400.0,NW,Referral,6,580000.0,Fri,13175.0,0
2024-01-26,10-30 years,Gas,182.0,6,30000.0,HE,Organic,3,440000.0,Tue,5000.0,0
2024-04-01,>30 years,Gas,178.0,7,110700.0,Other,Referral,5,503000.0,Wed,17424.0,0
2024-11-20,10-30 years,Oil,177.0,6,104100.0,HE,Organic,4,492000.0,Tue,8308.0,0
2024-02-25,10-30 years,Electric,113.0,4,38600.0,BW,Comparison Site,2,292000.0,Fri,13515.0,0
2023-04-04,>30 years,Gas,178.0,7,52900.0,Other,Organic,4,523000.0,Sun,8470.0,0
2023-08-25,>30 years,Gas,78.0,4,38300.0,BY,Paid Social,4,218000.0,Fri,,0
2024-01-27,>30 years,Gas,165.0,6,49700.0,Other,Comparison Site,1,387000.0,Sun,23178.0,0
2024-12-01,<10 years,District,179.0,7,103500.0,BE,Organic,2,410000.0,Wed,19714.0,0
2023-01-28,10-30 years,Oil,183.0,8,56100.0,NW,Display,6,413000.0,Wed,,0
2023-11-10,10-30 years,Gas,176.0,5,30000.0,HE,Display,1,419000.0,Fri,13274.0,0
2024-12-09,10-30 years,Gas,100.0,4,80200.0,BY,Organic,3,302000.0,Thu,21970.0,0
2023-10-03,>30 years,Oil,124.0,4,65300.0,BE,Display,3,262000.0,Wed,15815.0,0
2024-10-26,>30 years,Gas,197.0,7,37200.0,Other,Referral,5,499000.0,Sat,16263.0,0
2023-07-23,10-30 years,Oil,165.0,5,111600.0,NW,Comparison Site,2,369000.0,Wed,10311.0,0
2023-02-12,<10 years,District,163.0,5,79000.0,Other,Organic,4,444000.0,Sun,15645.0,0
2023-02-06,<10 years,Gas,129.0,4,52600.0,BY,Referral,6,350000.0,Wed,22568.0,1
2024-12-09,10-30 years,Gas,106.0,5,66100.0,BW,Display,3,300000.0,Sat,13765.0,0
2023-01-01,<10 years,Gas,121.0,4,99200.0,Other,Display,2,294000.0,Sat,12944.0,0
2023-09-05,10-30 years,Gas,94.0,4,75300.0,NW,Display,5,118000.0,Tue,19055.0,0
2024-12-26,10-30 years,Oil,172.0,6,33000.0,Other,Display,4,442000.0,Fri,11588.0,0
2023-07-21,>30 years,Gas,60.0,2,44600.0,BW,Comparison Site,5,178000.0,Thu,18508.0,0
2024-03-04,<10 years,Gas,121.0,3,30000.0,HE,Organic,6,267000.0,Sun,21768.0,0
2024-07-04,10-30 years,Oil,229.0,8,55100.0,BW,Organic,3,573000.0,Sat,16436.0,0
2024-01-12,>30 years,District,141.0,6,30000.0,HE,Comparison Site,6,339000.0,Wed,15662.0,0
2024-11-06,10-30 years,Gas,119.0,5,62300.0,BE,Paid Social,1,269000.0,Fri,10578.0,0
2024-01-18,<10 years,Gas,239.0,8,82700.0,HE,Paid Social,6,577000.0,Wed,5000.0,0
2023-01-18,<10 years,Gas,134.0,6,56400.0,HE,Paid Social,1,413000.0,Sat,7228.0,0
2023-06-01,>30 years,Oil,230.0,8,35900.0,NW,Paid Social,3,541000.0,Fri,22797.0,0
2024-04-20,>30 years,Gas,139.0,4,58600.0,HE,Display,3,330000.0,Fri,7936.0,0
2024-11-02,>30 years,Gas,187.0,4,65600.0,Other,Referral,2,444000.0,Sun,21018.0,0
2024-11-01,<10 years,District,242.0,8,86200.0,NW,Paid Social,2,646000.0,Tue,21613.0,0
2024-05-10,>30 years,Gas,156.0,5,45600.0,HE,Organic,2,398000.0,Mon,,0
2023-02-13,10-30 years,Gas,136.0,5,73100.0,Other,Organic,3,382000.0,Fri,11061.0,0
2023-10-15,10-30 years,Electric,179.0,8,37700.0,BW,Display,4,448000.0,Mon,,0
2024-03-23,>30 years,Gas,110.0,4,41300.0,HE,Organic,6,343000.0,Sun,,0
2023-02-17,10-30 years,Gas,200.0,8,98700.0,NW,Organic,2,484000.0,Thu,14002.0,0
2023-01-14,>30 years,Gas,124.0,5,129400.0,NW,Comparison Site,2,216000.0,Fri,25056.0,0
2023-09-03,>30 years,Oil,88.0,2,44200.0,NW,Display,3,253000.0,Tue,,0
2023-05-17,10-30 years,District,146.0,5,94900.0,HE,Organic,8,415000.0,Sun,18690.0,0
2023-12-08,10-30 years,Oil,133.0,4,78600.0,Other,Display,3,404000.0,Tue,19659.0,0
2023-08-18,10-30 years,Gas,60.0,2,49100.0,BE,Display,2,161000.0,Mon,,0
2023-01-17,>30 years,Gas,151.0,5,57800.0,BY,Referral,1,329000.0,Tue,21953.0,0
2024-11-09,10-30 years,Oil,106.0,4,73500.0,BW,Paid Social,5,356000.0,Tue,11984.0,0
2024-02-04,>30 years,Oil,132.0,5,76600.0,Other,Organic,2,340000.0,Mon,17310.0,1
2023-12-25,<10 years,Oil,106.0,6,102600.0,NW,Paid Social,3,266000.0,Wed,14966.0,0
2024-10-23,10-30 years,Oil,177.0,6,41200.0,NW,Display,5,500000.0,Sat,10968.0,0
2024-07-11,10-30 years,District,150.0,5,84800.0,BW,Comparison Site,2,455000.0,Fri,18164.0,0
2024-12-06,10-30 years,Gas,92.0,2,80700.0,Other,Referral,3,224000.0,Sat,16941.0,0
2024-11-02,>30 years,Gas,207.0,7,108200.0,Other,Organic,2,472000.0,Sun,16424.0,0
2023-02-12,<10 years,Electric,163.0,6,52400.0,BE,Organic,7,439000.0,Mon,11946.0,0
2024-05-16,10-30 years,Gas,130.0,6,93800.0,NW,Paid Social,5,412000.0,Mon,18282.0,0
2024-01-21,10-30 years,Gas,120.0,4,107100.0,NW,Organic,1,288000.0,Sun,5000.0,0
2023-12-14,10-30 years,Oil,148.0,4,67100.0,NW,Display,1,267000.0,Mon,17713.0,0
2024-02-15,10-30 years,Gas,100.0,3,65700.0,NW,Paid Social,2,286000.0,Mon,10794.0,0
2023-09-21,>30 years,Gas,203.0,8,59800.0,BY,Display,6,527000.0,Wed,14249.0,0
2024-12-21,10-30 years,District,196.0,7,84100.0,BY,Organic,6,442000.0,Sun,9481.0,0
2024-02-10,10-30 years,Gas,137.0,6,93900.0,NW,Organic,6,261000.0,Wed,18631.0,0
2024-01-09,10-30 years,Gas,134.0,4,76300.0,BW,Comparison Site,3,337000.0,Thu,,0
2023-02-10,10-30 years,Gas,115.0,5,77900.0,NW,Paid Social,2,324000.0,Thu,8936.0,0
2024-06-06,10-30 years,Electric,161.0,7,45800.0,Other,Comparison Site,2,312000.0,Tue,12345.0,0
2024-11-15,10-30 years,Gas,161.0,6,46200.0,NW,Organic,2,510000.0,Wed,18254.0,0
2023-05-19,<10 years,Electric,179.0,6,36800.0,BY,Referral,4,557000.0,Sat,14615.0,0
2023-09-06,<10 years,Gas,162.0,5,134500.0,BE,Organic,4,343000.0,Sun,14748.0,0
2024-07-16,10-30 years,Gas,114.0,2,51200.0,BW,Display,4,337000.0,Mon,,0
2024-12-11,>30 years,Oil,121.0,5,79000.0,BY,Organic,3,274000.0,Wed,13330.0,1
2024-04-24,<10 years,Gas,156.0,7,40800.0,HE,Paid Social,4,426000.0,Fri,13434.0,0
2024-11-26,10-30 years,Gas,122.0,3,49300.0,BE,Display,4,383000.0,Sun,12120.0,0
2023-07-23,<10 years,Oil,205.0,7,37400.0,BY,Organic,3,603000.0,Wed,16178.0,0
2024-05-02,>30 years,Gas,149.0,5,42600.0,BY,Organic,7,408000.0,Thu,,0
2023-08-28,>30 years,District,92.0,4,61700.0,BW,Referral,3,259000.0,Fri,16610.0,1
2023-07-13,10-30 years,Gas,146.0,6,68100.0,BY,Paid Social,3,331000.0,Sun,,0
2024-09-22,10-30 years,Oil,142.0,5,61000.0,Other,Comparison Site,2,370000.0,Thu,12735.0,1
2024-11-09,>30 years,Electric,204.0,8,43500.0,NW,Organic,4,554000.0,Sat,,0
2024-02-22,<10 years,Gas,152.0,6,55500.0,NW,Display,3,391000.0,Thu,14315.0,0
2023-10-05,>30 years,Gas,174.0,5,85600.0,HE,Organic,3,391000.0,Mon,13210.0,0
2023-01-10,10-30 years,Gas,144.0,6,94600.0,Other,Referral,4,324000.0,Fri,16408.0,1
2023-08-10,<10 years,District,191.0,8,79100.0,NW,Organic,2,506000.0,Sat,16275.0,0
2024-12-06,10-30 years,Oil,203.0,7,68600.0,BW,Referral,3,518000.0,Sat,13943.0,0
2023-04-16,10-30 years,Gas,114.0,4,53100.0,BE,Display,4,208000.0,Thu,16239.0,0
2023-07-09,>30 years,Gas,127.0,3,45800.0,Other,Referral,4,323000.0,Thu,10994.0,0
2023-06-20,>30 years,Gas,142.0,6,58100.0,BE,Display,7,345000.0,Wed,15769.0,0
2024-10-17,10-30 years,Oil,187.0,7,64100.0,NW,Referral,4,514000.0,Thu,12763.0,0
2024-01-08,10-30 years,District,124.0,5,89700.0,BY,Referral,1,332000.0,Tue,16295.0,0
2024-11-18,>30 years,Gas,61.0,2,46900.0,NW,Paid Social,4,177000.0,Sat,19466.0,0
2024-06-19,10-30 years,Electric,182.0,8,40000.0,NW,Display,6,481000.0,Wed,11570.0,0
2023-01-03,10-30 years,Gas,119.0,4,30000.0,Other,Organic,3,317000.0,Tue,9372.0,0
2023-11-22,10-30 years,Electric,137.0,4,92200.0,BW,Paid Social,4,267000.0,Mon,15807.0,0
2023-03-14,10-30 years,Gas,135.0,6,57000.0,NW,Organic,1,397000.0,Thu,15079.0,0
2024-05-21,>30 years,Oil,67.0,2,31900.0,NW,Organic,2,79000.0,Fri,15631.0,0
2024-12-11,10-30 years,District,103.0,2,47500.0,Other,Comparison Site,10,236000.0,Mon,13328.0,0
2024-02-15,10-30 years,Oil,184.0,4,45000.0,BW,Comparison Site,5,510000.0,Fri,,0
2024-02-08,>30 years,District,149.0,4,48700.0,BY,Organic,8,469000.0,Sat,14239.0,0
2024-12-08,<10 years,Gas,188.0,7,76800.0,Other,Referral,2,483000.0,Tue,18265.0,0
2024-05-12,10-30 years,District,215.0,6,39100.0,BY,Referral,2,562000.0,Thu,,0
2024-01-21,>30 years,Electric,85.0,3,83500.0,Other,Comparison Site,5,212000.0,Fri,11524.0,0
2023-08-04,10-30 years,Gas,137.0,5,45500.0,HE,Paid Social,3,456000.0,Tue,6408.0,0
2024-01-09,10-30 years,Gas,146.0,6,43600.0,Other,Comparison Site,3,286000.0,Sun,17073.0,0
2024-09-13,10-30 years,District,211.0,8,37600.0,Other,Referral,3,490000.0,Fri,,0
2024-09-06,>30 years,Gas,107.0,6,57400.0,HE,Display,5,255000.0,Sat,15813.0,0
2024-01-28,10-30 years,Gas,163.0,7,66800.0,HE,Organic,4,444000.0,Wed,17314.0,1
2023-02-19,<10 years,Oil,201.0,8,50600.0,BY,Paid Social,3,539000.0,Sun,10821.0,0
2024-06-26,<10 years,Gas,186.0,7,58300.0,BW,Referral,1,440000.0,Sun,21567.0,0
2024-11-10,>30 years,Electric,170.0,6,53700.0,BE,Referral,2,426000.0,Sun,9812.0,0
2023-03-26,10-30 years,Gas,121.0,6,85100.0,HE,Organic,6,320000.0,Sat,14040.0,0
2024-11-16,>30 years,Gas,194.0,7,54600.0,Other,Paid Social,4,443000.0,Tue,,0
2023-01-01,10-30 years,Oil,86.0,2,61300.0,BW,Organic,4,181000.0,Wed,20938.0,1
2024-12-13,10-30 years,Oil,170.0,8,111200.0,Other,Organic,3,385000.0,Mon,9544.0,0
2024-12-16,>30 years,Electric,81.0,4,175900.0,BW,Organic,1,266000.0,Sat,17433.0,0
2024-10-11,<10 years,Oil,221.0,8,43000.0,Other,Comparison Site,4,555000.0,Sun,,0
2024-01-12,<10 years,Gas,104.0,5,103800.0,BY,Paid Social,4,316000.0,Fri,15045.0,0
2023-04-16,10-30 years,Oil,132.0,5,40600.0,BY,Paid Social,4,383000.0,Sun,7070.0,0
2023-10-11,<10 years,Electric,217.0,8,79600.0,Other,Organic,2,616000.0,Tue,15218.0,0
2024-07-01,10-30 years,District,168.0,7,121800.0,NW,Referral,3,376000.0,Mon,16535.0,0
2024-12-15,>30 years,Oil,121.0,4,76400.0,BE,Organic,3,336000.0,Mon,9816.0,0
2024-03-23,>30 years,Oil,155.0,6,59200.0,Other,Display,4,339000.0,Mon,9165.0,1
2024-12-13,10-30 years,Gas,162.0,5,30000.0,BY,Organic,1,448000.0,Sat,20369.0,0
2024-05-15,>30 years,Electric,167.0,6,47500.0,BW,Paid Social,1,431000.0,Sat,13804.0,0
2024-01-06,<10 years,Electric,142.0,4,46600.0,HE,Paid Social,4,396000.0,Thu,13904.0,0
2024-05-22,10-30 years,Gas,137.0,5,45300.0,NW,Display,4,334000.0,Wed,17753.0,0
2024-06-25,10-30 years,Oil,178.0,7,60300.0,Other,Organic,2,480000.0,Sun,,0
2023-11-25,10-30 years,Oil,140.0,6,66600.0,BW,Paid Social,3,354000.0,Wed,18340.0,0
2023-02-20,<10 years,Gas,107.0,4,30000.0,HE,Organic,3,297000.0,Sat,,0
2023-12-14,>30 years,Oil,137.0,6,30900.0,HE,Organic,4,373000.0,Tue,24465.0,1
2023-11-23,>30 years,Gas,149.0,6,97000.0,Other,Paid Social,2,328000.0,Sat,12262.0,0
2024-05-25,10-30 years,Oil,164.0,3,52000.0,HE,Comparison Site,4,482000.0,Mon,13807.0,0
2023-02-16,<10 years,Gas,158.0,4,46700.0,Other,Referral,3,337000.0,Fri,9027.0,0
2023-12-15,10-30 years,Gas,97.0,4,68100.0,BW,Paid Social,2,252000.0,Wed,,0
2024-03-06,>30 years,Gas,170.0,6,96900.0,HE,Display,1,368000.0,Tue,16693.0,0
2023-12-18,10-30 years,Gas,142.0,5,30200.0,Other,Organic,4,381000.0,Sat,17171.0,0
2024-10-03,10-30 years,Gas,128.0,5,36100.0,Other,Display,3,393000.0,Tue,15781.0,0
2023-04-15,>30 years,Electric,187.0,8,48800.0,BY,Organic,4,508000.0,Tue,18471.0,0
2023-01-27,10-30 years,Gas,121.0,4,101400.0,Other,Organic,3,220000.0,Mon,15651.0,0
2023-11-07,10-30 years,Electric,221.0,7,115900.0,Other,Comparison Site,9,514000.0,Fri,12748.0,0
2023-04-15,10-30 years,Oil,218.0,7,61200.0,Other,Paid Social,3,527000.0,Thu,16449.0,0
2024-11-23,10-30 years,District,190.0,8,70700.0,HE,Paid Social,3,509000.0,Wed,,0
2023-10-05,10-30 years,Gas,123.0,6,46500.0,HE,Organic,2,301000.0,Wed,6158.0,0
2023-01-09,10-30 years,Gas,173.0,5,57700.0,Other,Paid Social,4,456000.0,Tue,11653.0,0
2023-09-23,10-30 years,Oil,161.0,5,60200.0,Other,Comparison Site,6,409000.0,Sun,10998.0,0
2023-01-16,10-30 years,Oil,121.0,4,37600.0,NW,Referral,1,158000.0,Tue,,0
2023-12-27,<10 years,Gas,193.0,7,67500.0,BE,Display,6,391000.0,Sat,16770.0,0
2024-12-17,10-30 years,Gas,150.0,7,81300.0,BE,Referral,5,390000.0,Sat,,0
2023-10-18,10-30 years,Gas,60.0,3,77400.0,Other,Paid Social,3,92000.0,Sun,,0
2024-11-13,>30 years,Gas,209.0,7,40900.0,HE,Organic,4,576000.0,Mon,11134.0,0
2023-05-15,10-30 years,Gas,210.0,8,46800.0,NW,Paid Social,5,468000.0,Sun,,0
2023-10-04,10-30 years,Oil,147.0,6,49900.0,NW,Referral,3,432000.0,Sat,8690.0,1
2024-01-19,10-30 years,Oil,175.0,7,67400.0,Other,Display,4,414000.0,Sun,20575.0,0
2024-11-04,10-30 years,District,164.0,5,65200.0,NW,Paid Social,4,450000.0,Wed,19868.0,0
2024-09-13,10-30 years,Gas,131.0,6,95500.0,BY,Paid Social,6,383000.0,Sun,13458.0,0
2024-11-18,>30 years,Oil,257.0,8,64400.0,Other,Comparison Site,2,662000.0,Mon,16158.0,0
2023-06-05,10-30 years,Gas,125.0,3,99700.0,NW,Organic,3,292000.0,Mon,13805.0,0
2023-09-12,>30 years,Gas,152.0,7,99800.0,BY,Paid Social,2,352000.0,Fri,,0
2024-05-09,<10 years,Oil,105.0,5,47300.0,NW,Paid Social,2,318000.0,Thu,18378.0,0
2023-12-25,<10 years,Electric,184.0,6,62400.0,BY,Referral,4,580000.0,Mon,10706.0,0
2024-10-17,>30 years,District,178.0,5,55700.0,BY,Referral,1,440000.0,Fri,16081.0,0
2023-02-25,10-30 years,Electric,184.0,8,74500.0,BW,Organic,5,444000.0,Wed,17071.0,0
2023-12-05,10-30 years,Gas,101.0,3,74400.0,HE,Paid Social,2,254000.0,Wed,,0
2023-12-23,10-30 years,Gas,161.0,6,74000.0,NW,Referral,3,346000.0,Wed,5000.0,1
2024-07-18,<10 years,Electric,166.0,3,58600.0,BW,Paid Social,4,421000.0,Wed,13555.0,0
2024-11-14,10-30 years,Oil,97.0,3,63500.0,BE,Paid Social,2,217000.0,Thu,20660.0,0
2023-12-26,>30 years,Gas,166.0,7,123200.0,BY,Display,7,294000.0,Wed,7110.0,0
2023-12-26,<10 years,Gas,124.0,4,50500.0,BY,Display,3,294000.0,Wed,22916.0,0
2023-10-14,>30 years,District,138.0,4,49400.0,Other,Paid Social,1,281000.0,Thu,21144.0,0
2023-02-23,10-30 years,Electric,173.0,7,45100.0,BW,Display,4,425000.0,Thu,17053.0,0
2024-01-02,10-30 years,Gas,158.0,5,77700.0,NW,Display,3,442000.0,Tue,14451.0,0
2023-02-03,<10 years,District,120.0,3,70800.0,HE,Organic,6,317000.0,Fri,11280.0,0
2023-04-28,10-30 years,Electric,105.0,3,61900.0,Other,Comparison Site,4,209000.0,Tue,18391.0,0
2024-09-21,<10 years,Gas,143.0,7,49000.0,BW,Comparison Site,4,354000.0,Tue,14233.0,0
2024-11-04,<10 years,Gas,159.0,5,66300.0,Other,Organic,3,420000.0,Fri,,0
2023-12-01,>30 years,Oil,151.0,5,75500.0,Other,Paid Social,7,442000.0,Fri,12825.0,0
2023-08-07,>30 years,Gas,145.0,6,39400.0,Other,Organic,5,454000.0,Sat,13949.0,0
2023-03-20,>30 years,Electric,141.0,3,76800.0,BW,Organic,3,406000.0,Sat,17171.0,0
2024-06-02,<10 years,Electric,207.0,8,36500.0,BY,Paid Social,5,531000.0,Tue,17129.0,0
2024-01-13,>30 years,Gas,158.0,6,129100.0,BY,Organic,7,402000.0,Sun,9047.0,0
2023-07-22,10-30 years,Electric,158.0,5,56600.0,HE,Organic,5,324000.0,Sat,25047.0,0
2024-01-27,>30 years,Oil,141.0,4,100700.0,BW,Organic,3,342000.0,Fri,16586.0,1
2023-06-28,<10 years,Gas,133.0,4,58400.0,Other,Referral,1,376000.0,Mon,13200.0,0
2024-02-12,10-30 years,Electric,225.0,8,101500.0,BE,Organic,4,601000.0,Mon,7183.0,0
2023-09-18,>30 years,Oil,173.0,6,110700.0,Other,Display,6,407000.0,Tue,,0
2024-03-17,10-30 years,Oil,181.0,7,73000.0,BY,Organic,3,514000.0,Sat,,0
2024-01-21,>30 years,Gas,118.0,4,41900.0,HE,Organic,6,346000.0,Tue,10381.0,0
2024-12-10,10-30 years,Oil,190.0,8,43000.0,Other,Comparison Site,1,394000.0,Fri,16500.0,0
2024-03-07,10-30 years,Gas,110.0,3,68600.0,BW,Display,1,142000.0,Sun,8931.0,0
2024-10-10,>30 years,Gas,163.0,6,63000.0,HE,Organic,3,398000.0,Thu,14072.0,0
2024-12-28,10-30 years,Gas,154.0,5,86700.0,BE,Paid Social,3,336000.0,Wed,17377.0,0
2024-02-03,>30 years,Oil,203.0,8,56900.0,NW,Paid Social,1,610000.0,Wed,13372.0,0
2024-10-21,10-30 years,Gas,130.0,4,71900.0,NW,Organic,6,301000.0,Thu,21063.0,0
2024-11-12,<10 years,Gas,172.0,6,60300.0,BW,Comparison Site,5,407000.0,Thu,,0
2024-04-07,10-30 years,Gas,166.0,6,71100.0,NW,Referral,3,407000.0,Thu,13715.0,0
2023-10-23,10-30 years,Electric,119.0,5,68800.0,HE,Paid Social,4,270000.0,Mon,5000.0,0
2024-11-08,>30 years,Gas,171.0,6,82500.0,BE,Referral,7,442000.0,Tue,17830.0,0
2024-11-19,10-30 years,Oil,144.0,7,70000.0,BW,Organic,6,410000.0,Wed,20841.0,0
2024-01-01,10-30 years,Gas,148.0,6,105900.0,NW,Organic,1,350000.0,Fri,22005.0,0
2024-01-25,>30 years,Oil,135.0,6,131400.0,BY,Paid Social,6,368000.0,Sun,7228.0,0
2023-02-18,10-30 years,Electric,152.0,7,92700.0,BY,Paid Social,5,329000.0,Thu,18256.0,0
2024-12-08,>30 years,Gas,152.0,5,58400.0,BY,Organic,6,313000.0,Tue,15776.0,0
2024-07-23,>30 years,Gas,171.0,6,84400.0,NW,Display,6,424000.0,Wed,,0
2023-01-11,<10 years,Gas,163.0,7,82000.0,BE,Referral,1,423000.0,Wed,,0
2023-02-07,<10 years,Oil,185.0,8,46700.0,NW,Paid Social,2,451000.0,Tue,17417.0,0
2023-02-03,<10 years,Gas,183.0,7,131200.0,BW,Organic,3,487000.0,Mon,,0
2024-02-20,>30 years,Oil,210.0,8,97800.0,NW,Paid Social,3,434000.0,Thu,,0
2023-12-03,<10 years,Gas,177.0,7,56600.0,BW,Organic,5,436000.0,Fri,13132.0,0
2024-10-06,>30 years,Gas,156.0,4,61600.0,BY,Organic,4,364000.0,Wed,24579.0,0
2024-06-01,10-30 years,Oil,195.0,8,38000.0,BW,Paid Social,1,507000.0,Sat,15636.0,0
2024-11-01,>30 years,Gas,155.0,5,61000.0,Other,Organic,3,382000.0,Fri,18610.0,0
2024-12-22,>30 years,Electric,162.0,5,73100.0,Other,Organic,3,389000.0,Sun,12299.0,1
2023-03-14,>30 years,District,60.0,2,56200.0,HE,Referral,2,183000.0,Tue,,0
2024-07-15,10-30 years,Gas,114.0,4,38400.0,BY,Paid Social,3,283000.0,Sat,13692.0,0
2024-04-05,10-30 years,Electric,178.0,7,76400.0,BY,Display,4,386000.0,Sat,16649.0,1
2024-10-26,<10 years,Gas,204.0,8,53900.0,Other,Paid Social,3,523000.0,Sun,19716.0,0
2023-09-23,10-30 years,Oil,172.0,6,44000.0,BW,Paid Social,4,463000.0,Sat,11719.0,0
2023-10-27,10-30 years,Gas,174.0,6,70000.0,BE,Paid Social,7,526000.0,Fri,15777.0,0
2024-11-06,>30 years,Electric,177.0,8,38500.0,BY,Paid Social,3,402000.0,Mon,9687.0,0
2023-03-24,>30 years,Gas,151.0,6,62600.0,NW,Display,4,418000.0,Thu,21924.0,0
2023-06-12,<10 years,Electric,112.0,3,97900.0,BE,Organic,2,254000.0,Fri,14182.0,0
2024-05-27,>30 years,Electric,176.0,5,85600.0,BW,Display,4,467000.0,Sat,,0
2023-01-26,<10 years,Gas,100.0,4,72900.0,BY,Display,2,257000.0,Thu,12425.0,0
2024-12-24,<10 years,Gas,170.0,7,61500.0,HE,Comparison Site,3,347000.0,Tue,16149.0,0
2023-02-10,>30 years,Electric,207.0,8,30000.0,Other,Display,1,497000.0,Fri,10773.0,0
2023-03-12,>30 years,Gas,162.0,6,53000.0,BY,Display,3,396000.0,Wed,10498.0,0
2024-11-04,<10 years,District,171.0,6,59900.0,BW,Display,6,462000.0,Sat,17036.0,0
2023-06-03,>30 years,District,194.0,7,81600.0,Other,Comparison Site,2,537000.0,Mon,,0
2023-02-25,>30 years,Oil,144.0,6,42400.0,Other,Referral,2,342000.0,Wed,,0
2023-03-08,<10 years,Oil,210.0,8,74200.0,Other,Display,4,617000.0,Wed,18183.0,0
2024-01-18,10-30 years,Gas,191.0,8,77200.0,BW,Paid Social,4,450000.0,Wed,16705.0,0
2023-10-16,>30 years,Electric,155.0,4,61600.0,Other,Paid Social,3,396000.0,Sat,5000.0,0
2023-12-04,>30 years,Gas,62.0,2,85600.0,HE,Referral,2,159000.0,Fri,,0
2024-02-15,10-30 years,Gas,146.0,4,36600.0,BE,Comparison Site,4,353000.0,Thu,17950.0,0
2024-03-19,<10 years,Gas,145.0,6,41700.0,NW,Comparison Site,6,317000.0,Fri,15293.0,0
2024-09-07,10-30 years,District,163.0,7,62500.0,NW,Organic,5,368000.0,Sat,19339.0,0
2023-01-17,>30 years,Gas,208.0,8,44700.0,BW,Display,1,598000.0,Sat,,0
2023-03-05,10-30 years,Electric,191.0,7,57600.0,BY,Display,4,452000.0,Mon,14072.0,0
2023-06-19,<10 years,Gas,159.0,6,94700.0,HE,Paid Social,4,375000.0,Fri,,0
2024-05-07,>30 years,Gas,140.0,5,30000.0,NW,Organic,6,384000.0,Thu,5000.0,0
2024-12-23,10-30 years,Oil,77.0,2,153200.0,BW,Organic,3,110000.0,Fri,10135.0,0
2024-01-06,>30 years,Gas,181.0,7,77600.0,BE,Paid Social,1,431000.0,Mon,18046.0,0
2023-11-27,>30 years,Gas,165.0,7,62000.0,HE,Organic,1,433000.0,Sat,6491.0,0
2024-01-17,>30 years,Electric,191.0,8,51600.0,BW,Paid Social,5,434000.0,Sat,10414.0,0
2023-01-15,>30 years,Gas,165.0,7,70800.0,BE,Organic,4,436000.0,Mon,9968.0,1
2023-12-13,>30 years,Gas,128.0,4,51000.0,Other,Paid Social,6,301000.0,Sat,,0
2024-08-26,10-30 years,Gas,170.0,4,63600.0,Other,Display,4,375000.0,Sat,28061.0,0
2024-03-09,>30 years,Oil,164.0,5,60800.0,Other,Paid Social,3,490000.0,Sat,,0
2024-01-14,10-30 years,Electric,190.0,6,50100.0,NW,Paid Social,5,456000.0,Wed,,0
2023-05-16,10-30 years,Gas,140.0,5,66100.0,BW,Organic,5,350000.0,Tue,12352.0,0
2024-06-28,<10 years,Gas,126.0,6,47500.0,BE,Display,8,402000.0,Tue,13738.0,0
2024-08-28,10-30 years,Gas,158.0,7,69500.0,Other,Display,1,463000.0,Thu,17553.0,0
2023-02-22,<10 years,Gas,149.0,7,78000.0,NW,Paid Social,1,331000.0,Sat,16667.0,0
2023-02-25,10-30 years,Oil,130.0,5,130700.0,BY,Organic,2,362000.0,Mon,11288.0,0
2024-12-14,<10 years,Gas,129.0,2,63600.0,BE,Referral,1,349000.0,Fri,8512.0,0
2024-01-04,>30 years,Electric,202.0,6,149800.0,BE,Referral,4,467000.0,Fri,15575.0,0
2024-10-05,10-30 years,District,149.0,6,75100.0,Other,Referral,2,359000.0,Fri,5000.0,0
2023-01-07,<10 years,Electric,197.0,6,65600.0,BE,Paid Social,4,591000.0,Fri,18187.0,0
2024-08-01,10-30 years,Gas,237.0,8,42400.0,NW,Organic,1,707000.0,Tue,17560.0,0
2023-04-25,<10 years,Oil,144.0,4,55000.0,NW,Referral,4,383000.0,Mon,12958.0,0
2024-11-14,>30 years,Electric,125.0,3,92000.0,Other,Comparison Site,2,313000.0,Sat,17660.0,0
2024-09-27,10-30 years,Gas,112.0,3,38300.0,BY,Organic,1,332000.0,Mon,19774.0,0
2023-03-24,10-30 years,Electric,196.0,8,44500.0,BW,Display,2,481000.0,Thu,12992.0,0
2023-12-21,>30 years,Electric,148.0,5,59300.0,BY,Paid Social,1,374000.0,Fri,8759.0,0
2024-11-11,10-30 years,Gas,158.0,7,58100.0,HE,Paid Social,3,380000.0,Wed,,0
2023-11-06,>30 years,Gas,139.0,6,93800.0,HE,Display,3,369000.0,Mon,,0
2023-04-22,10-30 years,Gas,150.0,7,97500.0,BW,Paid Social,6,342000.0,Thu,,0
2024-02-18,10-30 years,Gas,259.0,8,37500.0,NW,Referral,1,625000.0,Sat,,0
2024-07-15,10-30 years,Electric,128.0,5,82900.0,BE,Comparison Site,1,260000.0,Tue,,0
2024-04-04,<10 years,District,72.0,3,49200.0,Other,Organic,1,235000.0,Sat,11393.0,0
2024-09-07,<10 years,District,151.0,4,67600.0,BW,Display,2,478000.0,Wed,18240.0,0
2023-05-18,10-30 years,Gas,132.0,5,57700.0,HE,Paid Social,6,292000.0,Thu,20341.0,0
2023-03-28,>30 years,District,181.0,8,82400.0,BW,Paid Social,3,428000.0,Sat,,0
2023-10-15,>30 years,Electric,153.0,5,30000.0,BE,Display,4,408000.0,Tue,19665.0,0
2023-08-26,<10 years,Electric,199.0,6,52200.0,BY,Referral,5,528000.0,Sat,9053.0,0
2023-02-01,10-30 years,District,72.0,2,109200.0,BW,Display,5,228000.0,Tue,,0
2023-02-25,>30 years,Gas,176.0,6,58000.0,NW,Referral,3,424000.0,Wed,14168.0,0
2023-12-17,<10 years,Gas,208.0,8,30000.0,BW,Organic,2,498000.0,Mon,,0
2023-08-12,10-30 years,Gas,138.0,5,45200.0,Other,Paid Social,4,350000.0,Fri,12283.0,0
2023-12-06,10-30 years,Gas,137.0,7,90900.0,Other,Organic,4,287000.0,Tue,22808.0,0
2024-01-01,>30 years,Oil,136.0,6,38600.0,HE,Display,6,307000.0,Mon,13609.0,0
2023-08-03,10-30 years,Gas,132.0,2,48500.0,HE,Display,3,285000.0,Sun,15842.0,0
2023-09-11,>30 years,Gas,197.0,7,76000.0,BW,Display,4,382000.0,Sat,16086.0,0
2024-12-09,10-30 years,Gas,116.0,5,67500.0,BY,Comparison Site,2,251000.0,Fri,9042.0,0
2024-09-14,10-30 years,District,178.0,6,35200.0,BW,Referral,1,464000.0,Tue,16127.0,0
2024-04-17,10-30 years,Gas,92.0,5,30000.0,BY,Paid Social,3,213000.0,Sat,15456.0,0
2023-01-18,10-30 years,Gas,103.0,3,45600.0,NW,Display,2,208000.0,Sat,,0
2024-10-18,<10 years,Gas,157.0,4,65900.0,BE,Display,1,385000.0,Fri,,0
2024-05-05,>30 years,Gas,110.0,3,67200.0,BE,Referral,5,266000.0,Sat,11694.0,0
2024-06-01,<10 years,Oil,108.0,3,99000.0,NW,Organic,3,320000.0,Tue,,0
2024-03-20,>30 years,Oil,200.0,8,30000.0,BY,Referral,2,470000.0,Sun,11410.0,0
2024-10-22,10-30 years,Gas,172.0,7,72500.0,Other,Organic,1,447000.0,Mon,19212.0,0
2024-09-01,10-30 years,Electric,154.0,6,48600.0,NW,Display,4,299000.0,Sat,11614.0,0
2024-12-22,<10 years,Gas,178.0,6,56200.0,HE,Paid Social,2,427000.0,Sun,8826.0,0
2024-07-25,10-30 years,Electric,96.0,4,75800.0,BY,Organic,3,163000.0,Fri,10349.0,0
2023-10-19,10-30 years,Electric,114.0,5,106100.0,BW,Display,1,272000.0,Sat,,0
2023-10-26,>30 years,Electric,161.0,7,59100.0,BY,Referral,2,465000.0,Wed,11452.0,1
2023-02-14,10-30 years,Gas,93.0,3,62500.0,BE,Referral,8,233000.0,Mon,9277.0,0
2023-02-09,10-30 years,Gas,95.0,3,76000.0,BY,Organic,3,285000.0,Wed,13935.0,0
2023-12-21,<10 years,Gas,138.0,6,65800.0,BW,Display,4,367000.0,Fri,16981.0,0
2024-04-10,>30 years,Gas,159.0,4,80300.0,HE,Display,3,373000.0,Fri,8876.0,0
2024-01-27,>30 years,Gas,142.0,4,140700.0,NW,Organic,6,327000.0,Thu,17866.0,0
2024-09-11,10-30 years,Gas,115.0,5,198400.0,BW,Paid Social,3,353000.0,Wed,13022.0,0
2024-07-22,<10 years,Gas,117.0,5,59000.0,Other,Organic,3,341000.0,Sat,12454.0,0
2023-04-17,>30 years,Gas,141.0,5,127900.0,NW,Paid Social,3,416000.0,Sat,21847.0,0
2023-02-03,>30 years,District,181.0,6,51200.0,BE,Display,4,442000.0,Wed,14237.0,0
2023-09-21,10-30 years,Oil,212.0,8,44500.0,Other,Referral,2,508000.0,Wed,19921.0,0
2023-11-27,10-30 years,Gas,154.0,5,30000.0,HE,Referral,6,451000.0,Mon,,0
2024-09-03,>30 years,Electric,74.0,2,64800.0,NW,Organic,4,118000.0,Sat,11114.0,0
2024-02-21,<10 years,District,186.0,6,54700.0,NW,Organic,8,420000.0,Sun,14463.0,0
2024-01-19,10-30 years,Gas,177.0,6,61600.0,BW,Referral,5,429000.0,Sun,17389.0,1
2024-02-26,<10 years,Gas,129.0,4,62900.0,BY,Display,4,308000.0,Mon,,0
2024-10-24,<10 years,Gas,142.0,5,62700.0,NW,Referral,3,279000.0,Tue,,0
2023-06-04,>30 years,Electric,208.0,8,65000.0,BW,Organic,2,561000.0,Thu,9459.0,0
2024-11-17,10-30 years,Gas,214.0,8,30000.0,BW,Display,2,551000.0,Thu,21654.0,0
2023-04-09,>30 years,Electric,119.0,4,37800.0,Other,Referral,3,351000.0,Sat,7488.0,0
2024-07-16,10-30 years,Oil,239.0,8,64100.0,BY,Referral,3,637000.0,Wed,20590.0,0
2024-10-10,>30 years,Oil,169.0,7,32800.0,NW,Organic,4,417000.0,Sun,20013.0,0
2023-03-10,10-30 years,Gas,252.0,8,75000.0,BY,Comparison Site,4,502000.0,Mon,14739.0,0
2024-01-07,<10 years,Gas,97.0,4,49500.0,NW,Paid Social,4,237000.0,Thu,,0
2023-07-20,>30 years,Gas,130.0,6,53100.0,BE,Display,3,219000.0,Fri,14424.0,0
2023-08-09,<10 years,Gas,64.0,2,66700.0,Other,Display,2,84000.0,Thu,13174.0,0
2024-05-08,10-30 years,Oil,143.0,4,84100.0,HE,Organic,3,367000.0,Wed,16065.0,1
2024-12-23,10-30 years,Electric,184.0,7,74700.0,NW,Paid Social,2,390000.0,Mon,14944.0,0
2023-10-11,<10 years,Electric,224.0,8,55300.0,HE,Comparison Site,9,580000.0,Mon,8359.0,0
2023-01-16,<10 years,Gas,122.0,5,71900.0,BW,Organic,6,308000.0,Thu,11453.0,1
2024-03-07,>30 years,Gas,165.0,4,45900.0,BE,Organic,4,385000.0,Fri,,0
2024-01-16,10-30 years,Electric,138.0,6,32800.0,NW,Comparison Site,4,343000.0,Sat,16129.0,1
2024-08-14,10-30 years,District,179.0,8,32000.0,Other,Referral,3,419000.0,Sat,13506.0,0
2023-10-16,10-30 years,Gas,145.0,5,55100.0,BE,Referral,1,364000.0,Wed,,0
2024-02-26,10-30 years,Oil,140.0,5,66100.0,NW,Paid Social,1,358000.0,Mon,8816.0,0
2024-10-09,>30 years,Gas,81.0,2,46100.0,BY,Paid Social,4,322000.0,Fri,11177.0,0
2023-09-12,>30 years,Gas,162.0,5,41800.0,BW,Referral,6,321000.0,Tue,,0
2023-06-05,<10 years,Oil,209.0,7,46500.0,BY,Comparison Site,1,515000.0,Wed,,0
2023-02-04,10-30 years,Electric,100.0,4,46700.0,HE,Organic,3,354000.0,Tue,19400.0,0
2023-12-23,10-30 years,Gas,187.0,6,41800.0,HE,Paid Social,1,457000.0,Fri,14630.0,0
2024-09-26,10-30 years,Oil,154.0,5,66400.0,BW,Paid Social,4,331000.0,Sun,13697.0,0
2023-06-12,10-30 years,Oil,67.0,2,61300.0,BE,Display,3,182000.0,Tue,7096.0,0
2024-11-21,10-30 years,Oil,137.0,5,163300.0,BW,Paid Social,4,317000.0,Mon,21748.0,0
2023-08-20,<10 years,Oil,139.0,6,52100.0,BW,Organic,2,348000.0,Thu,11808.0,0
2024-02-12,10-30 years,Gas,168.0,5,49900.0,BE,Organic,4,409000.0,Mon,11075.0,0
2023-10-08,<10 years,Gas,172.0,7,87200.0,HE,Paid Social,4,380000.0,Sun,5628.0,0
2024-10-26,<10 years,Oil,156.0,7,53900.0,BY,Referral,2,377000.0,Thu,7865.0,1
2023-05-19,>30 years,Oil,178.0,7,35900.0,BE,Referral,3,462000.0,Sat,,0
2024-04-17,10-30 years,Gas,114.0,6,82600.0,BW,Referral,1,167000.0,Sat,21041.0,1
2024-03-15,10-30 years,Gas,143.0,5,51000.0,BY,Referral,4,310000.0,Thu,20585.0,0
2023-10-18,10-30 years,Electric,144.0,5,100700.0,Other,Paid Social,9,261000.0,Fri,10715.0,0
2024-06-21,>30 years,Oil,197.0,8,87000.0,NW,Display,8,508000.0,Thu,,0
2023-02-12,10-30 years,Oil,76.0,5,146300.0,Other,Organic,2,194000.0,Sun,,0
2023-12-05,10-30 years,Oil,174.0,8,47800.0,BW,Organic,5,449000.0,Tue,16790.0,0
2024-02-01,10-30 years,Gas,210.0,8,59600.0,Other,Paid Social,1,550000.0,Thu,7389.0,0
2024-02-26,>30 years,Gas,155.0,6,43800.0,NW,Paid Social,3,291000.0,Sun,15083.0,0
2024-01-14,>30 years,Gas,283.0,8,50900.0,BW,Organic,6,738000.0,Fri,10763.0,0
2024-09-22,10-30 years,Oil,131.0,5,56300.0,BW,Referral,2,300000.0,Wed,11923.0,1
2023-10-21,>30 years,Oil,145.0,4,30000.0,BW,Display,2,326000.0,Mon,5495.0,0
2023-03-21,>30 years,Gas,128.0,5,78500.0,HE,Paid Social,4,271000.0,Wed,15950.0,0
2024-01-21,>30 years,Gas,141.0,5,69600.0,BY,Organic,8,351000.0,Thu,16099.0,0
2024-06-03,>30 years,Gas,175.0,5,168000.0,BW,Display,6,390000.0,Fri,,0
2023-09-09,10-30 years,Oil,135.0,5,67800.0,HE,Comparison Site,10,299000.0,Mon,18677.0,0
2023-12-28,>30 years,Gas,117.0,3,30000.0,NW,Organic,5,348000.0,Wed,,0
2023-05-22,10-30 years,Gas,86.0,3,79200.0,NW,Organic,1,144000.0,Thu,7099.0,0
2024-12-22,10-30 years,Oil,144.0,4,55300.0,BW,Comparison Site,4,405000.0,Wed,11067.0,0
2024-09-27,<10 years,Gas,149.0,5,50500.0,BY,Referral,4,392000.0,Thu,17942.0,0
2023-12-01,<10 years,Gas,138.0,5,57200.0,BW,Display,2,313000.0,Fri,5321.0,0
2023-11-12,<10 years,District,239.0,8,91300.0,NW,Display,7,624000.0,Mon,24263.0,0
2023-11-07,>30 years,Electric,176.0,6,69000.0,NW,Organic,3,508000.0,Thu,12376.0,0
2024-03-05,<10 years,Gas,129.0,4,150000.0,Other,Referral,4,360000.0,Sat,,0
2024-03-25,<10 years,Oil,178.0,6,48900.0,Other,Display,3,416000.0,Sat,,0
2024-05-13,10-30 years,Oil,183.0,8,70400.0,Other,Organic,3,484000.0,Tue,6952.0,0
2023-10-10,10-30 years,District,150.0,4,63600.0,NW,Referral,4,458000.0,Sat,,0
2023-11-03,>30 years,Oil,134.0,5,38400.0,Other,Display,2,307000.0,Wed,,0
2023-04-02,10-30 years,Oil,111.0,4,43800.0,BY,Display,7,315000.0,Fri,13672.0,0
2023-06-23,10-30 years,Electric,205.0,8,84300.0,BW,Paid Social,3,512000.0,Tue,5000.0,0
2024-05-01,>30 years,Gas,144.0,5,53100.0,HE,Paid Social,2,440000.0,Thu,,0
2024-05-05,<10 years,Oil,142.0,6,76800.0,NW,Organic,4,350000.0,Thu,16046.0,0
2023-09-28,>30 years,Gas,195.0,8,58600.0,HE,Organic,4,471000.0,Sun,28475.0,0
2023-01-22,<10 years,District,151.0,4,44000.0,NW,Comparison Site,1,373000.0,Thu,16309.0,0
2024-04-28,>30 years,District,248.0,8,45100.0,NW,Paid Social,2,645000.0,Mon,15885.0,0
2023-02-21,<10 years,Gas,129.0,4,37400.0,Other,Organic,2,332000.0,Wed,,0
2024-07-17,>30 years,Gas,135.0,5,89600.0,Other,Paid Social,2,337000.0,Thu,12666.0,0
2024-12-15,<10 years,Gas,122.0,5,52800.0,BW,Paid Social,6,351000.0,Wed,,0
2023-07-05,<10 years,Gas,117.0,3,41100.0,BE,Referral,3,307000.0,Wed,7959.0,0
2024-03-06,>30 years,Gas,166.0,6,47400.0,NW,Paid Social,5,370000.0,Fri,8961.0,0
2024-02-01,<10 years,Oil,178.0,7,32000.0,HE,Referral,2,476000.0,Tue,14799.0,0
2023-03-26,>30 years,Oil,135.0,7,71900.0,BY,Paid Social,2,287000.0,Mon,,0
2024-12-20,>30 years,Oil,152.0,6,70400.0,BE,Organic,3,420000.0,Fri,16960.0,1
2024-12-23,10-30 years,Gas,158.0,6,81600.0,NW,Organic,2,318000.0,Fri,16043.0,0
2024-01-23,10-30 years,Oil,202.0,7,50200.0,BE,Referral,5,472000.0,Tue,9555.0,0
2024-11-20,>30 years,District,126.0,6,46700.0,BW,Organic,3,262000.0,Tue,,0
2023-03-10,>30 years,Gas,157.0,6,63000.0,BW,Display,2,401000.0,Sun,12799.0,0
2024-01-19,10-30 years,Gas,167.0,5,55600.0,NW,Display,1,384000.0,Sat,,0
2024-07-19,10-30 years,Gas,166.0,5,37400.0,Other,Paid Social,7,408000.0,Mon,18636.0,0
2023-10-14,10-30 years,Gas,153.0,4,100100.0,Other,Referral,4,385000.0,Sun,20583.0,0
2024-09-01,10-30 years,Electric,191.0,7,49800.0,HE,Paid Social,5,455000.0,Wed,16934.0,0
2024-08-13,10-30 years,Gas,122.0,6,107900.0,NW,Organic,1,267000.0,Thu,27005.0,0
2023-03-21,>30 years,Electric,143.0,6,34900.0,BY,Organic,4,356000.0,Wed,13146.0,1
2023-11-22,>30 years,Electric,126.0,6,89400.0,BE,Display,4,237000.0,Wed,18205.0,0
2023-06-21,>30 years,Gas,124.0,3,59700.0,BY,Paid Social,5,379000.0,Sun,,0
2024-02-08,10-30 years,Gas,155.0,6,63200.0,NW,Display,4,444000.0,Fri,7363.0,0
2023-11-25,10-30 years,Oil,190.0,8,182000.0,HE,Paid Social,6,412000.0,Sat,16221.0,0
2024-11-19,>30 years,Electric,119.0,5,45600.0,BW,Organic,6,244000.0,Tue,,0
2024-05-09,>30 years,Gas,187.0,7,76200.0,Other,Organic,1,454000.0,Thu,19969.0,0
2024-12-17,10-30 years,District,137.0,4,92100.0,Other,Paid Social,7,274000.0,Sat,,0
2024-03-04,<10 years,Oil,112.0,4,85200.0,BW,Paid Social,5,358000.0,Sat,,0
2023-09-23,10-30 years,Gas,124.0,5,58400.0,Other,Comparison Site,1,270000.0,Thu,15698.0,0
2024-08-24,10-30 years,Oil,188.0,8,50700.0,NW,Paid Social,1,440000.0,Mon,19996.0,0
2023-11-17,<10 years,Gas,108.0,5,65200.0,BW,Comparison Site,9,260000.0,Fri,12376.0,0
2023-03-25,10-30 years,Gas,230.0,8,87600.0,HE,Display,3,591000.0,Tue,21711.0,0
2024-08-04,10-30 years,Oil,156.0,6,83800.0,Other,Organic,3,343000.0,Sat,18056.0,0
2024-08-24,>30 years,Gas,82.0,2,48800.0,Other,Organic,3,234000.0,Tue,25017.0,0
2023-09-07,10-30 years,Gas,109.0,3,54800.0,BE,Comparison Site,1,242000.0,Tue,,0
2023-03-12,10-30 years,Gas,183.0,7,59800.0,NW,Organic,4,390000.0,Fri,13935.0,0
2024-12-25,>30 years,Gas,92.0,2,72700.0,BY,Paid Social,3,280000.0,Mon,13429.0,0
2023-10-02,10-30 years,Gas,176.0,5,72800.0,HE,Organic,2,509000.0,Mon,16330.0,0
2024-12-24,>30 years,Oil,103.0,4,54400.0,HE,Organic,4,221000.0,Sat,20507.0,0
2024-10-16,>30 years,Gas,165.0,6,97300.0,BW,Comparison Site,4,308000.0,Wed,19329.0,0
2023-05-04,>30 years,Gas,203.0,7,48000.0,BY,Organic,5,572000.0,Thu,14245.0,0
2024-12-11,10-30 years,Gas,165.0,6,97300.0,NW,Referral,5,469000.0,Fri,5000.0,0
2024-09-01,<10 years,Gas,184.0,6,69000.0,Other,Organic,5,375000.0,Mon,8139.0,0
2023-04-22,10-30 years,Gas,179.0,8,91100.0,HE,Display,7,448000.0,Tue,17611.0,0
2023-10-27,>30 years,Electric,104.0,4,100900.0,BY,Paid Social,2,335000.0,Thu,16793.0,0
2024-07-13,10-30 years,Oil,102.0,3,44300.0,NW,Display,4,315000.0,Mon,,0
2023-02-27,10-30 years,District,80.0,3,40000.0,BW,Referral,1,203000.0,Mon,14751.0,0
2023-01-06,<10 years,Gas,162.0,5,117100.0,BW,Display,6,322000.0,Sun,19219.0,0
2024-11-27,10-30 years,Electric,146.0,5,116400.0,HE,Organic,3,431000.0,Thu,10216.0,1
2023-12-18,>30 years,Oil,110.0,4,69000.0,BW,Display,3,277000.0,Sun,11850.0,1
2023-12-08,<10 years,Oil,163.0,7,60400.0,Other,Display,2,418000.0,Tue,5000.0,0
2023-03-26,10-30 years,Gas,214.0,8,33200.0,Other,Referral,2,574000.0,Mon,,0
2024-03-19,<10 years,Gas,178.0,7,53400.0,Other,Organic,6,435000.0,Thu,12039.0,0
2023-11-01,>30 years,Electric,205.0,8,49500.0,Other,Display,2,511000.0,Tue,,0
2023-04-25,>30 years,Oil,135.0,5,81700.0,HE,Organic,2,336000.0,Sat,,1
2023-02-16,10-30 years,Oil,157.0,5,70900.0,BW,Display,8,344000.0,Mon,7619.0,0
2024-04-07,<10 years,Gas,163.0,6,120200.0,NW,Paid Social,2,425000.0,Thu,17537.0,0
2023-04-16,10-30 years,Gas,184.0,7,30000.0,BY,Organic,4,487000.0,Tue,13833.0,0
2023-11-22,10-30 years,District,89.0,4,76500.0,BY,Organic,4,245000.0,Fri,18993.0,1
2024-01-16,10-30 years,Gas,210.0,8,46700.0,NW,Display,5,477000.0,Mon,11007.0,0
2023-10-27,10-30 years,Electric,159.0,5,59000.0,NW,Referral,3,424000.0,Thu,,0
2023-02-24,>30 years,Gas,202.0,8,89400.0,BE,Paid Social,2,465000.0,Sat,,0
2023-01-03,>30 years,Electric,192.0,7,55100.0,BW,Display,4,483000.0,Fri,13169.0,0
2024-04-22,<10 years,Gas,64.0,2,200000.0,NW,Referral,3,179000.0,Wed,21899.0,0
2023-04-09,<10 years,Gas,163.0,8,51800.0,Other,Display,2,388000.0,Wed,11523.0,0
2023-05-07,10-30 years,Gas,170.0,5,50600.0,BY,Display,4,387000.0,Tue,19686.0,0
2024-07-17,10-30 years,Oil,141.0,4,30000.0,HE,Display,2,280000.0,Wed,7560.0,0
2023-04-03,10-30 years,Gas,150.0,6,69900.0,HE,Organic,5,305000.0,Tue,5934.0,0
2023-10-23,>30 years,Oil,115.0,4,61600.0,NW,Comparison Site,4,251000.0,Sat,20157.0,1
2023-04-13,<10 years,Gas,144.0,5,33500.0,BW,Paid Social,1,401000.0,Fri,17653.0,0
2024-01-22,>30 years,District,137.0,3,50500.0,Other,Organic,3,397000.0,Sun,10303.0,0
2023-06-16,10-30 years,Gas,129.0,4,78300.0,HE,Referral,5,416000.0,Tue,23573.0,0
2023-06-05,>30 years,Gas,135.0,5,37200.0,HE,Referral,5,400000.0,Tue,,0
2023-10-17,10-30 years,District,60.0,3,44000.0,Other,Referral,2,136000.0,Fri,,0
2023-01-17,>30 years,Oil,129.0,5,65000.0,BW,Paid Social,2,313000.0,Fri,,0
2024-10-24,<10 years,Oil,114.0,4,75500.0,NW,Paid Social,3,289000.0,Fri,7400.0,0
2023-02-22,>30 years,Gas,117.0,7,101600.0,BE,Referral,5,360000.0,Fri,10773.0,0
2023-11-27,<10 years,District,95.0,4,200000.0,Other,Comparison Site,8,159000.0,Thu,21108.0,0
2023-10-04,10-30 years,Electric,141.0,6,55100.0,BW,Organic,1,355000.0,Tue,9810.0,0
2023-10-09,<10 years,Electric,115.0,2,30000.0,BE,Comparison Site,2,252000.0,Tue,12457.0,0
2024-11-23,<10 years,District,114.0,4,30400.0,Other,Organic,4,271000.0,Sun,23780.0,0
2023-11-05,<10 years,Oil,155.0,5,200000.0,BE,Referral,10,376000.0,Wed,14121.0,0
2023-04-06,<10 years,Gas,215.0,8,55900.0,NW,Referral,1,561000.0,Sun,19493.0,0
2024-01-21,10-30 years,Gas,155.0,4,116600.0,Other,Display,6,326000.0,Sun,6592.0,0
2023-11-05,>30 years,Electric,193.0,8,82100.0,Other,Paid Social,2,480000.0,Tue,25302.0,0
2023-11-13,10-30 years,Electric,146.0,6,34700.0,BE,Organic,3,306000.0,Mon,8931.0,0
2024-12-11,>30 years,Oil,249.0,8,44500.0,BE,Organic,1,579000.0,Sun,5000.0,0
2024-07-26,<10 years,Gas,105.0,4,149300.0,NW,Paid Social,4,287000.0,Mon,15281.0,0
2023-10-05,10-30 years,Electric,70.0,4,46000.0,BY,Organic,5,126000.0,Mon,12203.0,0
2023-03-08,<10 years,Oil,186.0,8,69900.0,HE,Display,3,514000.0,Mon,23034.0,0
2023-02-04,<10 years,Gas,179.0,7,60300.0,BW,Organic,5,408000.0,Sat,22018.0,0
2023-08-03,<10 years,Gas,78.0,2,30000.0,Other,Organic,2,199000.0,Tue,13583.0,0
2023-07-18,10-30 years,District,144.0,5,141400.0,Other,Paid Social,2,383000.0,Sun,16731.0,0
2024-02-28,<10 years,Gas,222.0,7,34600.0,BY,Organic,3,560000.0,Fri,11561.0,0
2024-10-10,>30 years,Gas,186.0,6,60100.0,HE,Paid Social,1,466000.0,Wed,18385.0,0
2023-12-19,10-30 years,Gas,88.0,4,40900.0,BY,Display,3,247000.0,Sat,19297.0,0
2023-09-15,>30 years,Gas,69.0,4,89800.0,NW,Paid Social,2,197000.0,Sun,,0
2023-10-19,>30 years,Gas,215.0,5,63500.0,HE,Referral,1,535000.0,Sun,12897.0,0
2023-10-04,10-30 years,Electric,116.0,4,107900.0,NW,Paid Social,7,315000.0,Fri,14993.0,0
2023-03-01,>30 years,Gas,189.0,7,145100.0,Other,Referral,5,361000.0,Sat,5000.0,0
2023-10-27,<10 years,Electric,178.0,6,93000.0,Other,Referral,2,465000.0,Sun,14899.0,0
2023-04-04,>30 years,Gas,149.0,5,73800.0,HE,Referral,7,394000.0,Sun,9087.0,0
2024-01-15,10-30 years,District,120.0,4,46700.0,HE,Organic,2,300000.0,Tue,17957.0,0
2023-10-19,10-30 years,Gas,210.0,8,50000.0,BW,Organic,6,490000.0,Sat,11323.0,0
2023-11-21,10-30 years,Oil,60.0,3,84700.0,NW,Display,2,140000.0,Wed,5426.0,0
2024-04-28,>30 years,Gas,194.0,8,60400.0,Other,Paid Social,3,490000.0,Sat,7486.0,0
2023-06-16,>30 years,Gas,137.0,6,112100.0,Other,Referral,6,330000.0,Sat,11355.0,0
2024-12-27,<10 years,Gas,120.0,6,112700.0,Other,Comparison Site,4,282000.0,Sun,16749.0,0
2023-12-13,10-30 years,Oil,145.0,5,69000.0,BW,Organic,4,353000.0,Sat,18666.0,0
2024-12-18,>30 years,Gas,195.0,8,43400.0,NW,Display,3,462000.0,Sat,,0
2024-12-08,>30 years,Electric,100.0,4,55800.0,BW,Display,3,198000.0,Sun,,0
2024-10-02,<10 years,Gas,163.0,7,87800.0,Other,Referral,2,519000.0,Sun,17286.0,0
2023-01-23,10-30 years,Gas,174.0,6,37600.0,BE,Paid Social,3,386000.0,Sat,8331.0,0
2023-10-19,>30 years,Gas,142.0,4,90400.0,Other,Paid Social,5,348000.0,Mon,7261.0,0
2024-11-22,>30 years,Oil,106.0,3,43500.0,HE,Comparison Site,2,283000.0,Sat,,0
2024-12-09,10-30 years,Gas,117.0,3,47300.0,BW,Comparison Site,4,329000.0,Sat,27928.0,0
2023-04-06,>30 years,Gas,221.0,8,44600.0,HE,Display,4,486000.0,Sun,9145.0,0
2023-12-27,10-30 years,Oil,188.0,7,36900.0,Other,Organic,2,533000.0,Tue,16752.0,0
2024-10-14,>30 years,Gas,174.0,8,106600.0,BW,Referral,2,484000.0,Fri,16305.0,0
2024-09-05,10-30 years,Oil,235.0,8,68700.0,Other,Paid Social,6,555000.0,Wed,16371.0,0
2023-10-24,10-30 years,Gas,118.0,3,43000.0,HE,Comparison Site,2,277000.0,Sat,9936.0,0
2024-06-09,>30 years,Oil,149.0,4,48500.0,BW,Referral,4,345000.0,Tue,26525.0,0
2023-02-12,<10 years,District,152.0,6,106400.0,BE,Comparison Site,2,363000.0,Sun,13010.0,0
2024-03-01,>30 years,Gas,199.0,8,54200.0,BW,Organic,2,490000.0,Sat,16013.0,0
2024-02-09,10-30 years,Gas,85.0,4,81200.0,BY,Paid Social,5,164000.0,Tue,5261.0,0
2024-02-28,>30 years,Electric,153.0,5,55200.0,BW,Organic,4,402000.0,Thu,5000.0,1
2024-03-14,10-30 years,Oil,150.0,4,83000.0,HE,Comparison Site,4,369000.0,Sun,21790.0,0
2024-12-18,10-30 years,Gas,183.0,7,43500.0,BY,Display,2,503000.0,Tue,13175.0,0
2023-08-16,>30 years,Oil,133.0,5,40600.0,BY,Organic,2,359000.0,Sat,16981.0,0
2023-01-13,>30 years,Gas,199.0,6,58000.0,HE,Organic,4,446000.0,Sat,26898.0,0
2023-12-25,10-30 years,Electric,166.0,7,79600.0,BW,Display,4,407000.0,Thu,15317.0,1
2023-09-22,10-30 years,Oil,119.0,3,50300.0,HE,Display,3,265000.0,Sat,10358.0,0
2023-11-13,10-30 years,Oil,173.0,6,55200.0,BE,Organic,4,408000.0,Sun,16454.0,0
2023-04-22,10-30 years,District,145.0,7,64000.0,Other,Paid Social,3,395000.0,Tue,13025.0,0
2023-11-16,>30 years,Oil,170.0,8,48100.0,BE,Referral,4,474000.0,Wed,23476.0,0
2024-04-23,10-30 years,Oil,103.0,4,45600.0,BE,Paid Social,3,278000.0,Sun,7794.0,0
2024-04-07,>30 years,District,139.0,6,64600.0,BE,Organic,3,370000.0,Wed,5000.0,0
2024-12-13,10-30 years,Gas,191.0,8,101300.0,BW,Display,4,528000.0,Tue,15786.0,0
2024-06-08,<10 years,Gas,206.0,8,45100.0,NW,Display,2,612000.0,Sun,14319.0,0
2023-12-28,<10 years,Gas,168.0,8,53600.0,HE,Organic,1,335000.0,Mon,16256.0,0
2023-12-14,10-30 years,District,141.0,6,71700.0,BE,Comparison Site,5,344000.0,Sun,,0
2023-04-22,10-30 years,Oil,128.0,6,65300.0,BY,Paid Social,3,223000.0,Tue,17372.0,0
2023-01-01,10-30 years,Gas,122.0,6,105000.0,BE,Referral,6,272000.0,Mon,,0
2023-08-28,>30 years,Gas,122.0,3,59400.0,NW,Paid Social,3,287000.0,Wed,14857.0,0
2023-05-03,10-30 years,Gas,116.0,4,34700.0,BE,Paid Social,1,306000.0,Mon,14033.0,0
2024-10-03,>30 years,Gas,147.0,5,37400.0,BY,Organic,3,410000.0,Tue,5239.0,0
2023-12-23,>30 years,District,127.0,4,99900.0,NW,Referral,7,308000.0,Sat,9810.0,0
2024-03-01,<10 years,Oil,172.0,5,36800.0,Other,Organic,4,428000.0,Sun,10221.0,0
2023-11-05,>30 years,District,164.0,5,56400.0,Other,Organic,2,355000.0,Wed,11672.0,0
2024-10-15,10-30 years,Gas,194.0,7,38800.0,Other,Organic,3,433000.0,Sat,19307.0,0
2024-05-28,10-30 years,Oil,173.0,5,60600.0,BY,Display,5,424000.0,Tue,10133.0,0
2023-11-12,10-30 years,Gas,184.0,6,66800.0,Other,Display,1,416000.0,Tue,,0
2023-01-25,>30 years,Electric,117.0,2,68200.0,BE,Paid Social,7,321000.0,Thu,15185.0,0
2024-01-28,>30 years,District,170.0,7,57300.0,HE,Display,1,404000.0,Wed,9491.0,0
2023-05-24,10-30 years,District,160.0,6,34600.0,BW,Organic,5,412000.0,Fri,6631.0,0
2024-07-28,<10 years,Oil,71.0,2,47900.0,BW,Paid Social,4,179000.0,Sun,16391.0,0
2023-12-11,10-30 years,Gas,148.0,5,46900.0,Other,Referral,1,386000.0,Sat,,0
2023-09-18,<10 years,Oil,110.0,5,89100.0,BE,Display,2,336000.0,Mon,10897.0,0
2024-08-07,10-30 years,Gas,89.0,2,47400.0,BY,Referral,5,241000.0,Sun,,0
2024-08-03,>30 years,Gas,138.0,4,30000.0,NW,Organic,2,344000.0,Wed,15793.0,0
2023-12-11,10-30 years,Gas,125.0,6,84400.0,BE,Organic,3,322000.0,Thu,14527.0,1
2023-06-04,<10 years,Gas,120.0,2,72700.0,BW,Paid Social,5,287000.0,Mon,7748.0,0
2024-05-20,10-30 years,Oil,92.0,3,46600.0,BE,Organic,4,256000.0,Thu,8292.0,0
2024-11-22,10-30 years,Gas,221.0,8,36300.0,NW,Paid Social,5,587000.0,Fri,17591.0,0
2023-07-15,10-30 years,Gas,100.0,4,49800.0,BW,Paid Social,1,216000.0,Mon,17481.0,0
2024-02-22,10-30 years,Gas,137.0,4,59800.0,BY,Paid Social,2,404000.0,Sun,18367.0,0
2023-11-14,>30 years,Oil,177.0,8,76000.0,NW,Paid Social,2,463000.0,Wed,5013.0,0
2023-08-26,>30 years,Oil,189.0,8,121900.0,HE,Organic,3,532000.0,Sun,5000.0,0
2024-01-02,10-30 years,Gas,106.0,6,67800.0,NW,Display,2,250000.0,Fri,17316.0,0
2024-11-19,10-30 years,Electric,141.0,7,78400.0,BW,Organic,3,357000.0,Sat,16657.0,1
2023-07-07,<10 years,Oil,172.0,6,31700.0,Other,Referral,7,409000.0,Wed,,0
2023-01-10,>30 years,Gas,162.0,6,38600.0,HE,Referral,6,433000.0,Wed,11241.0,0
2024-03-28,10-30 years,Oil,165.0,6,93200.0,BY,Display,4,442000.0,Tue,9817.0,0
2024-07-05,>30 years,Oil,102.0,2,35500.0,BE,Paid Social,2,178000.0,Mon,15329.0,0
2023-08-23,>30 years,Gas,117.0,4,44200.0,NW,Organic,1,204000.0,Fri,18332.0,0
2023-09-11,10-30 years,Oil,144.0,5,69700.0,NW,Comparison Site,2,416000.0,Wed,18178.0,0
2024-05-16,>30 years,Oil,138.0,3,69600.0,BY,Referral,1,438000.0,Sat,,0
2023-01-12,>30 years,Gas,157.0,6,41500.0,NW,Referral,4,407000.0,Fri,14704.0,0
2024-04-12,10-30 years,Oil,108.0,2,111500.0,BY,Comparison Site,2,278000.0,Mon,5450.0,0
2023-05-04,10-30 years,Oil,189.0,6,38000.0,Other,Referral,3,482000.0,Wed,,0
2024-03-18,>30 years,Gas,102.0,4,67500.0,BY,Paid Social,3,317000.0,Sun,15839.0,0
2023-11-07,10-30 years,Electric,159.0,6,121000.0,HE,Organic,5,406000.0,Wed,12980.0,0
2024-04-17,10-30 years,Gas,117.0,6,68700.0,BY,Organic,3,352000.0,Sun,,0
2024-11-18,<10 years,Gas,139.0,5,31100.0,HE,Paid Social,2,320000.0,Sat,16867.0,0
2023-05-04,10-30 years,Oil,91.0,3,87100.0,HE,Display,5,220000.0,Mon,13338.0,0
2024-01-06,>30 years,Oil,143.0,5,55500.0,HE,Paid Social,3,292000.0,Mon,10379.0,0
2024-06-17,10-30 years,Gas,177.0,7,79200.0,NW,Paid Social,3,419000.0,Sun,22705.0,0
2024-12-13,>30 years,Electric,201.0,7,105500.0,Other,Organic,1,493000.0,Sat,5000.0,0
2023-10-15,10-30 years,Electric,146.0,5,31500.0,BY,Referral,3,298000.0,Wed,17521.0,0
2024-12-05,>30 years,Electric,101.0,4,71400.0,Other,Organic,4,273000.0,Sun,,0
2023-08-17,10-30 years,Gas,183.0,8,98100.0,NW,Referral,1,482000.0,Tue,24327.0,0
2024-03-03,<10 years,Electric,164.0,6,69000.0,BE,Organic,7,367000.0,Tue,13503.0,0
2024-10-03,10-30 years,Electric,143.0,5,109600.0,BW,Display,4,345000.0,Thu,,0
2023-12-06,>30 years,District,128.0,6,65100.0,NW,Display,4,309000.0,Tue,12080.0,0
2024-05-21,10-30 years,District,145.0,5,117800.0,HE,Referral,4,411000.0,Tue,19393.0,0
2023-05-01,>30 years,Gas,151.0,6,31100.0,BY,Paid Social,3,291000.0,Tue,17460.0,0
2023-11-23,10-30 years,Gas,182.0,6,85900.0,NW,Paid Social,4,463000.0,Sat,14410.0,0
2023-06-01,10-30 years,Gas,116.0,4,30000.0,NW,Organic,3,351000.0,Fri,19084.0,0
2023-03-16,>30 years,Gas,123.0,5,68700.0,BY,Referral,3,242000.0,Wed,14313.0,0
2023-11-28,10-30 years,Electric,141.0,6,37700.0,HE,Paid Social,2,336000.0,Sat,,0
2024-11-24,10-30 years,Oil,96.0,2,83100.0,BW,Comparison Site,4,154000.0,Thu,20898.0,0
2023-10-15,<10 years,Electric,178.0,5,50900.0,Other,Organic,3,424000.0,Sun,,0
2024-10-17,10-30 years,Gas,174.0,5,62300.0,Other,Paid Social,1,385000.0,Mon,14327.0,0
2023-11-26,>30 years,Gas,162.0,7,46700.0,BY,Paid Social,3,386000.0,Thu,15195.0,0
2024-06-20,10-30 years,Gas,247.0,8,124000.0,BY,Paid Social,5,685000.0,Wed,9923.0,0
2023-09-12,>30 years,Oil,177.0,4,55200.0,Other,Organic,2,414000.0,Wed,22144.0,0
2023-02-20,>30 years,Electric,204.0,8,42400.0,BY,Organic,2,532000.0,Fri,14799.0,0
2023-12-04,10-30 years,Electric,152.0,6,33000.0,BW,Paid Social,4,291000.0,Fri,16694.0,0
2023-11-27,10-30 years,Gas,128.0,5,41800.0,Other,Referral,2,269000.0,Mon,18083.0,0
2024-11-01,>30 years,District,92.0,2,39800.0,BE,Display,4,226000.0,Sat,21789.0,0
2023-11-05,>30 years,Gas,162.0,4,60000.0,BE,Organic,4,431000.0,Thu,5000.0,0
2023-09-24,10-30 years,Oil,172.0,4,53700.0,BY,Paid Social,1,328000.0,Sat,5000.0,0
2023-03-23,10-30 years,Gas,187.0,8,30000.0,NW,Paid Social,2,520000.0,Thu,13805.0,0
2023-07-06,10-30 years,Gas,130.0,5,50900.0,BY,Display,5,333000.0,Tue,18956.0,0
2024-06-23,<10 years,District,177.0,7,30000.0,BY,Paid Social,4,379000.0,Sun,13323.0,0
2023-09-09,>30 years,Electric,98.0,3,83900.0,NW,Display,2,283000.0,Thu,12022.0,0
2024-02-17,10-30 years,Gas,154.0,6,55300.0,BE,Organic,5,342000.0,Mon,24068.0,0
2024-02-12,<10 years,Gas,172.0,5,35300.0,NW,Paid Social,4,416000.0,Sat,5000.0,0
2023-11-19,>30 years,Gas,176.0,7,54200.0,NW,Organic,5,479000.0,Thu,21193.0,0
2023-04-19,>30 years,Gas,183.0,8,88800.0,NW,Organic,1,392000.0,Mon,11764.0,0
2024-01-15,>30 years,Oil,171.0,7,53900.0,Other,Referral,5,478000.0,Tue,20876.0,1
2023-11-06,10-30 years,Oil,154.0,6,61600.0,BE,Paid Social,5,388000.0,Wed,,0
2023-12-28,10-30 years,Gas,200.0,8,84200.0,HE,Referral,4,508000.0,Fri,25120.0,0
2024-02-26,<10 years,Gas,148.0,6,47500.0,BE,Referral,7,347000.0,Wed,7543.0,0
2024-12-24,>30 years,Gas,150.0,7,41800.0,BY,Display,6,363000.0,Mon,10411.0,0
2023-12-12,>30 years,Gas,213.0,6,42200.0,Other,Referral,4,489000.0,Fri,15675.0,0
2023-01-26,>30 years,Electric,60.0,2,83500.0,BY,Organic,4,157000.0,Sun,5000.0,0
2024-12-27,>30 years,District,173.0,4,65200.0,BW,Organic,4,307000.0,Mon,13011.0,0
2023-09-03,<10 years,Gas,174.0,7,74200.0,Other,Referral,4,370000.0,Tue,6809.0,0
2023-01-07,10-30 years,Gas,133.0,3,36000.0,BY,Comparison Site,5,334000.0,Fri,15531.0,0
2023-04-09,10-30 years,Gas,151.0,4,116900.0,Other,Paid Social,3,305000.0,Wed,,0
2023-01-13,>30 years,Gas,149.0,5,91200.0,BY,Display,5,349000.0,Thu,20841.0,0
2023-11-05,<10 years,Gas,141.0,4,39200.0,BY,Organic,1,430000.0,Thu,22657.0,0
2024-10-27,10-30 years,District,147.0,4,73600.0,Other,Display,5,422000.0,Sun,8941.0,0
2023-03-10,<10 years,Electric,165.0,6,41200.0,Other,Display,3,390000.0,Fri,15937.0,0
2023-11-03,10-30 years,Gas,126.0,4,31900.0,Other,Organic,7,254000.0,Tue,5000.0,0
2024-11-09,>30 years,Gas,150.0,4,70300.0,BW,Referral,7,393000.0,Sun,11545.0,0
2023-02-12,10-30 years,Gas,96.0,2,65600.0,HE,Organic,6,200000.0,Sun,,0
2024-04-09,>30 years,Gas,125.0,2,75400.0,BW,Comparison Site,2,297000.0,Mon,18968.0,0
2023-03-16,10-30 years,Oil,107.0,4,86900.0,BE,Comparison Site,2,222000.0,Thu,18007.0,0
2024-06-25,<10 years,Oil,156.0,6,82700.0,BE,Referral,4,391000.0,Tue,7345.0,0
2024-01-18,10-30 years,Gas,108.0,4,62200.0,Other,Paid Social,3,270000.0,Mon,19252.0,0
2024-04-17,>30 years,Electric,94.0,4,58200.0,Other,Organic,4,287000.0,Sat,13681.0,0
2024-01-23,10-30 years,Oil,94.0,3,101500.0,BY,Paid Social,1,229000.0,Fri,13692.0,0
2023-01-20,<10 years,Gas,109.0,5,52200.0,NW,Organic,2,321000.0,Sat,11079.0,0
2024-01-27,10-30 years,Gas,191.0,7,92400.0,BY,Display,2,560000.0,Tue,,0
2023-11-04,10-30 years,Gas,211.0,8,30000.0,BW,Comparison Site,5,593000.0,Fri,,0
2024-09-03,10-30 years,Oil,136.0,3,47800.0,NW,Organic,2,374000.0,Sun,18066.0,0
2024-10-23,10-30 years,Oil,90.0,3,58700.0,BW,Comparison Site,4,233000.0,Sat,9678.0,1
2024-06-22,>30 years,Electric,138.0,5,77100.0,Other,Paid Social,5,260000.0,Fri,14289.0,0
2024-10-10,>30 years,Electric,205.0,8,82800.0,NW,Organic,5,562000.0,Wed,11190.0,0
2024-03-20,<10 years,Electric,159.0,5,91300.0,BW,Referral,2,395000.0,Sat,,0
2023-05-20,>30 years,Oil,92.0,2,65400.0,BY,Referral,2,218000.0,Wed,18983.0,0
2024-05-05,>30 years,Oil,223.0,8,56600.0,NW,Paid Social,3,535000.0,Fri,21905.0,0
2023-02-08,>30 years,Electric,136.0,3,94600.0,NW,Comparison Site,1,285000.0,Tue,15584.0,0
2024-11-12,10-30 years,Gas,129.0,4,63400.0,BE,Paid Social,4,291000.0,Sun,,0
2023-05-25,10-30 years,Gas,197.0,7,99300.0,Other,Organic,5,485000.0,Wed,21274.0,0
2024-11-21,>30 years,Gas,161.0,5,73800.0,Other,Paid Social,3,367000.0,Sun,23604.0,0
2023-11-24,>30 years,Oil,202.0,6,60200.0,Other,Referral,4,522000.0,Mon,26141.0,1
2024-11-27,10-30 years,Electric,145.0,5,86200.0,NW,Organic,6,317000.0,Mon,12120.0,0
2024-01-01,<10 years,Gas,147.0,5,66800.0,BW,Organic,5,462000.0,Tue,13437.0,0
2023-12-26,10-30 years,Oil,131.0,5,66300.0,BE,Display,2,303000.0,Mon,,0
2024-01-01,<10 years,Gas,156.0,6,43100.0,NW,Organic,1,419000.0,Fri,15662.0,0
2023-11-03,<10 years,District,148.0,6,55600.0,NW,Display,5,398000.0,Mon,13189.0,0
2024-11-27,10-30 years,Oil,122.0,2,49200.0,NW,Paid Social,1,231000.0,Sun,21116.0,0
2023-02-25,10-30 years,District,82.0,3,66400.0,BY,Referral,2,231000.0,Sat,13761.0,0
2023-12-12,10-30 years,Gas,169.0,7,64600.0,BW,Paid Social,2,456000.0,Wed,11682.0,0
2023-11-01,10-30 years,District,163.0,7,55900.0,Other,Comparison Site,2,336000.0,Mon,16150.0,0
2023-04-04,<10 years,Gas,139.0,5,56800.0,BY,Paid Social,3,404000.0,Mon,20647.0,0
2023-06-28,<10 years,Oil,188.0,7,71600.0,BE,Organic,4,587000.0,Mon,9780.0,0
2024-09-20,<10 years,Gas,156.0,4,30000.0,BE,Display,1,333000.0,Fri,,0
2023-12-27,10-30 years,Electric,167.0,7,33400.0,NW,Display,8,444000.0,Tue,13670.0,0
2024-12-09,10-30 years,District,150.0,5,55900.0,HE,Paid Social,6,381000.0,Sun,17718.0,0
2024-06-17,10-30 years,Electric,87.0,2,98200.0,BE,Display,1,239000.0,Tue,22435.0,0
2023-06-26,10-30 years,Oil,202.0,8,106300.0,BW,Paid Social,4,607000.0,Sat,6114.0,0
2023-06-02,10-30 years,Gas,165.0,7,33300.0,BY,Organic,2,324000.0,Sun,14487.0,0
2023-10-23,10-30 years,Gas,97.0,4,200000.0,BE,Organic,6,289000.0,Sun,,0
2024-03-02,>30 years,Gas,132.0,7,41900.0,BY,Paid Social,4,333000.0,Sun,12087.0,0
2024-08-15,10-30 years,Gas,173.0,7,40300.0,BW,Comparison Site,5,497000.0,Thu,,0
2023-07-23,>30 years,Electric,210.0,8,30000.0,HE,Paid Social,4,570000.0,Sat,15622.0,0
2024-02-09,10-30 years,Electric,161.0,6,46200.0,Other,Paid Social,2,398000.0,Sat,20897.0,0
2024-01-16,>30 years,District,180.0,5,52300.0,NW,Referral,4,539000.0,Wed,20746.0,1
2023-09-01,10-30 years,Gas,216.0,8,110800.0,BY,Comparison Site,3,586000.0,Tue,,0
2024-10-10,10-30 years,Oil,214.0,8,83000.0,BY,Organic,5,604000.0,Thu,,0
2023-12-22,10-30 years,Oil,161.0,6,93100.0,NW,Organic,3,417000.0,Sat,,1
2024-06-06,>30 years,Oil,176.0,7,127500.0,HE,Display,1,375000.0,Mon,12387.0,0
2024-07-03,10-30 years,Gas,111.0,4,146200.0,BW,Display,2,263000.0,Sat,8763.0,0
2024-05-28,>30 years,Electric,148.0,6,131500.0,Other,Paid Social,2,366000.0,Fri,12683.0,0
2023-01-20,10-30 years,Gas,166.0,6,69400.0,HE,Referral,4,414000.0,Mon,6995.0,0
2024-11-12,>30 years,Gas,133.0,5,50900.0,HE,Paid Social,3,346000.0,Sat,20500.0,0
2024-05-11,>30 years,Electric,97.0,3,90100.0,BW,Organic,3,258000.0,Fri,15970.0,0
2023-12-10,>30 years,District,148.0,6,44500.0,HE,Paid Social,4,427000.0,Sun,10229.0,0
2024-05-04,>30 years,Electric,79.0,3,76500.0,BE,Referral,3,172000.0,Wed,11572.0,0
2024-09-18,10-30 years,Gas,210.0,8,55000.0,NW,Organic,6,530000.0,Sat,,0
2023-02-22,10-30 years,Gas,148.0,4,47900.0,HE,Referral,2,334000.0,Tue,8951.0,0
2024-01-14,10-30 years,Gas,192.0,8,30700.0,BY,Comparison Site,3,388000.0,Wed,,0
2023-04-02,<10 years,District,115.0,6,72000.0,HE,Paid Social,2,244000.0,Sun,18501.0,0
2024-04-19,<10 years,Gas,130.0,4,41100.0,HE,Organic,4,358000.0,Tue,21805.0,0
2024-09-16,10-30 years,District,174.0,5,76800.0,HE,Organic,2,473000.0,Tue,13764.0,0
2023-12-21,>30 years,District,210.0,8,56700.0,BY,Organic,5,578000.0,Sat,20615.0,0
2023-12-04,<10 years,Electric,157.0,5,59100.0,Other,Display,3,399000.0,Mon,13471.0,0
2023-04-13,10-30 years,Gas,117.0,4,56400.0,Other,Organic,1,239000.0,Fri,,0
2023-12-04,10-30 years,Gas,185.0,7,34100.0,BW,Referral,3,343000.0,Mon,17745.0,0
2024-07-12,>30 years,Electric,107.0,4,45300.0,Other,Paid Social,8,216000.0,Wed,19508.0,0
2024-08-05,<10 years,Electric,202.0,7,42400.0,Other,Comparison Site,5,421000.0,Thu,10280.0,0
2023-10-05,10-30 years,District,192.0,7,42100.0,HE,Comparison Site,3,464000.0,Fri,5000.0,0
2023-05-09,>30 years,Gas,120.0,3,41600.0,BW,Referral,4,318000.0,Wed,15589.0,0
2024-08-10,10-30 years,Oil,145.0,5,40500.0,HE,Paid Social,2,372000.0,Wed,11168.0,0
2023-01-10,>30 years,Oil,130.0,5,43600.0,NW,Paid Social,3,318000.0,Sun,12437.0,0
2024-09-06,>30 years,Gas,165.0,6,44700.0,BY,Comparison Site,5,496000.0,Mon,10040.0,0
2024-12-26,<10 years,Oil,169.0,8,74300.0,Other,Display,4,445000.0,Thu,27400.0,0
2023-03-24,>30 years,Oil,81.0,4,64500.0,NW,Paid Social,6,157000.0,Sun,14415.0,1
2023-04-25,>30 years,Gas,171.0,8,40900.0,HE,Referral,4,366000.0,Tue,11416.0,0
2024-08-04,<10 years,Gas,146.0,5,50800.0,NW,Organic,3,273000.0,Thu,,0
2023-12-24,10-30 years,Gas,101.0,4,30000.0,Other,Comparison Site,3,320000.0,Sun,,0
2024-02-10,10-30 years,Gas,174.0,8,63700.0,HE,Organic,3,419000.0,Fri,,0
2024-05-11,>30 years,Gas,213.0,8,54000.0,BY,Display,9,466000.0,Thu,15919.0,0
2023-11-21,<10 years,Gas,154.0,5,41300.0,BE,Display,5,428000.0,Sun,10529.0,0
2023-02-17,>30 years,District,206.0,8,138700.0,Other,Display,4,554000.0,Tue,18134.0,0
2024-12-07,10-30 years,Electric,183.0,7,53900.0,Other,Paid Social,1,468000.0,Fri,,0
2024-01-19,>30 years,Electric,183.0,7,71600.0,BE,Display,6,406000.0,Tue,13581.0,0
2023-06-27,10-30 years,Gas,169.0,7,52300.0,BW,Display,4,389000.0,Wed,16917.0,0
2024-11-18,10-30 years,Gas,141.0,6,37900.0,Other,Display,2,425000.0,Tue,15877.0,0
2023-07-23,10-30 years,Electric,120.0,7,64400.0,NW,Organic,2,300000.0,Sun,10940.0,0
2023-09-06,>30 years,Gas,273.0,8,48800.0,BW,Organic,2,682000.0,Tue,15979.0,0
2023-03-19,10-30 years,Oil,157.0,6,79000.0,Other,Display,5,373000.0,Sun,,0
2023-01-25,>30 years,Gas,156.0,6,53000.0,BE,Organic,1,396000.0,Wed,12959.0,0
2023-01-25,<10 years,Gas,193.0,8,53900.0,Other,Comparison Site,4,410000.0,Sun,9830.0,0
2024-01-21,>30 years,Electric,74.0,3,90200.0,BY,Referral,9,184000.0,Tue,9899.0,1
2024-03-01,>30 years,Electric,173.0,7,63300.0,Other,Paid Social,3,474000.0,Mon,12871.0,0
2024-03-26,10-30 years,District,204.0,7,64200.0,HE,Paid Social,1,500000.0,Mon,16428.0,0
2024-04-28,>30 years,District,203.0,8,65900.0,NW,Paid Social,3,641000.0,Thu,16895.0,0
2024-05-05,10-30 years,Oil,173.0,6,86200.0,BY,Organic,2,405000.0,Sat,14825.0,0
2024-02-17,>30 years,Gas,110.0,6,161800.0,NW,Display,2,300000.0,Tue,13073.0,0
2023-04-24,<10 years,Gas,186.0,6,49900.0,HE,Comparison Site,2,438000.0,Tue,21045.0,0
2024-03-24,<10 years,Oil,106.0,5,56900.0,BE,Organic,6,292000.0,Thu,16003.0,0
2023-01-06,>30 years,Gas,210.0,7,45300.0,NW,Paid Social,4,487000.0,Mon,12767.0,0
2023-05-18,>30 years,Electric,181.0,6,53300.0,NW,Comparison Site,3,465000.0,Tue,11765.0,0
2024-05-05,10-30 years,Oil,135.0,6,68900.0,BW,Comparison Site,4,319000.0,Sun,22756.0,0
2023-03-01,>30 years,Oil,193.0,7,73000.0,Other,Paid Social,1,542000.0,Mon,24399.0,0
2024-06-07,10-30 years,Oil,144.0,4,94100.0,Other,Organic,1,338000.0,Sun,12729.0,0
2024-11-07,>30 years,Gas,154.0,6,51600.0,Other,Organic,2,428000.0,Tue,7838.0,0
2024-12-28,10-30 years,Electric,179.0,5,69700.0,Other,Display,4,425000.0,Wed,12738.0,0
2024-05-20,10-30 years,Electric,148.0,6,41600.0,Other,Organic,2,382000.0,Mon,17503.0,0
2023-08-26,10-30 years,Oil,141.0,6,43500.0,BW,Display,3,349000.0,Wed,15330.0,0
2023-03-10,>30 years,Electric,125.0,4,85500.0,HE,Paid Social,4,318000.0,Thu,18861.0,0
2024-11-22,10-30 years,Gas,188.0,8,53000.0,BY,Organic,4,538000.0,Fri,10816.0,0
2023-01-03,>30 years,District,152.0,6,45500.0,Other,Organic,2,383000.0,Sat,,0
2023-04-03,>30 years,Gas,192.0,6,32400.0,Other,Display,4,478000.0,Wed,10260.0,0
2023-04-27,10-30 years,Electric,127.0,4,88700.0,BY,Organic,5,308000.0,Sun,10607.0,0
2024-08-06,10-30 years,Electric,111.0,4,30000.0,Other,Paid Social,3,312000.0,Wed,15530.0,0
2023-02-21,10-30 years,Gas,194.0,7,32100.0,Other,Paid Social,1,443000.0,Mon,18738.0,0
2023-11-21,10-30 years,District,107.0,4,75500.0,NW,Display,5,260000.0,Sat,20250.0,0
2024-12-04,<10 years,District,128.0,5,54700.0,NW,Paid Social,1,325000.0,Thu,,0
2024-02-17,>30 years,Oil,174.0,7,69500.0,BW,Comparison Site,1,406000.0,Tue,17853.0,1
2024-10-24,10-30 years,Electric,222.0,8,53300.0,BE,Referral,1,564000.0,Mon,10052.0,0
2023-05-22,>30 years,District,165.0,3,85000.0,Other,Referral,1,371000.0,Fri,,0
2023-10-05,10-30 years,Gas,108.0,4,96900.0,BW,Organic,3,314000.0,Tue,11895.0,0
2024-09-03,10-30 years,District,114.0,4,101100.0,Other,Comparison Site,4,294000.0,Sun,15425.0,0
2024-11-28,10-30 years,Oil,150.0,5,54700.0,BW,Paid Social,3,487000.0,Thu,10666.0,0
2024-10-26,>30 years,Electric,176.0,7,38200.0,HE,Comparison Site,1,410000.0,Fri,8369.0,0
2024-03-26,10-30 years,Oil,112.0,5,59300.0,Other,Referral,3,352000.0,Wed,20225.0,1
2023-03-08,>30 years,Oil,114.0,3,42800.0,Other,Referral,2,237000.0,Fri,15123.0,1
2024-09-21,10-30 years,Electric,148.0,8,47500.0,BW,Display,1,312000.0,Mon,18665.0,0
2024-07-27,>30 years,Oil,178.0,6,127700.0,Other,Organic,4,406000.0,Tue,9095.0,0
2023-12-12,>30 years,Gas,98.0,3,84100.0,BY,Comparison Site,3,175000.0,Tue,16280.0,0
2024-01-07,>30 years,Oil,60.0,2,53500.0,NW,Paid Social,5,183000.0,Wed,13040.0,0
2023-04-16,10-30 years,Oil,146.0,6,57500.0,BE,Comparison Site,1,349000.0,Sun,,0
2024-10-22,10-30 years,Gas,259.0,8,49000.0,BW,Referral,8,644000.0,Sun,14210.0,0
2023-01-07,>30 years,Gas,131.0,6,64400.0,HE,Referral,3,289000.0,Thu,12741.0,1
2024-08-09,10-30 years,Gas,197.0,7,50400.0,Other,Organic,8,547000.0,Sat,19556.0,1
2024-10-19,>30 years,Gas,109.0,4,92200.0,NW,Display,5,233000.0,Sun,,0
2023-05-09,>30 years,Gas,155.0,5,59600.0,BW,Organic,1,409000.0,Tue,14164.0,0
2024-01-13,10-30 years,Oil,194.0,8,42000.0,Other,Referral,4,440000.0,Sat,15616.0,0
2023-12-16,10-30 years,Oil,145.0,7,106700.0,BY,Display,3,333000.0,Sun,16228.0,0
2023-04-18,<10 years,Gas,102.0,3,72300.0,Other,Display,3,208000.0,Wed,16163.0,0
2023-11-12,10-30 years,Gas,152.0,5,69900.0,Other,Comparison Site,5,372000.0,Thu,17620.0,0
2024-01-13,>30 years,Oil,183.0,6,30000.0,Other,Organic,2,387000.0,Thu,17419.0,0
2024-07-10,>30 years,Oil,229.0,8,58700.0,BW,Organic,2,563000.0,Thu,22718.0,0
2024-10-28,<10 years,Gas,97.0,4,44800.0,BE,Paid Social,3,239000.0,Fri,10613.0,0
2024-02-28,>30 years,Gas,164.0,6,30000.0,BY,Organic,4,386000.0,Tue,18147.0,0
2024-11-08,<10 years,Gas,116.0,4,57800.0,BY,Organic,2,212000.0,Thu,16207.0,0
2023-01-09,10-30 years,Electric,156.0,7,56600.0,Other,Display,6,418000.0,Thu,21116.0,0
2024-11-09,<10 years,Oil,116.0,2,98800.0,BY,Paid Social,3,272000.0,Sat,18417.0,0
2023-10-15,>30 years,Gas,123.0,7,47600.0,BW,Comparison Site,3,295000.0,Tue,9630.0,0
2024-01-12,>30 years,Gas,215.0,8,43200.0,BY,Paid Social,3,430000.0,Thu,5038.0,0
2024-02-19,10-30 years,District,153.0,7,45600.0,BE,Organic,2,371000.0,Fri,15711.0,0
2023-05-03,10-30 years,Oil,98.0,6,66100.0,NW,Referral,4,316000.0,Wed,,0
2024-06-18,10-30 years,Gas,143.0,5,94900.0,BY,Organic,1,404000.0,Fri,15614.0,0
2023-01-18,>30 years,District,176.0,8,59800.0,BW,Organic,1,454000.0,Sat,10777.0,0
2023-05-23,10-30 years,Gas,158.0,6,47500.0,Other,Display,9,432000.0,Sun,17026.0,0
2024-11-27,10-30 years,Oil,169.0,6,55600.0,Other,Organic,1,451000.0,Sun,,0
2024-11-27,>30 years,Gas,226.0,8,77700.0,NW,Organic,6,562000.0,Wed,20004.0,0
2024-02-24,10-30 years,Gas,189.0,8,95300.0,BY,Display,2,445000.0,Tue,19142.0,0
2024-08-05,<10 years,Oil,206.0,7,96100.0,BW,Organic,4,512000.0,Sat,20491.0,1
2024-02-21,10-30 years,Gas,165.0,7,57300.0,NW,Organic,2,412000.0,Tue,16614.0,0
2024-10-21,>30 years,Gas,185.0,6,72000.0,HE,Display,1,442000.0,Wed,19852.0,0
2024-12-15,>30 years,District,122.0,4,82600.0,HE,Paid Social,4,273000.0,Wed,12913.0,0
2024-02-05,<10 years,Gas,180.0,6,58200.0,NW,Referral,3,438000.0,Sat,23376.0,0
2024-02-10,10-30 years,Oil,212.0,6,78600.0,NW,Organic,2,436000.0,Tue,14454.0,0
2024-05-04,10-30 years,Gas,159.0,7,81400.0,Other,Paid Social,5,396000.0,Fri,15247.0,0
2024-02-17,10-30 years,District,133.0,5,74000.0,HE,Organic,3,360000.0,Thu,,0
2023-09-26,10-30 years,District,203.0,8,82800.0,BW,Paid Social,5,472000.0,Mon,,0
2023-02-13,<10 years,Gas,118.0,4,136900.0,BE,Paid Social,2,343000.0,Mon,16930.0,0
2023-01-26,10-30 years,Oil,242.0,8,43100.0,HE,Display,1,644000.0,Fri,17753.0,0
2023-12-16,>30 years,Electric,163.0,7,101300.0,BY,Display,2,396000.0,Sun,,0
2023-10-08,10-30 years,Gas,86.0,2,64700.0,BE,Organic,4,195000.0,Tue,11768.0,0
2024-01-21,>30 years,Oil,168.0,8,58600.0,BW,Organic,5,438000.0,Sun,17263.0,0
2023-12-20,10-30 years,District,207.0,8,48000.0,BE,Organic,3,543000.0,Sun,11443.0,0
2024-07-17,10-30 years,Gas,195.0,7,66900.0,BW,Comparison Site,2,424000.0,Mon,13640.0,0
2023-11-19,10-30 years,Electric,151.0,6,48600.0,Other,Display,1,369000.0,Sat,17310.0,0
2023-12-06,10-30 years,Gas,156.0,7,56100.0,HE,Comparison Site,4,381000.0,Wed,11426.0,0
2023-02-24,>30 years,Oil,195.0,6,33500.0,BW,Display,2,493000.0,Mon,16990.0,0
2024-04-16,>30 years,Gas,72.0,4,62400.0,Other,Referral,2,175000.0,Tue,19306.0,0
2024-09-04,10-30 years,Gas,128.0,3,41700.0,Other,Referral,3,385000.0,Wed,12498.0,0
2024-09-09,>30 years,Gas,122.0,3,56000.0,Other,Organic,3,316000.0,Tue,16646.0,0
2024-11-07,>30 years,Gas,184.0,6,60100.0,HE,Display,3,427000.0,Fri,26159.0,0
2023-01-20,<10 years,Oil,115.0,4,41400.0,BY,Display,2,368000.0,Mon,12347.0,0
2024-05-15,10-30 years,Gas,122.0,6,41100.0,HE,Organic,3,334000.0,Sat,16165.0,0
2024-08-02,10-30 years,Gas,132.0,3,50100.0,Other,Organic,5,383000.0,Tue,10442.0,0
2023-03-24,>30 years,Gas,117.0,5,45800.0,NW,Paid Social,3,279000.0,Fri,5000.0,0
2024-02-19,<10 years,Gas,193.0,7,62900.0,BW,Display,3,510000.0,Sat,,0
2023-04-24,10-30 years,Oil,131.0,3,56600.0,Other,Display,4,271000.0,Sun,13224.0,0
2024-01-17,10-30 years,Gas,172.0,6,86700.0,BE,Paid Social,1,487000.0,Sat,20099.0,0
2024-08-22,10-30 years,Electric,129.0,3,61900.0,Other,Paid Social,4,363000.0,Fri,23497.0,0
2023-10-13,>30 years,Oil,150.0,6,68300.0,BY,Organic,3,370000.0,Tue,10782.0,1
2023-06-14,10-30 years,Electric,143.0,6,57600.0,BY,Organic,3,295000.0,Wed,13786.0,1
2023-11-24,10-30 years,Gas,75.0,2,32200.0,BW,Paid Social,5,208000.0,Thu,,0
2023-10-19,>30 years,Oil,103.0,6,57200.0,BY,Paid Social,1,221000.0,Thu,,0
2024-01-04,10-30 years,Gas,100.0,3,30000.0,BW,Display,3,195000.0,Tue,10827.0,0
2024-04-24,10-30 years,Gas,194.0,8,49600.0,BY,Display,2,463000.0,Fri,13787.0,0
2024-12-21,>30 years,Electric,202.0,7,75200.0,HE,Comparison Site,2,476000.0,Sat,26358.0,0
2023-12-13,>30 years,Electric,130.0,4,37900.0,Other,Paid Social,3,311000.0,Mon,18275.0,0
2023-08-07,10-30 years,Gas,168.0,5,30000.0,BW,Organic,5,425000.0,Fri,,0
2023-02-07,10-30 years,District,122.0,5,44300.0,BY,Paid Social,3,373000.0,Tue,20903.0,0
2024-03-23,>30 years,Electric,161.0,5,63700.0,BY,Referral,5,463000.0,Sun,23503.0,0
2024-05-01,10-30 years,Gas,136.0,6,49900.0,NW,Organic,3,305000.0,Sat,14716.0,0
2023-12-15,>30 years,Gas,129.0,5,35500.0,Other,Referral,2,396000.0,Mon,12509.0,0
2024-06-28,>30 years,Gas,174.0,6,48900.0,BY,Referral,1,394000.0,Sun,10863.0,0
2024-01-28,10-30 years,Gas,163.0,5,73200.0,BW,Paid Social,1,465000.0,Wed,,0
2023-08-16,>30 years,Gas,120.0,5,52300.0,Other,Display,5,374000.0,Tue,5000.0,0
2024-02-05,<10 years,Gas,219.0,8,82500.0,Other,Referral,2,564000.0,Fri,17053.0,0
2023-03-26,>30 years,Gas,224.0,8,48000.0,Other,Display,6,486000.0,Tue,16114.0,0
2024-05-26,>30 years,Gas,155.0,5,32800.0,NW,Paid Social,1,372000.0,Sat,12959.0,0
2023-03-27,10-30 years,Gas,174.0,6,116800.0,Other,Organic,2,434000.0,Sun,16063.0,0
2023-01-16,10-30 years,Gas,243.0,8,69800.0,NW,Organic,8,546000.0,Thu,26582.0,0
2023-01-22,<10 years,Gas,174.0,6,102300.0,Other,Comparison Site,1,400000.0,Wed,21758.0,0
2024-01-25,<10 years,Oil,96.0,3,57600.0,NW,Organic,5,165000.0,Sat,17170.0,0
2024-07-28,10-30 years,Gas,152.0,7,53600.0,NW,Paid Social,4,415000.0,Fri,13030.0,0
2024-02-04,>30 years,Electric,136.0,5,105500.0,Other,Organic,1,316000.0,Tue,10844.0,0
2023-10-20,10-30 years,District,132.0,6,110900.0,BW,Referral,5,244000.0,Tue,16229.0,0
2023-01-27,10-30 years,Gas,168.0,8,35200.0,BY,Display,3,551000.0,Thu,10389.0,0
2023-01-28,>30 years,Gas,131.0,3,46700.0,HE,Organic,3,263000.0,Thu,19974.0,0
2024-03-12,10-30 years,Oil,183.0,8,41700.0,Other,Comparison Site,2,366000.0,Wed,13094.0,0
2024-03-14,>30 years,Gas,125.0,5,77500.0,BW,Referral,4,335000.0,Fri,16681.0,1
2024-03-01,10-30 years,Gas,106.0,4,44100.0,NW,Organic,4,282000.0,Sat,,0
2024-03-15,10-30 years,Gas,201.0,8,73300.0,HE,Referral,2,529000.0,Sat,9201.0,0
2023-09-19,10-30 years,Gas,139.0,5,83000.0,Other,Referral,5,398000.0,Mon,10251.0,0
2024-12-24,>30 years,Gas,182.0,7,126500.0,BE,Referral,3,455000.0,Tue,8368.0,0
2023-10-26,<10 years,District,112.0,6,38600.0,BW,Paid Social,1,357000.0,Tue,13660.0,0
2024-11-16,<10 years,Gas,143.0,6,95500.0,HE,Organic,7,311000.0,Wed,16355.0,0
2023-10-13,10-30 years,Oil,176.0,7,54600.0,BY,Paid Social,5,389000.0,Sat,5756.0,0
2023-10-22,>30 years,Gas,119.0,4,129000.0,BE,Paid Social,1,299000.0,Sat,11277.0,0
2024-09-21,<10 years,Gas,168.0,8,91100.0,NW,Display,2,433000.0,Wed,17523.0,0
2023-01-27,>30 years,Gas,198.0,7,87600.0,BE,Paid Social,8,508000.0,Sat,19555.0,0
2023-03-06,>30 years,Electric,164.0,7,44400.0,Other,Organic,3,430000.0,Wed,19259.0,0
2024-02-18,10-30 years,Gas,128.0,5,55400.0,Other,Display,4,307000.0,Sat,21504.0,0
2024-06-13,10-30 years,Gas,125.0,4,70500.0,Other,Paid Social,3,318000.0,Wed,9457.0,0
2024-11-26,10-30 years,Gas,120.0,3,47800.0,BY,Comparison Site,1,244000.0,Wed,,0
2023-09-21,10-30 years,Gas,115.0,4,78600.0,HE,Display,2,257000.0,Sun,12513.0,0
2023-12-22,10-30 years,Gas,183.0,7,123100.0,BY,Referral,5,453000.0,Tue,19913.0,0
2024-03-09,<10 years,Oil,113.0,2,46600.0,BY,Paid Social,4,275000.0,Sat,14855.0,0
2023-12-13,10-30 years,Gas,138.0,6,45000.0,BE,Referral,1,361000.0,Fri,17085.0,0
2024-11-07,10-30 years,Gas,157.0,6,47400.0,NW,Paid Social,1,357000.0,Tue,20513.0,0
2024-07-14,10-30 years,Electric,135.0,7,108400.0,Other,Comparison Site,3,322000.0,Mon,18853.0,0
2023-02-20,10-30 years,Electric,123.0,7,55400.0,NW,Referral,6,236000.0,Fri,18545.0,0
2023-02-08,>30 years,Gas,198.0,8,114600.0,BW,Organic,3,541000.0,Thu,23645.0,0
2023-12-27,10-30 years,Oil,125.0,3,81600.0,NW,Referral,1,366000.0,Fri,22184.0,0
2024-12-04,10-30 years,Gas,157.0,6,71500.0,BW,Paid Social,3,364000.0,Wed,,0
2023-08-07,<10 years,Electric,129.0,4,127600.0,Other,Display,6,334000.0,Tue,15640.0,0
2023-04-12,10-30 years,Oil,127.0,3,44400.0,BW,Comparison Site,4,318000.0,Fri,20271.0,0
2024-03-22,10-30 years,Oil,97.0,2,30000.0,HE,Display,3,246000.0,Sat,16573.0,0
2023-12-27,10-30 years,Oil,151.0,8,45200.0,NW,Organic,6,380000.0,Wed,15080.0,0
2023-11-17,10-30 years,Oil,98.0,3,55300.0,HE,Referral,2,329000.0,Tue,13798.0,0
2023-04-24,>30 years,Oil,162.0,6,66800.0,HE,Organic,4,447000.0,Tue,5000.0,1
2024-12-19,>30 years,Gas,138.0,6,81500.0,Other,Comparison Site,3,404000.0,Thu,17001.0,0
2024-06-07,<10 years,Gas,112.0,3,70000.0,BY,Organic,1,221000.0,Sun,18931.0,0
2024-01-12,>30 years,Electric,105.0,4,73300.0,BW,Paid Social,1,262000.0,Sun,14598.0,0
2024-05-21,<10 years,Gas,60.0,3,58600.0,Other,Referral,4,113000.0,Mon,13421.0,0
2023-03-15,10-30 years,Gas,176.0,6,77100.0,Other,Comparison Site,8,441000.0,Sat,9079.0,0
2024-02-12,10-30 years,Oil,148.0,5,67900.0,NW,Organic,2,316000.0,Fri,,0
2024-11-05,10-30 years,District,156.0,7,100500.0,Other,Organic,1,381000.0,Tue,,0
2024-01-10,10-30 years,Gas,170.0,6,74800.0,NW,Referral,3,352000.0,Thu,13942.0,1
2024-10-27,>30 years,Electric,213.0,8,81300.0,HE,Referral,3,571000.0,Sat,,0
2024-05-21,10-30 years,Gas,112.0,5,172200.0,BE,Display,4,312000.0,Wed,21385.0,0
2023-12-15,10-30 years,Oil,125.0,5,53200.0,Other,Organic,5,378000.0,Thu,15491.0,1
2023-05-11,10-30 years,Electric,171.0,6,89500.0,BY,Organic,3,418000.0,Tue,20652.0,0
2023-08-10,10-30 years,Electric,179.0,6,62500.0,BY,Paid Social,5,458000.0,Mon,17722.0,0
2024-02-14,<10 years,Electric,152.0,3,54200.0,HE,Organic,3,316000.0,Thu,10889.0,0
2024-12-02,10-30 years,Gas,69.0,4,57000.0,BY,Paid Social,5,230000.0,Wed,18185.0,0
2023-09-20,10-30 years,Gas,61.0,2,82400.0,HE,Referral,4,138000.0,Sat,,0
2023-02-24,10-30 years,Gas,147.0,6,56700.0,Other,Organic,8,331000.0,Sun,15916.0,0
2024-09-04,<10 years,Electric,193.0,7,30400.0,Other,Paid Social,1,444000.0,Wed,24598.0,0
2024-11-15,<10 years,Electric,207.0,8,49700.0,NW,Paid Social,3,484000.0,Thu,22005.0,0
2024-11-12,10-30 years,Gas,82.0,5,105800.0,BY,Organic,3,207000.0,Sun,9473.0,0
2023-12-13,10-30 years,Gas,169.0,6,79600.0,BE,Display,5,398000.0,Sun,,0
2023-09-21,10-30 years,Electric,168.0,6,30000.0,BE,Paid Social,1,361000.0,Sat,10676.0,0
2024-05-12,10-30 years,Oil,129.0,6,45300.0,NW,Comparison Site,2,336000.0,Wed,10001.0,0
2023-01-04,10-30 years,Oil,156.0,5,38800.0,HE,Paid Social,6,472000.0,Fri,5336.0,0
2023-03-09,10-30 years,Electric,140.0,5,30000.0,Other,Comparison Site,7,380000.0,Wed,17519.0,0
2023-05-09,>30 years,Gas,104.0,4,58400.0,BE,Display,4,290000.0,Thu,27900.0,0
2023-10-20,10-30 years,Gas,125.0,5,97800.0,BE,Paid Social,1,340000.0,Wed,7912.0,0
2024-03-21,>30 years,Electric,231.0,8,40800.0,BE,Organic,4,559000.0,Sun,14921.0,0
2023-07-05,10-30 years,Gas,162.0,6,47900.0,BE,Comparison Site,1,370000.0,Wed,12229.0,0
2024-02-28,>30 years,Gas,102.0,3,53000.0,HE,Paid Social,7,275000.0,Thu,14999.0,0
2023-06-04,>30 years,Gas,105.0,4,30000.0,BW,Paid Social,4,348000.0,Fri,21513.0,0
2024-03-03,>30 years,Gas,212.0,8,141900.0,HE,Comparison Site,3,575000.0,Sun,11046.0,0
2023-01-11,>30 years,Gas,130.0,6,84100.0,Other,Referral,2,289000.0,Wed,16609.0,0
2023-02-05,<10 years,Oil,135.0,7,64300.0,BW,Paid Social,3,350000.0,Mon,16667.0,0
2024-01-26,<10 years,District,182.0,4,45800.0,NW,Referral,5,429000.0,Fri,20061.0,0
2024-11-09,10-30 years,Gas,136.0,5,35800.0,NW,Display,8,350000.0,Mon,10685.0,0
2023-02-17,10-30 years,Electric,129.0,4,43800.0,BY,Organic,1,382000.0,Wed,,0
2024-06-23,>30 years,Gas,159.0,6,93200.0,HE,Paid Social,4,295000.0,Mon,,0
2023-11-05,<10 years,Gas,122.0,4,46100.0,BY,Paid Social,7,329000.0,Tue,15983.0,0
2024-10-19,>30 years,Oil,131.0,4,58200.0,Other,Display,3,330000.0,Fri,,0
2024-01-04,<10 years,District,214.0,8,61200.0,BY,Display,7,546000.0,Tue,13528.0,0
2023-12-27,10-30 years,District,117.0,3,200000.0,Other,Display,5,313000.0,Thu,12652.0,0
2023-08-05,>30 years,Gas,140.0,6,47200.0,BW,Paid Social,4,291000.0,Sun,10853.0,0
2023-04-22,<10 years,Gas,235.0,8,38100.0,NW,Comparison Site,7,640000.0,Tue,,0
2023-09-26,10-30 years,District,60.0,2,30000.0,BW,Organic,5,163000.0,Fri,,0
2024-10-23,<10 years,Gas,226.0,8,46000.0,Other,Display,1,577000.0,Sat,13696.0,0
2023-02-12,>30 years,Oil,171.0,7,152600.0,Other,Paid Social,5,396000.0,Tue,18954.0,0
2023-05-15,>30 years,Gas,169.0,8,75300.0,BY,Organic,4,504000.0,Mon,18775.0,0
2024-03-25,>30 years,Oil,168.0,5,108300.0,BW,Organic,3,436000.0,Thu,14469.0,0
2023-12-15,10-30 years,Gas,133.0,4,72000.0,BY,Paid Social,3,291000.0,Wed,,0
2024-12-01,10-30 years,Gas,110.0,4,52300.0,BW,Paid Social,5,334000.0,Fri,23933.0,0
2024-01-14,<10 years,Electric,149.0,7,79300.0,BY,Organic,5,329000.0,Sun,13846.0,1
2023-12-26,10-30 years,Gas,145.0,6,41200.0,BW,Organic,3,427000.0,Tue,13221.0,0
2023-07-14,10-30 years,Gas,159.0,4,77700.0,Other,Paid Social,2,409000.0,Sun,28263.0,0
2023-01-28,10-30 years,Gas,138.0,6,89800.0,Other,Comparison Site,4,301000.0,Mon,10855.0,0
2023-08-03,10-30 years,Gas,184.0,6,89200.0,HE,Paid Social,4,443000.0,Tue,,0
2024-09-28,<10 years,Gas,183.0,6,55100.0,Other,Organic,1,458000.0,Fri,18442.0,0
2024-11-25,10-30 years,Gas,92.0,4,97100.0,NW,Comparison Site,1,168000.0,Sun,14197.0,0
2023-03-08,10-30 years,Gas,82.0,2,38300.0,BY,Display,5,181000.0,Sun,15673.0,0
2024-06-10,<10 years,District,119.0,2,80200.0,NW,Paid Social,2,322000.0,Thu,12704.0,0
2024-12-06,<10 years,Gas,97.0,5,66900.0,BW,Comparison Site,1,195000.0,Tue,18165.0,0
2023-12-03,<10 years,Oil,193.0,7,45300.0,Other,Referral,1,433000.0,Wed,,0
2024-08-19,>30 years,Oil,124.0,4,38600.0,Other,Paid Social,3,251000.0,Sun,22494.0,0
2023-07-11,10-30 years,Oil,171.0,6,58100.0,BY,Organic,1,288000.0,Fri,18637.0,0
2023-04-24,>30 years,Oil,145.0,6,61600.0,HE,Paid Social,10,320000.0,Wed,17709.0,0
2023-05-04,10-30 years,Gas,186.0,6,46600.0,BY,Referral,4,477000.0,Fri,,0
2024-08-17,10-30 years,Gas,133.0,6,35600.0,BW,Organic,4,391000.0,Sun,,0
2023-03-16,<10 years,Gas,87.0,2,83900.0,BY,Organic,7,210000.0,Sat,19826.0,0
2024-08-26,10-30 years,Electric,122.0,5,88200.0,HE,Display,1,334000.0,Fri,16549.0,0
2023-09-12,10-30 years,Electric,60.0,2,138600.0,BE,Referral,3,174000.0,Sun,16944.0,0
2024-12-12,<10 years,Oil,90.0,3,45800.0,BY,Comparison Site,1,272000.0,Tue,7314.0,0
2023-01-25,>30 years,Gas,164.0,7,61500.0,Other,Organic,2,450000.0,Mon,,0
2023-06-20,10-30 years,Oil,158.0,6,87900.0,HE,Comparison Site,1,458000.0,Tue,15489.0,0
2023-05-10,10-30 years,Gas,127.0,2,91200.0,NW,Paid Social,2,378000.0,Sun,,0
2024-07-19,10-30 years,Gas,143.0,4,69600.0,HE,Display,2,415000.0,Sun,10994.0,0
2024-01-21,10-30 years,Gas,86.0,2,79900.0,NW,Organic,3,176000.0,Tue,15393.0,0
2024-12-14,>30 years,Electric,177.0,7,45900.0,BY,Display,5,404000.0,Sat,6524.0,0
2023-01-15,10-30 years,Oil,142.0,5,62700.0,Other,Display,3,269000.0,Sat,15350.0,1
2023-03-14,<10 years,Gas,171.0,7,42200.0,Other,Organic,5,402000.0,Sat,14962.0,0
2023-12-10,<10 years,Gas,169.0,8,78400.0,NW,Paid Social,4,371000.0,Fri,21788.0,0
2023-07-02,10-30 years,Gas,161.0,7,92300.0,HE,Paid Social,7,386000.0,Thu,19474.0,0
2023-01-16,10-30 years,Oil,112.0,3,200000.0,BE,Display,4,283000.0,Sun,11969.0,0
2023-02-28,10-30 years,Oil,161.0,6,108200.0,BE,Comparison Site,3,333000.0,Mon,11198.0,0
2023-08-05,>30 years,Gas,168.0,6,30100.0,HE,Display,3,458000.0,Fri,17344.0,0
2023-01-13,10-30 years,District,123.0,5,39700.0,NW,Paid Social,5,282000.0,Tue,,0
2023-02-15,10-30 years,Electric,163.0,5,108600.0,Other,Paid Social,1,480000.0,Wed,,0
2023-04-28,>30 years,Electric,92.0,2,75000.0,HE,Display,4,197000.0,Sat,15826.0,0
2023-04-22,<10 years,Gas,172.0,6,62500.0,Other,Referral,1,361000.0,Fri,,0
2023-02-02,10-30 years,Gas,162.0,8,58600.0,Other,Organic,5,414000.0,Sun,20964.0,0
2023-05-08,>30 years,Gas,210.0,8,40800.0,HE,Organic,4,538000.0,Sat,,0
2024-03-27,10-30 years,Gas,227.0,8,30000.0,BE,Display,3,628000.0,Fri,22634.0,0
2024-07-17,10-30 years,Electric,140.0,5,41300.0,Other,Organic,2,389000.0,Fri,12743.0,0
2024-12-12,<10 years,Gas,170.0,6,55000.0,HE,Paid Social,3,515000.0,Sat,16563.0,0
2023-06-03,>30 years,Electric,164.0,4,65300.0,NW,Paid Social,1,488000.0,Sat,19040.0,0
2024-12-10,10-30 years,Oil,139.0,4,53500.0,NW,Referral,6,367000.0,Sun,12335.0,0
2023-04-25,>30 years,Gas,79.0,2,35800.0,Other,Paid Social,4,262000.0,Sun,12092.0,0
2023-03-05,<10 years,Oil,105.0,5,48300.0,Other,Paid Social,2,294000.0,Tue,,0
2024-10-15,<10 years,Gas,129.0,5,63000.0,BE,Organic,3,370000.0,Wed,,0
2023-01-08,10-30 years,Gas,161.0,5,66000.0,BW,Organic,5,445000.0,Mon,11046.0,0
2024-11-28,10-30 years,Electric,205.0,7,50800.0,HE,Paid Social,6,525000.0,Sat,13622.0,0
2023-10-21,>30 years,Oil,146.0,6,51700.0,BY,Referral,4,419000.0,Sun,11326.0,1
2023-12-08,>30 years,Gas,192.0,7,82500.0,NW,Paid Social,5,438000.0,Wed,17848.0,0
2023-07-28,10-30 years,District,208.0,8,66000.0,HE,Organic,5,482000.0,Mon,,0
2023-12-04,<10 years,Gas,127.0,5,51400.0,BW,Paid Social,2,249000.0,Tue,10427.0,0
2023-10-02,10-30 years,Gas,94.0,4,68800.0,Other,Organic,5,201000.0,Fri,,0
2024-10-12,10-30 years,Gas,151.0,5,30000.0,NW,Paid Social,2,438000.0,Mon,20417.0,0
2023-10-25,<10 years,Gas,96.0,4,53200.0,HE,Organic,2,238000.0,Fri,21746.0,0
2024-02-24,>30 years,Gas,223.0,8,56200.0,BY,Referral,5,537000.0,Sun,11096.0,0
2023-03-13,<10 years,Electric,197.0,7,59300.0,BE,Referral,3,357000.0,Fri,14227.0,0
2024-10-08,10-30 years,District,206.0,6,42200.0,NW,Display,8,550000.0,Wed,22554.0,0
2023-12-09,>30 years,Electric,81.0,4,77500.0,HE,Comparison Site,1,216000.0,Tue,17772.0,0
2023-06-02,10-30 years,Oil,135.0,6,36200.0,NW,Referral,2,309000.0,Fri,13677.0,0
2023-01-13,>30 years,Oil,152.0,6,30400.0,HE,Organic,4,404000.0,Tue,10292.0,0
2023-03-03,>30 years,Oil,166.0,4,55600.0,Other,Referral,4,439000.0,Fri,20995.0,0
2024-03-15,10-30 years,Gas,136.0,6,47200.0,HE,Display,2,355000.0,Fri,17458.0,0
2024-10-12,10-30 years,Oil,60.0,2,35300.0,BY,Paid Social,2,113000.0,Tue,19499.0,0
2023-09-04,10-30 years,District,168.0,6,70800.0,BY,Organic,2,390000.0,Sun,,0
2023-06-25,>30 years,Gas,221.0,8,58900.0,HE,Organic,1,562000.0,Wed,9405.0,0
2023-10-12,10-30 years,Gas,230.0,8,87500.0,BY,Referral,6,505000.0,Tue,10545.0,0
2024-02-17,>30 years,Gas,139.0,5,68000.0,BY,Paid Social,2,281000.0,Wed,11528.0,0
2024-11-22,10-30 years,Gas,153.0,6,57000.0,BW,Paid Social,1,379000.0,Wed,10585.0,0
2024-02-06,<10 years,Oil,110.0,5,37800.0,BW,Display,2,350000.0,Sun,,0
2024-10-22,>30 years,Oil,153.0,5,37500.0,HE,Referral,3,349000.0,Sun,15525.0,0
2024-10-21,<10 years,Gas,133.0,5,52100.0,BY,Display,4,363000.0,Mon,14434.0,0
2024-07-25,>30 years,Gas,129.0,5,49800.0,NW,Paid Social,1,385000.0,Sat,13725.0,0
2023-02-22,10-30 years,Oil,90.0,4,81900.0,HE,Organic,2,213000.0,Tue,,0
2023-11-13,10-30 years,Oil,212.0,8,81900.0,BY,Display,1,544000.0,Wed,,0
2023-05-17,10-30 years,Electric,140.0,5,31900.0,Other,Referral,8,419000.0,Sun,14612.0,0
2023-03-07,>30 years,Gas,131.0,4,37200.0,BY,Organic,4,309000.0,Sun,,0
2024-08-12,>30 years,Gas,159.0,6,30300.0,BY,Paid Social,4,430000.0,Fri,25099.0,0
2024-12-21,>30 years,Gas,127.0,4,45300.0,NW,Organic,5,338000.0,Tue,10131.0,0
2024-12-09,10-30 years,Gas,66.0,3,93800.0,NW,Paid Social,2,184000.0,Tue,5000.0,0
2023-11-12,<10 years,Gas,202.0,7,69100.0,Other,Organic,4,545000.0,Wed,,0
2024-02-20,10-30 years,Gas,151.0,4,64100.0,BW,Referral,2,367000.0,Thu,11703.0,1
2023-03-13,10-30 years,Oil,181.0,8,57300.0,BY,Referral,1,471000.0,Mon,19725.0,0
2023-08-08,>30 years,Gas,158.0,5,45400.0,Other,Organic,4,468000.0,Wed,10686.0,0
2023-07-03,>30 years,Electric,188.0,7,84500.0,Other,Referral,4,559000.0,Sun,5000.0,0
2023-01-26,10-30 years,Gas,178.0,8,74300.0,BW,Referral,6,385000.0,Mon,,0
2024-12-06,>30 years,Gas,61.0,3,88100.0,HE,Comparison Site,1,127000.0,Sun,,0
2024-10-20,>30 years,Gas,168.0,6,41000.0,BY,Organic,4,422000.0,Sat,,0
2024-05-02,>30 years,District,114.0,4,53100.0,Other,Referral,6,304000.0,Sun,13860.0,0
2024-07-01,10-30 years,Gas,114.0,3,35900.0,Other,Organic,6,282000.0,Thu,,0
2024-06-19,>30 years,Gas,82.0,2,42700.0,Other,Display,5,198000.0,Mon,8358.0,0
2023-03-12,10-30 years,Gas,222.0,8,44200.0,BW,Organic,4,553000.0,Sat,6636.0,0
2024-12-14,<10 years,Oil,145.0,5,73000.0,Other,Display,5,373000.0,Mon,16287.0,0
2024-11-22,<10 years,Oil,133.0,5,70600.0,NW,Organic,5,396000.0,Sun,14186.0,0
2024-11-08,<10 years,Gas,119.0,5,95900.0,HE,Display,3,244000.0,Thu,13320.0,0
2023-01-13,<10 years,Oil,244.0,8,30000.0,NW,Paid Social,5,550000.0,Thu,12443.0,0
2024-05-27,<10 years,Gas,191.0,6,53600.0,NW,Organic,4,611000.0,Fri,11037.0,0
2023-04-01,>30 years,Gas,60.0,2,200000.0,BY,Display,6,45000.0,Mon,22486.0,0
2023-10-21,10-30 years,Oil,205.0,8,75500.0,NW,Organic,1,586000.0,Thu,15568.0,0
2023-04-16,10-30 years,District,113.0,4,55100.0,BY,Organic,7,331000.0,Fri,11978.0,0
2024-03-24,10-30 years,Oil,176.0,6,82000.0,Other,Organic,8,428000.0,Thu,,0
2024-03-24,10-30 years,Gas,132.0,5,42700.0,NW,Comparison Site,1,383000.0,Tue,,0
2024-10-06,<10 years,Gas,81.0,4,38900.0,Other,Referral,5,252000.0,Tue,17789.0,0
2023-05-13,10-30 years,District,129.0,4,58500.0,NW,Paid Social,6,218000.0,Sun,15910.0,0
2023-05-01,>30 years,Gas,160.0,8,67300.0,BY,Paid Social,2,473000.0,Sun,,0
2024-04-12,>30 years,Electric,160.0,6,79700.0,Other,Paid Social,4,491000.0,Sat,6751.0,0
2023-10-18,10-30 years,Oil,136.0,6,81000.0,HE,Referral,3,380000.0,Sun,10413.0,0
2023-10-23,10-30 years,Oil,152.0,5,42800.0,BY,Display,3,357000.0,Sun,15554.0,0
2023-08-21,10-30 years,Gas,155.0,6,68400.0,Other,Paid Social,1,383000.0,Thu,,0
2024-04-13,10-30 years,Gas,187.0,8,89300.0,Other,Paid Social,3,517000.0,Wed,,0
2024-08-25,10-30 years,Gas,202.0,7,83600.0,BE,Organic,2,446000.0,Thu,,0
2023-01-18,>30 years,District,150.0,6,78200.0,Other,Paid Social,8,323000.0,Thu,6548.0,0
2024-12-18,<10 years,Gas,97.0,4,74100.0,BE,Referral,7,183000.0,Fri,24269.0,0
2024-06-21,>30 years,Oil,176.0,8,71600.0,HE,Paid Social,5,458000.0,Wed,15494.0,0
2023-12-22,10-30 years,Oil,177.0,7,59300.0,Other,Paid Social,4,418000.0,Wed,,0
2024-01-09,10-30 years,Gas,186.0,5,121500.0,BW,Paid Social,4,458000.0,Tue,12793.0,0
2024-06-14,10-30 years,Oil,112.0,5,83900.0,NW,Paid Social,2,326000.0,Wed,16041.0,0
2023-02-19,10-30 years,Oil,182.0,8,53100.0,NW,Referral,2,487000.0,Sat,17797.0,0
2024-08-09,10-30 years,Electric,163.0,7,30500.0,HE,Comparison Site,6,432000.0,Wed,11394.0,0
2024-07-26,<10 years,Gas,173.0,6,142500.0,NW,Paid Social,6,483000.0,Thu,11584.0,0
2024-11-22,10-30 years,Electric,119.0,3,43400.0,NW,Organic,3,381000.0,Wed,22134.0,0
2023-01-14,10-30 years,Gas,75.0,4,33700.0,Other,Referral,3,199000.0,Sun,18734.0,0
2024-05-03,<10 years,Oil,95.0,2,88700.0,Other,Referral,9,190000.0,Wed,26399.0,0
2024-09-23,<10 years,Gas,185.0,8,59900.0,NW,Display,6,415000.0,Fri,20964.0,0
2024-12-13,10-30 years,Gas,218.0,8,74800.0,BE,Display,3,534000.0,Mon,19870.0,0
2023-10-05,<10 years,Gas,181.0,6,36300.0,HE,Paid Social,4,498000.0,Fri,19015.0,0
2023-12-27,<10 years,Gas,101.0,3,83200.0,Other,Display,8,186000.0,Sat,17539.0,0
2023-01-10,10-30 years,Gas,148.0,5,108800.0,BY,Comparison Site,2,349000.0,Fri,7969.0,0
2024-04-13,>30 years,Electric,162.0,7,59300.0,Other,Paid Social,4,458000.0,Thu,23303.0,0
2023-08-10,>30 years,Oil,152.0,5,47300.0,HE,Organic,2,250000.0,Sun,11039.0,0
2024-01-15,>30 years,Electric,156.0,5,42400.0,NW,Organic,2,446000.0,Mon,24695.0,0
2024-04-24,10-30 years,Gas,107.0,4,81700.0,Other,Organic,7,250000.0,Thu,19423.0,0
2023-01-25,10-30 years,Electric,90.0,4,94200.0,NW,Display,1,233000.0,Tue,11925.0,0
2024-05-04,>30 years,Electric,111.0,5,51700.0,BW,Referral,5,202000.0,Mon,18645.0,0
2024-11-24,10-30 years,Gas,100.0,4,48400.0,BE,Paid Social,4,279000.0,Tue,,0
2023-03-20,<10 years,Gas,155.0,7,60900.0,BY,Display,1,450000.0,Wed,15883.0,0
2024-07-08,10-30 years,Oil,159.0,6,54000.0,HE,Organic,2,361000.0,Wed,20562.0,0
2023-12-21,10-30 years,Gas,95.0,4,34300.0,BW,Referral,3,192000.0,Fri,16479.0,0
2023-04-02,10-30 years,District,147.0,4,30000.0,HE,Organic,3,369000.0,Wed,20578.0,0
2024-04-04,10-30 years,Gas,224.0,7,53400.0,BY,Referral,6,611000.0,Sun,,0
2023-04-16,<10 years,Gas,156.0,6,44100.0,BW,Display,3,412000.0,Tue,15728.0,0
2024-11-08,>30 years,Electric,133.0,4,77600.0,BW,Display,3,290000.0,Tue,5917.0,1
2024-08-26,10-30 years,Gas,185.0,7,41100.0,Other,Organic,1,332000.0,Mon,17440.0,0
2024-10-08,10-30 years,Gas,245.0,8,30000.0,BY,Paid Social,3,578000.0,Sat,20785.0,0
2024-11-10,>30 years,Gas,158.0,4,53000.0,HE,Organic,2,367000.0,Mon,9616.0,0
2023-01-17,<10 years,Oil,126.0,6,78600.0,NW,Paid Social,3,267000.0,Wed,14999.0,1
2023-12-12,>30 years,Gas,155.0,6,122700.0,NW,Organic,5,375000.0,Thu,11532.0,0
2024-10-12,10-30 years,Oil,205.0,8,133300.0,HE,Organic,3,499000.0,Sun,10685.0,0
2023-11-27,10-30 years,Gas,147.0,5,48400.0,HE,Display,2,310000.0,Thu,22753.0,0
2024-09-25,>30 years,Oil,151.0,4,40800.0,Other,Organic,3,327000.0,Thu,10452.0,0
2023-10-26,10-30 years,Gas,207.0,8,60000.0,NW,Referral,2,584000.0,Thu,20789.0,0
2023-09-25,<10 years,Gas,155.0,6,70800.0,NW,Organic,1,485000.0,Thu,26310.0,0
2024-04-11,<10 years,Oil,219.0,8,47100.0,BE,Paid Social,2,534000.0,Wed,,0
2024-05-07,10-30 years,Gas,94.0,3,48500.0,NW,Display,1,282000.0,Tue,16182.0,0
2024-01-06,>30 years,Electric,168.0,7,95600.0,HE,Organic,4,417000.0,Fri,15090.0,0
2024-02-20,10-30 years,Gas,229.0,8,38300.0,BY,Referral,2,484000.0,Mon,16094.0,0
2024-01-08,10-30 years,Oil,248.0,8,59700.0,BY,Organic,5,761000.0,Tue,17373.0,1
2023-04-12,>30 years,Oil,134.0,4,90000.0,BY,Organic,3,311000.0,Fri,23104.0,1
2023-12-25,<10 years,Oil,139.0,4,91100.0,Other,Referral,3,340000.0,Mon,10536.0,0
2024-04-23,>30 years,District,228.0,8,89500.0,Other,Referral,2,596000.0,Wed,20902.0,0
2024-03-19,10-30 years,Gas,136.0,5,145900.0,NW,Display,1,327000.0,Sun,12215.0,0
2024-11-13,<10 years,Electric,129.0,4,73500.0,NW,Referral,4,310000.0,Fri,,0
2024-08-01,<10 years,Gas,130.0,4,56700.0,NW,Comparison Site,2,276000.0,Thu,7772.0,0
2024-05-23,>30 years,Gas,115.0,5,39700.0,BY,Organic,9,299000.0,Mon,5000.0,0
2023-10-06,10-30 years,Gas,107.0,3,46700.0,Other,Paid Social,4,213000.0,Thu,16049.0,0
2024-11-02,10-30 years,Oil,142.0,2,30000.0,Other,Paid Social,2,343000.0,Sun,17756.0,0
2024-08-18,10-30 years,Oil,85.0,2,66300.0,HE,Organic,6,253000.0,Tue,16421.0,0
2023-11-28,10-30 years,Gas,126.0,4,68100.0,BE,Organic,2,217000.0,Wed,14407.0,0
2023-07-09,10-30 years,Oil,213.0,7,52900.0,BE,Paid Social,2,539000.0,Sun,16106.0,0
2023-01-25,>30 years,Electric,186.0,8,40200.0,BW,Organic,3,491000.0,Sun,16090.0,1
2023-09-21,10-30 years,Electric,128.0,7,60400.0,HE,Referral,6,340000.0,Thu,20247.0,0
2024-10-06,<10 years,Gas,161.0,5,55500.0,NW,Display,3,416000.0,Thu,9785.0,0
2024-01-17,10-30 years,Gas,146.0,6,45500.0,BY,Comparison Site,3,357000.0,Mon,23598.0,0
2024-09-01,<10 years,Gas,120.0,4,60300.0,BE,Organic,4,283000.0,Thu,5000.0,0
2023-01-20,>30 years,Gas,60.0,2,85900.0,Other,Display,1,133000.0,Tue,,0
2024-08-04,<10 years,Gas,114.0,6,50900.0,Other,Referral,3,318000.0,Sat,,0
2024-10-07,>30 years,Gas,138.0,6,47500.0,HE,Paid Social,3,306000.0,Thu,20546.0,0
2023-04-11,10-30 years,District,250.0,8,51300.0,BE,Comparison Site,7,758000.0,Sun,21925.0,0
2024-09-16,>30 years,Electric,175.0,5,51300.0,BE,Organic,3,408000.0,Sat,,0
2024-08-12,<10 years,Electric,146.0,7,71800.0,BE,Paid Social,1,457000.0,Tue,,0
2024-10-19,>30 years,District,170.0,6,70500.0,BY,Paid Social,3,381000.0,Wed,,0
2023-10-21,<10 years,Oil,160.0,7,71300.0,BY,Comparison Site,3,513000.0,Sat,12135.0,1
2024-06-19,>30 years,Gas,122.0,5,58100.0,NW,Comparison Site,1,256000.0,Wed,10147.0,0
2024-04-23,10-30 years,Electric,148.0,5,64300.0,NW,Organic,2,379000.0,Thu,,0
2023-03-12,10-30 years,Gas,136.0,5,30400.0,Other,Paid Social,3,404000.0,Mon,10568.0,0
2024-02-17,10-30 years,Gas,90.0,2,40300.0,HE,Organic,3,158000.0,Wed,,0
2024-01-26,>30 years,Gas,128.0,5,59100.0,HE,Referral,3,270000.0,Thu,19578.0,0
2024-12-15,<10 years,Gas,146.0,5,62200.0,NW,Comparison Site,3,357000.0,Sat,17629.0,0
2023-10-25,>30 years,Electric,168.0,6,86000.0,BY,Referral,2,424000.0,Wed,,0
2024-09-17,10-30 years,Electric,151.0,6,49500.0,NW,Paid Social,6,455000.0,Wed,9875.0,0
2023-03-20,>30 years,Gas,189.0,8,30000.0,BW,Paid Social,5,450000.0,Sun,8011.0,0
2023-07-23,10-30 years,Gas,142.0,5,73300.0,BW,Display,8,409000.0,Wed,15519.0,0
2023-03-14,<10 years,Gas,202.0,7,30000.0,BW,Comparison Site,4,498000.0,Fri,22329.0,0
2023-01-01,10-30 years,Oil,158.0,5,50900.0,BW,Organic,3,394000.0,Thu,23120.0,1
2024-03-27,<10 years,Gas,169.0,5,30400.0,HE,Organic,4,439000.0,Tue,17695.0,0
2024-01-01,10-30 years,District,162.0,8,129000.0,Other,Paid Social,3,375000.0,Thu,,0
2024-01-23,10-30 years,Gas,131.0,5,36800.0,BW,Paid Social,3,286000.0,Wed,20497.0,0
2024-03-19,>30 years,District,176.0,4,60800.0,Other,Paid Social,1,403000.0,Wed,,0
2023-07-20,>30 years,Gas,127.0,5,55700.0,BE,Paid Social,1,323000.0,Thu,24863.0,0
2024-07-25,<10 years,Gas,112.0,4,30400.0,Other,Paid Social,3,316000.0,Fri,,0
2024-08-06,10-30 years,Gas,161.0,6,107600.0,Other,Referral,2,468000.0,Wed,18853.0,0
2024-12-07,10-30 years,Oil,148.0,6,77800.0,Other,Referral,1,335000.0,Mon,22640.0,0
2024-03-26,10-30 years,Gas,119.0,3,49300.0,Other,Referral,3,340000.0,Sat,5225.0,0
2024-08-20,<10 years,Electric,154.0,5,35500.0,BW,Paid Social,2,353000.0,Wed,12430.0,0
2024-10-16,>30 years,Gas,178.0,6,38900.0,NW,Organic,6,438000.0,Mon,13683.0,0
2024-11-13,>30 years,Oil,142.0,5,30000.0,HE,Referral,3,374000.0,Thu,14880.0,0
2023-02-08,10-30 years,Gas,214.0,8,53300.0,BW,Comparison Site,4,546000.0,Fri,18245.0,0
2024-12-02,10-30 years,Gas,196.0,7,66000.0,NW,Display,6,467000.0,Fri,10385.0,0
2024-06-03,10-30 years,Gas,133.0,5,98000.0,BW,Organic,2,293000.0,Mon,20788.0,0
2024-05-28,>30 years,District,104.0,3,83000.0,BE,Organic,4,250000.0,Wed,9815.0,0
2024-12-08,<10 years,Gas,145.0,4,84000.0,BY,Referral,3,341000.0,Wed,17402.0,1
2024-03-11,10-30 years,Gas,168.0,6,70300.0,Other,Display,2,448000.0,Fri,6036.0,0
2023-11-08,>30 years,Gas,83.0,3,67900.0,NW,Organic,3,100000.0,Mon,8837.0,0
2024-03-21,<10 years,Oil,82.0,2,55300.0,BW,Organic,2,155000.0,Fri,15502.0,0
2024-12-23,10-30 years,Gas,100.0,4,79800.0,Other,Organic,5,236000.0,Mon,14965.0,0
2023-03-03,<10 years,Electric,196.0,7,46700.0,BE,Paid Social,4,531000.0,Wed,9029.0,0
2024-12-24,>30 years,Gas,207.0,8,58000.0,BE,Referral,2,520000.0,Sun,14485.0,0
2024-10-16,10-30 years,Gas,108.0,5,63600.0,BY,Referral,1,207000.0,Fri,13682.0,0
2024-02-06,>30 years,Gas,94.0,5,80300.0,BW,Organic,4,207000.0,Mon,21286.0,0
2023-03-12,>30 years,Gas,159.0,7,48600.0,Other,Organic,1,430000.0,Sun,16127.0,0
2023-04-02,>30 years,Gas,156.0,6,119500.0,NW,Display,3,414000.0,Mon,17800.0,0
2023-10-05,10-30 years,Gas,102.0,4,168700.0,BY,Display,5,250000.0,Thu,20805.0,0
2023-07-24,>30 years,Gas,110.0,3,32000.0,Other,Organic,2,211000.0,Sat,20566.0,0
2023-10-12,<10 years,Oil,124.0,7,72700.0,NW,Referral,3,382000.0,Mon,17372.0,0
2023-01-01,10-30 years,Gas,133.0,5,99300.0,BE,Comparison Site,4,372000.0,Mon,9761.0,0
2024-10-06,<10 years,Gas,162.0,5,47900.0,BY,Organic,8,316000.0,Tue,11134.0,0
2023-11-03,10-30 years,Oil,60.0,3,76500.0,Other,Referral,3,98000.0,Fri,17942.0,0
2023-06-13,>30 years,Gas,226.0,8,46900.0,NW,Paid Social,4,569000.0,Fri,17726.0,0
2023-09-22,>30 years,Gas,165.0,8,46900.0,NW,Organic,5,405000.0,Wed,13384.0,0
2023-11-19,10-30 years,Oil,153.0,5,57000.0,BW,Paid Social,2,279000.0,Sun,15129.0,1
2024-05-28,>30 years,Gas,125.0,7,39800.0,BE,Paid Social,3,303000.0,Tue,10302.0,0
2024-01-10,>30 years,Gas,116.0,4,54600.0,HE,Display,3,286000.0,Sun,14069.0,0
2023-11-21,>30 years,Gas,118.0,5,40000.0,Other,Organic,5,270000.0,Mon,16885.0,0
2023-06-25,10-30 years,Gas,130.0,5,59900.0,BW,Display,1,335000.0,Mon,15996.0,0
2024-11-22,<10 years,District,166.0,7,61400.0,NW,Paid Social,3,373000.0,Tue,25744.0,0
2024-11-06,10-30 years,Gas,196.0,8,65200.0,BY,Display,5,405000.0,Wed,,0
2024-02-07,10-30 years,Oil,93.0,4,71600.0,BE,Referral,5,175000.0,Wed,7828.0,0
2024-02-16,10-30 years,Oil,132.0,6,66500.0,BW,Display,6,386000.0,Sat,20267.0,0
2023-12-13,>30 years,Electric,156.0,5,83400.0,Other,Referral,2,416000.0,Sat,5530.0,1
2023-05-25,>30 years,Oil,158.0,8,47200.0,BE,Referral,1,464000.0,Sun,,0
2023-03-18,10-30 years,Gas,127.0,4,87100.0,NW,Display,4,298000.0,Sat,12624.0,0
2023-11-15,<10 years,Gas,135.0,6,70600.0,NW,Display,5,370000.0,Wed,5000.0,0
2024-01-27,10-30 years,Electric,141.0,5,57200.0,NW,Paid Social,1,349000.0,Mon,19161.0,0
2023-08-12,<10 years,Oil,102.0,4,48200.0,BE,Referral,2,195000.0,Wed,15425.0,0
2024-09-23,10-30 years,Gas,113.0,4,31600.0,HE,Paid Social,7,310000.0,Wed,,0
2023-03-17,>30 years,Gas,75.0,2,37700.0,NW,Organic,2,152000.0,Wed,12389.0,0
2024-12-01,10-30 years,Gas,194.0,7,114600.0,BY,Organic,5,475000.0,Sun,,0
2024-12-10,10-30 years,Electric,173.0,7,37800.0,BY,Comparison Site,5,406000.0,Mon,23483.0,0
2023-09-24,<10 years,Oil,96.0,5,45300.0,Other,Organic,7,252000.0,Mon,18437.0,0
2024-12-17,10-30 years,Oil,105.0,4,54000.0,HE,Referral,4,322000.0,Mon,,0
2024-10-23,>30 years,Gas,96.0,3,59900.0,HE,Referral,8,189000.0,Sun,7447.0,0
2024-03-14,>30 years,Gas,112.0,4,50800.0,NW,Display,5,246000.0,Tue,17050.0,0
2023-08-26,<10 years,Gas,160.0,7,76800.0,BE,Referral,2,413000.0,Thu,11736.0,0
2024-04-27,>30 years,Gas,265.0,8,65600.0,Other,Organic,5,639000.0,Sat,13568.0,0
2024-12-10,10-30 years,Gas,132.0,4,74400.0,NW,Comparison Site,3,293000.0,Wed,9451.0,0
2024-09-10,10-30 years,Gas,169.0,7,103400.0,BW,Display,5,489000.0,Thu,13133.0,0
2023-02-06,<10 years,Gas,145.0,5,65300.0,BY,Referral,8,332000.0,Sat,20377.0,0
2023-05-09,10-30 years,Oil,160.0,7,54500.0,Other,Organic,4,334000.0,Sat,26006.0,1
2023-05-02,<10 years,Gas,139.0,4,30000.0,HE,Paid Social,7,348000.0,Wed,20446.0,0
2024-08-12,10-30 years,Gas,196.0,8,149100.0,Other,Organic,6,462000.0,Tue,9503.0,0
2024-02-01,10-30 years,Electric,174.0,7,118200.0,NW,Display,8,443000.0,Thu,19038.0,0
2023-02-11,10-30 years,Gas,150.0,6,99400.0,NW,Organic,4,457000.0,Tue,11048.0,0
2023-12-05,>30 years,Gas,176.0,6,64600.0,BW,Organic,5,454000.0,Mon,10695.0,1
2024-09-05,<10 years,Electric,188.0,7,57200.0,BY,Organic,1,537000.0,Sat,19143.0,0
2024-12-18,>30 years,Oil,121.0,5,59300.0,NW,Display,5,278000.0,Tue,17636.0,0
2023-11-08,10-30 years,Electric,169.0,7,69000.0,BW,Display,2,391000.0,Mon,,0
2023-12-10,>30 years,Gas,185.0,7,83200.0,HE,Display,4,402000.0,Sat,8794.0,0
2023-08-08,10-30 years,District,169.0,7,44200.0,Other,Paid Social,1,444000.0,Thu,,0
2023-02-04,<10 years,Gas,178.0,6,51600.0,BW,Comparison Site,1,380000.0,Mon,13081.0,0
2024-06-24,10-30 years,District,153.0,5,53100.0,NW,Comparison Site,2,448000.0,Mon,13734.0,0
2023-11-17,10-30 years,District,172.0,7,74200.0,NW,Paid Social,1,312000.0,Wed,15428.0,0
2024-09-05,>30 years,Oil,211.0,8,88900.0,BW,Paid Social,6,546000.0,Sat,9901.0,0
2024-09-16,>30 years,Oil,110.0,2,100100.0,BY,Display,4,229000.0,Sat,21384.0,0
2023-01-03,<10 years,Electric,150.0,6,66300.0,NW,Organic,2,447000.0,Wed,13171.0,0
2024-02-09,10-30 years,Gas,119.0,6,123700.0,Other,Referral,7,293000.0,Mon,18698.0,0
2024-02-24,10-30 years,Oil,126.0,4,62200.0,HE,Referral,2,317000.0,Sat,14542.0,0
2023-06-24,10-30 years,District,170.0,6,121000.0,BW,Paid Social,3,383000.0,Thu,19442.0,0
2023-02-09,>30 years,Gas,83.0,3,89200.0,BE,Paid Social,3,213000.0,Sun,17374.0,0
2024-12-15,<10 years,District,105.0,4,52200.0,Other,Display,5,256000.0,Thu,,0
2024-01-20,10-30 years,Oil,198.0,6,151300.0,Other,Organic,5,465000.0,Sat,5467.0,0
2023-11-06,10-30 years,Electric,97.0,3,34100.0,Other,Referral,3,231000.0,Sun,13962.0,0
2024-11-20,10-30 years,Gas,208.0,6,110000.0,Other,Referral,6,462000.0,Sun,15015.0,0
2024-10-01,>30 years,Gas,150.0,4,55400.0,BY,Paid Social,2,463000.0,Tue,13746.0,0
2024-12-07,<10 years,District,147.0,7,30000.0,HE,Organic,3,391000.0,Sat,26685.0,0
2024-09-16,10-30 years,Gas,123.0,4,159700.0,BY,Paid Social,4,307000.0,Fri,18586.0,0
2024-12-21,10-30 years,Oil,137.0,5,69400.0,NW,Paid Social,5,359000.0,Mon,12696.0,0
2023-07-22,10-30 years,Electric,159.0,6,54900.0,NW,Referral,8,395000.0,Wed,,0
2023-04-22,<10 years,Gas,141.0,6,55200.0,NW,Organic,3,455000.0,Sat,20404.0,0
2023-08-01,>30 years,Oil,115.0,4,92200.0,NW,Paid Social,5,345000.0,Thu,19987.0,0
2024-01-19,>30 years,Gas,175.0,6,62500.0,Other,Paid Social,1,392000.0,Thu,13182.0,0
2024-09-06,>30 years,Gas,200.0,5,140500.0,HE,Organic,5,516000.0,Sun,17864.0,0
2024-06-06,>30 years,Gas,86.0,3,50400.0,HE,Organic,3,283000.0,Thu,18177.0,0
2024-11-12,<10 years,Oil,238.0,8,38100.0,Other,Display,4,525000.0,Thu,13170.0,0
2023-07-04,<10 years,Electric,162.0,5,69200.0,BY,Comparison Site,2,415000.0,Thu,15300.0,0
2024-03-04,<10 years,Gas,169.0,7,71200.0,NW,Referral,6,419000.0,Tue,,0
2024-06-11,>30 years,Gas,210.0,7,40600.0,Other,Paid Social,3,527000.0,Fri,10268.0,0
2023-07-12,>30 years,Gas,65.0,2,35300.0,BE,Display,5,124000.0,Mon,15512.0,0
2023-10-10,10-30 years,Gas,87.0,4,43000.0,Other,Display,1,236000.0,Fri,12047.0,0
2023-01-28,>30 years,Gas,69.0,2,51800.0,NW,Display,1,109000.0,Mon,17059.0,0
2024-06-10,10-30 years,Electric,101.0,3,44900.0,Other,Paid Social,1,226000.0,Thu,14247.0,0
2024-04-06,<10 years,District,173.0,6,103000.0,BY,Display,3,428000.0,Tue,20893.0,0
2023-01-28,<10 years,Gas,101.0,4,54100.0,Other,Organic,3,241000.0,Wed,12574.0,0
2024-10-16,<10 years,Oil,113.0,3,106500.0,BY,Referral,4,261000.0,Thu,19066.0,0
2023-10-03,10-30 years,Oil,120.0,5,30000.0,NW,Comparison Site,5,293000.0,Fri,18621.0,0
2024-10-21,10-30 years,District,144.0,4,72600.0,BE,Display,2,358000.0,Mon,,0
2023-12-28,>30 years,Gas,142.0,6,65900.0,BE,Organic,1,272000.0,Thu,19950.0,0
2024-06-21,<10 years,Electric,117.0,3,98400.0,BW,Display,2,346000.0,Wed,16862.0,0
2024-03-08,>30 years,District,108.0,4,58700.0,BY,Comparison Site,2,369000.0,Sat,,0
2024-09-15,10-30 years,District,137.0,3,41200.0,BY,Comparison Site,6,349000.0,Thu,11492.0,0
2024-02-19,>30 years,Oil,150.0,7,66400.0,Other,Comparison Site,2,367000.0,Fri,15667.0,0
2023-03-19,>30 years,Gas,206.0,8,65600.0,Other,Display,3,492000.0,Tue,7650.0,0
2024-11-06,>30 years,Oil,110.0,4,46400.0,BE,Comparison Site,2,270000.0,Fri,,0
2023-06-15,10-30 years,Gas,144.0,5,56000.0,Other,Organic,6,251000.0,Wed,,1
2024-10-15,<10 years,Gas,68.0,2,51100.0,BE,Organic,4,203000.0,Mon,,0
2023-11-19,10-30 years,Gas,194.0,8,118400.0,BE,Paid Social,3,565000.0,Mon,20471.0,0
2024-08-05,<10 years,Gas,144.0,5,58300.0,Other,Organic,7,363000.0,Wed,12868.0,0
2024-04-18,10-30 years,Gas,181.0,8,58700.0,NW,Organic,5,418000.0,Sun,5664.0,0
2023-10-07,10-30 years,Gas,198.0,7,55000.0,BW,Display,3,524000.0,Tue,,0
2023-02-14,10-30 years,Gas,168.0,6,52700.0,BE,Display,4,429000.0,Sat,11244.0,0
2024-11-04,>30 years,Gas,155.0,5,66400.0,BY,Organic,5,388000.0,Sat,8372.0,0
2023-09-17,10-30 years,Gas,73.0,2,44700.0,BY,Paid Social,3,98000.0,Mon,,0
2023-12-16,>30 years,Electric,143.0,8,57400.0,Other,Referral,1,408000.0,Thu,14118.0,0
2024-07-05,10-30 years,Oil,110.0,5,32800.0,Other,Organic,1,359000.0,Sat,5000.0,0
2024-11-16,10-30 years,Electric,105.0,3,65700.0,NW,Referral,4,355000.0,Thu,17026.0,0
2024-11-14,10-30 years,Gas,73.0,3,66400.0,BW,Display,1,135000.0,Sun,,0
2023-11-10,>30 years,Electric,141.0,6,38400.0,BY,Display,5,247000.0,Mon,16112.0,0
2023-02-13,>30 years,District,115.0,5,77000.0,NW,Organic,3,295000.0,Wed,21454.0,0
2023-08-18,>30 years,Gas,118.0,5,52400.0,Other,Organic,3,327000.0,Sat,12601.0,0
2024-08-15,10-30 years,Gas,109.0,4,106600.0,Other,Paid Social,3,240000.0,Wed,20121.0,0
2024-12-06,<10 years,Oil,202.0,8,55200.0,HE,Organic,3,524000.0,Fri,14299.0,0
2024-08-12,<10 years,Oil,106.0,3,102400.0,BW,Organic,3,329000.0,Thu,,0
2023-01-01,10-30 years,Gas,133.0,3,77400.0,BY,Comparison Site,4,169000.0,Mon,,0
2024-03-27,>30 years,District,142.0,7,37800.0,BY,Organic,1,418000.0,Thu,13863.0,0
2024-01-26,>30 years,Gas,140.0,5,48600.0,HE,Paid Social,4,364000.0,Tue,13647.0,0
2023-10-17,10-30 years,Electric,219.0,8,116400.0,BW,Referral,3,567000.0,Wed,21683.0,0
2024-04-05,>30 years,Gas,69.0,2,84900.0,HE,Organic,7,161000.0,Tue,21422.0,0
2023-10-01,10-30 years,Gas,159.0,5,40500.0,Other,Paid Social,4,428000.0,Sat,,0
2023-12-24,<10 years,Gas,185.0,5,73700.0,Other,Paid Social,3,568000.0,Sat,19048.0,0
2024-07-17,10-30 years,Gas,160.0,7,46400.0,Other,Display,4,286000.0,Wed,10142.0,0
2024-09-27,10-30 years,District,236.0,8,53200.0,BE,Display,3,567000.0,Wed,16790.0,0
2024-02-22,10-30 years,Oil,203.0,8,106300.0,BE,Paid Social,3,398000.0,Tue,16831.0,0
2023-09-18,10-30 years,Electric,122.0,6,73100.0,BY,Display,3,357000.0,Thu,17310.0,0
2024-02-17,>30 years,District,141.0,5,37400.0,Other,Organic,1,305000.0,Thu,18623.0,0
2024-10-07,10-30 years,Gas,180.0,8,62300.0,HE,Display,4,454000.0,Fri,,0
2023-04-08,10-30 years,Gas,145.0,4,95500.0,BY,Referral,7,442000.0,Sat,15454.0,0
2023-10-16,10-30 years,District,146.0,6,70100.0,Other,Organic,10,349000.0,Mon,6937.0,0
2023-06-25,>30 years,Oil,231.0,8,59100.0,Other,Display,2,617000.0,Tue,14170.0,0
2023-02-28,10-30 years,Oil,190.0,6,48700.0,NW,Paid Social,2,494000.0,Thu,19667.0,0
2024-09-06,>30 years,Gas,233.0,8,60900.0,Other,Organic,1,637000.0,Tue,16361.0,0
2023-04-24,10-30 years,Electric,146.0,6,30000.0,BE,Organic,3,354000.0,Mon,6672.0,0
2024-12-09,10-30 years,Oil,156.0,5,62600.0,HE,Comparison Site,2,392000.0,Sat,22586.0,0
2023-05-16,10-30 years,Electric,163.0,5,39900.0,BY,Paid Social,3,338000.0,Tue,16163.0,0
2023-09-01,<10 years,District,178.0,7,37700.0,NW,Paid Social,4,393000.0,Sun,,0
2023-09-16,10-30 years,Oil,137.0,6,68200.0,BE,Referral,2,359000.0,Sat,19644.0,0
2024-01-26,10-30 years,Oil,113.0,3,65200.0,Other,Paid Social,4,297000.0,Sun,11079.0,0
2024-11-01,10-30 years,Gas,117.0,6,56000.0,HE,Referral,2,298000.0,Sat,12231.0,0
2023-01-26,10-30 years,Gas,145.0,5,57700.0,Other,Display,2,364000.0,Thu,14878.0,0
2024-11-12,10-30 years,Oil,84.0,2,46700.0,Other,Organic,4,268000.0,Mon,17053.0,0
2024-11-17,>30 years,Gas,165.0,6,30000.0,HE,Paid Social,2,375000.0,Sun,13271.0,0
2023-07-19,>30 years,District,60.0,4,57700.0,Other,Organic,1,133000.0,Thu,21957.0,0
2024-05-24,>30 years,Oil,88.0,4,75900.0,NW,Paid Social,5,224000.0,Thu,15293.0,0
2024-03-19,10-30 years,District,198.0,8,38700.0,BY,Comparison Site,3,428000.0,Sat,,0
2023-07-14,10-30 years,Gas,153.0,5,48900.0,NW,Display,1,409000.0,Wed,28653.0,0
2024-11-28,>30 years,District,167.0,6,56800.0,BW,Display,3,363000.0,Fri,13971.0,0
2023-09-10,<10 years,Oil,163.0,6,55800.0,Other,Referral,6,344000.0,Sun,9946.0,0
2024-01-12,>30 years,Electric,227.0,8,59700.0,NW,Organic,5,627000.0,Thu,11897.0,0
2023-07-12,>30 years,Gas,198.0,8,61500.0,NW,Referral,2,536000.0,Fri,9393.0,0
2024-09-27,10-30 years,Oil,218.0,8,40300.0,BE,Display,4,609000.0,Wed,9947.0,0
2023-01-17,<10 years,Oil,128.0,5,72200.0,HE,Paid Social,1,343000.0,Thu,11415.0,0
2023-03-23,>30 years,Gas,145.0,6,49700.0,BY,Paid Social,3,431000.0,Sun,12117.0,0
2023-04-26,>30 years,Gas,92.0,2,79100.0,Other,Organic,3,198000.0,Tue,21308.0,0
2024-11-08,>30 years,District,188.0,7,63200.0,Other,Display,5,458000.0,Fri,9632.0,0
2024-03-10,<10 years,Gas,179.0,8,69300.0,BW,Display,4,400000.0,Sun,17900.0,0
2024-08-21,10-30 years,Gas,121.0,4,88200.0,NW,Organic,5,245000.0,Thu,8757.0,0
2023-12-23,<10 years,Gas,127.0,4,71700.0,BY,Organic,1,344000.0,Mon,20913.0,0
2023-10-22,10-30 years,District,168.0,6,81100.0,NW,Paid Social,8,388000.0,Tue,,0
2024-01-27,10-30 years,Oil,141.0,5,110700.0,BY,Paid Social,2,378000.0,Sun,20437.0,0
2023-06-24,>30 years,Gas,122.0,5,36700.0,NW,Display,5,329000.0,Sun,18470.0,0
2023-01-10,10-30 years,Gas,134.0,4,46600.0,HE,Paid Social,3,393000.0,Sat,,0
2023-03-28,10-30 years,Electric,134.0,5,48500.0,BW,Organic,2,404000.0,Tue,5000.0,0
2023-03-10,<10 years,Gas,166.0,6,101000.0,Other,Referral,2,363000.0,Mon,23366.0,0
2023-05-17,10-30 years,Gas,141.0,7,59100.0,NW,Paid Social,1,370000.0,Fri,22181.0,0
2024-01-23,>30 years,Gas,60.0,3,44900.0,Other,Referral,1,210000.0,Tue,18363.0,0
2023-01-22,>30 years,Gas,146.0,5,40400.0,BW,Display,4,345000.0,Tue,,0
2024-01-17,10-30 years,Oil,122.0,4,80300.0,Other,Display,6,312000.0,Fri,,0
2023-03-16,10-30 years,Oil,177.0,5,68400.0,Other,Paid Social,2,447000.0,Thu,17249.0,0
2024-09-02,10-30 years,Oil,156.0,7,33300.0,Other,Comparison Site,3,456000.0,Wed,,0
2023-02-06,<10 years,Gas,122.0,3,47000.0,BW,Comparison Site,3,376000.0,Mon,17580.0,0
2023-01-24,10-30 years,Gas,124.0,5,30000.0,NW,Paid Social,4,352000.0,Sun,17460.0,0
2023-09-17,<10 years,Gas,157.0,5,83400.0,Other,Referral,3,414000.0,Sat,,0
2024-12-21,>30 years,Gas,148.0,6,60500.0,HE,Organic,1,457000.0,Tue,,0
2024-03-28,<10 years,Gas,137.0,6,55900.0,Other,Display,5,371000.0,Fri,,0
2023-05-02,<10 years,Oil,145.0,4,33800.0,Other,Display,1,339000.0,Thu,12908.0,0
2023-11-07,10-30 years,Gas,166.0,6,46400.0,Other,Comparison Site,4,420000.0,Thu,,0
2024-10-11,>30 years,Electric,84.0,2,76600.0,BE,Organic,3,162000.0,Mon,11453.0,0
2024-03-13,>30 years,Oil,207.0,8,53100.0,HE,Display,5,470000.0,Thu,16504.0,0
2024-10-16,>30 years,Gas,132.0,6,48500.0,NW,Organic,5,308000.0,Wed,18484.0,0
2024-01-16,10-30 years,Gas,196.0,8,116600.0,Other,Organic,5,497000.0,Sat,9128.0,0
2023-02-02,10-30 years,Oil,233.0,8,31400.0,BY,Organic,3,566000.0,Sun,26390.0,0
2024-03-23,>30 years,Electric,172.0,7,46300.0,Other,Referral,6,376000.0,Thu,21383.0,0
2024-06-15,>30 years,Electric,73.0,2,42800.0,Other,Comparison Site,3,223000.0,Sat,18531.0,0
2024-12-26,10-30 years,Gas,103.0,4,74700.0,BE,Organic,1,116000.0,Thu,,0
2023-04-20,10-30 years,Oil,167.0,6,66700.0,BE,Organic,5,306000.0,Mon,13348.0,0
2024-06-08,10-30 years,Gas,123.0,3,57900.0,BW,Paid Social,1,304000.0,Tue,,0
2024-02-27,>30 years,Oil,209.0,7,38300.0,Other,Paid Social,1,492000.0,Mon,,0
2024-11-28,10-30 years,District,120.0,4,66300.0,NW,Comparison Site,3,259000.0,Mon,13909.0,0
2023-05-21,10-30 years,Oil,172.0,5,30000.0,NW,Organic,6,375000.0,Thu,6428.0,0
2024-09-18,>30 years,Gas,146.0,7,52000.0,Other,Referral,6,291000.0,Mon,5916.0,0
2023-09-04,>30 years,Oil,151.0,5,47300.0,BY,Paid Social,4,395000.0,Wed,,1
2024-06-26,10-30 years,District,176.0,7,84800.0,Other,Organic,4,413000.0,Sat,18829.0,0
2023-03-19,10-30 years,Gas,60.0,3,75200.0,NW,Organic,5,276000.0,Wed,,0
2023-12-13,<10 years,Gas,149.0,6,74600.0,BW,Organic,2,382000.0,Thu,,0
2024-04-05,10-30 years,Gas,186.0,7,63600.0,HE,Organic,6,452000.0,Wed,23168.0,0
2023-01-01,10-30 years,Gas,103.0,2,98900.0,BE,Comparison Site,5,216000.0,Sat,19537.0,0
2024-04-11,10-30 years,Gas,176.0,6,81700.0,HE,Referral,4,436000.0,Wed,14041.0,0
2023-09-07,10-30 years,Gas,141.0,4,39300.0,Other,Comparison Site,1,430000.0,Wed,17128.0,0
2023-01-18,<10 years,Gas,124.0,5,49900.0,NW,Organic,3,304000.0,Sun,19704.0,1
2024-10-03,>30 years,Gas,140.0,3,76800.0,NW,Paid Social,6,379000.0,Sat,15118.0,0
2023-02-09,>30 years,Oil,206.0,8,65700.0,BY,Comparison Site,7,498000.0,Tue,10536.0,0
2023-10-22,10-30 years,Gas,157.0,5,59000.0,HE,Display,4,433000.0,Thu,10491.0,0
2023-01-14,>30 years,District,100.0,2,69000.0,Other,Organic,6,355000.0,Wed,18562.0,0
2024-05-21,10-30 years,Gas,162.0,5,30000.0,NW,Organic,5,416000.0,Fri,19886.0,0
2024-09-20,>30 years,Oil,152.0,6,70300.0,BW,Paid Social,3,417000.0,Mon,23994.0,0
2024-10-13,10-30 years,Gas,195.0,8,94200.0,NW,Paid Social,3,458000.0,Wed,17925.0,0
2023-11-05,>30 years,Gas,147.0,5,80400.0,Other,Referral,2,317000.0,Wed,21074.0,0
2023-07-02,<10 years,Oil,192.0,7,173500.0,Other,Referral,4,532000.0,Wed,21562.0,0
2024-12-21,10-30 years,Oil,153.0,6,72000.0,BW,Organic,1,264000.0,Thu,5000.0,0
2024-07-18,>30 years,Electric,166.0,5,56400.0,Other,Organic,2,450000.0,Wed,15512.0,0
2023-08-12,<10 years,Electric,121.0,5,110700.0,BW,Referral,5,301000.0,Mon,19727.0,0
2023-05-06,<10 years,Oil,173.0,7,42000.0,Other,Paid Social,2,466000.0,Sat,5000.0,0
2023-01-18,10-30 years,Gas,231.0,8,49600.0,NW,Organic,5,655000.0,Fri,11978.0,0
2024-03-05,10-30 years,Oil,219.0,8,57900.0,Other,Referral,5,610000.0,Wed,8556.0,0
2024-08-13,<10 years,Gas,106.0,3,43100.0,BW,Display,3,228000.0,Mon,,0
2023-01-17,10-30 years,Gas,82.0,2,78400.0,BW,Organic,2,194000.0,Tue,13651.0,0
2024-02-20,10-30 years,Gas,165.0,7,84800.0,Other,Display,1,498000.0,Sat,10922.0,0
2023-09-02,<10 years,Gas,140.0,5,49300.0,Other,Paid Social,3,384000.0,Tue,5088.0,0
2024-02-20,>30 years,Gas,116.0,5,68200.0,BW,Organic,6,296000.0,Sat,15994.0,0
2023-07-15,10-30 years,Gas,235.0,7,67500.0,Other,Display,4,636000.0,Mon,12470.0,0
2023-11-22,10-30 years,Electric,274.0,8,69100.0,Other,Paid Social,3,644000.0,Fri,,0
2024-04-13,10-30 years,Gas,77.0,2,54000.0,HE,Display,5,217000.0,Fri,7187.0,0
2023-12-02,>30 years,District,119.0,3,44700.0,BY,Organic,6,302000.0,Sun,24385.0,0
2023-04-02,>30 years,Gas,98.0,5,104900.0,NW,Display,1,227000.0,Tue,6261.0,0
2023-12-20,<10 years,Gas,117.0,4,44500.0,HE,Paid Social,4,293000.0,Mon,16980.0,0
2024-02-11,>30 years,Oil,195.0,8,52300.0,BY,Referral,2,450000.0,Mon,15784.0,0
2023-01-11,>30 years,Electric,160.0,6,88800.0,Other,Display,3,401000.0,Thu,,0
2023-10-09,>30 years,Oil,183.0,8,59100.0,Other,Organic,10,433000.0,Tue,18861.0,0
2024-01-19,<10 years,Oil,203.0,6,148100.0,BW,Paid Social,5,522000.0,Tue,,0
2024-04-23,<10 years,Electric,164.0,5,40700.0,BW,Organic,6,387000.0,Thu,,1
2024-06-18,10-30 years,Oil,112.0,5,43600.0,NW,Paid Social,4,331000.0,Sun,,0
2023-01-23,<10 years,Electric,171.0,7,54400.0,Other,Organic,3,486000.0,Fri,14721.0,0
2024-01-10,<10 years,Electric,146.0,6,84500.0,Other,Paid Social,3,322000.0,Wed,,0
2023-12-15,<10 years,Gas,143.0,6,61700.0,Other,Organic,1,362000.0,Sat,,0
2024-12-18,>30 years,Electric,117.0,5,74600.0,BY,Paid Social,3,257000.0,Sat,19297.0,1
2023-09-02,<10 years,Gas,188.0,8,114200.0,Other,Paid Social,5,437000.0,Wed,13836.0,0
2024-11-10,<10 years,District,170.0,5,30000.0,HE,Referral,1,436000.0,Sat,24247.0,0
2024-07-05,>30 years,Gas,184.0,6,30500.0,HE,Referral,8,404000.0,Sat,9936.0,0
2024-08-15,<10 years,Gas,113.0,3,46500.0,BY,Referral,3,300000.0,Wed,17933.0,0
2023-01-12,10-30 years,District,192.0,7,56100.0,NW,Organic,4,423000.0,Thu,15617.0,0
2024-09-27,10-30 years,Gas,164.0,7,35300.0,Other,Display,4,489000.0,Tue,,0
2024-01-26,>30 years,Oil,188.0,7,101300.0,NW,Referral,2,441000.0,Wed,14400.0,0
2023-11-01,>30 years,Gas,119.0,5,63000.0,BW,Paid Social,1,235000.0,Tue,12300.0,0
2023-03-01,10-30 years,Gas,156.0,6,100000.0,Other,Comparison Site,4,427000.0,Sat,22804.0,0
2023-02-01,>30 years,District,196.0,8,57400.0,BW,Referral,2,531000.0,Fri,17814.0,0
2024-10-22,10-30 years,Gas,174.0,6,57400.0,BW,Referral,6,472000.0,Sat,20469.0,0
2023-10-15,10-30 years,Electric,145.0,5,39600.0,HE,Comparison Site,4,409000.0,Wed,16352.0,0
2024-03-03,10-30 years,Gas,172.0,6,59200.0,BE,Referral,4,410000.0,Thu,,0
2024-12-16,10-30 years,Electric,112.0,5,95300.0,HE,Display,3,240000.0,Wed,15653.0,0
2023-04-11,10-30 years,Electric,177.0,7,75200.0,BW,Referral,4,489000.0,Sun,16390.0,0
2024-02-26,10-30 years,Oil,186.0,8,77400.0,Other,Paid Social,1,440000.0,Sun,12945.0,0
2024-01-27,10-30 years,District,168.0,7,49600.0,HE,Organic,10,470000.0,Sat,,0
2024-06-24,<10 years,Gas,147.0,5,41200.0,BE,Organic,6,336000.0,Sun,8030.0,0
2024-09-02,10-30 years,Electric,164.0,5,46900.0,BW,Referral,5,404000.0,Thu,16626.0,0
2023-02-18,>30 years,Oil,148.0,5,72300.0,BW,Paid Social,1,333000.0,Thu,14727.0,0
2024-10-23,<10 years,Gas,143.0,6,39000.0,BE,Paid Social,2,348000.0,Wed,16024.0,0
2024-12-21,10-30 years,Oil,181.0,7,54700.0,BE,Display,3,418000.0,Sat,,0
2023-01-11,10-30 years,Oil,213.0,7,43800.0,BY,Organic,6,542000.0,Mon,11818.0,0
2023-12-04,>30 years,Oil,158.0,8,40700.0,HE,Paid Social,5,415000.0,Tue,13679.0,0
2024-11-22,<10 years,Gas,129.0,5,84900.0,NW,Referral,6,322000.0,Wed,13213.0,0
2023-07-09,10-30 years,Gas,112.0,5,61400.0,HE,Paid Social,3,387000.0,Thu,,0
2023-11-04,<10 years,Gas,124.0,3,91200.0,Other,Paid Social,5,340000.0,Wed,,0
2024-03-07,10-30 years,Gas,237.0,8,52200.0,BY,Organic,3,564000.0,Thu,13459.0,0
2024-11-13,<10 years,Gas,215.0,8,89800.0,HE,Display,1,444000.0,Sun,14415.0,0
2023-05-23,10-30 years,Oil,188.0,7,79400.0,NW,Display,7,570000.0,Sun,5248.0,0
2023-12-02,>30 years,Gas,201.0,8,43800.0,BY,Display,3,454000.0,Thu,12655.0,0
2024-10-06,10-30 years,Electric,129.0,5,90600.0,NW,Organic,3,283000.0,Wed,11460.0,0
2024-10-07,>30 years,Oil,192.0,7,44100.0,BW,Comparison Site,3,504000.0,Fri,24096.0,1
2023-06-15,10-30 years,Gas,195.0,7,102900.0,BE,Paid Social,1,479000.0,Thu,,0
2023-05-13,10-30 years,Gas,147.0,6,108600.0,Other,Comparison Site,1,313000.0,Mon,18512.0,0
2023-05-03,10-30 years,Oil,103.0,4,67300.0,BE,Paid Social,1,213000.0,Sat,14185.0,0
2023-09-22,10-30 years,Electric,92.0,2,57500.0,Other,Comparison Site,2,134000.0,Tue,17585.0,0
2024-01-13,10-30 years,Oil,166.0,6,39600.0,BY,Display,3,405000.0,Tue,12313.0,0
2024-02-05,>30 years,Oil,131.0,4,143100.0,BW,Organic,1,336000.0,Wed,,1
2023-01-11,>30 years,Gas,163.0,6,34200.0,BW,Comparison Site,4,401000.0,Thu,16668.0,0
2023-03-03,>30 years,Gas,139.0,5,34600.0,BE,Paid Social,4,324000.0,Mon,9925.0,0
2024-12-13,10-30 years,Oil,106.0,3,44500.0,Other,Referral,2,251000.0,Wed,13659.0,0
2023-06-18,<10 years,Gas,221.0,8,71300.0,BY,Display,8,591000.0,Sun,15108.0,0
2024-06-17,>30 years,Gas,108.0,2,30000.0,NW,Organic,5,239000.0,Fri,11388.0,0
2023-04-12,10-30 years,Gas,123.0,4,42300.0,HE,Organic,1,440000.0,Thu,15483.0,0
2023-04-21,>30 years,Oil,150.0,5,56700.0,Other,Organic,8,361000.0,Thu,12180.0,0
2023-11-17,>30 years,Oil,156.0,4,120900.0,Other,Paid Social,6,297000.0,Wed,15828.0,0
2023-08-21,>30 years,Oil,87.0,3,52200.0,BW,Paid Social,5,211000.0,Fri,,0
2024-03-08,10-30 years,Gas,183.0,6,54300.0,BW,Organic,2,366000.0,Mon,14263.0,0
2023-03-10,>30 years,Oil,177.0,7,100200.0,Other,Organic,4,486000.0,Wed,21541.0,0
2023-07-26,10-30 years,District,238.0,8,54800.0,BW,Paid Social,5,761000.0,Fri,16398.0,0
2023-12-28,10-30 years,Oil,162.0,5,33300.0,HE,Organic,3,398000.0,Thu,,0
2024-09-02,10-30 years,Electric,146.0,6,71500.0,BW,Paid Social,4,481000.0,Thu,,1
2024-08-10,<10 years,Gas,113.0,4,30000.0,BE,Paid Social,3,365000.0,Thu,24584.0,0
2024-03-09,10-30 years,Oil,99.0,3,61000.0,BY,Paid Social,2,255000.0,Fri,13223.0,0
2024-03-14,>30 years,Gas,143.0,4,86400.0,BW,Organic,1,347000.0,Sun,,0
2023-01-27,<10 years,Gas,97.0,3,50400.0,BY,Organic,3,179000.0,Thu,11178.0,0
2023-10-19,10-30 years,Gas,183.0,8,48100.0,HE,Display,2,456000.0,Sat,11629.0,0
2023-07-19,10-30 years,Gas,133.0,4,90400.0,HE,Comparison Site,5,360000.0,Sun,13277.0,0
2023-09-22,10-30 years,Oil,199.0,8,57200.0,Other,Display,1,532000.0,Fri,15050.0,0
2023-05-02,10-30 years,Electric,162.0,7,49500.0,BW,Referral,1,442000.0,Thu,8236.0,0
2023-07-27,>30 years,Electric,163.0,6,63800.0,BW,Organic,2,342000.0,Tue,,0
2023-06-23,10-30 years,Gas,111.0,4,112400.0,BE,Organic,5,311000.0,Thu,23386.0,0
2024-01-25,>30 years,Oil,176.0,8,46100.0,Other,Referral,4,423000.0,Sat,12325.0,0
2023-11-13,>30 years,Oil,167.0,6,57900.0,BY,Paid Social,2,430000.0,Wed,15593.0,0
2024-06-18,10-30 years,Electric,73.0,3,30000.0,BW,Referral,7,144000.0,Sun,12642.0,0
2023-03-03,<10 years,Gas,201.0,6,96600.0,NW,Paid Social,4,512000.0,Fri,,0
2023-11-17,10-30 years,Gas,185.0,7,43200.0,BE,Organic,2,502000.0,Sat,,0
2023-06-13,>30 years,Oil,118.0,5,67000.0,Other,Paid Social,3,239000.0,Thu,6225.0,1
2024-11-21,10-30 years,Oil,187.0,8,115200.0,Other,Display,6,505000.0,Tue,10972.0,0
2024-08-08,10-30 years,District,133.0,5,63700.0,Other,Paid Social,4,398000.0,Fri,,0
2023-10-11,>30 years,Gas,124.0,4,102700.0,BW,Organic,6,386000.0,Tue,9879.0,0
2023-11-01,>30 years,Oil,164.0,4,92100.0,BY,Comparison Site,4,366000.0,Fri,22797.0,1
2024-02-20,10-30 years,Gas,189.0,6,70200.0,NW,Display,2,400000.0,Tue,23727.0,0
2024-11-14,>30 years,Gas,211.0,7,30000.0,Other,Paid Social,8,503000.0,Tue,11136.0,0
2023-12-12,<10 years,Electric,220.0,8,30000.0,HE,Paid Social,5,629000.0,Tue,20536.0,0
2023-11-24,>30 years,Electric,86.0,3,100400.0,Other,Display,1,172000.0,Fri,22960.0,0
2023-02-22,10-30 years,Oil,80.0,3,69900.0,NW,Paid Social,2,246000.0,Sat,5000.0,0
2024-09-08,10-30 years,Gas,133.0,4,68500.0,Other,Paid Social,4,296000.0,Sun,20266.0,0
2024-06-05,10-30 years,Gas,114.0,3,49800.0,BE,Paid Social,5,213000.0,Thu,15617.0,0
2023-02-04,<10 years,Gas,249.0,8,50900.0,Other,Organic,3,621000.0,Sat,20692.0,0
2024-02-11,10-30 years,Gas,161.0,6,55400.0,Other,Referral,5,451000.0,Fri,11190.0,0
2024-11-10,<10 years,Oil,142.0,5,50100.0,NW,Referral,6,390000.0,Wed,6804.0,0
2024-11-08,<10 years,Oil,128.0,5,69400.0,Other,Display,5,248000.0,Tue,19519.0,0
2024-02-28,10-30 years,Oil,158.0,4,78900.0,Other,Paid Social,3,524000.0,Tue,,0
2024-08-26,>30 years,Oil,65.0,3,40800.0,BE,Organic,5,142000.0,Sat,19841.0,0
2024-02-04,10-30 years,Oil,186.0,8,82300.0,BY,Comparison Site,4,450000.0,Fri,6242.0,1
2024-03-12,10-30 years,Oil,206.0,8,62900.0,BY,Referral,4,468000.0,Thu,8693.0,1
2023-11-06,>30 years,Gas,81.0,4,57500.0,Other,Referral,4,104000.0,Thu,,0
2023-09-23,10-30 years,Gas,173.0,7,66200.0,NW,Display,3,400000.0,Sat,13587.0,0
2024-01-03,>30 years,Gas,168.0,7,39100.0,NW,Organic,1,437000.0,Sun,22748.0,1
2024-11-06,>30 years,Electric,171.0,7,46300.0,HE,Organic,1,537000.0,Sat,,0
2023-06-25,10-30 years,Electric,171.0,5,30000.0,Other,Organic,4,500000.0,Wed,15270.0,0
2024-03-10,>30 years,Electric,108.0,3,68500.0,BE,Display,2,238000.0,Thu,19635.0,0
2023-11-13,10-30 years,Oil,144.0,5,59000.0,BY,Organic,4,372000.0,Sat,17631.0,0
2024-12-05,10-30 years,Oil,185.0,8,56100.0,BW,Paid Social,7,531000.0,Fri,,0
2024-01-03,10-30 years,Gas,82.0,2,55400.0,BY,Referral,2,212000.0,Sun,16698.0,0
2024-11-04,10-30 years,Gas,155.0,6,70500.0,NW,Organic,8,296000.0,Mon,15947.0,0
2024-03-10,10-30 years,Gas,173.0,6,45600.0,BE,Organic,4,447000.0,Sun,21895.0,0
2023-12-16,>30 years,District,136.0,7,66200.0,NW,Display,3,368000.0,Fri,18838.0,0
2023-08-09,10-30 years,Gas,169.0,7,91100.0,Other,Paid Social,3,452000.0,Mon,,0
2023-02-12,>30 years,Oil,152.0,6,30000.0,BW,Display,1,387000.0,Tue,12057.0,0
2023-12-02,>30 years,Electric,141.0,6,54000.0,NW,Organic,2,316000.0,Fri,23276.0,1
2024-02-23,>30 years,Gas,133.0,6,43000.0,BW,Organic,1,380000.0,Mon,,0
2023-10-20,<10 years,Oil,201.0,8,93100.0,NW,Paid Social,4,517000.0,Tue,7451.0,0
2023-02-18,10-30 years,Electric,145.0,3,70200.0,NW,Comparison Site,3,344000.0,Mon,17263.0,0
2023-04-25,>30 years,Oil,116.0,4,80100.0,Other,Organic,4,299000.0,Thu,19410.0,0
2023-05-19,>30 years,Oil,99.0,3,80100.0,NW,Referral,6,170000.0,Tue,12718.0,1
2024-06-08,>30 years,Gas,90.0,2,118900.0,BW,Organic,5,242000.0,Tue,17878.0,0
2024-12-21,>30 years,Oil,92.0,2,68200.0,Other,Comparison Site,4,166000.0,Sun,,0
2023-09-17,10-30 years,Gas,132.0,5,42500.0,BW,Organic,1,320000.0,Fri,18158.0,0
2024-05-26,>30 years,Gas,145.0,7,71300.0,Other,Organic,4,393000.0,Sat,25665.0,0
2024-12-28,<10 years,Oil,138.0,4,50600.0,BY,Referral,3,315000.0,Wed,19579.0,1
2023-11-04,10-30 years,Gas,117.0,4,69800.0,Other,Paid Social,3,340000.0,Sat,5596.0,0
2023-02-01,<10 years,Electric,128.0,5,60500.0,BY,Display,3,356000.0,Sat,11085.0,0
2023-01-20,>30 years,Gas,177.0,7,42300.0,Other,Display,3,480000.0,Mon,8433.0,0
2023-08-13,>30 years,Electric,191.0,6,54900.0,NW,Display,1,354000.0,Wed,14964.0,0
2024-07-06,10-30 years,Gas,218.0,8,30200.0,NW,Referral,7,494000.0,Thu,14729.0,0
2023-12-25,10-30 years,District,152.0,4,51900.0,HE,Organic,6,340000.0,Fri,20511.0,0
2023-05-04,>30 years,Gas,203.0,8,55900.0,NW,Referral,4,392000.0,Fri,18317.0,0
2024-11-24,10-30 years,Gas,156.0,7,35800.0,NW,Comparison Site,1,484000.0,Sat,17196.0,0
2024-06-25,10-30 years,Electric,208.0,8,49800.0,BY,Display,3,515000.0,Tue,15768.0,0
2023-05-03,10-30 years,District,174.0,5,128700.0,BY,Display,3,365000.0,Sun,17546.0,0
2024-03-13,10-30 years,District,152.0,5,73800.0,BE,Comparison Site,5,352000.0,Thu,13844.0,0
2024-01-25,>30 years,Gas,70.0,2,35400.0,BW,Organic,4,215000.0,Sun,11745.0,0
2024-09-18,10-30 years,Oil,144.0,5,50600.0,HE,Paid Social,2,395000.0,Sat,15824.0,0
2023-01-10,<10 years,Oil,118.0,2,39600.0,NW,Organic,4,279000.0,Fri,17006.0,0
2023-10-12,<10 years,Oil,135.0,3,84100.0,NW,Organic,6,377000.0,Fri,19508.0,0
2024-06-04,<10 years,Gas,200.0,8,43100.0,BE,Referral,9,496000.0,Fri,10592.0,0
2023-04-10,10-30 years,Gas,167.0,6,49200.0,HE,Paid Social,3,415000.0,Tue,,0
2023-10-16,>30 years,Electric,190.0,6,88100.0,BW,Organic,1,439000.0,Mon,18354.0,0
2023-07-20,>30 years,Electric,173.0,6,68300.0,Other,Paid Social,4,356000.0,Mon,16749.0,0
2023-06-12,>30 years,Electric,111.0,4,55900.0,Other,Paid Social,3,238000.0,Tue,21928.0,0
2024-11-16,>30 years,Oil,227.0,8,60600.0,NW,Organic,4,568000.0,Wed,19094.0,0
2024-05-07,10-30 years,Oil,143.0,6,44800.0,BW,Paid Social,3,320000.0,Wed,,0
2024-02-10,10-30 years,Gas,192.0,6,111000.0,BW,Organic,5,470000.0,Mon,15948.0,0
2023-01-14,10-30 years,Oil,215.0,7,39500.0,NW,Organic,6,523000.0,Sun,13739.0,0
2023-12-23,<10 years,Oil,96.0,2,70500.0,BW,Display,1,199000.0,Thu,13176.0,0
2023-10-16,10-30 years,Gas,146.0,6,76200.0,NW,Paid Social,1,384000.0,Sat,13878.0,0
2024-11-14,10-30 years,Electric,178.0,6,115000.0,BY,Display,2,482000.0,Tue,,0
2024-11-12,10-30 years,Electric,139.0,6,55800.0,Other,Organic,3,356000.0,Sun,10461.0,0
2023-05-17,10-30 years,District,259.0,8,39300.0,NW,Paid Social,2,619000.0,Thu,17693.0,0
2023-04-19,10-30 years,Gas,161.0,5,69000.0,NW,Organic,1,369000.0,Mon,,0
2023-07-07,10-30 years,Oil,175.0,7,41900.0,BW,Organic,4,414000.0,Sun,20927.0,0
2024-12-21,10-30 years,District,223.0,8,44900.0,BE,Display,1,602000.0,Thu,,0
2023-08-15,<10 years,Gas,95.0,3,35100.0,Other,Referral,3,304000.0,Wed,11897.0,0
2024-06-14,10-30 years,Electric,132.0,4,43300.0,BY,Display,4,386000.0,Sun,14978.0,0
2023-08-13,10-30 years,District,112.0,4,54700.0,HE,Referral,8,358000.0,Sat,17744.0,0
2023-02-05,>30 years,Oil,167.0,7,39100.0,HE,Paid Social,1,466000.0,Sat,,0
2024-07-09,<10 years,District,215.0,8,48000.0,HE,Display,2,430000.0,Wed,19024.0,0
2023-11-07,10-30 years,Oil,108.0,4,78500.0,BE,Organic,4,258000.0,Mon,10528.0,0
2024-09-05,10-30 years,Gas,94.0,3,66800.0,Other,Referral,3,223000.0,Tue,21884.0,0
2024-01-13,<10 years,Gas,157.0,6,83100.0,Other,Paid Social,7,406000.0,Tue,7236.0,0
2024-11-26,10-30 years,Oil,204.0,8,80400.0,HE,Referral,8,607000.0,Sun,12858.0,0
2024-10-06,10-30 years,Gas,118.0,4,64200.0,Other,Display,2,282000.0,Sat,20954.0,0
2023-02-28,10-30 years,Oil,109.0,4,52900.0,Other,Organic,1,402000.0,Wed,,0
2024-07-28,<10 years,Gas,213.0,8,59200.0,Other,Paid Social,3,556000.0,Sun,21462.0,0
2024-11-24,10-30 years,District,142.0,6,44700.0,HE,Referral,4,392000.0,Fri,12846.0,0
2024-08-08,10-30 years,Gas,175.0,8,38800.0,BE,Organic,5,389000.0,Fri,10235.0,0
2023-08-22,10-30 years,Oil,205.0,8,84100.0,Other,Organic,2,571000.0,Tue,15126.0,1
2024-02-19,>30 years,Oil,171.0,6,80600.0,HE,Organic,6,383000.0,Mon,18088.0,1
2023-04-20,<10 years,Electric,151.0,5,69000.0,Other,Display,3,351000.0,Sat,6278.0,0
2024-02-23,10-30 years,Gas,111.0,5,55200.0,BE,Paid Social,4,261000.0,Mon,5000.0,0
2024-10-14,10-30 years,District,129.0,5,66100.0,Other,Organic,3,350000.0,Tue,,0
2024-11-28,10-30 years,Gas,164.0,6,85900.0,Other,Display,2,420000.0,Wed,14262.0,0
2023-10-16,10-30 years,Gas,200.0,8,36700.0,NW,Organic,8,510000.0,Mon,18036.0,0
2024-10-09,10-30 years,Oil,131.0,5,56200.0,HE,Display,6,298000.0,Tue,16190.0,0
2023-11-13,<10 years,Oil,126.0,3,97200.0,BY,Display,6,311000.0,Mon,15521.0,0
2024-01-15,<10 years,Oil,169.0,5,63200.0,HE,Organic,3,376000.0,Sat,14200.0,0
2024-02-21,10-30 years,Oil,119.0,6,81500.0,NW,Referral,4,334000.0,Tue,18207.0,0
2023-12-06,10-30 years,Gas,168.0,6,117700.0,NW,Display,1,370000.0,Mon,,0
2024-11-22,<10 years,Gas,116.0,5,97600.0,BY,Organic,6,255000.0,Sun,26669.0,0
2024-02-20,10-30 years,Gas,160.0,6,36500.0,HE,Display,2,385000.0,Tue,24388.0,0
2024-04-17,<10 years,District,137.0,4,94000.0,Other,Paid Social,5,314000.0,Thu,14905.0,0
2024-01-19,<10 years,Electric,155.0,6,69900.0,BY,Referral,4,394000.0,Tue,14362.0,1
2024-06-02,10-30 years,Gas,182.0,7,92500.0,BW,Paid Social,1,502000.0,Wed,16648.0,0
2024-01-17,<10 years,Gas,146.0,6,30000.0,BY,Organic,3,322000.0,Thu,18856.0,0
2024-01-18,>30 years,Gas,166.0,5,79700.0,Other,Display,3,405000.0,Tue,14306.0,0
2023-03-21,<10 years,Electric,122.0,4,68700.0,BW,Paid Social,1,367000.0,Tue,,0
2024-09-25,>30 years,Gas,128.0,4,71200.0,HE,Comparison Site,4,325000.0,Thu,13917.0,1
2024-03-16,10-30 years,Oil,106.0,2,38400.0,Other,Referral,1,334000.0,Mon,18550.0,0
2023-09-01,10-30 years,Gas,148.0,6,67100.0,Other,Paid Social,1,348000.0,Thu,10777.0,0
2024-11-04,<10 years,Oil,162.0,7,77500.0,Other,Organic,5,390000.0,Mon,19774.0,0
2024-08-07,>30 years,Gas,165.0,6,111800.0,Other,Paid Social,2,476000.0,Mon,11497.0,0
2023-12-28,>30 years,Gas,218.0,7,72900.0,BW,Display,6,516000.0,Thu,13787.0,0
2024-05-26,<10 years,Oil,169.0,6,76000.0,NW,Display,2,374000.0,Wed,15923.0,0
2023-09-16,10-30 years,Oil,133.0,3,60100.0,BY,Paid Social,3,313000.0,Mon,14345.0,1
2023-11-14,10-30 years,Electric,243.0,8,35300.0,NW,Organic,4,655000.0,Tue,12251.0,0
2024-02-24,>30 years,Gas,119.0,4,80600.0,HE,Display,2,327000.0,Fri,,0
2024-09-24,10-30 years,Oil,158.0,7,61000.0,BY,Paid Social,2,377000.0,Mon,17240.0,0
2024-03-21,10-30 years,Gas,194.0,6,104100.0,BW,Comparison Site,6,495000.0,Fri,10670.0,0
2024-03-28,10-30 years,Oil,172.0,8,45100.0,BE,Display,1,395000.0,Thu,15794.0,0
2024-06-15,10-30 years,Gas,66.0,2,76200.0,BW,Organic,5,219000.0,Sat,16596.0,0
2024-10-15,10-30 years,Gas,177.0,8,55900.0,Other,Paid Social,1,434000.0,Mon,10587.0,0
2024-03-28,10-30 years,Gas,128.0,4,102000.0,HE,Paid Social,5,295000.0,Sat,,0
2024-04-26,<10 years,Gas,120.0,5,46900.0,Other,Referral,4,354000.0,Wed,19122.0,0
2023-10-05,<10 years,Gas,83.0,2,64100.0,Other,Paid Social,7,255000.0,Sat,11499.0,0
2024-03-13,10-30 years,Oil,156.0,6,56000.0,HE,Referral,1,444000.0,Fri,16838.0,0
2024-08-06,10-30 years,Gas,132.0,5,96700.0,BE,Organic,5,338000.0,Fri,5000.0,0
2024-08-06,10-30 years,Gas,164.0,5,72200.0,Other,Paid Social,2,442000.0,Fri,19456.0,0
2024-08-13,>30 years,Gas,115.0,5,30000.0,NW,Paid Social,6,322000.0,Fri,12282.0,0
2023-01-14,10-30 years,Gas,293.0,8,40700.0,BW,Organic,3,643000.0,Fri,14477.0,0
2023-04-10,10-30 years,Gas,134.0,6,30000.0,Other,Referral,3,339000.0,Tue,22412.0,1
2023-11-15,>30 years,Gas,196.0,8,78500.0,BY,Referral,1,437000.0,Fri,13157.0,0
2024-10-07,>30 years,Gas,196.0,6,30000.0,BW,Paid Social,4,513000.0,Fri,,0
2023-06-02,>30 years,Electric,189.0,6,74900.0,Other,Comparison Site,3,455000.0,Thu,,0
2023-05-23,<10 years,Oil,116.0,6,53200.0,HE,Display,1,256000.0,Sun,23145.0,0
2023-04-20,<10 years,Oil,227.0,7,97600.0,BY,Referral,1,519000.0,Tue,,0
2023-04-07,10-30 years,Oil,161.0,5,41300.0,Other,Display,1,410000.0,Tue,13307.0,0
2023-11-16,10-30 years,District,166.0,4,49200.0,Other,Referral,1,392000.0,Tue,20460.0,0
2023-04-14,<10 years,Gas,147.0,6,63600.0,NW,Comparison Site,1,367000.0,Wed,13887.0,0
2023-01-14,10-30 years,Gas,150.0,6,38800.0,Other,Referral,1,420000.0,Sun,16137.0,0
2024-06-17,10-30 years,District,152.0,6,58500.0,BW,Paid Social,7,390000.0,Fri,,0
2024-07-06,10-30 years,Electric,89.0,3,40700.0,Other,Display,4,336000.0,Thu,12275.0,0
2024-11-14,10-30 years,Electric,160.0,5,75400.0,NW,Display,5,322000.0,Sun,9555.0,0
2023-10-25,<10 years,Oil,182.0,8,79400.0,NW,Paid Social,1,383000.0,Tue,8823.0,0
2023-03-07,<10 years,Oil,127.0,5,89400.0,NW,Referral,2,278000.0,Thu,27955.0,0
2023-10-18,10-30 years,Oil,146.0,7,39500.0,NW,Paid Social,3,471000.0,Thu,,0
2023-12-27,10-30 years,Oil,82.0,2,85500.0,HE,Paid Social,6,249000.0,Wed,5000.0,0
2023-12-14,>30 years,Gas,194.0,8,32700.0,Other,Organic,4,496000.0,Mon,22229.0,0
2024-12-19,<10 years,Electric,212.0,8,36200.0,BW,Organic,1,630000.0,Wed,13166.0,0
2023-01-25,>30 years,District,159.0,8,67100.0,HE,Organic,3,482000.0,Sat,11509.0,0
2024-10-17,10-30 years,Oil,164.0,5,35300.0,BY,Organic,6,430000.0,Mon,10415.0,0
2023-07-02,10-30 years,Gas,162.0,6,95100.0,BY,Organic,3,387000.0,Mon,5000.0,0
2024-09-24,10-30 years,Oil,180.0,6,83700.0,Other,Display,6,408000.0,Sun,17148.0,0
2023-08-21,10-30 years,Gas,160.0,6,147200.0,NW,Referral,2,393000.0,Mon,18692.0,0
2024-12-10,10-30 years,District,191.0,7,50400.0,HE,Paid Social,2,556000.0,Wed,14162.0,0
2024-10-07,10-30 years,Oil,177.0,7,73600.0,Other,Comparison Site,3,418000.0,Wed,17676.0,1
2024-09-23,10-30 years,Gas,181.0,6,62400.0,NW,Display,4,429000.0,Tue,5534.0,0
2023-01-16,10-30 years,Oil,165.0,5,57500.0,BY,Organic,4,390000.0,Sat,10566.0,0
2023-03-12,10-30 years,Electric,179.0,6,107400.0,BW,Paid Social,5,381000.0,Sat,14785.0,0
2023-02-25,10-30 years,Gas,119.0,4,53400.0,HE,Display,2,269000.0,Fri,10341.0,0
2023-12-02,10-30 years,Gas,73.0,2,61200.0,Other,Comparison Site,5,219000.0,Tue,12333.0,0
2024-12-26,>30 years,Gas,147.0,7,75000.0,BW,Display,1,339000.0,Wed,27531.0,0
2023-02-05,>30 years,Electric,224.0,8,88200.0,NW,Organic,4,622000.0,Thu,12307.0,0
2024-11-13,>30 years,Gas,177.0,6,46100.0,BE,Display,2,425000.0,Sun,19449.0,0
2024-07-17,<10 years,Oil,179.0,7,90700.0,BW,Display,7,464000.0,Sat,12250.0,0
2024-01-14,>30 years,Gas,110.0,4,79100.0,BW,Referral,3,251000.0,Thu,25213.0,1
2023-09-11,>30 years,Gas,168.0,8,61600.0,BY,Organic,2,399000.0,Tue,5000.0,0
2023-01-03,10-30 years,Gas,106.0,2,51600.0,BW,Referral,6,290000.0,Tue,,0
2023-10-04,10-30 years,Gas,149.0,5,105100.0,NW,Referral,4,385000.0,Mon,,0
2023-11-20,>30 years,District,140.0,6,103600.0,NW,Referral,2,289000.0,Sat,,0
2024-12-05,>30 years,District,169.0,7,41100.0,NW,Paid Social,3,277000.0,Mon,13772.0,0
2024-07-02,10-30 years,Gas,151.0,6,34600.0,NW,Display,3,299000.0,Sat,13299.0,0
2024-06-16,10-30 years,Gas,186.0,8,60600.0,BW,Referral,2,556000.0,Mon,18053.0,0
2023-07-17,>30 years,District,191.0,7,37500.0,BE,Comparison Site,1,479000.0,Sun,16813.0,0
2023-03-28,<10 years,Gas,199.0,6,45400.0,BE,Paid Social,1,549000.0,Mon,13935.0,0
2023-08-08,10-30 years,Gas,271.0,8,37700.0,BW,Organic,5,610000.0,Thu,17981.0,0
2024-02-13,>30 years,Gas,120.0,4,88600.0,BY,Referral,5,412000.0,Sat,18475.0,0
2024-10-13,>30 years,Electric,134.0,6,44400.0,BY,Organic,5,393000.0,Sat,,0
2023-07-15,>30 years,Gas,135.0,4,51600.0,NW,Display,6,324000.0,Fri,25328.0,0
2024-12-05,10-30 years,Oil,72.0,2,79200.0,NW,Referral,2,76000.0,Sun,,0
2024-09-14,10-30 years,Oil,161.0,5,95300.0,BY,Organic,2,373000.0,Sun,20278.0,0
2023-12-23,>30 years,Gas,146.0,6,49900.0,BW,Paid Social,7,287000.0,Wed,16429.0,0
2023-02-27,10-30 years,Gas,196.0,8,82500.0,BY,Referral,6,483000.0,Sun,14784.0,0
2024-01-01,>30 years,District,187.0,8,89100.0,Other,Paid Social,2,435000.0,Mon,7230.0,0
2024-08-25,10-30 years,Electric,168.0,5,39700.0,BW,Organic,2,341000.0,Tue,17811.0,0
2023-09-15,10-30 years,Oil,161.0,6,91300.0,NW,Organic,3,321000.0,Sat,,0
2024-01-14,<10 years,Gas,128.0,5,77100.0,BY,Display,4,252000.0,Wed,14133.0,0
2024-10-18,10-30 years,Gas,158.0,8,38200.0,BE,Organic,1,306000.0,Wed,,0
2024-10-17,10-30 years,Oil,165.0,6,66400.0,NW,Paid Social,7,469000.0,Wed,,0
2024-02-20,<10 years,Gas,149.0,5,37800.0,NW,Display,5,404000.0,Sun,13102.0,0
2023-04-09,10-30 years,District,149.0,7,47300.0,Other,Organic,7,385000.0,Tue,,0
2023-11-01,10-30 years,Gas,156.0,7,52800.0,HE,Referral,4,348000.0,Sat,19709.0,0
2023-08-17,>30 years,Oil,158.0,7,86600.0,Other,Comparison Site,2,429000.0,Sat,20952.0,0
2024-03-17,<10 years,Gas,186.0,8,66100.0,BE,Paid Social,2,513000.0,Sat,18367.0,0
2024-12-02,10-30 years,Oil,60.0,2,69600.0,Other,Organic,3,117000.0,Sun,11457.0,0
2024-12-25,<10 years,Oil,161.0,6,47500.0,HE,Organic,4,383000.0,Mon,13946.0,0
2023-10-22,<10 years,Gas,160.0,6,55600.0,BY,Display,7,458000.0,Sun,15403.0,0
2023-03-09,<10 years,Gas,184.0,8,33300.0,BE,Organic,6,357000.0,Fri,18369.0,0
2024-04-01,10-30 years,Oil,146.0,7,72300.0,Other,Referral,2,337000.0,Sat,12745.0,1
2024-03-19,<10 years,District,66.0,3,67000.0,Other,Referral,4,214000.0,Sun,12437.0,0
2023-10-27,<10 years,Oil,77.0,3,85600.0,HE,Paid Social,3,165000.0,Sun,22195.0,0
2023-01-07,<10 years,Gas,67.0,2,81000.0,Other,Referral,2,229000.0,Sat,18240.0,0
2023-01-06,>30 years,Electric,191.0,7,30000.0,BE,Organic,6,454000.0,Tue,17710.0,0
2024-01-08,>30 years,Gas,92.0,3,45500.0,Other,Comparison Site,7,312000.0,Mon,19983.0,0
2024-01-01,<10 years,Gas,203.0,8,144000.0,HE,Paid Social,3,454000.0,Sat,22033.0,0
2023-12-24,10-30 years,Gas,135.0,4,62700.0,BY,Comparison Site,4,287000.0,Fri,,1
2024-01-13,>30 years,Gas,141.0,6,108000.0,BW,Paid Social,4,420000.0,Sat,18107.0,0
2024-07-14,<10 years,Gas,220.0,8,60200.0,BE,Display,6,460000.0,Fri,10332.0,0
2024-09-28,<10 years,Electric,161.0,7,52400.0,Other,Referral,5,332000.0,Sat,17502.0,0
2023-12-24,<10 years,Gas,95.0,3,38500.0,Other,Referral,2,225000.0,Sat,13303.0,0
2024-06-09,>30 years,Gas,155.0,6,64700.0,BW,Display,4,435000.0,Tue,16250.0,0
2024-07-25,>30 years,Gas,188.0,8,49200.0,BW,Organic,3,490000.0,Fri,19495.0,0
2024-11-14,10-30 years,Oil,129.0,6,81200.0,BW,Paid Social,3,312000.0,Thu,5000.0,0
2024-01-07,<10 years,Gas,223.0,8,95700.0,Other,Paid Social,4,525000.0,Sat,,0
2023-03-08,>30 years,Gas,100.0,4,41600.0,HE,Display,5,261000.0,Thu,,0
2023-11-13,10-30 years,Gas,66.0,3,43200.0,HE,Paid Social,2,207000.0,Wed,12297.0,0
2024-01-28,10-30 years,Gas,220.0,8,59900.0,BY,Display,6,574000.0,Tue,16065.0,0
2024-07-25,10-30 years,Gas,116.0,5,49900.0,BW,Paid Social,5,307000.0,Mon,5285.0,0
2023-05-18,>30 years,Gas,111.0,4,57700.0,Other,Display,5,261000.0,Fri,18819.0,0
2024-03-06,<10 years,Gas,130.0,5,62300.0,Other,Organic,2,281000.0,Tue,,0
2024-01-08,>30 years,Gas,111.0,4,112700.0,BY,Display,3,302000.0,Wed,18399.0,0
2024-05-28,10-30 years,Gas,186.0,7,78300.0,Other,Referral,3,497000.0,Wed,19051.0,0
2023-03-17,<10 years,Oil,131.0,3,105900.0,NW,Organic,5,371000.0,Mon,,0
2023-11-20,10-30 years,Oil,102.0,3,41300.0,Other,Paid Social,3,250000.0,Wed,10691.0,0
2023-09-12,>30 years,Oil,139.0,6,77300.0,BW,Organic,4,335000.0,Tue,9909.0,0
2024-05-27,10-30 years,District,114.0,4,109500.0,NW,Paid Social,2,331000.0,Sat,8862.0,0
2023-02-20,<10 years,District,148.0,6,58800.0,Other,Display,6,348000.0,Wed,18399.0,0
2024-04-08,10-30 years,Gas,112.0,3,60900.0,BY,Referral,3,339000.0,Tue,15635.0,1
2023-06-19,10-30 years,Gas,142.0,5,51800.0,BW,Paid Social,5,386000.0,Fri,16736.0,0
2024-07-06,>30 years,Electric,143.0,6,67800.0,BY,Organic,4,372000.0,Fri,21515.0,0
2023-02-21,10-30 years,Gas,225.0,8,31700.0,Other,Display,3,546000.0,Sat,12555.0,0
2023-11-26,<10 years,Oil,197.0,7,75700.0,HE,Organic,6,535000.0,Fri,,0
2024-09-08,10-30 years,District,157.0,5,59700.0,BY,Organic,3,504000.0,Sat,13853.0,0
2024-10-07,10-30 years,Oil,138.0,4,31400.0,HE,Paid Social,4,303000.0,Thu,15486.0,0
2024-05-07,>30 years,Gas,137.0,7,79600.0,HE,Display,5,341000.0,Sun,18266.0,0
2023-09-04,10-30 years,Oil,155.0,4,99200.0,NW,Comparison Site,1,391000.0,Sat,10894.0,0
2024-11-04,10-30 years,Gas,116.0,3,56500.0,BE,Organic,4,264000.0,Wed,5000.0,0
2023-02-09,10-30 years,District,135.0,6,61600.0,BW,Referral,3,340000.0,Mon,7372.0,0
2023-09-16,10-30 years,Gas,140.0,7,34600.0,NW,Referral,5,425000.0,Sun,15797.0,0
2024-01-08,10-30 years,Gas,149.0,7,36300.0,BW,Organic,2,433000.0,Wed,10867.0,0
2024-02-11,10-30 years,Oil,156.0,6,65400.0,Other,Organic,4,387000.0,Mon,14577.0,0
2023-10-21,>30 years,Gas,179.0,7,30700.0,Other,Comparison Site,3,393000.0,Thu,21861.0,0
2024-02-19,10-30 years,Gas,187.0,8,45600.0,BY,Organic,2,550000.0,Sun,24840.0,0
2024-07-03,10-30 years,Gas,172.0,6,35300.0,BE,Organic,4,455000.0,Thu,28260.0,0
2024-03-10,<10 years,Gas,220.0,8,50700.0,Other,Paid Social,3,564000.0,Tue,,0
2024-02-09,10-30 years,District,176.0,7,84000.0,NW,Organic,7,442000.0,Thu,13253.0,0
2023-11-07,<10 years,Gas,148.0,6,56400.0,Other,Comparison Site,8,365000.0,Sun,7703.0,0
2024-01-21,10-30 years,Gas,147.0,7,85300.0,NW,Referral,5,405000.0,Fri,,0
2023-12-06,10-30 years,Oil,186.0,4,56300.0,Other,Display,4,472000.0,Tue,15586.0,0
2024-01-02,10-30 years,Gas,140.0,6,84300.0,Other,Organic,6,374000.0,Wed,14875.0,1
2023-12-23,>30 years,Oil,166.0,7,48700.0,HE,Organic,2,282000.0,Tue,7679.0,1
2024-09-05,10-30 years,Gas,170.0,5,104500.0,HE,Organic,3,436000.0,Thu,,0
2023-08-18,>30 years,Gas,60.0,2,48600.0,BY,Organic,3,124000.0,Sat,,0
2023-10-03,10-30 years,Gas,90.0,3,63400.0,NW,Comparison Site,2,275000.0,Fri,6672.0,0
2024-12-13,10-30 years,Gas,185.0,7,31000.0,NW,Paid Social,4,487000.0,Thu,13553.0,0
2023-01-02,10-30 years,Oil,168.0,6,85300.0,BW,Referral,5,504000.0,Wed,,0
2023-10-18,10-30 years,Gas,60.0,2,32600.0,HE,Paid Social,5,13000.0,Sat,15842.0,0
2024-05-20,<10 years,Electric,60.0,3,85300.0,HE,Display,6,116000.0,Sat,8926.0,0
2023-05-08,10-30 years,Electric,208.0,8,47200.0,Other,Comparison Site,5,473000.0,Sat,19864.0,0
2024-09-03,10-30 years,Gas,176.0,8,37200.0,BY,Display,3,415000.0,Sat,13241.0,0
2023-12-12,10-30 years,District,205.0,8,63100.0,NW,Paid Social,1,509000.0,Fri,18725.0,0
2023-04-24,10-30 years,Gas,111.0,3,41000.0,HE,Paid Social,4,286000.0,Tue,9619.0,0
2024-01-07,10-30 years,Electric,125.0,5,78800.0,Other,Paid Social,1,222000.0,Sat,13297.0,0
2023-03-12,10-30 years,Gas,223.0,7,50900.0,BY,Referral,7,662000.0,Thu,15316.0,0
2023-04-06,10-30 years,Gas,166.0,7,57900.0,BY,Paid Social,4,430000.0,Thu,,0
2024-12-20,>30 years,District,153.0,7,53900.0,HE,Organic,5,393000.0,Mon,12702.0,0
2023-11-13,>30 years,District,144.0,5,32300.0,BW,Display,1,416000.0,Fri,9309.0,0
2023-01-18,10-30 years,Oil,81.0,2,67200.0,BE,Referral,1,186000.0,Mon,11408.0,0
2024-03-21,10-30 years,Gas,195.0,8,49100.0,Other,Paid Social,3,514000.0,Thu,18662.0,0
2023-05-28,10-30 years,District,71.0,2,44500.0,BW,Organic,2,239000.0,Mon,,0
2024-01-24,>30 years,Oil,176.0,7,54600.0,BY,Organic,4,457000.0,Wed,8675.0,1
2023-07-11,>30 years,Gas,153.0,6,126100.0,HE,Referral,5,424000.0,Thu,11874.0,0
2023-01-04,10-30 years,Gas,162.0,5,38200.0,Other,Organic,1,401000.0,Wed,11595.0,0
2023-10-01,>30 years,Electric,126.0,3,30000.0,NW,Paid Social,2,332000.0,Mon,9877.0,0
2024-12-06,<10 years,Electric,208.0,8,79800.0,Other,Paid Social,2,452000.0,Wed,12636.0,0
2023-01-05,>30 years,District,127.0,3,48900.0,NW,Organic,7,280000.0,Thu,,0
2024-01-12,10-30 years,Gas,149.0,7,46200.0,NW,Organic,2,367000.0,Sat,,0
2024-11-27,10-30 years,Oil,151.0,5,45400.0,BY,Organic,8,456000.0,Thu,11506.0,0
2023-11-26,>30 years,Gas,137.0,3,88900.0,BY,Display,6,428000.0,Tue,,0
2024-07-28,10-30 years,Oil,166.0,5,59500.0,BE,Display,6,488000.0,Mon,5000.0,0
2024-08-17,>30 years,Oil,179.0,6,43100.0,BY,Organic,2,387000.0,Sat,11577.0,0
2024-09-22,<10 years,Gas,146.0,8,61200.0,NW,Referral,2,316000.0,Tue,,0
2023-08-26,10-30 years,Oil,175.0,6,68700.0,HE,Paid Social,2,310000.0,Thu,20367.0,0
2024-06-26,>30 years,Gas,176.0,7,53000.0,BY,Organic,6,382000.0,Sat,21116.0,0
2023-10-01,<10 years,Gas,166.0,6,66400.0,Other,Referral,7,378000.0,Tue,,0
2023-10-06,<10 years,Gas,210.0,8,68300.0,NW,Display,4,505000.0,Thu,19964.0,0
2024-12-14,<10 years,Electric,215.0,8,30000.0,NW,Display,4,610000.0,Thu,,0
2023-01-06,>30 years,Gas,134.0,4,112100.0,BY,Paid Social,6,323000.0,Thu,12735.0,0
2024-04-12,>30 years,Gas,138.0,3,68900.0,BY,Display,2,456000.0,Mon,5000.0,0
2023-07-03,10-30 years,Gas,178.0,6,30400.0,BY,Organic,2,379000.0,Sat,9945.0,0
2024-11-28,<10 years,Oil,147.0,6,85600.0,NW,Display,6,360000.0,Sat,9927.0,0
2023-01-07,<10 years,Gas,162.0,6,115700.0,BE,Organic,3,442000.0,Tue,,0
2023-12-24,10-30 years,Electric,103.0,4,66500.0,Other,Display,3,236000.0,Wed,21606.0,0
2024-02-06,>30 years,District,139.0,6,55800.0,HE,Paid Social,4,339000.0,Tue,14698.0,0
2023-03-14,10-30 years,Gas,153.0,6,86100.0,BE,Organic,3,342000.0,Sun,12536.0,0
2023-12-12,10-30 years,Oil,113.0,3,54000.0,BY,Display,2,307000.0,Mon,20146.0,0
2024-12-26,10-30 years,Gas,84.0,2,49800.0,Other,Organic,1,203000.0,Mon,22037.0,0
2023-12-09,>30 years,Gas,201.0,7,57500.0,Other,Display,2,529000.0,Fri,,0
2023-12-17,10-30 years,Gas,88.0,3,68200.0,BE,Comparison Site,1,127000.0,Wed,14347.0,0
2024-10-11,>30 years,Oil,212.0,8,64500.0,NW,Referral,3,523000.0,Wed,14044.0,0
2023-06-12,<10 years,District,195.0,8,67100.0,BW,Comparison Site,4,524000.0,Fri,9330.0,0
2023-10-23,>30 years,Electric,162.0,5,31000.0,Other,Paid Social,6,412000.0,Sat,13113.0,0
2024-08-17,10-30 years,District,168.0,8,47400.0,BE,Referral,2,378000.0,Fri,,0
2024-12-17,10-30 years,District,180.0,6,89600.0,BW,Organic,5,452000.0,Tue,18366.0,0
2024-02-07,10-30 years,Gas,133.0,5,45700.0,HE,Organic,3,364000.0,Tue,15261.0,0
2023-05-25,<10 years,Gas,135.0,6,31300.0,HE,Organic,7,278000.0,Tue,15817.0,0
2024-08-18,<10 years,Gas,142.0,7,133200.0,NW,Paid Social,2,419000.0,Mon,19681.0,0
2024-09-13,>30 years,Oil,164.0,6,129300.0,NW,Organic,3,376000.0,Sun,,0
2023-04-19,10-30 years,Gas,123.0,5,102000.0,HE,Paid Social,6,358000.0,Sun,16283.0,0
2024-02-25,>30 years,Electric,130.0,5,58500.0,Other,Organic,4,386000.0,Thu,12319.0,0
2024-12-12,10-30 years,Oil,230.0,8,73900.0,Other,Organic,3,626000.0,Tue,19884.0,0
2024-03-06,10-30 years,Oil,162.0,6,42600.0,Other,Comparison Site,1,418000.0,Wed,12724.0,0
2024-08-25,>30 years,Gas,104.0,4,50400.0,BY,Paid Social,1,251000.0,Tue,,0
2024-11-17,>30 years,Gas,184.0,5,42400.0,BW,Display,1,453000.0,Thu,10360.0,0
2024-11-14,10-30 years,Gas,139.0,3,79500.0,HE,Paid Social,1,360000.0,Tue,7304.0,0
2024-01-02,<10 years,District,126.0,4,200000.0,BE,Organic,5,316000.0,Mon,14110.0,0
2024-08-23,>30 years,Gas,248.0,8,55600.0,NW,Display,2,613000.0,Thu,20677.0,0
2023-01-08,>30 years,Oil,153.0,4,90300.0,Other,Paid Social,5,370000.0,Mon,20001.0,0
2023-06-03,>30 years,District,118.0,4,97000.0,Other,Referral,7,231000.0,Mon,11285.0,0
2024-11-26,>30 years,Gas,127.0,6,68800.0,NW,Organic,3,270000.0,Mon,17156.0,0
2023-01-04,10-30 years,Gas,156.0,4,79100.0,BE,Paid Social,7,327000.0,Wed,15646.0,0
2023-12-24,>30 years,Oil,156.0,6,67800.0,NW,Organic,3,335000.0,Fri,,1
2023-12-08,<10 years,Oil,169.0,6,89600.0,BY,Display,5,371000.0,Fri,11030.0,0
2024-01-06,10-30 years,District,82.0,4,32900.0,BY,Paid Social,3,234000.0,Fri,14871.0,0
2024-11-14,<10 years,Gas,105.0,5,67300.0,BY,Paid Social,4,297000.0,Wed,5391.0,0
2023-09-28,<10 years,Gas,142.0,5,60900.0,Other,Paid Social,8,348000.0,Wed,12227.0,0
2024-04-01,10-30 years,Gas,129.0,4,57900.0,NW,Referral,3,308000.0,Mon,31141.0,0
2024-07-15,<10 years,Oil,107.0,6,45600.0,Other,Display,2,332000.0,Fri,18366.0,0
2023-12-15,<10 years,Gas,165.0,6,106600.0,Other,Display,3,441000.0,Sun,,0
2024-02-04,10-30 years,Oil,168.0,7,65600.0,HE,Display,2,391000.0,Fri,7120.0,0
2023-11-02,10-30 years,Gas,219.0,8,95600.0,Other,Display,4,570000.0,Sat,17396.0,0
2024-11-10,10-30 years,Oil,178.0,6,66000.0,BY,Comparison Site,6,465000.0,Sun,14446.0,0
2023-05-11,10-30 years,Gas,169.0,7,94700.0,BW,Display,2,441000.0,Tue,13316.0,0
2024-01-16,>30 years,Gas,143.0,5,77400.0,Other,Display,7,354000.0,Thu,9419.0,0
2024-02-21,10-30 years,Electric,259.0,8,56800.0,Other,Referral,2,640000.0,Tue,12584.0,0
2023-08-23,10-30 years,Gas,137.0,5,101500.0,NW,Organic,1,359000.0,Fri,14648.0,0
2024-07-21,>30 years,Gas,136.0,4,77000.0,BW,Organic,2,376000.0,Mon,19189.0,0
2024-06-12,<10 years,Oil,189.0,5,57600.0,Other,Organic,2,535000.0,Sat,21364.0,0
2023-11-19,10-30 years,Oil,86.0,3,30400.0,NW,Organic,3,241000.0,Sun,9246.0,0
2024-05-08,10-30 years,Gas,147.0,8,77600.0,HE,Organic,5,373000.0,Mon,19745.0,0
2023-09-24,>30 years,Oil,154.0,4,134900.0,BY,Display,4,418000.0,Tue,14947.0,1
2024-12-25,>30 years,Gas,134.0,4,83900.0,BE,Organic,5,386000.0,Sun,16524.0,0
2024-05-17,<10 years,Gas,192.0,8,68100.0,HE,Comparison Site,3,440000.0,Thu,,0
2023-05-18,>30 years,Gas,170.0,6,44500.0,BW,Organic,1,371000.0,Wed,13173.0,0
2024-08-11,>30 years,District,162.0,6,30800.0,BW,Organic,8,469000.0,Fri,16229.0,0
2023-02-09,10-30 years,Electric,153.0,6,87800.0,NW,Display,2,326000.0,Fri,21808.0,0
2023-08-13,<10 years,Gas,136.0,5,69400.0,BY,Organic,4,414000.0,Fri,,0
2024-01-04,>30 years,Gas,67.0,3,38100.0,Other,Display,7,183000.0,Sat,20322.0,0
2024-02-13,10-30 years,Gas,172.0,5,52800.0,BW,Referral,3,422000.0,Sat,22653.0,0
2023-05-23,<10 years,Gas,188.0,7,53000.0,BE,Paid Social,5,506000.0,Wed,,0
2023-09-06,10-30 years,Electric,150.0,3,73600.0,NW,Paid Social,4,342000.0,Sun,14010.0,0
2024-03-03,<10 years,Gas,90.0,4,61300.0,Other,Display,2,178000.0,Sat,12828.0,0
2023-10-21,10-30 years,Gas,130.0,3,93300.0,BW,Referral,4,420000.0,Sat,7992.0,0
2023-03-20,10-30 years,Gas,131.0,3,128400.0,Other,Paid Social,5,345000.0,Mon,,0
2024-11-18,10-30 years,Gas,132.0,4,71600.0,Other,Referral,5,401000.0,Thu,15171.0,0
2023-11-04,>30 years,Gas,170.0,5,30000.0,Other,Referral,2,343000.0,Mon,15491.0,0
2024-01-25,10-30 years,Oil,98.0,3,82100.0,BY,Paid Social,5,124000.0,Sat,,0
2024-06-02,10-30 years,Gas,142.0,4,80400.0,BY,Paid Social,2,274000.0,Wed,11612.0,0
2023-04-24,>30 years,Gas,144.0,6,84100.0,BW,Organic,1,253000.0,Mon,27465.0,1
2024-07-11,>30 years,Gas,210.0,7,109400.0,NW,Organic,1,555000.0,Mon,,0
2024-04-16,10-30 years,Electric,166.0,4,96800.0,BE,Display,5,396000.0,Tue,17484.0,0
2024-10-06,10-30 years,Gas,132.0,5,69800.0,BW,Display,5,353000.0,Wed,8784.0,0
2023-02-27,10-30 years,Gas,206.0,7,30000.0,BE,Paid Social,5,530000.0,Tue,11909.0,0
2024-05-24,>30 years,Gas,102.0,3,77000.0,BW,Organic,3,251000.0,Wed,13837.0,0
2024-06-25,<10 years,Gas,123.0,4,86300.0,BE,Organic,3,233000.0,Fri,15125.0,0
2023-10-23,10-30 years,Gas,77.0,2,121300.0,Other,Comparison Site,2,231000.0,Tue,10386.0,0
2024-11-25,>30 years,Gas,213.0,8,103700.0,NW,Display,2,571000.0,Wed,20985.0,0
2024-11-02,10-30 years,Gas,159.0,5,102400.0,NW,Paid Social,2,341000.0,Fri,17358.0,0
2023-03-06,>30 years,Gas,142.0,5,45100.0,BE,Display,1,314000.0,Sun,,0
2023-02-13,10-30 years,Gas,200.0,8,64500.0,Other,Organic,1,526000.0,Thu,,0
2024-07-09,10-30 years,Oil,127.0,4,30000.0,Other,Paid Social,2,304000.0,Sun,14076.0,0
2023-12-22,10-30 years,Oil,132.0,4,41400.0,HE,Paid Social,2,354000.0,Fri,,0
2024-04-15,10-30 years,Gas,194.0,7,67300.0,Other,Organic,3,456000.0,Thu,9475.0,0
2023-04-07,>30 years,Oil,127.0,3,52700.0,BW,Comparison Site,2,367000.0,Sat,24448.0,0
2024-07-18,>30 years,Oil,131.0,2,55300.0,BW,Paid Social,1,273000.0,Sat,21565.0,0
2023-11-24,>30 years,District,153.0,8,110000.0,Other,Comparison Site,6,353000.0,Fri,14724.0,0
2024-02-19,<10 years,Electric,164.0,7,30000.0,NW,Display,1,579000.0,Thu,13717.0,0
2024-06-17,10-30 years,Oil,179.0,5,87300.0,BY,Comparison Site,1,505000.0,Mon,19090.0,0
2024-01-27,10-30 years,Electric,141.0,6,117400.0,NW,Organic,2,338000.0,Tue,13898.0,0
2023-04-19,10-30 years,Gas,83.0,2,69400.0,HE,Comparison Site,4,159000.0,Mon,22048.0,0
2023-10-23,10-30 years,Gas,164.0,6,65900.0,NW,Paid Social,3,384000.0,Tue,18190.0,0
2023-01-17,>30 years,Gas,158.0,6,88700.0,BY,Organic,4,404000.0,Sun,20204.0,0
2024-01-08,10-30 years,Gas,157.0,7,68300.0,BW,Display,4,345000.0,Thu,6418.0,0
2024-11-13,10-30 years,Gas,120.0,4,50000.0,Other,Referral,4,353000.0,Tue,20710.0,0
2024-02-19,>30 years,Gas,75.0,3,106200.0,Other,Display,1,193000.0,Thu,12288.0,0
2023-11-16,<10 years,Gas,149.0,7,34100.0,BW,Paid Social,3,321000.0,Wed,13603.0,0
2023-10-27,10-30 years,District,112.0,4,49500.0,NW,Referral,1,217000.0,Thu,20786.0,0
2023-07-02,10-30 years,Gas,172.0,8,50500.0,Other,Display,4,381000.0,Wed,17863.0,0
2023-06-23,>30 years,Oil,180.0,7,56700.0,BW,Display,1,426000.0,Wed,11522.0,0
2023-11-04,<10 years,District,88.0,3,52500.0,BE,Paid Social,2,236000.0,Tue,14446.0,0
2023-01-09,10-30 years,Oil,122.0,5,30800.0,BY,Referral,3,384000.0,Fri,17722.0,0
2024-01-09,>30 years,Gas,218.0,7,85500.0,Other,Display,5,527000.0,Sun,,0
2023-10-14,>30 years,Oil,132.0,4,83700.0,BE,Referral,1,279000.0,Mon,17673.0,1
2023-09-24,>30 years,Gas,158.0,6,50800.0,Other,Display,3,386000.0,Fri,15166.0,0
2023-01-26,10-30 years,Gas,185.0,6,79300.0,NW,Referral,4,451000.0,Fri,18640.0,1
2023-04-09,>30 years,Electric,159.0,5,106400.0,BY,Referral,6,501000.0,Fri,16027.0,0
2023-09-01,10-30 years,Gas,194.0,7,57100.0,NW,Paid Social,2,449000.0,Sun,16022.0,0
2024-09-12,10-30 years,Electric,187.0,7,84900.0,Other,Display,4,557000.0,Sat,8878.0,0
2024-10-26,10-30 years,Gas,203.0,8,55200.0,BW,Display,2,455000.0,Mon,13548.0,0
2023-08-06,>30 years,Oil,157.0,4,79900.0,BY,Display,1,346000.0,Thu,18836.0,0
2023-11-11,10-30 years,Gas,134.0,5,141200.0,Other,Paid Social,3,308000.0,Tue,14585.0,0
2023-05-18,10-30 years,District,97.0,4,83000.0,BE,Referral,6,312000.0,Thu,,0
2023-08-12,10-30 years,Gas,167.0,8,53600.0,NW,Referral,3,413000.0,Tue,12572.0,0
2024-12-21,10-30 years,District,200.0,7,61000.0,NW,Organic,5,522000.0,Wed,19545.0,0
2024-10-06,10-30 years,Gas,120.0,3,48100.0,BY,Organic,1,280000.0,Fri,,0
2023-12-20,10-30 years,Oil,125.0,4,60900.0,Other,Organic,4,377000.0,Tue,,0
2023-09-28,>30 years,Oil,136.0,4,47200.0,NW,Paid Social,3,307000.0,Fri,20159.0,0
2024-04-19,10-30 years,Gas,114.0,3,58400.0,NW,Paid Social,4,255000.0,Wed,12554.0,0
2024-08-05,>30 years,Oil,156.0,5,30000.0,NW,Display,4,375000.0,Sat,5000.0,0
2024-01-11,10-30 years,Gas,130.0,3,50500.0,BY,Paid Social,5,301000.0,Tue,14727.0,0
2023-10-20,10-30 years,Gas,102.0,3,57100.0,BY,Display,4,216000.0,Mon,,0
2023-12-03,10-30 years,Electric,117.0,5,111000.0,HE,Referral,1,380000.0,Fri,,0
2023-12-23,>30 years,District,208.0,7,86600.0,Other,Paid Social,1,530000.0,Thu,,0
2023-03-13,<10 years,Oil,155.0,6,60500.0,Other,Display,4,464000.0,Wed,18420.0,1
2023-06-20,10-30 years,Oil,208.0,8,36700.0,HE,Referral,3,439000.0,Tue,8707.0,1
2023-08-27,10-30 years,Oil,128.0,5,58400.0,HE,Display,4,352000.0,Sat,18653.0,0
2023-10-12,>30 years,Electric,92.0,2,52300.0,HE,Organic,2,266000.0,Fri,9773.0,0
2023-01-02,<10 years,District,139.0,5,45700.0,Other,Organic,3,466000.0,Thu,16673.0,0
2024-03-18,10-30 years,Oil,216.0,8,81800.0,NW,Organic,1,463000.0,Sun,9473.0,0
2023-01-26,>30 years,Gas,60.0,2,47600.0,BW,Organic,5,141000.0,Tue,12684.0,0
2023-03-13,>30 years,Gas,80.0,3,54400.0,NW,Organic,5,220000.0,Fri,10515.0,0
2023-10-09,<10 years,Gas,138.0,5,34300.0,Other,Display,4,436000.0,Mon,16356.0,0
2024-05-22,10-30 years,Electric,192.0,7,62000.0,Other,Organic,7,586000.0,Sat,,0
2024-03-26,<10 years,District,108.0,3,85300.0,HE,Paid Social,4,220000.0,Tue,,0
2024-06-02,>30 years,Oil,157.0,5,46900.0,BW,Paid Social,3,460000.0,Fri,,0
2024-02-24,10-30 years,District,148.0,6,91900.0,BE,Display,5,326000.0,Fri,20115.0,0
2024-06-28,>30 years,Gas,198.0,6,89000.0,BE,Organic,6,486000.0,Tue,17150.0,0
2024-11-06,>30 years,Oil,243.0,8,52100.0,NW,Referral,3,501000.0,Wed,7744.0,1
2023-02-12,>30 years,Oil,119.0,5,100500.0,BY,Paid Social,7,248000.0,Sun,,0
2023-12-02,>30 years,Gas,136.0,5,94500.0,HE,Display,3,331000.0,Fri,20518.0,0
2024-10-05,10-30 years,Oil,147.0,5,77100.0,NW,Paid Social,5,426000.0,Sat,19731.0,0
2024-02-21,<10 years,Gas,117.0,2,140600.0,BW,Organic,5,264000.0,Thu,10987.0,0
2023-02-15,10-30 years,Oil,221.0,8,89100.0,NW,Display,2,501000.0,Mon,19053.0,0
2023-06-04,10-30 years,Oil,105.0,4,95900.0,Other,Referral,2,206000.0,Wed,14520.0,0
2023-09-26,<10 years,Electric,200.0,8,59100.0,NW,Display,2,538000.0,Thu,17628.0,0
2023-07-13,10-30 years,Oil,133.0,5,42500.0,NW,Display,4,277000.0,Thu,8912.0,0
2024-04-20,>30 years,Gas,148.0,6,45900.0,HE,Paid Social,8,303000.0,Sat,13014.0,0
2024-01-04,>30 years,Gas,155.0,5,59700.0,BY,Organic,4,367000.0,Sat,20064.0,0
2023-02-18,10-30 years,Gas,131.0,3,85000.0,BW,Referral,4,256000.0,Wed,19936.0,0
2024-09-13,10-30 years,Gas,181.0,8,56100.0,HE,Organic,6,397000.0,Thu,14342.0,0
2023-05-02,10-30 years,Oil,167.0,6,86900.0,NW,Paid Social,5,388000.0,Thu,22518.0,0
2024-09-14,>30 years,Gas,211.0,8,30000.0,BE,Organic,5,564000.0,Thu,17844.0,0
2023-10-16,10-30 years,Oil,176.0,8,41400.0,NW,Referral,7,449000.0,Sun,9223.0,0
2023-08-19,>30 years,Gas,102.0,4,48000.0,BY,Organic,5,226000.0,Sat,15516.0,0
2023-12-05,>30 years,Gas,144.0,5,42600.0,NW,Display,6,325000.0,Thu,6901.0,0
2024-11-25,>30 years,Gas,213.0,8,78000.0,BW,Organic,2,512000.0,Mon,,0
2024-02-20,>30 years,Gas,127.0,4,57200.0,BY,Comparison Site,3,332000.0,Wed,15967.0,0
2024-12-03,>30 years,Gas,209.0,8,44300.0,Other,Organic,5,540000.0,Fri,19263.0,0
2024-01-26,>30 years,Gas,179.0,7,77400.0,Other,Referral,3,369000.0,Mon,13942.0,0
2023-08-20,10-30 years,Gas,182.0,6,117000.0,NW,Organic,5,497000.0,Wed,14266.0,0
2024-05-17,10-30 years,Gas,64.0,2,79300.0,Other,Display,3,129000.0,Wed,13969.0,0
2024-10-22,>30 years,Gas,167.0,5,47700.0,HE,Display,1,408000.0,Mon,16456.0,0
2024-07-24,<10 years,Gas,233.0,8,67100.0,BY,Referral,6,571000.0,Sun,24516.0,0
2023-09-15,10-30 years,Gas,115.0,3,45700.0,HE,Paid Social,4,320000.0,Sun,19264.0,0
2024-03-02,>30 years,Gas,214.0,8,84000.0,Other,Paid Social,1,534000.0,Sat,10988.0,0
2023-11-25,>30 years,Oil,157.0,6,65500.0,Other,Paid Social,5,434000.0,Mon,14326.0,0
2024-12-09,<10 years,Gas,118.0,5,102000.0,Other,Display,4,309000.0,Tue,,0
2024-03-01,10-30 years,Oil,139.0,6,62600.0,Other,Paid Social,2,264000.0,Thu,12664.0,1
2023-12-08,10-30 years,Gas,82.0,4,65700.0,BE,Display,3,154000.0,Thu,15457.0,0
2024-12-28,10-30 years,District,152.0,4,33300.0,NW,Referral,3,378000.0,Mon,21449.0,0
2024-01-09,>30 years,Gas,166.0,6,30000.0,BY,Organic,8,400000.0,Tue,12710.0,0
2023-11-18,10-30 years,Oil,245.0,8,67400.0,BW,Paid Social,5,721000.0,Sat,,0
2023-10-02,>30 years,Gas,165.0,7,31700.0,Other,Organic,5,352000.0,Tue,23495.0,0
2023-11-15,<10 years,Oil,207.0,8,43100.0,Other,Organic,1,566000.0,Sat,15002.0,0
2023-08-05,10-30 years,Oil,110.0,3,70300.0,Other,Organic,6,283000.0,Wed,19816.0,0
2023-12-20,>30 years,Gas,143.0,3,52100.0,BW,Display,5,396000.0,Mon,13916.0,0
2023-08-26,10-30 years,Gas,163.0,6,38800.0,HE,Comparison Site,5,458000.0,Thu,,0
2024-08-26,10-30 years,District,116.0,6,46900.0,BE,Display,7,308000.0,Thu,16561.0,0
2024-01-21,>30 years,Electric,141.0,5,109300.0,NW,Paid Social,2,374000.0,Mon,13267.0,0
2023-06-13,>30 years,Oil,189.0,8,62900.0,HE,Referral,1,450000.0,Sun,26508.0,0
2024-02-16,10-30 years,Electric,247.0,8,72400.0,NW,Paid Social,4,613000.0,Mon,8797.0,0
2024-03-09,10-30 years,Gas,183.0,6,62500.0,NW,Organic,2,492000.0,Sat,14727.0,0
2023-01-16,<10 years,Oil,122.0,5,109000.0,BY,Referral,2,314000.0,Wed,16048.0,0
2024-02-17,>30 years,Gas,149.0,7,69300.0,Other,Organic,5,319000.0,Tue,5000.0,0
2023-02-08,>30 years,Oil,108.0,4,76100.0,Other,Comparison Site,3,337000.0,Tue,21241.0,0
2024-06-20,<10 years,Electric,160.0,4,30500.0,Other,Paid Social,1,452000.0,Thu,17924.0,0
2024-02-07,<10 years,Gas,210.0,8,57400.0,Other,Display,1,487000.0,Fri,7817.0,0
2023-06-27,>30 years,Oil,162.0,6,55400.0,Other,Comparison Site,1,453000.0,Fri,5000.0,0
2023-03-22,<10 years,Gas,150.0,4,38300.0,BW,Display,4,384000.0,Thu,,0
2024-06-22,>30 years,Gas,147.0,5,34100.0,HE,Comparison Site,3,381000.0,Mon,,0
2023-06-17,>30 years,District,158.0,7,53100.0,NW,Organic,4,372000.0,Wed,18061.0,0
2024-11-28,>30 years,Electric,217.0,8,176400.0,BY,Organic,2,449000.0,Fri,12070.0,0
2024-01-02,>30 years,Gas,181.0,7,39800.0,BY,Display,1,402000.0,Fri,17610.0,0
2023-02-16,10-30 years,Oil,109.0,3,65700.0,BW,Organic,4,300000.0,Sat,11543.0,0
2024-12-24,<10 years,Gas,126.0,6,57200.0,NW,Paid Social,6,338000.0,Tue,9401.0,0
2024-01-23,>30 years,Gas,199.0,7,76000.0,BY,Referral,1,479000.0,Mon,12064.0,0
2024-02-04,10-30 years,Electric,166.0,5,128900.0,BY,Referral,2,316000.0,Tue,13522.0,0
2023-01-03,10-30 years,Gas,77.0,2,30000.0,HE,Display,5,112000.0,Thu,10201.0,0
2024-03-16,10-30 years,Gas,192.0,8,41200.0,BY,Paid Social,1,442000.0,Sat,,0
2024-08-07,10-30 years,Gas,133.0,5,110900.0,HE,Organic,4,341000.0,Tue,27200.0,0
2024-08-17,10-30 years,Gas,122.0,3,69700.0,BY,Display,4,241000.0,Thu,20787.0,0
2023-01-15,>30 years,Gas,192.0,6,49400.0,BE,Display,4,488000.0,Tue,21764.0,0
2024-03-06,10-30 years,Oil,189.0,8,51200.0,NW,Paid Social,3,473000.0,Mon,10111.0,0
2024-10-26,10-30 years,Gas,146.0,4,31100.0,Other,Paid Social,3,437000.0,Sat,9913.0,0
2023-01-14,10-30 years,Gas,168.0,7,68800.0,Other,Organic,1,472000.0,Sun,16073.0,0
2023-02-15,<10 years,Gas,126.0,4,62300.0,Other,Paid Social,2,355000.0,Tue,14599.0,0
2024-03-14,>30 years,Gas,120.0,5,60400.0,BW,Display,6,328000.0,Sat,20084.0,0
2024-03-20,10-30 years,Gas,136.0,5,48600.0,Other,Referral,6,285000.0,Tue,17054.0,0
2024-03-24,<10 years,Gas,136.0,2,65600.0,NW,Organic,2,281000.0,Mon,19263.0,0
2024-02-27,10-30 years,Gas,126.0,5,41500.0,BW,Paid Social,2,383000.0,Thu,15336.0,0
2024-07-01,>30 years,Gas,185.0,6,46800.0,Other,Organic,2,557000.0,Tue,12571.0,0
2023-08-16,10-30 years,Gas,154.0,7,69200.0,BW,Comparison Site,1,371000.0,Fri,9185.0,0
2023-09-23,10-30 years,Oil,112.0,4,50900.0,Other,Display,4,284000.0,Mon,16740.0,0
2023-11-25,10-30 years,Gas,125.0,7,61500.0,HE,Paid Social,7,243000.0,Thu,9142.0,0
2023-06-24,10-30 years,Gas,101.0,4,50900.0,BY,Organic,10,161000.0,Sat,,0
2023-02-17,<10 years,Oil,147.0,5,72400.0,BE,Paid Social,3,310000.0,Fri,11684.0,0
2024-05-27,>30 years,District,208.0,8,48700.0,BY,Display,5,541000.0,Wed,18895.0,0
2024-01-08,10-30 years,Electric,162.0,7,67600.0,HE,Paid Social,6,457000.0,Sun,12899.0,0
2024-06-19,>30 years,District,154.0,6,81600.0,BW,Organic,4,382000.0,Thu,,0
2024-12-07,10-30 years,Electric,91.0,3,58700.0,Other,Comparison Site,4,269000.0,Tue,11869.0,0
2024-06-25,<10 years,Oil,205.0,7,55100.0,BW,Organic,2,509000.0,Mon,16452.0,0
2024-05-10,>30 years,Electric,152.0,6,50400.0,BE,Comparison Site,1,424000.0,Mon,,0
2023-10-16,10-30 years,Oil,154.0,3,55400.0,BE,Organic,1,337000.0,Fri,,0
2023-10-26,>30 years,Gas,104.0,5,108500.0,BE,Paid Social,1,274000.0,Sat,,0
2023-03-19,>30 years,Gas,145.0,6,92700.0,BW,Paid Social,7,334000.0,Fri,13295.0,0
2024-01-14,>30 years,Oil,113.0,5,73900.0,BE,Organic,7,280000.0,Wed,,0
2024-12-09,<10 years,Electric,123.0,4,49200.0,HE,Paid Social,2,356000.0,Sun,18813.0,0
2023-10-17,<10 years,Gas,82.0,2,101900.0,HE,Display,1,186000.0,Sat,14500.0,0
2023-03-17,10-30 years,Gas,72.0,2,124000.0,HE,Paid Social,3,150000.0,Fri,16868.0,0
2024-01-06,10-30 years,Electric,236.0,8,30000.0,NW,Organic,3,573000.0,Sat,9383.0,0
2024-02-25,10-30 years,Oil,158.0,5,57900.0,BY,Display,3,425000.0,Sun,21337.0,0
2023-10-05,<10 years,Electric,196.0,7,64100.0,NW,Comparison Site,5,518000.0,Fri,15105.0,0
2024-02-16,10-30 years,District,138.0,4,50100.0,NW,Comparison Site,5,326000.0,Sun,15394.0,0
2024-10-16,<10 years,Gas,143.0,4,32600.0,BE,Referral,4,355000.0,Mon,,0
2024-11-10,>30 years,Gas,108.0,2,43000.0,BY,Organic,3,249000.0,Thu,18963.0,0
2023-12-03,>30 years,Gas,174.0,7,104200.0,Other,Organic,4,416000.0,Wed,,0
2024-10-25,<10 years,Electric,180.0,5,41000.0,Other,Organic,7,382000.0,Sat,13056.0,0
2023-01-14,>30 years,Gas,171.0,7,46500.0,BE,Referral,6,397000.0,Tue,11367.0,0
2024-01-21,10-30 years,Gas,150.0,6,63600.0,HE,Organic,4,366000.0,Sat,18345.0,0
2023-04-09,10-30 years,Gas,162.0,7,59600.0,BY,Comparison Site,2,421000.0,Mon,5000.0,0
2023-04-08,<10 years,Gas,133.0,3,48400.0,Other,Paid Social,3,233000.0,Fri,13580.0,0
2023-10-10,>30 years,Gas,192.0,7,81400.0,BY,Organic,4,514000.0,Tue,,1
2023-10-22,10-30 years,Electric,95.0,4,80700.0,HE,Display,3,296000.0,Wed,16957.0,0
2023-01-05,<10 years,Oil,118.0,5,42100.0,NW,Organic,3,234000.0,Mon,8453.0,0
2024-09-21,>30 years,Electric,141.0,5,35500.0,BY,Display,2,379000.0,Tue,,0
2024-07-11,10-30 years,Gas,100.0,2,71400.0,Other,Display,5,309000.0,Tue,15075.0,0
2024-09-23,>30 years,Oil,89.0,3,58100.0,BW,Organic,4,125000.0,Fri,,0
2024-01-19,10-30 years,Oil,141.0,5,72000.0,NW,Referral,1,430000.0,Tue,14569.0,1
2024-03-03,>30 years,Gas,133.0,4,58700.0,BY,Paid Social,7,378000.0,Sun,,0
2024-11-11,10-30 years,Gas,144.0,6,48600.0,HE,Paid Social,2,339000.0,Tue,,0
2024-04-03,>30 years,Oil,151.0,6,55300.0,Other,Display,3,402000.0,Wed,17346.0,0
2023-03-23,>30 years,Oil,174.0,6,102500.0,Other,Comparison Site,2,478000.0,Sun,16044.0,0
2023-09-13,>30 years,Gas,154.0,5,45500.0,HE,Comparison Site,3,424000.0,Tue,22859.0,0
2024-02-20,10-30 years,Gas,220.0,8,55100.0,BY,Referral,4,554000.0,Mon,,0
2023-07-18,>30 years,Gas,158.0,6,34800.0,NW,Referral,5,419000.0,Tue,12529.0,0
2023-12-26,>30 years,Gas,212.0,8,32700.0,BE,Paid Social,2,459000.0,Sat,,0
2023-10-06,<10 years,Gas,192.0,6,36500.0,BY,Paid Social,6,491000.0,Fri,13283.0,0
2023-01-27,>30 years,Gas,196.0,8,30000.0,BY,Display,3,593000.0,Sat,16047.0,0
2023-11-21,10-30 years,Gas,88.0,2,37100.0,BY,Comparison Site,6,277000.0,Sun,13000.0,0
2023-02-21,<10 years,Oil,158.0,6,71700.0,BW,Organic,2,315000.0,Sun,,0
2024-04-21,10-30 years,District,165.0,7,78600.0,BY,Paid Social,2,394000.0,Wed,17226.0,0
2023-07-14,10-30 years,Gas,138.0,4,36400.0,BW,Organic,7,221000.0,Wed,17648.0,0
2024-08-14,10-30 years,Gas,156.0,6,36500.0,BW,Display,3,456000.0,Thu,15311.0,0
2024-09-20,10-30 years,Gas,109.0,4,57000.0,Other,Display,2,354000.0,Tue,15915.0,0
2024-11-01,10-30 years,Oil,207.0,8,149700.0,BY,Comparison Site,1,559000.0,Sun,,0
2023-11-19,10-30 years,Oil,150.0,6,45300.0,Other,Paid Social,2,424000.0,Sun,11923.0,0
2024-02-20,>30 years,Oil,166.0,8,53100.0,Other,Referral,3,451000.0,Fri,31979.0,0
2024-08-18,10-30 years,Oil,118.0,5,99900.0,NW,Display,2,304000.0,Sun,17285.0,0
2023-12-14,10-30 years,Electric,213.0,8,94800.0,NW,Paid Social,4,508000.0,Thu,13319.0,0
2024-07-09,10-30 years,District,183.0,6,80500.0,BY,Paid Social,2,524000.0,Thu,22800.0,0
2023-09-08,<10 years,Gas,192.0,8,89500.0,BW,Paid Social,4,561000.0,Fri,22359.0,0
2023-03-11,10-30 years,District,231.0,8,98200.0,HE,Comparison Site,4,566000.0,Thu,12214.0,0
2023-10-04,<10 years,Oil,142.0,6,48500.0,Other,Organic,5,356000.0,Wed,11159.0,0
2024-08-22,>30 years,Oil,174.0,7,73300.0,BE,Display,3,473000.0,Fri,14512.0,1
2023-06-12,10-30 years,Oil,171.0,4,51100.0,BW,Paid Social,2,460000.0,Sat,,1
2024-10-10,10-30 years,District,128.0,6,43000.0,HE,Organic,4,246000.0,Thu,18207.0,0
2023-11-18,10-30 years,District,165.0,7,74500.0,HE,Organic,5,410000.0,Sun,15051.0,0
2024-02-14,>30 years,Gas,118.0,3,54700.0,BE,Display,3,262000.0,Wed,14942.0,0
2024-04-26,<10 years,Gas,149.0,4,56800.0,BW,Display,1,344000.0,Thu,12538.0,0
2023-09-17,10-30 years,District,85.0,5,95600.0,BE,Paid Social,6,229000.0,Sat,15483.0,0
2023-03-10,>30 years,Gas,119.0,5,69400.0,HE,Paid Social,1,294000.0,Mon,13097.0,0
2023-03-19,>30 years,Gas,77.0,3,56300.0,Other,Display,3,193000.0,Thu,13989.0,0
2024-08-06,10-30 years,Gas,211.0,8,57500.0,BY,Organic,2,513000.0,Sun,13201.0,0
2024-12-19,10-30 years,Oil,177.0,5,34700.0,BW,Organic,1,434000.0,Thu,,0
2024-01-20,<10 years,Oil,131.0,6,78800.0,Other,Comparison Site,1,366000.0,Sat,,1
2023-09-24,<10 years,Gas,120.0,5,56900.0,BW,Comparison Site,3,325000.0,Fri,18356.0,0
2024-10-19,10-30 years,Oil,196.0,8,54600.0,NW,Referral,4,447000.0,Mon,18285.0,1
2023-03-02,<10 years,Electric,221.0,8,113900.0,Other,Referral,2,606000.0,Sat,17552.0,0
2024-01-13,>30 years,Gas,182.0,6,82500.0,BY,Organic,3,331000.0,Wed,18868.0,0
2024-10-19,10-30 years,Gas,203.0,7,65100.0,NW,Paid Social,5,471000.0,Sat,14296.0,0
2023-06-12,<10 years,Electric,150.0,7,70000.0,HE,Paid Social,2,385000.0,Sat,,0
2024-03-10,10-30 years,District,67.0,2,93900.0,HE,Organic,5,113000.0,Fri,16346.0,0
2023-02-07,10-30 years,Gas,146.0,5,55000.0,HE,Organic,6,320000.0,Wed,,0
2023-11-15,<10 years,Oil,155.0,4,80300.0,BW,Organic,7,279000.0,Wed,16434.0,0
2024-08-20,>30 years,Oil,193.0,7,39200.0,Other,Comparison Site,4,460000.0,Mon,13280.0,0
2023-07-04,>30 years,Gas,135.0,6,66000.0,Other,Comparison Site,1,261000.0,Sat,6078.0,0
2024-02-23,>30 years,Electric,104.0,4,31100.0,BW,Organic,9,243000.0,Wed,19374.0,0
2023-12-11,>30 years,Gas,79.0,4,63700.0,BE,Comparison Site,2,255000.0,Wed,,0
2024-01-14,>30 years,Oil,176.0,7,99000.0,HE,Paid Social,1,429000.0,Wed,10218.0,0
2023-02-18,10-30 years,Gas,138.0,6,48800.0,BW,Referral,1,347000.0,Tue,17244.0,0
2024-01-18,10-30 years,Electric,106.0,5,61300.0,BE,Paid Social,2,306000.0,Sun,,0
2024-07-18,>30 years,Gas,175.0,8,45400.0,NW,Organic,1,495000.0,Tue,6688.0,0
2024-03-16,10-30 years,Gas,182.0,7,65600.0,BW,Comparison Site,5,398000.0,Tue,22396.0,0
2023-09-18,<10 years,Gas,142.0,5,38400.0,BY,Organic,2,364000.0,Thu,13419.0,0
2024-01-13,>30 years,Gas,190.0,6,38200.0,Other,Organic,4,480000.0,Wed,17865.0,0
2023-02-03,>30 years,Electric,176.0,5,72300.0,Other,Comparison Site,5,446000.0,Fri,19996.0,0
2023-05-06,10-30 years,Gas,144.0,5,40800.0,BY,Display,7,421000.0,Sun,,0
2023-11-20,10-30 years,Oil,141.0,7,109700.0,NW,Paid Social,2,420000.0,Thu,16650.0,0
2023-03-08,10-30 years,Electric,137.0,6,107700.0,NW,Referral,4,371000.0,Sat,24022.0,0
2024-05-07,10-30 years,Oil,150.0,6,40600.0,HE,Display,2,396000.0,Sat,6796.0,0
2024-12-28,10-30 years,Gas,210.0,8,148700.0,BY,Paid Social,2,566000.0,Fri,25475.0,0
2024-01-13,>30 years,Electric,197.0,8,58700.0,HE,Organic,9,515000.0,Tue,15067.0,0
2023-03-09,10-30 years,Gas,171.0,7,60200.0,Other,Display,5,484000.0,Wed,8916.0,0
2023-12-11,<10 years,Gas,223.0,8,83700.0,HE,Referral,2,513000.0,Thu,18517.0,0
2024-12-11,>30 years,Gas,196.0,7,103800.0,BY,Paid Social,4,583000.0,Sun,15331.0,0
2023-04-26,10-30 years,Oil,144.0,3,103100.0,BE,Display,4,409000.0,Sat,,0
2024-12-28,>30 years,Oil,173.0,5,135600.0,NW,Referral,5,372000.0,Tue,6462.0,0
2024-11-25,10-30 years,Oil,204.0,7,71100.0,BW,Comparison Site,5,552000.0,Mon,9084.0,0
2023-01-11,>30 years,Gas,154.0,6,70800.0,NW,Paid Social,1,349000.0,Mon,20521.0,0
2023-11-27,<10 years,Oil,142.0,4,71800.0,BY,Organic,2,409000.0,Tue,10654.0,1
2024-10-14,<10 years,Gas,223.0,8,63900.0,Other,Organic,7,624000.0,Wed,13977.0,0
2023-11-18,10-30 years,Gas,172.0,5,34400.0,BY,Comparison Site,1,445000.0,Sun,,0
2024-07-20,10-30 years,District,192.0,7,30000.0,HE,Referral,8,407000.0,Thu,9472.0,0
2024-04-26,10-30 years,Gas,122.0,5,40200.0,BE,Display,2,321000.0,Mon,16588.0,0
2024-08-23,10-30 years,Gas,186.0,8,83900.0,BW,Paid Social,6,511000.0,Sun,15830.0,0
2023-02-23,>30 years,Electric,142.0,6,55400.0,BW,Paid Social,3,396000.0,Mon,,0
2023-12-19,10-30 years,Gas,148.0,4,39300.0,Other,Organic,6,339000.0,Thu,17755.0,0
2024-10-26,>30 years,Oil,111.0,2,96600.0,NW,Referral,5,295000.0,Fri,21311.0,0
2024-12-27,>30 years,Electric,141.0,4,47200.0,BE,Paid Social,3,355000.0,Mon,,0
2024-04-14,>30 years,Gas,93.0,5,30000.0,Other,Paid Social,5,260000.0,Wed,,0
2023-03-09,>30 years,Electric,195.0,6,36800.0,HE,Paid Social,2,418000.0,Tue,14952.0,0
2024-12-26,10-30 years,Electric,128.0,3,47900.0,HE,Referral,3,351000.0,Sat,12773.0,0
2024-10-24,10-30 years,Gas,164.0,6,43600.0,NW,Organic,3,322000.0,Thu,13121.0,0
2023-02-26,10-30 years,Gas,104.0,6,57000.0,NW,Paid Social,4,379000.0,Tue,20449.0,0
2023-03-06,10-30 years,District,170.0,7,66600.0,BW,Comparison Site,2,496000.0,Sat,20712.0,0
2023-01-08,10-30 years,Oil,60.0,2,67300.0,Other,Display,1,161000.0,Wed,,0
2023-02-25,10-30 years,Oil,114.0,4,56800.0,HE,Paid Social,3,323000.0,Wed,20069.0,0
2023-11-08,10-30 years,Electric,204.0,8,87900.0,BY,Display,2,537000.0,Tue,9814.0,0
2023-10-05,>30 years,Gas,124.0,4,92800.0,Other,Display,2,269000.0,Wed,14645.0,0
2023-12-27,>30 years,Oil,142.0,4,74100.0,Other,Paid Social,7,327000.0,Sun,6211.0,0
2024-12-17,>30 years,Electric,63.0,2,90600.0,Other,Paid Social,2,182000.0,Tue,14390.0,0
2023-07-11,10-30 years,Gas,204.0,8,33700.0,BW,Display,1,478000.0,Thu,8699.0,0
2023-02-23,<10 years,Electric,140.0,4,30000.0,BW,Referral,3,339000.0,Thu,25175.0,0
2023-10-18,>30 years,Gas,203.0,8,40300.0,BE,Paid Social,3,507000.0,Mon,21163.0,0
2023-01-26,10-30 years,Oil,123.0,4,68600.0,BY,Comparison Site,2,300000.0,Sat,17608.0,0
2023-12-25,>30 years,Oil,91.0,3,88900.0,Other,Paid Social,4,230000.0,Thu,19650.0,0
2023-06-21,>30 years,Gas,207.0,6,39200.0,BE,Display,4,502000.0,Sat,24843.0,0
2023-07-10,10-30 years,Gas,166.0,5,69700.0,NW,Organic,5,381000.0,Tue,20425.0,0
2023-12-18,10-30 years,Gas,154.0,4,88700.0,NW,Display,3,375000.0,Fri,13120.0,0
2023-01-20,<10 years,Oil,126.0,6,50200.0,HE,Paid Social,4,284000.0,Tue,6672.0,0
2023-07-21,10-30 years,Oil,198.0,8,48500.0,NW,Paid Social,4,537000.0,Thu,18800.0,0
2023-08-01,10-30 years,Electric,76.0,4,80900.0,BY,Organic,4,299000.0,Wed,21411.0,0
2023-06-06,>30 years,Gas,182.0,8,43600.0,Other,Organic,4,460000.0,Tue,18465.0,0
2023-01-01,<10 years,Electric,102.0,3,43900.0,BE,Paid Social,4,322000.0,Wed,20379.0,0
2024-01-26,10-30 years,Gas,168.0,7,52900.0,BY,Display,3,533000.0,Fri,13461.0,0
2024-01-13,10-30 years,Gas,230.0,8,54900.0,BW,Organic,5,525000.0,Thu,15500.0,0
2024-03-12,10-30 years,Gas,148.0,5,51100.0,NW,Organic,5,357000.0,Fri,11407.0,0
2023-01-06,>30 years,District,147.0,4,30000.0,HE,Organic,4,445000.0,Sat,13024.0,0
2023-12-24,<10 years,Gas,129.0,5,62800.0,Other,Organic,1,254000.0,Tue,19986.0,0
2023-04-09,>30 years,Gas,144.0,5,108900.0,BW,Organic,4,361000.0,Thu,19343.0,0
2024-01-01,>30 years,Gas,132.0,5,55300.0,NW,Organic,4,347000.0,Wed,7112.0,0
2023-05-08,>30 years,Oil,151.0,4,39900.0,BY,Comparison Site,3,301000.0,Fri,7499.0,0
2023-01-01,<10 years,Electric,139.0,4,79800.0,BW,Referral,1,406000.0,Sat,16053.0,0
2024-11-26,10-30 years,Oil,143.0,6,51300.0,HE,Comparison Site,4,353000.0,Sun,16957.0,0
2023-06-01,>30 years,Gas,128.0,5,45400.0,BW,Referral,3,331000.0,Mon,8279.0,0
2024-03-02,>30 years,District,145.0,5,88100.0,BE,Paid Social,7,362000.0,Sat,16449.0,0
2023-01-07,>30 years,District,148.0,6,49300.0,HE,Paid Social,6,464000.0,Tue,8432.0,0
2023-03-22,10-30 years,Gas,216.0,8,66000.0,BY,Referral,2,559000.0,Sun,,0
2024-01-18,10-30 years,Oil,214.0,8,92000.0,Other,Comparison Site,3,536000.0,Thu,21124.0,0
2023-01-21,>30 years,Gas,163.0,7,62900.0,BE,Referral,2,397000.0,Sat,20052.0,0
2023-07-27,<10 years,Oil,132.0,6,50800.0,HE,Display,5,360000.0,Sat,10295.0,0
2024-03-04,<10 years,Oil,164.0,7,72300.0,BY,Display,2,458000.0,Fri,10857.0,0
2024-04-26,<10 years,Gas,117.0,3,30000.0,BE,Paid Social,1,358000.0,Sun,20607.0,0
2024-03-20,>30 years,District,128.0,7,81500.0,HE,Paid Social,3,242000.0,Tue,18800.0,0
2023-05-09,<10 years,Gas,152.0,6,43900.0,HE,Organic,1,510000.0,Sat,9736.0,0
2023-02-27,10-30 years,Oil,123.0,5,62600.0,BW,Organic,4,298000.0,Wed,11596.0,0
2023-12-13,10-30 years,Electric,124.0,5,61000.0,BW,Organic,2,381000.0,Mon,,0
2023-05-09,<10 years,Gas,131.0,4,68600.0,BW,Paid Social,2,359000.0,Wed,10835.0,0
2023-10-04,>30 years,Gas,241.0,8,68000.0,BY,Organic,3,560000.0,Fri,14781.0,0
2023-12-02,<10 years,Gas,157.0,4,42600.0,NW,Paid Social,2,268000.0,Thu,10362.0,0
2023-06-08,10-30 years,Electric,81.0,2,47700.0,NW,Comparison Site,2,177000.0,Sat,13921.0,0
2024-12-09,10-30 years,Electric,158.0,6,43600.0,BE,Referral,4,423000.0,Sat,6647.0,0
2023-01-14,10-30 years,Gas,168.0,6,51100.0,NW,Organic,3,382000.0,Sun,,0
2024-06-19,10-30 years,Gas,148.0,6,31000.0,BW,Referral,3,505000.0,Mon,23943.0,0
2023-10-08,>30 years,Gas,174.0,7,30000.0,BE,Paid Social,4,446000.0,Tue,22032.0,0
2024-10-04,>30 years,Oil,127.0,6,71800.0,BY,Referral,5,311000.0,Tue,11935.0,0
2024-01-24,10-30 years,Oil,144.0,5,108600.0,NW,Referral,5,339000.0,Sun,14375.0,0
2023-04-06,10-30 years,Gas,146.0,5,38500.0,HE,Paid Social,3,361000.0,Mon,,0
2023-01-03,10-30 years,Gas,122.0,6,78700.0,HE,Display,4,406000.0,Fri,12224.0,0
2024-07-10,>30 years,Gas,112.0,4,34900.0,BY,Comparison Site,5,217000.0,Thu,,0
2023-09-16,10-30 years,Gas,153.0,5,59000.0,NW,Paid Social,5,332000.0,Wed,9867.0,0
2023-02-04,<10 years,Gas,159.0,5,76000.0,BW,Organic,3,340000.0,Sun,,0
2024-05-25,>30 years,Gas,60.0,2,121400.0,BY,Display,4,79000.0,Thu,16737.0,0
2023-11-12,10-30 years,Oil,129.0,5,62000.0,HE,Organic,1,288000.0,Mon,15825.0,0
2023-07-13,10-30 years,Gas,139.0,6,37600.0,BW,Paid Social,5,322000.0,Fri,,0
2023-01-21,10-30 years,Gas,157.0,4,60500.0,BY,Organic,4,485000.0,Thu,18199.0,1
2024-04-21,<10 years,Oil,183.0,7,64700.0,HE,Display,1,439000.0,Sun,15857.0,0
2024-01-11,>30 years,Electric,138.0,5,159300.0,BY,Paid Social,2,330000.0,Sun,22879.0,1
2023-09-09,>30 years,Oil,173.0,5,148100.0,Other,Paid Social,4,444000.0,Sun,18541.0,0
2024-12-14,<10 years,Gas,95.0,4,79400.0,NW,Referral,1,287000.0,Tue,13599.0,0
2024-05-02,10-30 years,District,204.0,8,47400.0,BE,Paid Social,5,524000.0,Wed,12252.0,0
2024-10-10,10-30 years,Gas,148.0,5,63800.0,Other,Comparison Site,2,435000.0,Wed,8988.0,0
2023-12-20,<10 years,Gas,90.0,3,37300.0,NW,Organic,3,166000.0,Fri,15237.0,0
2024-03-26,10-30 years,District,174.0,5,42500.0,BE,Referral,4,447000.0,Wed,24088.0,0
2024-04-23,10-30 years,Oil,139.0,6,94800.0,Other,Paid Social,2,333000.0,Mon,18937.0,0
2023-01-28,10-30 years,Oil,223.0,8,85100.0,BY,Referral,2,611000.0,Tue,29158.0,0
2023-02-14,10-30 years,Gas,214.0,8,74600.0,Other,Paid Social,8,530000.0,Sun,15935.0,0
2024-09-17,<10 years,Gas,186.0,6,49200.0,Other,Paid Social,8,579000.0,Tue,16528.0,0
2024-02-19,10-30 years,Gas,60.0,3,30100.0,BW,Paid Social,4,140000.0,Tue,9305.0,0
2023-11-09,10-30 years,Gas,141.0,4,57300.0,NW,Organic,1,360000.0,Tue,12683.0,0
2024-02-11,<10 years,Gas,201.0,7,39200.0,BW,Organic,2,451000.0,Tue,6099.0,0
2024-05-19,10-30 years,Gas,184.0,8,41900.0,Other,Display,2,485000.0,Sun,19910.0,0
2023-09-05,10-30 years,Gas,113.0,4,76800.0,BY,Organic,3,264000.0,Sun,15296.0,0
2023-10-18,10-30 years,Oil,146.0,5,156200.0,NW,Display,1,360000.0,Tue,8609.0,0
2024-12-04,10-30 years,District,174.0,5,57400.0,Other,Paid Social,5,439000.0,Sat,,0
2024-08-14,10-30 years,Oil,86.0,4,64900.0,HE,Paid Social,2,295000.0,Wed,13335.0,0
2024-01-10,10-30 years,Electric,90.0,3,39600.0,Other,Referral,3,91000.0,Sun,17921.0,0
2023-04-14,10-30 years,Gas,247.0,8,42800.0,NW,Organic,2,577000.0,Thu,24833.0,0
2024-02-19,>30 years,Gas,138.0,5,57200.0,Other,Display,2,336000.0,Fri,11569.0,0
2023-09-26,<10 years,Gas,74.0,2,30000.0,Other,Display,5,249000.0,Tue,,0
2023-09-23,>30 years,Gas,122.0,4,39500.0,BW,Paid Social,3,279000.0,Sat,,0
2024-04-14,>30 years,Oil,163.0,6,75300.0,NW,Display,1,506000.0,Fri,18939.0,0
2024-09-11,10-30 years,District,182.0,6,117500.0,Other,Paid Social,3,403000.0,Tue,9513.0,0
2023-03-09,>30 years,Electric,124.0,3,70700.0,Other,Organic,3,278000.0,Mon,14023.0,0
2024-04-09,10-30 years,Gas,102.0,4,45000.0,BY,Organic,1,213000.0,Wed,23587.0,0
2024-11-22,<10 years,Electric,185.0,8,36400.0,Other,Display,7,425000.0,Fri,21111.0,0
2023-10-08,>30 years,Gas,112.0,5,54200.0,BY,Comparison Site,3,306000.0,Sun,11391.0,0
2024-01-26,>30 years,Gas,140.0,6,55500.0,Other,Referral,2,307000.0,Tue,,0
2024-10-26,<10 years,Gas,177.0,7,43500.0,BW,Organic,5,460000.0,Fri,15150.0,0
2024-11-16,10-30 years,Oil,131.0,5,82000.0,Other,Organic,4,271000.0,Wed,18101.0,0
2024-09-01,>30 years,Electric,230.0,8,35200.0,BW,Display,3,587000.0,Mon,,0
2023-03-04,>30 years,Gas,116.0,4,45300.0,BY,Organic,4,371000.0,Wed,15837.0,0
2024-04-18,10-30 years,Gas,135.0,6,51700.0,HE,Display,5,367000.0,Fri,,0
2024-12-20,<10 years,Gas,134.0,6,144000.0,BY,Comparison Site,3,291000.0,Wed,17804.0,0
2024-05-01,10-30 years,Gas,125.0,3,85800.0,NW,Paid Social,3,324000.0,Fri,5180.0,0
2023-12-05,10-30 years,District,193.0,8,71800.0,BY,Referral,7,392000.0,Fri,,0
2023-06-24,>30 years,District,136.0,5,81800.0,HE,Organic,4,272000.0,Tue,9503.0,0
2024-01-28,10-30 years,District,264.0,8,65600.0,HE,Organic,2,714000.0,Tue,17324.0,0
2024-12-12,>30 years,Gas,154.0,6,66600.0,BY,Paid Social,2,429000.0,Wed,15544.0,0
2023-01-23,>30 years,Gas,159.0,6,55100.0,BY,Display,4,356000.0,Sun,13181.0,0
2023-11-13,10-30 years,District,87.0,3,97300.0,BE,Referral,5,198000.0,Fri,20451.0,0
2023-01-16,<10 years,District,127.0,5,63500.0,BW,Organic,4,295000.0,Sun,16670.0,0
2023-05-03,10-30 years,Gas,177.0,8,49700.0,NW,Organic,5,417000.0,Sat,16773.0,0
2024-05-26,<10 years,Electric,172.0,5,88100.0,BY,Paid Social,3,398000.0,Sun,,0
2024-07-28,10-30 years,Gas,108.0,4,55300.0,NW,Paid Social,3,219000.0,Tue,10112.0,0
2023-03-26,<10 years,District,132.0,5,59100.0,Other,Organic,4,333000.0,Thu,18138.0,0
2023-11-06,<10 years,Gas,60.0,2,55200.0,Other,Paid Social,1,151000.0,Tue,8375.0,0
2023-09-10,10-30 years,Electric,118.0,5,113600.0,BY,Organic,3,265000.0,Tue,22414.0,0
2023-09-07,10-30 years,Gas,219.0,8,57100.0,BW,Paid Social,5,487000.0,Sun,,0
2023-09-03,10-30 years,Oil,159.0,5,65900.0,BY,Organic,5,432000.0,Fri,16441.0,1
2024-07-11,>30 years,Gas,195.0,8,30000.0,Other,Display,1,520000.0,Thu,14412.0,0
2024-06-03,10-30 years,Gas,83.0,2,57200.0,Other,Organic,3,239000.0,Sun,16254.0,0
2023-03-05,10-30 years,Gas,154.0,4,64300.0,BY,Organic,3,320000.0,Sat,14039.0,0
2024-02-19,>30 years,Oil,145.0,6,106700.0,NW,Paid Social,3,321000.0,Thu,,0
2023-02-06,>30 years,Gas,125.0,3,77800.0,BE,Paid Social,5,328000.0,Thu,14541.0,0
2024-12-27,>30 years,Oil,141.0,5,58500.0,NW,Referral,3,373000.0,Sat,16248.0,0
2023-04-06,10-30 years,Gas,129.0,5,55400.0,Other,Display,3,391000.0,Sat,9963.0,0
2023-12-09,10-30 years,Gas,103.0,5,30000.0,Other,Organic,3,270000.0,Sun,11412.0,0
2023-08-07,<10 years,Oil,155.0,7,46200.0,NW,Display,4,382000.0,Thu,,0
2023-12-21,10-30 years,Gas,185.0,6,61800.0,Other,Organic,1,434000.0,Tue,,0
2023-04-27,10-30 years,District,119.0,2,30000.0,BE,Paid Social,9,307000.0,Wed,19040.0,0
2024-05-19,10-30 years,Electric,121.0,4,68400.0,Other,Paid Social,6,271000.0,Wed,11915.0,0
2023-03-12,<10 years,Oil,182.0,8,100500.0,Other,Display,1,459000.0,Tue,,0
2024-06-15,10-30 years,Gas,152.0,4,102900.0,NW,Paid Social,5,309000.0,Sat,11822.0,0
2023-12-27,10-30 years,Gas,136.0,6,44300.0,BW,Display,4,225000.0,Mon,12029.0,0
2024-02-22,10-30 years,District,154.0,5,112300.0,Other,Display,3,390000.0,Mon,16349.0,0
2023-03-15,10-30 years,Gas,232.0,8,56500.0,Other,Comparison Site,4,589000.0,Thu,,0
2023-01-12,>30 years,Electric,196.0,7,41200.0,Other,Comparison Site,4,494000.0,Wed,9455.0,0
2023-01-23,>30 years,Gas,219.0,8,50600.0,NW,Paid Social,7,645000.0,Thu,,0
2023-03-23,10-30 years,Gas,179.0,7,61000.0,BY,Display,3,433000.0,Thu,,0
2023-09-03,>30 years,Oil,119.0,5,30000.0,BY,Paid Social,4,322000.0,Sun,27437.0,0
2024-10-14,<10 years,District,132.0,7,90900.0,NW,Comparison Site,2,339000.0,Fri,7979.0,0
2024-03-20,10-30 years,Gas,120.0,3,30000.0,BE,Organic,5,370000.0,Thu,,0
2024-01-08,<10 years,Gas,175.0,6,55100.0,NW,Organic,3,402000.0,Tue,15254.0,0
2024-02-07,>30 years,Electric,138.0,6,90700.0,NW,Organic,4,371000.0,Sun,12245.0,0
2024-04-15,<10 years,Gas,117.0,5,59400.0,Other,Organic,3,274000.0,Sat,18483.0,0
2023-10-22,<10 years,Gas,145.0,6,73600.0,HE,Organic,5,349000.0,Sat,21129.0,0
2023-04-08,>30 years,Gas,94.0,2,99900.0,NW,Display,1,289000.0,Thu,21573.0,0
2023-10-23,10-30 years,Oil,190.0,5,83200.0,BE,Referral,4,516000.0,Sun,17871.0,0
2023-01-09,>30 years,Electric,111.0,4,66500.0,Other,Organic,3,192000.0,Wed,16043.0,0
2024-02-09,<10 years,District,186.0,8,181100.0,NW,Referral,1,555000.0,Tue,20096.0,0
2024-02-04,10-30 years,Gas,169.0,4,33800.0,NW,Paid Social,4,496000.0,Tue,5000.0,0
2024-02-02,>30 years,Gas,173.0,7,70500.0,HE,Display,5,507000.0,Fri,,0
2024-01-14,10-30 years,Gas,104.0,4,75400.0,HE,Display,3,306000.0,Tue,10909.0,0
2024-03-17,>30 years,Gas,153.0,5,30000.0,BY,Display,3,450000.0,Mon,11350.0,0
2023-12-14,>30 years,Gas,129.0,4,46900.0,NW,Organic,2,370000.0,Tue,,0
2023-11-08,10-30 years,Oil,80.0,3,39400.0,BY,Paid Social,3,229000.0,Sun,,0
2024-03-08,10-30 years,Gas,207.0,8,61100.0,Other,Organic,6,438000.0,Fri,24542.0,0
2024-02-09,10-30 years,Oil,146.0,6,51300.0,NW,Organic,4,339000.0,Fri,14473.0,1
2023-10-20,<10 years,District,132.0,6,131300.0,Other,Organic,2,273000.0,Thu,11453.0,0
2023-02-27,10-30 years,Electric,205.0,7,93300.0,BW,Organic,2,456000.0,Mon,,0
2024-11-17,>30 years,Gas,189.0,5,67600.0,NW,Display,2,412000.0,Mon,14095.0,0
2023-01-05,10-30 years,Gas,282.0,8,58800.0,BY,Paid Social,3,740000.0,Sat,,0
2023-12-02,>30 years,Gas,112.0,5,30000.0,NW,Paid Social,1,258000.0,Tue,,0
2023-06-03,>30 years,Electric,127.0,5,30000.0,Other,Display,4,352000.0,Fri,,0
2024-11-14,>30 years,District,228.0,8,71300.0,Other,Organic,2,616000.0,Wed,7797.0,0
2023-11-16,>30 years,Electric,116.0,3,65000.0,Other,Paid Social,5,293000.0,Sun,,0
2023-12-01,>30 years,Oil,121.0,6,30000.0,BW,Paid Social,3,225000.0,Thu,11460.0,0
2024-07-26,>30 years,Gas,147.0,7,76700.0,NW,Organic,6,329000.0,Wed,15155.0,0
2023-02-18,>30 years,District,216.0,8,50700.0,BE,Paid Social,4,537000.0,Tue,13555.0,0
2024-10-16,>30 years,Electric,129.0,5,38400.0,BY,Paid Social,6,311000.0,Thu,16645.0,0
2024-11-12,>30 years,Electric,241.0,8,65800.0,BW,Display,4,599000.0,Sun,13455.0,0
2024-10-11,>30 years,Gas,149.0,6,75200.0,Other,Organic,6,381000.0,Thu,11004.0,0
2023-07-27,10-30 years,Gas,204.0,8,45800.0,NW,Display,3,491000.0,Mon,,0
2023-06-09,10-30 years,Gas,136.0,5,77200.0,NW,Referral,2,289000.0,Mon,11903.0,0
2023-09-05,10-30 years,District,111.0,4,44100.0,BY,Organic,2,273000.0,Tue,,1
2024-02-04,<10 years,District,173.0,8,48400.0,NW,Organic,3,420000.0,Tue,15240.0,0
2024-05-27,10-30 years,Gas,92.0,4,30000.0,Other,Paid Social,1,178000.0,Fri,,0
2023-01-23,>30 years,Oil,84.0,4,68500.0,BY,Organic,3,236000.0,Thu,19263.0,1
2023-11-07,10-30 years,Gas,178.0,6,30900.0,NW,Display,4,499000.0,Sat,19674.0,0
2023-04-26,<10 years,Gas,127.0,5,40300.0,HE,Organic,3,307000.0,Thu,25232.0,0
2023-04-04,>30 years,Gas,95.0,3,48800.0,BY,Comparison Site,3,174000.0,Wed,9501.0,0
2023-02-03,>30 years,Gas,126.0,4,93000.0,BE,Organic,4,378000.0,Sat,,0
2023-12-06,>30 years,Gas,172.0,8,47900.0,BE,Display,4,307000.0,Sat,10790.0,0
2023-08-01,>30 years,Gas,112.0,5,95600.0,Other,Display,3,265000.0,Sun,,0
2024-02-08,<10 years,Electric,60.0,2,32700.0,NW,Paid Social,3,117000.0,Fri,,0
2024-08-10,10-30 years,Gas,144.0,6,72800.0,NW,Paid Social,7,319000.0,Wed,12499.0,0
2024-05-28,10-30 years,Electric,164.0,6,84100.0,NW,Organic,6,482000.0,Wed,18949.0,0
2024-03-14,<10 years,Oil,182.0,8,57900.0,NW,Organic,3,406000.0,Tue,18476.0,1
2024-12-12,<10 years,Electric,191.0,8,91900.0,BW,Comparison Site,5,415000.0,Fri,19583.0,0
2024-11-02,>30 years,District,144.0,6,52400.0,BY,Organic,2,377000.0,Thu,21226.0,0
2024-04-10,>30 years,Gas,226.0,8,61600.0,BW,Display,5,554000.0,Sat,18677.0,0
2023-01-26,10-30 years,Gas,145.0,4,30000.0,Other,Referral,3,324000.0,Mon,5000.0,0
2023-04-04,10-30 years,Gas,141.0,4,48900.0,BW,Organic,3,418000.0,Sat,24863.0,0
2023-11-02,10-30 years,Gas,138.0,3,38100.0,NW,Paid Social,1,484000.0,Wed,12767.0,0
2023-09-10,<10 years,Gas,156.0,3,86900.0,BY,Paid Social,7,311000.0,Tue,10906.0,0
2023-12-22,>30 years,Oil,170.0,5,83300.0,HE,Organic,3,400000.0,Tue,15957.0,1
2024-03-15,<10 years,Electric,206.0,8,96000.0,NW,Organic,3,515000.0,Fri,,0
2023-10-20,>30 years,Gas,128.0,6,30000.0,BW,Paid Social,4,319000.0,Sun,,0
2023-08-25,>30 years,Gas,118.0,5,64400.0,Other,Organic,1,383000.0,Sun,18134.0,0
2023-06-18,10-30 years,Gas,156.0,7,68400.0,HE,Organic,3,384000.0,Mon,,0
2023-05-04,>30 years,Gas,132.0,5,30000.0,BW,Paid Social,1,358000.0,Sun,16864.0,0
2023-09-05,<10 years,Oil,105.0,4,33500.0,BE,Organic,1,254000.0,Tue,10341.0,0
2023-08-07,10-30 years,Gas,198.0,7,141600.0,BY,Organic,2,660000.0,Fri,12281.0,0
2024-05-26,10-30 years,District,197.0,8,81000.0,Other,Referral,2,545000.0,Thu,26732.0,0
2023-01-14,10-30 years,Oil,91.0,4,51900.0,NW,Paid Social,4,307000.0,Sun,12973.0,0
2024-10-13,<10 years,Gas,145.0,5,92900.0,BY,Referral,5,305000.0,Thu,11057.0,0
2023-10-09,10-30 years,Gas,173.0,7,36900.0,BW,Organic,2,501000.0,Thu,,0
2023-09-12,10-30 years,Gas,227.0,8,66500.0,BW,Display,8,501000.0,Sat,12570.0,0
2024-03-21,10-30 years,Electric,148.0,5,80100.0,BW,Referral,1,345000.0,Sun,12998.0,1
2024-03-27,>30 years,District,185.0,7,34000.0,BW,Display,2,523000.0,Tue,14556.0,0
2024-10-23,10-30 years,Gas,135.0,5,41200.0,HE,Referral,2,339000.0,Mon,7673.0,0
2023-01-04,>30 years,Electric,168.0,6,59100.0,Other,Organic,5,535000.0,Sat,,0
2024-01-05,<10 years,Gas,186.0,8,95900.0,NW,Organic,2,438000.0,Fri,16567.0,0
2023-02-20,>30 years,Gas,164.0,6,115700.0,NW,Organic,5,439000.0,Fri,10050.0,0
2023-12-18,10-30 years,Oil,151.0,7,113400.0,BW,Display,5,386000.0,Mon,15613.0,0
2024-11-22,<10 years,District,189.0,6,81100.0,BW,Comparison Site,4,420000.0,Tue,,0
2024-07-02,10-30 years,Gas,205.0,8,61300.0,Other,Paid Social,4,472000.0,Wed,14827.0,0
2024-12-05,10-30 years,Gas,156.0,7,186300.0,NW,Comparison Site,7,400000.0,Sat,19647.0,0
2023-03-19,10-30 years,Oil,191.0,7,66000.0,BE,Referral,8,481000.0,Tue,10463.0,0
2023-02-03,>30 years,Electric,128.0,6,75700.0,Other,Referral,4,287000.0,Fri,9792.0,0
2023-07-24,>30 years,Oil,134.0,6,96300.0,BW,Paid Social,6,323000.0,Wed,27388.0,0
2024-12-25,10-30 years,Gas,213.0,7,41500.0,BY,Paid Social,1,408000.0,Sun,16325.0,0
2023-01-18,10-30 years,District,60.0,2,90100.0,HE,Organic,5,123000.0,Fri,18349.0,0
2023-03-23,<10 years,District,140.0,6,42500.0,BY,Paid Social,2,386000.0,Sun,17725.0,0
2024-07-20,>30 years,Electric,159.0,4,88300.0,BW,Referral,3,498000.0,Sun,9411.0,0
2024-09-20,10-30 years,Electric,103.0,2,92000.0,Other,Paid Social,3,246000.0,Wed,9610.0,0
2023-03-02,<10 years,Electric,193.0,7,77900.0,BY,Organic,2,506000.0,Sun,11618.0,0
2023-11-20,10-30 years,Gas,148.0,7,65700.0,BW,Referral,3,324000.0,Sun,21692.0,1
2024-01-25,<10 years,Gas,179.0,6,107900.0,NW,Organic,2,503000.0,Sat,,0
2023-04-26,10-30 years,Oil,210.0,7,33100.0,Other,Organic,1,492000.0,Sun,,0
2023-01-23,<10 years,District,199.0,7,49000.0,BY,Organic,4,492000.0,Wed,9101.0,0
2024-10-16,<10 years,Electric,136.0,6,42500.0,NW,Organic,3,403000.0,Fri,,0
2024-11-26,<10 years,Gas,105.0,3,55900.0,BY,Display,1,298000.0,Tue,8699.0,0
2023-02-09,>30 years,Gas,134.0,6,56600.0,Other,Comparison Site,2,302000.0,Sat,14582.0,0
2024-08-10,>30 years,Electric,156.0,7,55800.0,HE,Organic,2,493000.0,Thu,8175.0,0
2023-05-17,10-30 years,Oil,79.0,4,165100.0,HE,Paid Social,4,177000.0,Sun,20734.0,0
2024-11-13,10-30 years,Gas,214.0,8,48700.0,BE,Display,2,500000.0,Sat,10192.0,0
2024-01-04,10-30 years,Oil,155.0,5,56700.0,Other,Paid Social,4,393000.0,Wed,18008.0,1
2023-03-21,10-30 years,Gas,141.0,5,129900.0,BW,Paid Social,2,333000.0,Thu,10518.0,0
2023-08-04,10-30 years,District,73.0,2,84800.0,Other,Organic,3,243000.0,Tue,12192.0,0
2024-10-27,10-30 years,Electric,151.0,6,70200.0,NW,Display,2,467000.0,Wed,15018.0,0
2023-08-20,10-30 years,District,154.0,5,108200.0,HE,Paid Social,5,441000.0,Mon,10893.0,0
2023-10-23,10-30 years,Gas,116.0,4,40300.0,Other,Comparison Site,2,341000.0,Fri,25275.0,0
2023-05-16,10-30 years,Electric,162.0,5,97500.0,NW,Paid Social,7,401000.0,Wed,5708.0,0
2024-08-12,10-30 years,Oil,145.0,4,105400.0,Other,Referral,9,340000.0,Sun,,0
2024-01-01,>30 years,Gas,86.0,4,113700.0,HE,Comparison Site,5,172000.0,Wed,16374.0,0
2023-03-21,>30 years,Gas,177.0,5,75900.0,BY,Paid Social,3,394000.0,Sun,16244.0,0
2024-12-20,>30 years,District,249.0,8,50900.0,Other,Organic,6,617000.0,Sun,9587.0,0
2024-07-15,>30 years,Oil,222.0,8,96500.0,BW,Comparison Site,5,604000.0,Sun,18043.0,0
2024-04-26,<10 years,Gas,170.0,6,36500.0,HE,Display,5,412000.0,Sat,,0
2023-12-26,>30 years,District,161.0,8,81200.0,BW,Organic,1,405000.0,Tue,22142.0,1
2023-07-23,10-30 years,Gas,90.0,4,72800.0,BW,Organic,5,229000.0,Thu,,0
2024-01-02,10-30 years,Electric,160.0,6,68300.0,BW,Organic,1,417000.0,Thu,18535.0,0
2024-04-20,10-30 years,Electric,138.0,5,58600.0,Other,Paid Social,4,289000.0,Sun,14502.0,0
2023-09-07,<10 years,Oil,60.0,2,113900.0,HE,Display,3,200000.0,Fri,25221.0,0
2023-02-23,>30 years,Oil,135.0,3,75500.0,BY,Paid Social,3,376000.0,Fri,13311.0,0
2023-11-04,>30 years,Gas,127.0,6,86600.0,NW,Organic,3,247000.0,Thu,,1
2023-01-16,10-30 years,District,88.0,2,62600.0,Other,Organic,2,322000.0,Sun,8973.0,0
2024-01-01,<10 years,Gas,146.0,5,95800.0,HE,Referral,1,373000.0,Fri,12146.0,1
2023-10-08,>30 years,Oil,91.0,2,52400.0,BW,Display,2,231000.0,Sun,,0
2024-11-15,10-30 years,Gas,166.0,7,37900.0,Other,Comparison Site,1,450000.0,Thu,,0
2024-10-12,10-30 years,Gas,172.0,6,49100.0,HE,Organic,2,435000.0,Thu,15686.0,0
2023-01-08,10-30 years,Oil,68.0,2,47200.0,BY,Comparison Site,6,192000.0,Mon,,0
2024-02-19,>30 years,Electric,134.0,4,30000.0,BE,Paid Social,2,349000.0,Tue,18340.0,0
2024-04-12,<10 years,Gas,131.0,2,60300.0,HE,Organic,3,399000.0,Sat,21314.0,0
2024-08-24,>30 years,Gas,141.0,5,34900.0,BY,Organic,3,291000.0,Mon,14023.0,0
2024-04-25,>30 years,Oil,60.0,2,53600.0,BE,Organic,3,137000.0,Mon,15671.0,0
2023-01-26,10-30 years,Electric,165.0,7,61000.0,HE,Organic,5,462000.0,Mon,17419.0,0
2024-06-20,10-30 years,Gas,211.0,8,45900.0,Other,Organic,4,499000.0,Mon,10030.0,0
2023-09-05,<10 years,Oil,211.0,8,63900.0,BY,Display,1,512000.0,Tue,,0
2023-01-26,<10 years,Gas,186.0,6,55800.0,HE,Organic,4,439000.0,Sat,17662.0,0
2023-08-23,<10 years,Gas,69.0,2,40000.0,NW,Paid Social,5,200000.0,Thu,,0
2024-11-20,10-30 years,Gas,125.0,4,45000.0,BY,Display,2,335000.0,Thu,,0
2023-10-09,10-30 years,Electric,170.0,6,78400.0,HE,Referral,5,354000.0,Wed,11912.0,0
2024-02-21,10-30 years,Gas,168.0,6,72100.0,BE,Referral,5,374000.0,Thu,9819.0,0
2023-01-15,10-30 years,Gas,196.0,7,162100.0,HE,Organic,5,542000.0,Thu,7078.0,0
2023-05-19,10-30 years,Oil,140.0,5,45200.0,BW,Display,4,394000.0,Thu,16774.0,0
2024-11-22,10-30 years,Oil,101.0,3,55000.0,Other,Organic,4,158000.0,Tue,20865.0,0
2023-11-10,>30 years,Oil,171.0,6,45000.0,BE,Organic,6,422000.0,Sat,12860.0,0
2023-09-23,10-30 years,Gas,131.0,5,39300.0,HE,Display,3,337000.0,Tue,18205.0,0
2024-12-14,<10 years,Oil,206.0,8,44700.0,BW,Comparison Site,3,411000.0,Sun,20527.0,0
2024-07-17,10-30 years,Electric,177.0,6,42400.0,BW,Display,2,465000.0,Sun,16005.0,0
2023-04-28,>30 years,Gas,135.0,6,64300.0,BY,Referral,4,254000.0,Thu,,0
2023-12-26,10-30 years,Gas,157.0,6,46700.0,Other,Display,1,417000.0,Sat,14299.0,0
2024-12-20,>30 years,Oil,195.0,7,49100.0,BW,Display,3,463000.0,Fri,15599.0,0
2024-11-28,>30 years,Electric,171.0,6,46600.0,BE,Organic,1,436000.0,Wed,13110.0,0
2023-03-07,10-30 years,Electric,156.0,4,46300.0,HE,Paid Social,3,381000.0,Sat,12744.0,0
2024-10-03,10-30 years,Oil,160.0,6,54900.0,BW,Referral,2,400000.0,Sat,13185.0,0
2024-09-20,10-30 years,Gas,138.0,7,151700.0,BE,Display,6,273000.0,Mon,14266.0,0
2023-01-04,<10 years,Oil,166.0,7,70700.0,NW,Organic,1,348000.0,Fri,,0
2023-10-21,10-30 years,Gas,151.0,6,77300.0,HE,Display,2,352000.0,Thu,13604.0,0
2023-04-15,10-30 years,Gas,109.0,4,30000.0,BW,Organic,6,291000.0,Tue,12135.0,0
2023-11-04,>30 years,District,167.0,6,59600.0,Other,Comparison Site,3,471000.0,Fri,24180.0,0
2024-07-17,10-30 years,District,172.0,5,44900.0,HE,Comparison Site,1,387000.0,Thu,11360.0,0
2023-02-23,10-30 years,Oil,190.0,7,68500.0,HE,Referral,7,585000.0,Mon,15701.0,0
2023-05-08,<10 years,Gas,87.0,4,86700.0,NW,Organic,5,148000.0,Tue,22691.0,0
2023-12-02,10-30 years,Oil,161.0,6,61700.0,BE,Organic,3,407000.0,Tue,13417.0,0
2023-05-27,>30 years,Oil,134.0,5,56400.0,Other,Referral,3,359000.0,Sun,,0
2023-04-22,10-30 years,Oil,173.0,5,57700.0,NW,Paid Social,7,465000.0,Sat,12251.0,1
2023-01-21,>30 years,Oil,101.0,2,53400.0,HE,Referral,5,231000.0,Wed,11582.0,0
2023-12-10,10-30 years,Gas,202.0,8,30000.0,BY,Referral,5,613000.0,Fri,22986.0,0
2024-11-03,>30 years,Gas,107.0,4,54300.0,NW,Referral,6,364000.0,Wed,,0
2024-11-22,10-30 years,Electric,130.0,7,39800.0,NW,Organic,1,301000.0,Wed,10598.0,0
2024-05-23,>30 years,District,258.0,8,30000.0,BE,Display,1,656000.0,Sun,19091.0,0
2024-11-25,>30 years,Electric,154.0,5,65100.0,Other,Comparison Site,6,381000.0,Tue,13550.0,0
2023-11-26,>30 years,Oil,194.0,6,31400.0,BW,Paid Social,5,406000.0,Tue,11790.0,0
2023-08-10,10-30 years,Gas,160.0,6,62300.0,HE,Display,3,390000.0,Sat,9004.0,0
2024-03-01,10-30 years,Gas,201.0,7,44600.0,HE,Paid Social,4,477000.0,Thu,,0
2024-06-16,10-30 years,Gas,182.0,7,35300.0,Other,Organic,4,528000.0,Thu,16550.0,0
2023-03-16,>30 years,Oil,118.0,5,80000.0,Other,Referral,3,240000.0,Wed,19535.0,0
2023-02-06,10-30 years,Gas,79.0,2,75400.0,BE,Organic,10,116000.0,Tue,,0
2023-01-12,>30 years,Oil,99.0,4,73200.0,BY,Organic,6,215000.0,Sat,19605.0,0
2024-09-13,10-30 years,District,130.0,4,49300.0,Other,Organic,1,252000.0,Sun,,0
2024-05-08,10-30 years,Gas,173.0,7,39100.0,HE,Paid Social,1,388000.0,Mon,20936.0,0
2024-07-11,<10 years,Gas,190.0,7,47100.0,Other,Referral,2,512000.0,Mon,,0
2023-03-15,10-30 years,Gas,148.0,7,56000.0,Other,Organic,4,281000.0,Tue,14141.0,0
2023-04-04,<10 years,Gas,157.0,6,34400.0,HE,Comparison Site,3,514000.0,Sun,16341.0,0
2023-01-27,<10 years,Oil,60.0,2,70100.0,Other,Paid Social,3,180000.0,Wed,17936.0,0
2023-04-14,<10 years,Oil,139.0,6,108600.0,BW,Display,8,421000.0,Wed,,0
2023-01-02,>30 years,Oil,146.0,5,51700.0,Other,Organic,3,442000.0,Thu,8712.0,0
2023-12-18,10-30 years,Electric,168.0,7,59200.0,Other,Referral,2,442000.0,Wed,17250.0,1
2023-12-10,>30 years,Gas,137.0,5,126500.0,Other,Organic,2,410000.0,Wed,15812.0,0
2024-04-15,10-30 years,Oil,130.0,4,78600.0,Other,Organic,3,325000.0,Fri,21578.0,0
2024-11-21,>30 years,Oil,226.0,8,66800.0,BY,Referral,2,662000.0,Fri,23534.0,0
2024-09-09,10-30 years,Gas,95.0,3,47400.0,Other,Organic,5,229000.0,Sat,19154.0,0
2024-11-26,<10 years,Gas,205.0,8,90100.0,NW,Display,2,498000.0,Sat,16025.0,0
2023-08-20,10-30 years,Oil,175.0,8,61500.0,NW,Display,7,444000.0,Sat,12723.0,0
2023-10-14,10-30 years,Gas,145.0,5,66500.0,BW,Display,5,344000.0,Fri,10816.0,0
2023-12-27,10-30 years,Electric,238.0,8,30000.0,NW,Organic,4,620000.0,Thu,9195.0,0
2024-12-16,>30 years,Gas,147.0,7,90900.0,BY,Display,2,267000.0,Sun,18073.0,0
2023-05-22,>30 years,Gas,116.0,3,63500.0,NW,Display,3,323000.0,Wed,21262.0,0
2024-01-03,10-30 years,Gas,159.0,6,46300.0,BY,Paid Social,2,399000.0,Tue,16527.0,0
2024-04-02,>30 years,Oil,185.0,7,85100.0,NW,Paid Social,4,511000.0,Fri,,0
2024-03-09,10-30 years,Gas,172.0,7,69900.0,BW,Organic,4,288000.0,Fri,7682.0,0
2023-03-27,<10 years,Gas,128.0,4,87500.0,Other,Organic,3,336000.0,Wed,5242.0,0
2023-01-12,10-30 years,Gas,177.0,7,44800.0,BE,Organic,2,488000.0,Sat,8936.0,0
2024-01-12,>30 years,Gas,81.0,3,48300.0,Other,Referral,5,124000.0,Sat,17798.0,0
2023-03-16,10-30 years,Gas,204.0,7,50200.0,BW,Paid Social,2,451000.0,Sat,10898.0,0
2024-11-26,>30 years,Gas,182.0,7,42600.0,Other,Organic,6,341000.0,Sun,14871.0,0
2023-03-07,<10 years,Oil,63.0,2,53500.0,BW,Organic,5,105000.0,Tue,7014.0,0
2023-06-20,>30 years,Oil,121.0,3,81000.0,Other,Organic,2,457000.0,Sun,13897.0,0
2024-12-21,>30 years,Gas,200.0,8,44000.0,Other,Organic,3,453000.0,Wed,15657.0,0
2024-06-07,>30 years,Gas,141.0,5,68000.0,BW,Organic,2,362000.0,Tue,16004.0,0
2023-08-23,10-30 years,District,149.0,5,30000.0,Other,Referral,9,323000.0,Mon,18322.0,0
2024-04-13,10-30 years,Electric,206.0,8,70800.0,NW,Paid Social,4,537000.0,Mon,,0
2023-09-24,10-30 years,Electric,126.0,5,70900.0,NW,Organic,2,372000.0,Wed,17873.0,0
2024-03-02,10-30 years,Gas,64.0,2,49400.0,Other,Paid Social,2,80000.0,Wed,,0
2024-01-28,>30 years,Gas,205.0,5,47600.0,Other,Paid Social,4,554000.0,Sat,5608.0,0
2023-08-11,<10 years,Oil,133.0,4,87000.0,Other,Display,1,263000.0,Tue,16823.0,0
2023-03-25,10-30 years,Gas,149.0,5,38200.0,HE,Organic,5,361000.0,Fri,,0
2023-02-21,<10 years,Gas,142.0,4,115100.0,BY,Display,5,421000.0,Mon,,0
2024-11-12,10-30 years,Gas,131.0,5,57800.0,BY,Paid Social,4,357000.0,Fri,15773.0,0
2023-10-28,>30 years,Gas,115.0,4,47800.0,BY,Paid Social,1,203000.0,Wed,,0
2024-01-20,<10 years,Gas,143.0,5,30100.0,BW,Referral,7,308000.0,Wed,13776.0,0
2023-12-21,>30 years,Oil,112.0,5,77600.0,NW,Paid Social,3,314000.0,Sun,,0
2024-11-27,<10 years,Oil,205.0,7,61800.0,Other,Paid Social,2,552000.0,Fri,12827.0,0
2024-03-11,10-30 years,Gas,199.0,8,76900.0,Other,Paid Social,2,425000.0,Wed,,0
2023-07-21,10-30 years,Gas,172.0,8,104200.0,BE,Display,3,469000.0,Wed,9098.0,0
2023-06-21,10-30 years,Oil,171.0,6,44200.0,BY,Display,1,445000.0,Tue,20819.0,0
2024-10-18,<10 years,Gas,82.0,3,50500.0,BE,Organic,2,181000.0,Wed,17080.0,0
2023-09-24,>30 years,Oil,195.0,8,40300.0,BY,Display,9,508000.0,Thu,10458.0,0
2024-03-27,10-30 years,Electric,132.0,7,44500.0,BE,Paid Social,4,320000.0,Sat,17779.0,0
2024-06-01,<10 years,Gas,204.0,8,91100.0,BY,Comparison Site,4,522000.0,Fri,,0
2024-12-01,>30 years,Gas,218.0,8,82600.0,BY,Paid Social,3,534000.0,Wed,,0
2023-02-22,10-30 years,Oil,140.0,5,62700.0,HE,Comparison Site,4,292000.0,Sat,5000.0,0
2023-01-16,>30 years,Gas,60.0,2,74800.0,BE,Referral,3,86000.0,Thu,18506.0,0
2024-01-04,10-30 years,Gas,159.0,6,122500.0,BY,Comparison Site,3,464000.0,Mon,16436.0,0
2023-11-04,<10 years,Gas,104.0,5,51300.0,HE,Organic,2,234000.0,Sat,16681.0,0
2023-02-07,<10 years,Electric,126.0,3,83700.0,Other,Paid Social,3,174000.0,Thu,15602.0,0
2024-07-18,10-30 years,District,142.0,4,77000.0,BE,Display,4,336000.0,Fri,15644.0,0
2024-11-06,<10 years,Oil,188.0,4,44000.0,BE,Organic,6,465000.0,Fri,25326.0,0
2023-07-13,<10 years,Gas,168.0,6,57200.0,BE,Display,5,362000.0,Thu,,0
2023-01-13,>30 years,Gas,212.0,6,46100.0,NW,Organic,4,502000.0,Wed,9944.0,0
2023-03-07,10-30 years,Gas,118.0,5,109600.0,BY,Organic,3,282000.0,Sun,15493.0,0
2024-09-17,10-30 years,Gas,195.0,7,38000.0,BE,Organic,1,463000.0,Thu,9345.0,0
2024-01-15,10-30 years,Gas,181.0,7,30000.0,Other,Paid Social,2,442000.0,Wed,20916.0,0
2024-01-05,10-30 years,Oil,177.0,4,32000.0,Other,Organic,1,440000.0,Tue,,0
2024-01-14,10-30 years,Gas,194.0,8,47900.0,Other,Paid Social,4,526000.0,Sun,,0
2023-02-08,10-30 years,District,183.0,7,66900.0,NW,Paid Social,3,405000.0,Sat,,0
2024-03-05,>30 years,Gas,85.0,2,33100.0,NW,Referral,1,197000.0,Sun,17684.0,0
2024-08-26,10-30 years,Oil,127.0,3,66100.0,Other,Organic,1,288000.0,Sat,,0
2023-10-13,10-30 years,Electric,189.0,8,69200.0,HE,Referral,4,481000.0,Wed,18365.0,0
2024-12-28,<10 years,Gas,169.0,6,51400.0,HE,Display,3,393000.0,Mon,17098.0,0
2024-10-24,<10 years,Gas,192.0,7,55900.0,Other,Display,1,449000.0,Mon,15550.0,0
2024-11-28,<10 years,Gas,158.0,5,73300.0,Other,Comparison Site,1,431000.0,Fri,16709.0,0
2023-05-12,10-30 years,District,129.0,5,66900.0,Other,Organic,6,380000.0,Mon,,0
2024-11-17,10-30 years,Gas,117.0,5,63000.0,Other,Paid Social,4,249000.0,Mon,19554.0,0
2023-12-07,<10 years,Gas,84.0,2,30000.0,BY,Display,2,152000.0,Mon,14969.0,0
2024-06-12,>30 years,Electric,171.0,4,47000.0,HE,Paid Social,6,373000.0,Thu,15983.0,0
2024-02-10,10-30 years,Oil,92.0,6,37800.0,NW,Paid Social,5,206000.0,Thu,13905.0,0
2023-02-04,>30 years,Gas,150.0,4,76400.0,BW,Organic,1,383000.0,Thu,,0
2023-02-08,10-30 years,Gas,145.0,5,49600.0,Other,Display,2,350000.0,Fri,8706.0,0
2024-10-04,>30 years,Gas,195.0,7,107000.0,BY,Referral,3,497000.0,Wed,6613.0,0
2023-01-19,>30 years,Gas,242.0,8,96800.0,Other,Display,2,608000.0,Fri,22255.0,0
2023-01-04,>30 years,Gas,134.0,6,102500.0,HE,Organic,2,295000.0,Sat,,0
2023-01-27,10-30 years,Gas,171.0,5,51600.0,Other,Display,2,415000.0,Tue,18850.0,0
2024-12-12,10-30 years,Oil,150.0,6,46300.0,NW,Display,2,450000.0,Tue,,0
2024-08-23,10-30 years,Gas,114.0,5,51900.0,BY,Display,5,283000.0,Thu,16813.0,0
2023-02-25,10-30 years,Gas,197.0,7,87400.0,Other,Display,5,445000.0,Wed,17936.0,0
2024-11-16,10-30 years,District,166.0,7,95800.0,Other,Display,2,421000.0,Thu,12095.0,0
2024-01-20,10-30 years,Gas,174.0,7,53900.0,Other,Display,3,464000.0,Wed,,0
2023-08-16,10-30 years,Gas,186.0,7,94200.0,BY,Paid Social,1,407000.0,Mon,10752.0,0
2023-02-13,10-30 years,Electric,186.0,8,54500.0,HE,Paid Social,4,465000.0,Thu,,0
2023-02-08,<10 years,Electric,143.0,6,64800.0,NW,Organic,5,370000.0,Fri,8919.0,0
2023-03-22,10-30 years,Gas,192.0,7,50100.0,HE,Paid Social,4,463000.0,Sun,,0
2024-02-18,10-30 years,Oil,144.0,6,133400.0,HE,Display,3,364000.0,Sun,13770.0,0
2024-11-14,10-30 years,Oil,102.0,2,126600.0,BY,Paid Social,2,299000.0,Sun,,0
2023-08-26,>30 years,Oil,170.0,7,82100.0,HE,Display,3,525000.0,Sat,8805.0,0
2024-08-01,10-30 years,Electric,204.0,6,54400.0,BW,Referral,2,523000.0,Mon,,0
2024-01-25,>30 years,Oil,123.0,4,30200.0,BW,Organic,4,370000.0,Sun,14814.0,0
2024-01-17,<10 years,District,87.0,3,61500.0,BY,Display,3,187000.0,Thu,10490.0,0
2024-05-25,>30 years,Electric,155.0,6,75500.0,HE,Paid Social,3,369000.0,Tue,13957.0,1
2024-04-19,10-30 years,Gas,108.0,3,34000.0,Other,Referral,2,307000.0,Fri,10381.0,0
2024-01-06,>30 years,District,127.0,5,120600.0,Other,Organic,5,263000.0,Thu,14669.0,0
2023-12-08,10-30 years,Gas,154.0,5,105400.0,BY,Referral,2,373000.0,Mon,,0
2024-04-15,>30 years,Oil,60.0,2,41700.0,NW,Referral,3,116000.0,Fri,14833.0,0
2023-12-20,<10 years,Electric,132.0,4,63500.0,BY,Paid Social,6,378000.0,Wed,17103.0,0
2024-11-24,10-30 years,Gas,135.0,5,65500.0,BW,Referral,3,304000.0,Mon,,0
2024-08-11,10-30 years,Gas,224.0,8,58900.0,NW,Organic,4,560000.0,Wed,10405.0,0
2023-03-25,10-30 years,District,144.0,5,66400.0,HE,Referral,1,333000.0,Wed,13944.0,0
2024-11-02,10-30 years,Gas,235.0,8,46600.0,Other,Organic,2,588000.0,Fri,13690.0,0
2024-06-01,>30 years,Gas,199.0,6,57100.0,BE,Comparison Site,5,421000.0,Thu,11408.0,0
2024-12-27,10-30 years,Oil,168.0,7,63800.0,Other,Display,6,377000.0,Tue,14928.0,0
2023-11-02,10-30 years,Gas,164.0,7,46700.0,BY,Referral,1,368000.0,Mon,11526.0,0
2024-09-20,<10 years,Electric,163.0,8,80100.0,BE,Display,3,354000.0,Thu,,0
2024-05-05,10-30 years,Gas,155.0,5,60400.0,HE,Display,4,429000.0,Fri,7757.0,0
2023-09-25,<10 years,District,91.0,4,49100.0,BY,Paid Social,4,238000.0,Sun,8550.0,0
2023-12-01,>30 years,District,164.0,7,41700.0,BY,Organic,4,367000.0,Sat,19729.0,0
2024-05-17,10-30 years,Oil,154.0,6,77000.0,BY,Organic,6,407000.0,Fri,12113.0,1
2023-11-26,10-30 years,Oil,158.0,7,62200.0,Other,Comparison Site,5,488000.0,Wed,,0
2024-02-13,10-30 years,Oil,220.0,8,44300.0,BW,Paid Social,5,527000.0,Wed,16150.0,0
2023-01-27,10-30 years,Gas,142.0,6,52800.0,Other,Organic,2,421000.0,Sun,12927.0,0
2024-01-01,10-30 years,Gas,107.0,3,52000.0,Other,Referral,1,298000.0,Sun,16956.0,0
2024-03-22,10-30 years,Electric,128.0,4,84000.0,HE,Display,1,303000.0,Sat,22736.0,0
2024-05-21,<10 years,Oil,183.0,7,110600.0,Other,Paid Social,2,382000.0,Wed,30839.0,0
2023-01-25,>30 years,Electric,161.0,6,56500.0,BW,Paid Social,3,414000.0,Tue,11764.0,1
2024-11-21,10-30 years,Oil,152.0,8,69400.0,HE,Paid Social,5,311000.0,Wed,16158.0,0
2024-06-04,>30 years,Gas,95.0,3,77000.0,BY,Organic,2,277000.0,Sun,11579.0,0
2024-08-07,10-30 years,Gas,198.0,8,37800.0,BW,Comparison Site,3,510000.0,Mon,19588.0,0
2024-10-11,10-30 years,Gas,126.0,4,61100.0,HE,Paid Social,2,365000.0,Mon,,0
2024-07-12,<10 years,Electric,164.0,6,71700.0,BE,Referral,2,413000.0,Sat,11431.0,0
2023-10-19,10-30 years,Oil,146.0,7,73700.0,HE,Referral,2,281000.0,Wed,9652.0,0
2023-11-22,10-30 years,Electric,86.0,2,53900.0,NW,Organic,5,310000.0,Wed,13584.0,0
2024-05-14,10-30 years,Electric,165.0,8,35600.0,Other,Organic,4,397000.0,Mon,8055.0,0
2024-11-11,>30 years,Gas,102.0,4,73100.0,NW,Paid Social,10,287000.0,Tue,15695.0,0
2024-12-26,<10 years,Gas,163.0,7,65900.0,HE,Organic,3,443000.0,Sat,,0
2023-12-27,>30 years,Gas,129.0,5,83500.0,Other,Paid Social,2,305000.0,Tue,13054.0,0
2023-12-12,10-30 years,Gas,142.0,6,30000.0,Other,Comparison Site,2,369000.0,Mon,21354.0,0
2023-11-06,10-30 years,Gas,178.0,8,60700.0,HE,Display,3,466000.0,Fri,18440.0,0
2024-04-04,10-30 years,Gas,100.0,3,52500.0,BE,Paid Social,3,365000.0,Sat,10774.0,0
2023-03-10,10-30 years,Electric,274.0,8,49300.0,Other,Display,2,765000.0,Mon,17394.0,0
2023-01-24,10-30 years,Oil,116.0,5,36700.0,BY,Organic,3,349000.0,Thu,19845.0,0
2024-06-24,10-30 years,Gas,178.0,7,40500.0,BW,Referral,4,433000.0,Wed,10839.0,0
2024-10-17,10-30 years,Oil,186.0,7,63300.0,BY,Display,4,425000.0,Wed,,0
2023-01-07,<10 years,Gas,211.0,6,44500.0,BE,Comparison Site,5,578000.0,Wed,10182.0,0
2023-05-16,10-30 years,Oil,123.0,4,40600.0,Other,Paid Social,5,316000.0,Tue,24557.0,0
2023-11-10,10-30 years,Gas,120.0,5,58400.0,BW,Organic,2,345000.0,Thu,16648.0,0
2024-01-14,>30 years,District,194.0,7,43200.0,BW,Organic,4,579000.0,Mon,16799.0,0
2023-01-27,<10 years,Gas,172.0,6,58200.0,Other,Referral,6,375000.0,Fri,14460.0,0
2024-03-20,>30 years,Electric,173.0,5,57400.0,NW,Paid Social,1,469000.0,Sat,18530.0,0
2023-11-08,<10 years,Oil,206.0,8,64600.0,HE,Organic,4,515000.0,Wed,7978.0,0
2024-03-12,10-30 years,Oil,154.0,4,41100.0,HE,Referral,4,383000.0,Sat,21598.0,1
2024-10-18,<10 years,District,157.0,6,84000.0,Other,Display,5,390000.0,Tue,18145.0,0
2024-02-16,10-30 years,Gas,203.0,6,80900.0,BY,Comparison Site,8,447000.0,Tue,18714.0,0
2023-10-02,>30 years,Gas,157.0,7,58800.0,HE,Referral,2,398000.0,Sat,14860.0,1
2024-11-05,10-30 years,Gas,109.0,4,68200.0,BW,Organic,3,261000.0,Tue,8297.0,0
2024-12-02,<10 years,Electric,114.0,5,71200.0,HE,Organic,3,229000.0,Thu,,0
2023-12-05,<10 years,Gas,139.0,7,74800.0,NW,Paid Social,4,383000.0,Mon,8752.0,0
2023-03-04,10-30 years,Gas,164.0,6,73100.0,BY,Referral,1,329000.0,Tue,23448.0,0
2024-08-24,>30 years,Gas,188.0,8,71900.0,NW,Display,4,545000.0,Sun,20495.0,0
2024-12-16,>30 years,Oil,246.0,8,67000.0,BE,Organic,5,582000.0,Sat,21232.0,0
2023-03-10,10-30 years,Gas,140.0,5,69600.0,Other,Organic,2,349000.0,Thu,12123.0,0
2023-01-02,10-30 years,Gas,94.0,4,30000.0,Other,Paid Social,4,351000.0,Sat,10599.0,0
2023-05-04,>30 years,Gas,86.0,2,38000.0,HE,Display,1,155000.0,Sun,,0
2024-02-12,10-30 years,Gas,141.0,5,74600.0,Other,Organic,2,393000.0,Tue,23358.0,0
2024-06-05,>30 years,Oil,150.0,3,39100.0,BE,Organic,3,303000.0,Mon,22980.0,0
2024-06-09,10-30 years,Gas,175.0,8,60100.0,Other,Organic,2,436000.0,Thu,15437.0,0
2023-02-08,10-30 years,Electric,248.0,8,43200.0,NW,Organic,3,633000.0,Sun,15658.0,0
2024-07-08,>30 years,Oil,175.0,7,65600.0,BE,Paid Social,2,354000.0,Fri,21267.0,0
2023-05-28,10-30 years,Gas,153.0,5,30000.0,BW,Referral,1,385000.0,Mon,17288.0,0
2023-03-05,10-30 years,Oil,190.0,8,66900.0,Other,Organic,4,396000.0,Sun,,0
2023-11-04,<10 years,District,87.0,5,56400.0,HE,Display,1,163000.0,Sun,20948.0,0
2024-01-15,10-30 years,Gas,160.0,5,40600.0,Other,Organic,3,330000.0,Tue,15079.0,1
2024-10-22,10-30 years,Gas,85.0,3,85700.0,NW,Paid Social,1,195000.0,Sun,17016.0,0
2024-01-06,10-30 years,Oil,206.0,7,117400.0,BW,Organic,3,534000.0,Sat,17670.0,1
2024-12-18,10-30 years,Gas,96.0,3,30000.0,NW,Referral,1,242000.0,Mon,16277.0,0
2024-01-28,10-30 years,Oil,190.0,8,45900.0,BE,Display,4,478000.0,Sat,15763.0,0
2023-12-03,10-30 years,Oil,182.0,6,32600.0,BW,Organic,2,472000.0,Thu,8194.0,0
2023-10-26,>30 years,Gas,209.0,8,30000.0,BW,Paid Social,4,533000.0,Sun,18549.0,0
2023-01-09,>30 years,Gas,113.0,5,62200.0,BW,Referral,5,294000.0,Thu,5000.0,0
2023-12-20,10-30 years,District,148.0,7,38900.0,BW,Referral,6,406000.0,Wed,15436.0,0
2023-11-13,10-30 years,Gas,189.0,8,38900.0,HE,Display,2,456000.0,Tue,16921.0,0
2024-12-15,10-30 years,Gas,164.0,7,44100.0,Other,Display,3,408000.0,Tue,25136.0,0
2023-11-09,>30 years,Electric,170.0,4,58100.0,NW,Organic,4,430000.0,Sun,10448.0,0
2023-09-23,10-30 years,Gas,180.0,7,93200.0,Other,Paid Social,5,456000.0,Wed,15992.0,0
2024-12-02,>30 years,District,137.0,5,68100.0,NW,Referral,4,289000.0,Thu,18830.0,0
2024-04-18,10-30 years,Oil,111.0,5,67400.0,Other,Display,5,288000.0,Thu,17307.0,0
2023-11-12,<10 years,Oil,118.0,5,42700.0,BY,Organic,2,174000.0,Tue,,0
2024-07-14,<10 years,Gas,146.0,7,85100.0,HE,Display,3,390000.0,Sun,14832.0,0
2024-01-11,10-30 years,Electric,120.0,6,91700.0,HE,Paid Social,6,243000.0,Thu,9330.0,0
2024-03-01,10-30 years,District,139.0,5,84900.0,BW,Display,1,357000.0,Mon,27623.0,0
2023-01-12,10-30 years,Gas,149.0,5,44100.0,BY,Referral,3,461000.0,Thu,16190.0,0
2024-02-06,10-30 years,Oil,211.0,7,82200.0,NW,Organic,4,523000.0,Thu,,0
2023-03-12,<10 years,Gas,106.0,4,97200.0,Other,Referral,2,338000.0,Tue,11579.0,0
2024-10-23,10-30 years,Gas,120.0,6,83200.0,Other,Organic,5,290000.0,Sat,16651.0,0
2023-02-21,10-30 years,Gas,148.0,6,55700.0,BE,Organic,3,343000.0,Thu,15625.0,0
2024-11-11,>30 years,Electric,109.0,4,42800.0,BY,Display,3,260000.0,Mon,16219.0,0
2024-10-11,10-30 years,District,60.0,2,64500.0,BW,Display,4,186000.0,Fri,28151.0,0
2023-12-03,>30 years,Electric,125.0,3,48800.0,HE,Paid Social,5,317000.0,Fri,19217.0,0
2024-03-15,10-30 years,Oil,140.0,7,30000.0,NW,Organic,3,298000.0,Fri,20833.0,0
2024-04-07,10-30 years,Electric,157.0,7,46200.0,HE,Comparison Site,2,503000.0,Tue,13281.0,0
2024-10-09,<10 years,Electric,111.0,4,66400.0,NW,Paid Social,4,349000.0,Fri,,0
2024-07-11,>30 years,Oil,217.0,7,71200.0,NW,Comparison Site,2,518000.0,Sun,,0
2023-06-26,10-30 years,District,181.0,8,110700.0,Other,Referral,3,524000.0,Fri,17063.0,0
2024-08-26,10-30 years,Gas,106.0,4,103300.0,BE,Organic,3,297000.0,Mon,24084.0,0
2023-11-02,>30 years,Gas,126.0,5,72300.0,BE,Display,5,307000.0,Mon,23914.0,0
2023-09-19,10-30 years,Gas,123.0,2,43200.0,BW,Organic,3,334000.0,Sat,18337.0,0
2023-05-12,10-30 years,Gas,107.0,4,62500.0,NW,Organic,5,234000.0,Fri,16560.0,0
2023-12-06,10-30 years,Gas,196.0,8,50400.0,Other,Organic,1,493000.0,Sat,,0
2023-04-18,>30 years,District,107.0,5,30000.0,HE,Organic,3,270000.0,Wed,6542.0,0
2023-05-19,10-30 years,Oil,154.0,5,174000.0,NW,Paid Social,4,389000.0,Thu,,0
2023-12-03,>30 years,Oil,129.0,2,38400.0,Other,Paid Social,2,319000.0,Thu,21525.0,0
2024-11-24,10-30 years,Gas,142.0,5,30000.0,BW,Organic,4,344000.0,Thu,27367.0,0
2023-08-09,>30 years,Oil,191.0,8,30000.0,BY,Organic,3,392000.0,Tue,17669.0,0
2023-11-10,10-30 years,Gas,163.0,6,54900.0,HE,Paid Social,8,324000.0,Tue,18129.0,0
2024-09-23,10-30 years,Oil,165.0,5,89200.0,NW,Paid Social,2,426000.0,Thu,11283.0,0
2023-02-02,10-30 years,Oil,163.0,8,45000.0,NW,Paid Social,5,394000.0,Sat,14828.0,0
2023-03-19,>30 years,Oil,169.0,7,73900.0,HE,Comparison Site,5,448000.0,Sat,,0
2023-08-10,10-30 years,Gas,108.0,6,69000.0,BW,Paid Social,1,331000.0,Fri,14365.0,0
2024-08-09,10-30 years,Electric,123.0,4,52700.0,BY,Display,3,372000.0,Wed,23097.0,1
2024-03-21,<10 years,Gas,165.0,4,39500.0,HE,Paid Social,2,391000.0,Sat,14135.0,0
2023-11-18,10-30 years,Gas,121.0,4,83900.0,BY,Display,3,342000.0,Mon,12314.0,0
2023-02-25,>30 years,District,136.0,5,63700.0,Other,Comparison Site,4,423000.0,Tue,19919.0,0
2024-11-04,<10 years,District,161.0,5,59800.0,Other,Paid Social,3,405000.0,Thu,,0
2024-09-21,10-30 years,Gas,194.0,8,98500.0,HE,Paid Social,4,537000.0,Mon,11488.0,0
2024-03-01,10-30 years,Oil,184.0,7,67400.0,NW,Organic,5,381000.0,Fri,,0
2023-11-19,>30 years,Gas,214.0,7,43900.0,Other,Referral,5,526000.0,Tue,15059.0,0
2024-11-04,>30 years,Gas,156.0,4,90100.0,Other,Organic,5,435000.0,Fri,18159.0,0
2024-03-21,>30 years,Oil,155.0,5,102400.0,BW,Display,2,396000.0,Wed,18679.0,0
2024-02-20,10-30 years,Gas,124.0,4,70000.0,BY,Referral,3,309000.0,Wed,11133.0,0
2024-10-07,>30 years,Oil,172.0,5,55100.0,BW,Organic,4,507000.0,Sun,20041.0,1
2024-11-25,10-30 years,Gas,200.0,8,118600.0,Other,Paid Social,4,477000.0,Fri,6410.0,0
2024-01-24,10-30 years,District,128.0,5,111600.0,NW,Paid Social,5,319000.0,Sat,10335.0,0
2024-11-14,>30 years,Oil,168.0,6,70700.0,BW,Organic,1,448000.0,Tue,19722.0,0
2023-10-22,10-30 years,Oil,195.0,7,34900.0,NW,Referral,5,508000.0,Tue,,0
2023-06-01,>30 years,Oil,117.0,3,45300.0,Other,Paid Social,3,326000.0,Mon,14423.0,0
2023-04-18,10-30 years,District,172.0,7,151400.0,BW,Referral,3,425000.0,Fri,,0
2023-02-11,10-30 years,District,174.0,7,46200.0,NW,Referral,2,362000.0,Wed,17530.0,0
2024-08-24,10-30 years,Oil,61.0,2,95700.0,BY,Comparison Site,5,173000.0,Sat,18375.0,0
2024-11-22,10-30 years,Oil,129.0,4,39000.0,Other,Comparison Site,2,391000.0,Mon,16623.0,0
2024-04-02,<10 years,Oil,105.0,4,45200.0,BW,Display,8,231000.0,Mon,21722.0,0
2023-12-06,<10 years,Gas,130.0,5,48400.0,Other,Display,3,345000.0,Sat,,0
2024-03-28,>30 years,Gas,133.0,4,74600.0,Other,Organic,5,257000.0,Thu,18514.0,0
2023-11-02,>30 years,Gas,149.0,6,66600.0,NW,Paid Social,5,388000.0,Thu,10611.0,0
2024-01-10,<10 years,Oil,186.0,8,175500.0,Other,Display,3,398000.0,Tue,16649.0,0
2023-06-26,10-30 years,Gas,199.0,7,30100.0,NW,Organic,5,475000.0,Tue,26690.0,0
2023-02-03,10-30 years,Oil,157.0,6,30000.0,BY,Organic,2,324000.0,Mon,5911.0,0
2024-02-17,10-30 years,Gas,202.0,7,47000.0,NW,Display,4,448000.0,Wed,17091.0,0
2023-02-06,10-30 years,Oil,183.0,5,67700.0,Other,Organic,1,439000.0,Sun,6064.0,0
2023-05-07,10-30 years,Electric,147.0,5,70100.0,HE,Paid Social,1,335000.0,Fri,18647.0,0
2023-01-22,10-30 years,Gas,209.0,7,57800.0,BY,Organic,6,516000.0,Tue,12932.0,0
2023-02-28,>30 years,Electric,153.0,5,40000.0,BW,Organic,7,431000.0,Fri,8667.0,0
2024-07-15,10-30 years,Oil,160.0,8,56600.0,HE,Display,5,450000.0,Tue,18697.0,0
2024-11-10,10-30 years,Gas,111.0,2,40800.0,Other,Display,4,308000.0,Mon,19565.0,0
2023-05-07,10-30 years,Oil,164.0,5,59000.0,Other,Organic,4,425000.0,Thu,9879.0,0
2023-03-14,10-30 years,Gas,167.0,7,85800.0,Other,Organic,4,416000.0,Sun,,0
2024-09-16,10-30 years,Gas,185.0,7,30000.0,HE,Paid Social,1,432000.0,Tue,7930.0,0
2023-01-20,10-30 years,Gas,141.0,7,93200.0,NW,Display,3,359000.0,Mon,,0
2024-03-18,10-30 years,District,121.0,4,30000.0,Other,Organic,9,344000.0,Sun,20909.0,0
2024-01-24,10-30 years,District,166.0,6,38000.0,Other,Paid Social,1,390000.0,Tue,11189.0,0
2023-11-27,10-30 years,District,180.0,7,166500.0,Other,Display,4,339000.0,Sat,17199.0,0
2023-05-26,10-30 years,Electric,137.0,6,47300.0,NW,Organic,3,382000.0,Thu,12994.0,0
2024-07-01,>30 years,Gas,116.0,3,88700.0,Other,Paid Social,6,245000.0,Tue,,0
2024-08-21,10-30 years,Gas,134.0,4,105000.0,NW,Paid Social,2,297000.0,Thu,,0
2024-07-21,10-30 years,Electric,214.0,8,89500.0,BE,Paid Social,6,574000.0,Sat,13886.0,0
2023-06-03,>30 years,Electric,111.0,5,30500.0,BY,Comparison Site,3,243000.0,Sat,,0
2023-12-23,10-30 years,Gas,110.0,4,52900.0,Other,Paid Social,1,312000.0,Thu,17596.0,0
2023-11-09,<10 years,Electric,225.0,7,40400.0,Other,Paid Social,3,536000.0,Fri,21201.0,0
2024-12-25,10-30 years,Gas,144.0,4,69000.0,HE,Organic,3,352000.0,Thu,11679.0,0
2023-03-22,<10 years,Oil,101.0,4,45800.0,HE,Paid Social,1,232000.0,Sun,18100.0,0
2024-12-04,10-30 years,Oil,93.0,5,96100.0,Other,Paid Social,5,196000.0,Fri,18281.0,0
2023-12-05,10-30 years,Oil,173.0,7,76600.0,BW,Organic,2,489000.0,Sun,19986.0,0
2024-06-13,>30 years,Oil,163.0,7,47700.0,NW,Organic,3,409000.0,Thu,5000.0,0
2023-12-08,10-30 years,District,173.0,8,58300.0,HE,Organic,3,462000.0,Wed,15608.0,0
2024-02-05,10-30 years,Gas,116.0,4,70100.0,Other,Display,5,327000.0,Tue,16517.0,0
2023-12-17,10-30 years,Electric,102.0,3,57400.0,Other,Referral,4,312000.0,Fri,19248.0,0
2024-11-09,10-30 years,Oil,172.0,7,41700.0,HE,Referral,4,388000.0,Mon,,0
2024-12-19,<10 years,Oil,108.0,4,52200.0,BY,Display,4,221000.0,Mon,17872.0,0
2024-10-07,>30 years,Gas,143.0,6,48200.0,NW,Referral,4,444000.0,Fri,15122.0,0
2023-09-19,<10 years,District,115.0,2,30000.0,BW,Organic,1,320000.0,Fri,16281.0,0
2023-11-10,<10 years,Gas,216.0,8,83300.0,BY,Comparison Site,3,600000.0,Wed,17507.0,0
2023-02-26,<10 years,Gas,187.0,7,45700.0,BY,Referral,5,373000.0,Wed,,0
2024-10-25,10-30 years,Oil,255.0,8,47000.0,NW,Display,6,584000.0,Mon,,0
2024-01-25,>30 years,Gas,176.0,8,80100.0,NW,Display,1,499000.0,Wed,,0
2023-02-24,10-30 years,Gas,163.0,5,66000.0,BE,Organic,1,418000.0,Wed,,0
2024-05-16,10-30 years,Gas,177.0,8,52100.0,BW,Referral,6,375000.0,Sun,5000.0,1
2023-06-08,>30 years,Oil,87.0,2,63300.0,Other,Paid Social,3,241000.0,Fri,15371.0,0
2024-11-09,10-30 years,Gas,79.0,5,49000.0,Other,Referral,1,250000.0,Tue,15264.0,0
2024-03-19,10-30 years,Gas,178.0,6,39300.0,Other,Paid Social,4,431000.0,Tue,14362.0,0
2023-04-25,>30 years,Electric,127.0,4,52000.0,NW,Organic,4,331000.0,Sat,21637.0,1
2024-01-04,>30 years,Gas,150.0,6,51400.0,NW,Paid Social,1,389000.0,Mon,14141.0,0
2024-09-17,<10 years,Gas,85.0,4,43600.0,HE,Referral,6,135000.0,Fri,13502.0,0
2023-12-10,10-30 years,Electric,129.0,6,34000.0,BE,Organic,6,459000.0,Sun,18841.0,0
2024-01-14,10-30 years,Oil,136.0,6,59500.0,BY,Paid Social,5,283000.0,Tue,18548.0,0
2023-12-04,10-30 years,Oil,187.0,6,30000.0,BE,Referral,8,452000.0,Tue,12755.0,0
2023-01-06,10-30 years,Gas,155.0,7,59700.0,NW,Organic,4,379000.0,Fri,23246.0,0
2023-01-01,>30 years,Oil,95.0,3,51000.0,BE,Organic,3,224000.0,Tue,12954.0,0
2023-12-25,<10 years,Oil,129.0,4,56100.0,BE,Display,2,279000.0,Tue,14364.0,0
2023-11-07,<10 years,Gas,194.0,5,62200.0,BW,Referral,6,542000.0,Thu,21453.0,0
2024-08-01,<10 years,Oil,132.0,5,77000.0,Other,Display,5,414000.0,Sat,12872.0,0
2024-04-22,10-30 years,Oil,186.0,8,46300.0,BY,Organic,1,460000.0,Mon,,0
2024-12-23,<10 years,Gas,128.0,4,49800.0,Other,Comparison Site,1,301000.0,Fri,11255.0,0
2023-12-17,>30 years,Oil,163.0,8,61800.0,HE,Paid Social,1,450000.0,Thu,20337.0,0
2023-03-03,10-30 years,Gas,152.0,7,39400.0,NW,Paid Social,2,310000.0,Fri,17153.0,0
2023-10-12,<10 years,Oil,146.0,6,41900.0,BW,Referral,4,378000.0,Mon,12863.0,1
2023-01-18,10-30 years,Oil,98.0,4,66300.0,BE,Display,5,229000.0,Thu,19628.0,0
2024-09-08,>30 years,Gas,85.0,2,52400.0,NW,Paid Social,3,191000.0,Fri,13387.0,0
2023-12-26,>30 years,Oil,160.0,7,39200.0,Other,Referral,2,356000.0,Tue,,0
2023-12-20,>30 years,Electric,151.0,6,32500.0,Other,Organic,5,390000.0,Mon,19774.0,0
2024-04-24,<10 years,Gas,129.0,4,56900.0,BW,Referral,3,319000.0,Sun,20960.0,1
2023-10-24,>30 years,Electric,115.0,5,71800.0,NW,Organic,10,231000.0,Sun,,0
2024-10-23,10-30 years,Gas,204.0,7,78800.0,NW,Organic,3,499000.0,Thu,19350.0,0
2023-07-15,10-30 years,Electric,190.0,5,34200.0,BE,Referral,3,480000.0,Sat,21506.0,0
2024-02-22,>30 years,Gas,180.0,7,70000.0,BY,Organic,5,554000.0,Fri,20661.0,1
2024-03-04,>30 years,Gas,214.0,8,39200.0,Other,Comparison Site,1,516000.0,Thu,6787.0,0
2024-11-25,>30 years,Gas,106.0,4,118700.0,Other,Organic,3,282000.0,Sun,15644.0,0
2023-01-03,<10 years,Electric,161.0,5,53000.0,HE,Referral,4,460000.0,Sun,21280.0,0
2023-05-26,10-30 years,Oil,94.0,3,36500.0,Other,Comparison Site,5,228000.0,Mon,22861.0,0
2024-12-10,>30 years,Oil,134.0,5,67600.0,NW,Display,4,377000.0,Sun,16267.0,0
2023-03-26,10-30 years,Electric,138.0,5,57900.0,NW,Organic,7,263000.0,Tue,6923.0,0
2023-07-18,<10 years,Gas,123.0,3,79500.0,BE,Organic,2,235000.0,Sun,22470.0,0
2023-01-24,>30 years,Gas,148.0,6,65300.0,NW,Referral,6,324000.0,Fri,5866.0,0
2024-12-16,<10 years,Oil,236.0,8,116600.0,BY,Organic,6,620000.0,Sun,10888.0,0
2024-04-27,>30 years,Gas,160.0,6,51300.0,NW,Display,3,391000.0,Thu,10921.0,0
2023-12-02,>30 years,Gas,189.0,8,84600.0,Other,Organic,5,432000.0,Tue,10515.0,1
2024-07-09,10-30 years,Oil,154.0,7,46000.0,HE,Comparison Site,1,328000.0,Wed,19439.0,0
2024-02-21,10-30 years,Gas,83.0,3,65300.0,Other,Display,8,186000.0,Tue,8779.0,0
2023-09-10,10-30 years,Gas,125.0,2,49300.0,NW,Organic,3,327000.0,Wed,17414.0,0
2024-04-05,>30 years,Gas,129.0,5,93000.0,Other,Referral,1,294000.0,Sun,,0
2023-02-03,10-30 years,Gas,148.0,6,87700.0,Other,Comparison Site,5,322000.0,Sun,12638.0,0
2023-02-05,10-30 years,Oil,174.0,6,73400.0,BW,Display,4,401000.0,Fri,16358.0,0
2024-12-25,10-30 years,Gas,184.0,8,68700.0,NW,Display,4,426000.0,Fri,,0
2024-12-02,10-30 years,Gas,164.0,4,79000.0,BW,Referral,5,466000.0,Thu,5000.0,1
2024-08-08,10-30 years,Electric,192.0,8,87700.0,BY,Organic,1,580000.0,Mon,,0
2024-03-19,>30 years,Electric,124.0,5,62400.0,Other,Referral,1,248000.0,Tue,8444.0,0
2023-10-21,>30 years,Electric,172.0,7,74600.0,Other,Organic,1,465000.0,Sat,12994.0,0
2023-09-20,<10 years,Oil,170.0,6,111400.0,BW,Display,2,385000.0,Thu,9115.0,0
2023-12-12,<10 years,Oil,186.0,7,55400.0,BW,Paid Social,3,503000.0,Mon,,0
2023-04-28,10-30 years,Oil,121.0,5,66500.0,HE,Paid Social,4,291000.0,Mon,18054.0,0
2024-02-07,10-30 years,District,224.0,8,51100.0,BY,Paid Social,3,460000.0,Fri,,0
2023-11-13,10-30 years,Electric,118.0,3,102800.0,BW,Display,4,172000.0,Wed,21746.0,0
2023-04-23,>30 years,Oil,131.0,6,54300.0,Other,Display,1,322000.0,Thu,12340.0,0
2024-12-27,<10 years,Gas,180.0,7,73400.0,NW,Paid Social,5,384000.0,Fri,20255.0,0
2024-11-27,<10 years,Oil,87.0,2,140000.0,NW,Comparison Site,2,225000.0,Tue,13202.0,0
2023-01-12,<10 years,Gas,113.0,4,89500.0,BW,Comparison Site,4,282000.0,Tue,8458.0,0
2023-12-11,>30 years,District,153.0,7,54200.0,NW,Organic,4,311000.0,Thu,18570.0,0
2024-02-25,<10 years,Oil,77.0,2,83300.0,Other,Display,2,186000.0,Sun,9537.0,0
2024-12-20,10-30 years,Oil,118.0,4,71300.0,BY,Paid Social,4,271000.0,Sat,,0
2023-11-10,10-30 years,Gas,154.0,6,32200.0,Other,Organic,4,440000.0,Fri,12327.0,0
2024-06-26,10-30 years,Gas,117.0,3,37600.0,BE,Referral,2,379000.0,Mon,10903.0,0
2024-05-20,<10 years,Gas,221.0,8,52900.0,NW,Organic,3,512000.0,Mon,21275.0,0
2024-04-09,10-30 years,Gas,179.0,6,69000.0,HE,Display,4,435000.0,Sun,15517.0,0
2024-07-02,10-30 years,Oil,168.0,7,47100.0,BW,Display,4,451000.0,Fri,18131.0,0
2023-11-09,>30 years,Gas,156.0,6,60600.0,Other,Paid Social,2,415000.0,Thu,12379.0,0
2023-11-27,>30 years,District,181.0,6,48500.0,Other,Organic,2,475000.0,Wed,18267.0,0
2023-11-03,10-30 years,Gas,152.0,5,41700.0,NW,Paid Social,7,454000.0,Wed,22222.0,0
2024-08-16,>30 years,Gas,110.0,4,50200.0,BE,Referral,7,212000.0,Sun,8900.0,0
2024-12-26,<10 years,Oil,164.0,4,67700.0,Other,Display,3,419000.0,Fri,14524.0,0
2023-11-06,>30 years,Gas,121.0,4,73100.0,Other,Paid Social,4,323000.0,Fri,16687.0,0
2023-09-15,10-30 years,Electric,167.0,6,52100.0,BE,Display,6,368000.0,Wed,,0
2024-10-25,10-30 years,Gas,162.0,6,108200.0,HE,Organic,3,376000.0,Mon,5928.0,0
2024-03-02,<10 years,Gas,125.0,3,45300.0,BE,Comparison Site,2,219000.0,Fri,13365.0,0
2023-06-28,10-30 years,Gas,232.0,8,66300.0,Other,Referral,5,603000.0,Sat,12767.0,0
2024-11-04,<10 years,Gas,201.0,7,50800.0,NW,Organic,6,493000.0,Fri,13553.0,0
2024-10-01,10-30 years,Oil,148.0,6,42800.0,BW,Display,5,280000.0,Fri,5000.0,0
2023-12-17,10-30 years,Gas,170.0,7,41900.0,Other,Organic,2,526000.0,Wed,,0
2023-10-09,>30 years,Oil,163.0,8,57700.0,BE,Paid Social,4,394000.0,Wed,24009.0,0
2023-05-12,10-30 years,Oil,128.0,3,32400.0,BY,Organic,1,263000.0,Tue,11277.0,0
2023-10-05,>30 years,Oil,173.0,7,69800.0,HE,Display,2,480000.0,Thu,8602.0,0
2023-03-16,>30 years,Gas,142.0,5,70400.0,BW,Organic,2,311000.0,Tue,15457.0,1
2023-08-23,<10 years,Oil,94.0,3,77200.0,NW,Display,5,209000.0,Sun,19658.0,0
2024-03-18,<10 years,Gas,130.0,5,116900.0,NW,Organic,6,343000.0,Sun,14623.0,0
2023-02-19,10-30 years,Oil,130.0,5,68200.0,BY,Paid Social,6,323000.0,Thu,20824.0,0
2023-08-19,>30 years,Gas,73.0,4,39400.0,BY,Organic,3,127000.0,Thu,16710.0,0
2024-01-20,10-30 years,Gas,203.0,8,50600.0,NW,Paid Social,2,472000.0,Thu,,0
2024-08-12,>30 years,Oil,129.0,3,60400.0,Other,Paid Social,4,346000.0,Thu,10125.0,1
2024-05-12,>30 years,Oil,135.0,6,54600.0,HE,Display,4,255000.0,Sat,6824.0,1
2023-02-16,>30 years,Gas,240.0,8,41000.0,BY,Paid Social,6,582000.0,Wed,,0
2023-11-01,10-30 years,Gas,111.0,5,45500.0,Other,Display,4,264000.0,Wed,,0
2023-10-25,10-30 years,District,146.0,4,70400.0,BY,Referral,5,449000.0,Tue,14915.0,0
2024-05-25,>30 years,Gas,86.0,3,77900.0,Other,Comparison Site,5,221000.0,Sat,11812.0,0
2024-06-27,>30 years,Gas,124.0,6,50200.0,BW,Organic,1,350000.0,Fri,14469.0,0
2024-11-05,10-30 years,Gas,129.0,5,65800.0,Other,Paid Social,6,371000.0,Sun,15548.0,0
2024-09-26,10-30 years,Oil,195.0,8,34200.0,HE,Organic,5,500000.0,Mon,18956.0,0
2023-09-24,10-30 years,Oil,117.0,4,39100.0,Other,Display,4,289000.0,Tue,11922.0,0
2023-01-20,10-30 years,Gas,184.0,7,58400.0,NW,Paid Social,1,440000.0,Wed,11539.0,0
2024-08-15,>30 years,Oil,258.0,7,34900.0,Other,Organic,3,658000.0,Fri,20548.0,0
2024-12-15,10-30 years,Oil,220.0,8,64400.0,BE,Organic,5,569000.0,Sat,16789.0,0
2024-04-18,10-30 years,Oil,60.0,3,33900.0,BW,Paid Social,5,215000.0,Sun,23533.0,0
2024-03-02,10-30 years,District,170.0,6,98600.0,BW,Paid Social,3,457000.0,Mon,13668.0,0
2023-09-23,>30 years,Gas,213.0,8,100400.0,NW,Paid Social,6,445000.0,Tue,14662.0,0
2023-03-16,10-30 years,District,117.0,4,105200.0,BW,Organic,4,309000.0,Fri,5000.0,0
2023-01-01,10-30 years,Electric,147.0,6,41200.0,BW,Paid Social,3,399000.0,Wed,7747.0,0
2024-12-23,<10 years,Gas,137.0,5,82700.0,NW,Comparison Site,3,286000.0,Tue,13507.0,0
2024-03-02,10-30 years,Electric,188.0,6,46800.0,BY,Organic,3,514000.0,Fri,14803.0,0
2024-11-22,<10 years,Oil,131.0,5,30000.0,NW,Organic,2,433000.0,Fri,15945.0,0
2024-11-27,10-30 years,Electric,226.0,8,44300.0,NW,Comparison Site,2,600000.0,Sat,16914.0,0
2023-04-01,10-30 years,Oil,199.0,7,85900.0,BW,Referral,4,460000.0,Wed,10474.0,0
2023-10-14,10-30 years,Gas,87.0,4,67400.0,HE,Paid Social,2,238000.0,Sat,,0
2023-12-27,>30 years,Oil,88.0,2,47400.0,NW,Paid Social,4,244000.0,Fri,12633.0,0
2023-11-22,<10 years,Gas,158.0,4,55300.0,Other,Paid Social,4,367000.0,Tue,19651.0,0
2024-03-06,10-30 years,Gas,141.0,4,47100.0,Other,Organic,2,313000.0,Sat,14358.0,0
2023-02-19,<10 years,Oil,147.0,6,56300.0,NW,Organic,5,256000.0,Sat,12915.0,1
2023-08-20,<10 years,District,127.0,5,103600.0,BE,Paid Social,2,328000.0,Thu,5465.0,0
2023-10-27,<10 years,Oil,107.0,3,51400.0,BY,Display,4,319000.0,Wed,8407.0,0
2023-03-18,>30 years,Electric,151.0,5,123900.0,Other,Organic,1,307000.0,Tue,,0
2023-10-04,10-30 years,Gas,169.0,6,39800.0,BE,Paid Social,2,462000.0,Sat,21950.0,0
2024-02-15,>30 years,Oil,192.0,4,74400.0,BY,Paid Social,1,492000.0,Thu,18295.0,0
2023-03-15,<10 years,Oil,198.0,8,87500.0,NW,Organic,1,533000.0,Thu,,0
2024-11-22,10-30 years,Gas,152.0,5,35000.0,Other,Comparison Site,1,291000.0,Tue,12010.0,0
2024-02-04,>30 years,Gas,164.0,6,67700.0,BE,Paid Social,4,465000.0,Tue,12879.0,0
2024-10-24,<10 years,Electric,83.0,4,35100.0,BW,Referral,2,168000.0,Mon,19470.0,0
2024-05-03,10-30 years,Gas,179.0,8,125400.0,BW,Display,4,508000.0,Sat,19377.0,0
2024-02-05,>30 years,Gas,204.0,8,100800.0,Other,Organic,4,430000.0,Thu,20381.0,0
2024-11-20,10-30 years,District,176.0,7,78000.0,NW,Referral,4,484000.0,Tue,,0
2024-04-22,10-30 years,District,148.0,5,60400.0,HE,Organic,6,425000.0,Thu,15427.0,0
2023-01-18,10-30 years,Electric,112.0,4,48600.0,Other,Referral,3,323000.0,Tue,13700.0,0
2024-09-21,>30 years,Electric,112.0,4,46000.0,BW,Display,4,297000.0,Thu,18336.0,0
2023-11-12,10-30 years,Gas,142.0,4,106900.0,BW,Display,6,439000.0,Sun,6600.0,0
2024-11-07,<10 years,Gas,168.0,6,64000.0,BY,Paid Social,1,547000.0,Fri,,0
2024-02-02,>30 years,District,67.0,3,99200.0,BE,Paid Social,2,226000.0,Wed,18259.0,0
2023-12-15,10-30 years,Oil,97.0,4,101500.0,BY,Display,1,187000.0,Tue,16597.0,0
2024-12-13,10-30 years,Oil,188.0,7,57500.0,HE,Paid Social,3,429000.0,Thu,8368.0,0
2023-11-24,>30 years,Gas,219.0,8,55700.0,Other,Paid Social,2,581000.0,Fri,12377.0,0
2023-12-25,10-30 years,Electric,143.0,4,53900.0,Other,Display,1,344000.0,Mon,11611.0,0
2023-07-07,<10 years,Gas,176.0,5,42800.0,BY,Organic,5,514000.0,Thu,23369.0,0
2024-05-21,10-30 years,Gas,145.0,8,57200.0,Other,Referral,4,396000.0,Thu,7893.0,0
2023-12-23,>30 years,Gas,155.0,6,59000.0,Other,Organic,2,379000.0,Wed,5371.0,0
2023-09-22,10-30 years,Oil,106.0,4,77900.0,Other,Organic,2,345000.0,Fri,16911.0,0
2023-11-19,>30 years,Oil,172.0,6,57300.0,Other,Referral,4,447000.0,Thu,,0
2024-05-13,<10 years,Oil,120.0,3,81700.0,BW,Paid Social,2,290000.0,Wed,18774.0,0
2024-11-23,10-30 years,Gas,160.0,5,75500.0,HE,Referral,4,389000.0,Mon,16306.0,0
2023-04-23,10-30 years,Electric,180.0,7,80100.0,NW,Display,1,469000.0,Wed,,0
2023-02-09,10-30 years,District,175.0,6,63600.0,BY,Referral,5,467000.0,Sat,22457.0,0
2024-01-16,10-30 years,Gas,118.0,5,73000.0,NW,Paid Social,2,253000.0,Wed,13552.0,0
2023-02-21,>30 years,Electric,161.0,5,65700.0,Other,Display,4,324000.0,Fri,,0
2023-09-13,<10 years,District,127.0,5,32600.0,Other,Organic,6,392000.0,Tue,10873.0,0
2023-01-13,<10 years,Gas,180.0,8,50600.0,BW,Organic,5,497000.0,Sat,14563.0,0
2024-10-22,>30 years,Gas,183.0,6,41800.0,BY,Referral,3,381000.0,Wed,14460.0,0
2024-09-06,10-30 years,District,181.0,6,109200.0,Other,Paid Social,2,445000.0,Tue,18764.0,0
2023-05-13,>30 years,Gas,210.0,8,87300.0,HE,Display,2,556000.0,Mon,12941.0,0
2024-03-13,10-30 years,Gas,171.0,6,66000.0,BE,Organic,3,404000.0,Sun,15465.0,0
2024-01-23,<10 years,Oil,212.0,8,69700.0,NW,Referral,3,524000.0,Fri,18411.0,1
2023-05-21,>30 years,Oil,180.0,6,105600.0,BY,Display,2,412000.0,Fri,10089.0,0
2023-01-20,>30 years,Oil,123.0,4,48700.0,NW,Comparison Site,1,350000.0,Fri,18332.0,0
2023-03-10,10-30 years,Oil,161.0,6,98300.0,NW,Organic,3,436000.0,Fri,19115.0,0
2023-08-11,<10 years,Oil,194.0,7,122600.0,Other,Display,2,483000.0,Mon,18420.0,0
2024-08-02,10-30 years,Gas,197.0,7,61600.0,BY,Organic,2,535000.0,Sat,11181.0,0
2023-03-21,<10 years,Gas,135.0,5,43700.0,Other,Display,3,284000.0,Thu,,0
2024-12-28,>30 years,Gas,134.0,5,55600.0,Other,Paid Social,1,269000.0,Mon,20422.0,0
2024-11-26,10-30 years,Electric,177.0,6,91800.0,HE,Organic,1,361000.0,Sat,7919.0,0
2024-01-15,>30 years,District,121.0,4,75000.0,NW,Display,2,259000.0,Sun,18590.0,0
2023-02-25,10-30 years,Gas,145.0,6,67100.0,BE,Organic,3,384000.0,Sat,24296.0,1
2023-11-08,10-30 years,Gas,157.0,7,42300.0,NW,Organic,6,390000.0,Sun,15409.0,0
2023-07-09,>30 years,District,147.0,5,61600.0,NW,Paid Social,6,358000.0,Thu,11952.0,0
2024-01-27,<10 years,Gas,186.0,6,68300.0,NW,Paid Social,1,434000.0,Thu,9489.0,0
2023-05-21,>30 years,Gas,183.0,8,50100.0,BW,Comparison Site,4,533000.0,Wed,10971.0,0
2023-11-09,<10 years,Electric,159.0,7,51000.0,NW,Paid Social,5,406000.0,Tue,9466.0,0
2024-10-20,10-30 years,Oil,108.0,4,81200.0,BY,Organic,2,221000.0,Sun,20386.0,0
2024-02-05,10-30 years,Gas,209.0,8,76600.0,BW,Comparison Site,5,494000.0,Sat,11539.0,0
2024-10-03,>30 years,District,122.0,7,61200.0,BY,Referral,3,236000.0,Tue,25169.0,0
2023-10-08,<10 years,District,130.0,5,55600.0,BY,Organic,7,291000.0,Sun,14069.0,0
2024-09-26,10-30 years,Gas,119.0,4,57700.0,NW,Paid Social,3,363000.0,Sun,7303.0,0
2023-01-25,10-30 years,Electric,92.0,2,91100.0,Other,Organic,4,146000.0,Wed,11925.0,0
2024-10-16,10-30 years,Oil,191.0,6,76000.0,Other,Comparison Site,6,461000.0,Fri,12955.0,0
2023-08-28,10-30 years,Gas,224.0,8,64900.0,BW,Paid Social,3,516000.0,Sat,14754.0,0
2024-03-03,10-30 years,District,101.0,4,116200.0,BY,Paid Social,4,350000.0,Thu,16870.0,0
2024-05-04,<10 years,Gas,78.0,2,46000.0,NW,Referral,2,217000.0,Tue,16724.0,0
2023-05-19,10-30 years,Gas,157.0,8,38200.0,BY,Organic,2,415000.0,Fri,,0
2024-09-20,>30 years,Gas,165.0,6,30000.0,NW,Organic,4,539000.0,Sun,13860.0,0
2023-11-27,>30 years,Oil,65.0,2,74600.0,Other,Display,2,172000.0,Mon,,0
2024-02-08,10-30 years,Gas,109.0,4,111800.0,HE,Display,3,352000.0,Sat,10971.0,0
2023-03-10,10-30 years,Electric,203.0,7,108400.0,NW,Organic,2,537000.0,Wed,20103.0,0
2023-09-22,<10 years,Oil,175.0,8,47300.0,NW,Organic,2,391000.0,Sun,12495.0,0
2024-02-07,10-30 years,Gas,203.0,7,43800.0,BY,Referral,2,506000.0,Mon,18930.0,0
2024-09-12,>30 years,Oil,109.0,2,30000.0,BY,Referral,3,299000.0,Sat,11868.0,0
2024-11-20,10-30 years,Oil,150.0,6,45900.0,BY,Organic,4,367000.0,Fri,9794.0,0
2024-02-10,10-30 years,Gas,148.0,8,38600.0,Other,Comparison Site,5,363000.0,Wed,16201.0,0
2024-03-09,>30 years,Gas,193.0,6,98900.0,BY,Display,6,563000.0,Sat,13603.0,0
2023-12-09,10-30 years,Oil,125.0,5,64100.0,Other,Paid Social,5,301000.0,Tue,18495.0,1
2024-10-08,10-30 years,Gas,130.0,6,61500.0,NW,Paid Social,2,335000.0,Wed,,0
2024-01-13,<10 years,Electric,171.0,6,45100.0,HE,Paid Social,2,396000.0,Mon,19276.0,0
2023-08-12,10-30 years,Gas,182.0,7,34900.0,HE,Paid Social,5,487000.0,Fri,,0
2023-02-25,10-30 years,Gas,132.0,6,35700.0,NW,Organic,3,312000.0,Fri,16750.0,0
2023-03-21,10-30 years,Gas,159.0,5,39800.0,Other,Organic,1,473000.0,Thu,13440.0,0
2024-08-10,10-30 years,Oil,188.0,7,82000.0,HE,Display,7,533000.0,Sat,14232.0,0
2023-03-14,>30 years,Gas,163.0,6,34300.0,Other,Paid Social,2,450000.0,Sun,5000.0,0
2024-03-21,<10 years,Gas,132.0,5,74300.0,HE,Display,7,209000.0,Sun,14484.0,0
2024-01-13,10-30 years,Gas,162.0,7,198900.0,BW,Paid Social,4,370000.0,Sun,5000.0,0
2024-11-26,10-30 years,Oil,176.0,7,50700.0,BW,Paid Social,2,378000.0,Tue,,0
2024-01-23,<10 years,Gas,153.0,6,69000.0,NW,Paid Social,4,373000.0,Thu,16245.0,0
2023-01-20,10-30 years,Gas,172.0,8,61100.0,Other,Display,4,411000.0,Sat,18144.0,0
2023-11-12,10-30 years,Gas,188.0,6,35800.0,BY,Organic,3,433000.0,Tue,11101.0,0
2023-12-10,10-30 years,Electric,167.0,5,39200.0,NW,Referral,3,535000.0,Sat,,0
2023-11-19,<10 years,District,185.0,8,49500.0,BY,Referral,4,521000.0,Thu,18128.0,0
2023-09-08,10-30 years,Oil,144.0,4,58900.0,Other,Display,4,289000.0,Fri,,0
2024-09-22,>30 years,Gas,131.0,5,131300.0,BE,Paid Social,3,369000.0,Tue,14858.0,0
2023-01-11,<10 years,Gas,207.0,6,46100.0,Other,Display,5,492000.0,Mon,10793.0,0
2023-02-24,>30 years,Gas,61.0,2,43100.0,NW,Display,3,193000.0,Tue,23548.0,0
2024-02-02,10-30 years,Gas,167.0,6,41300.0,Other,Display,3,317000.0,Thu,,0
2023-08-25,10-30 years,Gas,138.0,4,96700.0,Other,Paid Social,4,312000.0,Tue,11261.0,0
2024-11-02,10-30 years,Gas,177.0,8,47700.0,NW,Paid Social,5,484000.0,Mon,17085.0,0
2024-10-24,>30 years,Gas,103.0,3,116700.0,Other,Comparison Site,4,240000.0,Thu,11523.0,0
2024-12-21,>30 years,Gas,165.0,6,68400.0,NW,Organic,6,348000.0,Thu,12098.0,0
2024-02-03,>30 years,Gas,174.0,5,113100.0,Other,Organic,6,425000.0,Fri,8988.0,1
2023-06-15,>30 years,Gas,166.0,7,61600.0,NW,Comparison Site,4,355000.0,Tue,8698.0,0
2024-03-17,10-30 years,Gas,115.0,6,55700.0,BY,Display,1,295000.0,Fri,21215.0,0
2024-11-27,>30 years,Gas,126.0,4,65800.0,BE,Paid Social,6,312000.0,Mon,12163.0,0
2024-10-15,>30 years,Gas,178.0,6,103200.0,Other,Organic,5,372000.0,Fri,11123.0,0
2024-10-22,<10 years,Gas,146.0,4,66800.0,BE,Display,2,487000.0,Wed,16589.0,0
2023-12-28,>30 years,Gas,70.0,4,74300.0,Other,Referral,4,233000.0,Mon,10036.0,0
2023-10-04,10-30 years,Gas,131.0,6,62100.0,Other,Paid Social,3,316000.0,Sun,5335.0,0
2024-03-13,>30 years,Gas,197.0,8,55500.0,NW,Organic,4,512000.0,Sat,13253.0,0
2023-05-28,>30 years,Gas,144.0,5,74000.0,HE,Paid Social,4,355000.0,Fri,23173.0,0
2023-10-16,>30 years,Oil,97.0,4,66100.0,BY,Organic,6,207000.0,Wed,14190.0,1
2024-10-01,>30 years,District,136.0,4,66000.0,NW,Paid Social,4,300000.0,Wed,15118.0,0
2024-02-03,<10 years,District,149.0,4,36900.0,Other,Organic,2,425000.0,Thu,8897.0,0
2024-10-03,<10 years,Gas,120.0,4,48700.0,HE,Organic,1,334000.0,Wed,11109.0,0
2024-01-28,<10 years,Gas,204.0,8,61100.0,Other,Organic,5,518000.0,Sun,8471.0,0
2024-05-15,<10 years,Gas,138.0,6,35300.0,BW,Display,2,334000.0,Mon,15451.0,0
2023-09-15,10-30 years,District,141.0,6,80500.0,HE,Display,3,416000.0,Tue,17373.0,0
2023-01-22,10-30 years,Electric,144.0,7,37500.0,HE,Organic,3,359000.0,Sat,14823.0,0
2024-11-17,10-30 years,Electric,78.0,3,44200.0,BW,Comparison Site,1,262000.0,Mon,10661.0,0
2024-10-26,>30 years,Gas,165.0,7,69200.0,Other,Referral,4,452000.0,Tue,17198.0,0
2023-08-09,>30 years,Gas,126.0,5,34600.0,Other,Organic,3,372000.0,Sat,20551.0,0
2023-12-16,10-30 years,Gas,60.0,2,78800.0,Other,Paid Social,4,172000.0,Wed,15933.0,0
2023-10-03,10-30 years,District,90.0,3,36900.0,Other,Paid Social,1,233000.0,Wed,13069.0,0
2023-11-18,10-30 years,Gas,148.0,6,70700.0,BE,Organic,6,454000.0,Mon,,0
2024-08-02,<10 years,Oil,199.0,8,49400.0,Other,Paid Social,2,630000.0,Mon,23237.0,0
2023-02-03,10-30 years,Gas,179.0,8,63300.0,BW,Display,4,399000.0,Tue,12620.0,0
2023-09-02,>30 years,Electric,172.0,7,54200.0,NW,Paid Social,7,401000.0,Fri,,0
2023-03-28,10-30 years,Gas,154.0,5,44300.0,BY,Paid Social,2,360000.0,Tue,10378.0,0
2023-03-24,>30 years,Electric,165.0,6,30000.0,Other,Paid Social,4,454000.0,Mon,11557.0,0
2023-12-11,10-30 years,Gas,154.0,5,36400.0,NW,Display,4,335000.0,Fri,9530.0,0
2024-10-06,<10 years,Oil,121.0,5,30400.0,HE,Comparison Site,3,392000.0,Thu,18520.0,0
2023-07-26,>30 years,Gas,122.0,4,46700.0,NW,Comparison Site,5,337000.0,Sat,,0
2024-12-10,10-30 years,Electric,151.0,5,77200.0,Other,Referral,3,412000.0,Thu,16577.0,0
2023-01-14,10-30 years,Electric,119.0,3,114700.0,HE,Paid Social,3,268000.0,Sat,18169.0,0
2023-02-01,>30 years,Gas,83.0,3,94300.0,NW,Comparison Site,2,224000.0,Wed,15317.0,0
2023-01-15,<10 years,Oil,174.0,5,82400.0,BW,Organic,5,404000.0,Tue,14495.0,1
2023-02-23,10-30 years,Gas,168.0,6,114600.0,BY,Paid Social,3,491000.0,Sat,,0
2023-09-17,10-30 years,Gas,82.0,3,95400.0,BE,Paid Social,3,217000.0,Sun,17011.0,0
2023-04-26,>30 years,Oil,101.0,2,125100.0,BW,Comparison Site,1,302000.0,Mon,,0
2023-02-08,<10 years,Oil,163.0,6,65100.0,NW,Paid Social,4,391000.0,Thu,6880.0,0
2023-02-19,>30 years,Oil,104.0,4,74500.0,BE,Display,4,205000.0,Fri,8440.0,0
2024-05-21,<10 years,Oil,151.0,7,35400.0,NW,Organic,2,386000.0,Tue,20355.0,0
2023-10-24,10-30 years,Oil,184.0,7,34900.0,BE,Paid Social,4,471000.0,Thu,7707.0,0
2023-09-01,10-30 years,District,132.0,5,81400.0,Other,Display,4,309000.0,Sat,26328.0,0
2023-03-02,10-30 years,Gas,176.0,7,38400.0,Other,Organic,4,442000.0,Sun,20737.0,0
2023-10-27,10-30 years,Oil,130.0,4,60900.0,BY,Paid Social,8,386000.0,Sun,23610.0,0
2024-02-06,<10 years,Electric,137.0,5,121100.0,BE,Display,3,374000.0,Tue,7162.0,0
2024-06-18,10-30 years,Gas,167.0,6,59600.0,HE,Organic,2,352000.0,Mon,11266.0,0
2024-02-05,<10 years,Gas,177.0,6,73600.0,NW,Paid Social,2,398000.0,Tue,,0
2024-11-21,>30 years,Electric,100.0,3,53400.0,NW,Referral,4,187000.0,Tue,,0
2023-10-15,<10 years,Electric,97.0,3,89300.0,Other,Paid Social,5,204000.0,Tue,12089.0,0
2023-02-04,>30 years,Oil,89.0,3,78600.0,BY,Organic,2,221000.0,Sat,12806.0,0
2023-08-15,>30 years,Gas,217.0,8,79300.0,Other,Organic,1,609000.0,Sun,22933.0,0
2023-01-14,10-30 years,Gas,133.0,4,82400.0,BW,Display,4,314000.0,Mon,13715.0,0
2024-06-28,10-30 years,Gas,122.0,5,49100.0,HE,Organic,6,289000.0,Mon,11137.0,0
2024-03-17,10-30 years,Gas,162.0,6,168900.0,BY,Organic,2,462000.0,Sat,17701.0,0
2023-11-05,>30 years,Gas,84.0,2,54800.0,NW,Referral,1,172000.0,Fri,16230.0,0
2024-05-19,10-30 years,Gas,135.0,5,54200.0,NW,Organic,5,300000.0,Thu,26475.0,0
2023-11-11,>30 years,Oil,150.0,5,43200.0,BE,Paid Social,6,436000.0,Thu,17504.0,0
2024-10-03,10-30 years,Oil,111.0,4,60000.0,BY,Organic,1,300000.0,Wed,9193.0,0
2023-08-08,>30 years,Electric,104.0,3,65200.0,BY,Referral,2,281000.0,Fri,,0
2024-10-05,10-30 years,Gas,135.0,6,55600.0,HE,Organic,2,314000.0,Mon,14153.0,0
2023-11-23,>30 years,Gas,130.0,5,101400.0,Other,Referral,1,298000.0,Wed,19790.0,0
2023-03-06,<10 years,Gas,129.0,4,67300.0,HE,Display,3,292000.0,Mon,15251.0,0
2023-06-06,10-30 years,Gas,90.0,5,86400.0,Other,Organic,2,176000.0,Sun,18966.0,0
2023-03-18,10-30 years,Gas,90.0,4,30000.0,BE,Display,2,211000.0,Tue,10647.0,0
2023-03-17,10-30 years,Electric,200.0,8,54300.0,Other,Organic,4,524000.0,Thu,24237.0,0
2023-01-04,10-30 years,Gas,98.0,4,75100.0,BE,Display,2,251000.0,Wed,17696.0,0
2024-11-15,10-30 years,Gas,142.0,5,40100.0,NW,Display,4,292000.0,Sun,20654.0,0
2024-05-27,10-30 years,Gas,143.0,5,41300.0,BW,Paid Social,2,388000.0,Mon,20206.0,0
2024-02-23,10-30 years,Gas,131.0,6,59800.0,BE,Organic,3,319000.0,Sat,20639.0,0
2024-02-20,10-30 years,Gas,143.0,7,59300.0,Other,Organic,1,347000.0,Tue,19152.0,0
2024-12-12,10-30 years,Electric,136.0,6,48100.0,NW,Organic,3,288000.0,Fri,17444.0,0
2024-11-18,>30 years,Electric,133.0,5,54800.0,BW,Paid Social,3,433000.0,Sun,15897.0,0
2023-04-26,<10 years,Oil,192.0,7,86900.0,NW,Organic,4,465000.0,Mon,18968.0,0
2024-12-19,<10 years,Oil,112.0,5,51000.0,NW,Organic,2,325000.0,Sun,10333.0,0
2024-09-12,10-30 years,Electric,125.0,5,35500.0,BW,Organic,4,322000.0,Thu,10031.0,1
2024-09-03,>30 years,Gas,187.0,8,59000.0,NW,Organic,1,317000.0,Thu,,0
2023-05-19,10-30 years,Electric,126.0,4,49200.0,Other,Comparison Site,2,324000.0,Mon,,0
2023-03-10,>30 years,Gas,132.0,6,89600.0,NW,Organic,5,306000.0,Fri,22799.0,0
2024-08-09,10-30 years,Electric,126.0,4,112000.0,Other,Paid Social,4,290000.0,Thu,11316.0,0
2024-02-16,>30 years,Gas,192.0,8,39300.0,BY,Paid Social,2,491000.0,Sat,26510.0,0
2023-03-01,10-30 years,Electric,186.0,6,71200.0,BW,Organic,4,524000.0,Mon,13466.0,0
2024-12-18,>30 years,Oil,103.0,3,30000.0,Other,Referral,1,255000.0,Sat,10608.0,0
2023-07-01,10-30 years,Gas,207.0,8,79400.0,BW,Organic,4,471000.0,Tue,10757.0,0
2023-05-28,10-30 years,Oil,63.0,2,69900.0,BW,Referral,1,73000.0,Thu,5000.0,0
2023-07-06,<10 years,Gas,83.0,4,62900.0,NW,Display,1,108000.0,Sat,,0
2023-08-07,>30 years,Gas,87.0,3,59600.0,Other,Display,3,248000.0,Wed,,0
2023-01-17,>30 years,Gas,106.0,4,40500.0,HE,Comparison Site,5,320000.0,Mon,,0
2023-11-24,>30 years,Gas,133.0,4,42900.0,Other,Referral,2,297000.0,Thu,5746.0,0
2023-07-19,10-30 years,Gas,107.0,5,40800.0,Other,Paid Social,3,199000.0,Tue,,0
2024-07-20,<10 years,Gas,102.0,2,66200.0,BW,Display,7,232000.0,Mon,,0
2023-04-11,10-30 years,Gas,168.0,7,32800.0,BW,Referral,3,437000.0,Sat,15553.0,0
2023-08-23,10-30 years,Gas,135.0,5,31800.0,BY,Organic,2,326000.0,Thu,18757.0,0
2023-10-09,>30 years,Gas,179.0,8,107500.0,Other,Display,2,444000.0,Sat,11244.0,0
2024-04-26,10-30 years,Gas,184.0,8,64600.0,HE,Organic,1,476000.0,Tue,20332.0,0
2023-12-21,10-30 years,District,154.0,6,33000.0,Other,Organic,1,389000.0,Tue,12922.0,0
2023-12-17,10-30 years,District,175.0,6,87900.0,BY,Comparison Site,7,508000.0,Mon,16266.0,0
2024-03-16,>30 years,Electric,140.0,7,42200.0,NW,Display,2,364000.0,Wed,16869.0,0
2023-07-14,10-30 years,Gas,98.0,4,46400.0,BW,Display,4,372000.0,Thu,13563.0,0
2024-11-09,>30 years,Oil,91.0,3,60000.0,Other,Paid Social,5,253000.0,Thu,14882.0,0
2023-01-10,<10 years,Oil,70.0,3,34900.0,BY,Organic,1,216000.0,Mon,18590.0,0
2024-03-24,>30 years,Gas,178.0,5,76000.0,Other,Referral,1,449000.0,Tue,7034.0,0
2023-11-11,10-30 years,Electric,153.0,7,47100.0,NW,Display,3,412000.0,Fri,18336.0,0
2024-07-23,10-30 years,District,60.0,3,30000.0,Other,Organic,4,181000.0,Mon,5097.0,0
2023-12-28,>30 years,Oil,173.0,5,69100.0,BE,Organic,1,414000.0,Wed,9735.0,0
2023-01-18,10-30 years,Gas,150.0,6,102200.0,HE,Display,1,329000.0,Fri,,0
2024-11-15,10-30 years,Oil,111.0,5,98900.0,BW,Organic,2,272000.0,Sat,15465.0,0
2023-01-05,10-30 years,Gas,110.0,4,35900.0,BW,Organic,2,283000.0,Sat,12212.0,0
2024-03-15,<10 years,Gas,136.0,5,72800.0,BY,Organic,5,355000.0,Sun,,0
2023-11-12,>30 years,Oil,195.0,6,49700.0,NW,Referral,5,529000.0,Fri,17140.0,0
2024-09-24,10-30 years,Gas,149.0,6,66700.0,HE,Display,6,317000.0,Sat,10787.0,0
2024-11-08,>30 years,Gas,118.0,5,34400.0,BY,Paid Social,3,311000.0,Thu,16795.0,0
2024-04-16,10-30 years,Gas,236.0,8,46600.0,BE,Organic,5,583000.0,Tue,12309.0,0
2024-03-16,<10 years,Oil,187.0,7,39200.0,BW,Display,2,511000.0,Wed,21713.0,0
2023-11-26,10-30 years,District,186.0,7,30000.0,Other,Display,3,321000.0,Thu,,0
2023-11-19,>30 years,Gas,189.0,8,38600.0,Other,Organic,7,481000.0,Wed,,0
2023-01-15,>30 years,Gas,197.0,7,61600.0,Other,Paid Social,4,439000.0,Tue,8374.0,0
2023-11-22,10-30 years,Gas,167.0,7,35100.0,NW,Organic,3,368000.0,Fri,9808.0,0
2024-05-02,10-30 years,Oil,151.0,5,60000.0,BW,Paid Social,3,287000.0,Mon,10853.0,0
2024-05-20,>30 years,Electric,154.0,6,77900.0,HE,Organic,2,305000.0,Sat,19572.0,0
2023-06-20,>30 years,Gas,95.0,2,95400.0,Other,Paid Social,4,211000.0,Fri,7079.0,0
2023-09-24,>30 years,Gas,60.0,2,120500.0,BY,Comparison Site,2,201000.0,Tue,16135.0,0
2023-06-23,<10 years,Gas,178.0,5,80700.0,BE,Organic,1,453000.0,Tue,10405.0,0
2024-08-27,<10 years,Electric,223.0,7,37100.0,BW,Paid Social,4,526000.0,Fri,32361.0,0
2023-03-24,10-30 years,Gas,135.0,5,73600.0,Other,Paid Social,2,310000.0,Wed,,0
2024-09-12,<10 years,Oil,206.0,8,86300.0,BY,Organic,3,554000.0,Fri,11721.0,0
2024-07-06,>30 years,Gas,211.0,8,41300.0,Other,Comparison Site,1,531000.0,Tue,15066.0,0
2023-10-12,10-30 years,Oil,129.0,6,92900.0,HE,Paid Social,6,360000.0,Fri,17675.0,0
2023-10-12,>30 years,Gas,198.0,6,47300.0,NW,Display,3,433000.0,Sun,9128.0,0
2023-01-19,<10 years,Gas,175.0,8,60800.0,BE,Organic,1,425000.0,Sun,,0
2023-10-13,10-30 years,Gas,137.0,5,93300.0,NW,Referral,4,368000.0,Thu,16573.0,0
2024-02-13,10-30 years,Oil,171.0,7,49100.0,BE,Referral,3,411000.0,Mon,20580.0,0
2024-01-21,10-30 years,Gas,161.0,6,53300.0,NW,Paid Social,5,322000.0,Mon,,0
2023-03-27,10-30 years,Oil,71.0,2,87100.0,Other,Paid Social,6,294000.0,Mon,13930.0,0
2023-10-24,10-30 years,Gas,250.0,8,73400.0,Other,Organic,2,623000.0,Tue,10938.0,0
2024-12-20,>30 years,Oil,107.0,5,30000.0,BE,Organic,5,344000.0,Mon,18381.0,0
2023-12-16,<10 years,Oil,158.0,5,32900.0,HE,Paid Social,6,389000.0,Fri,,0
2024-01-05,>30 years,Oil,223.0,7,53900.0,NW,Display,3,529000.0,Thu,13675.0,0
2023-09-02,>30 years,Gas,139.0,6,52500.0,Other,Paid Social,8,341000.0,Fri,17246.0,0
2024-08-03,>30 years,Electric,120.0,6,43200.0,NW,Paid Social,3,325000.0,Fri,18938.0,0
2023-09-15,>30 years,Gas,155.0,7,138800.0,Other,Referral,4,399000.0,Sat,8970.0,0
2023-07-22,10-30 years,Gas,136.0,6,92500.0,BW,Organic,3,312000.0,Sat,5987.0,0
2023-11-28,10-30 years,Oil,199.0,8,30000.0,Other,Display,3,521000.0,Mon,14847.0,0
2024-12-06,>30 years,Oil,117.0,3,92900.0,NW,Organic,7,301000.0,Tue,,0
2024-01-25,10-30 years,Oil,127.0,5,40000.0,BY,Display,1,339000.0,Thu,,0
2023-02-02,10-30 years,Electric,146.0,5,56600.0,BY,Organic,4,393000.0,Sun,10202.0,1
2023-07-22,>30 years,Oil,98.0,4,31900.0,BW,Organic,5,250000.0,Fri,,0
2023-12-25,10-30 years,Electric,128.0,4,96700.0,Other,Organic,3,362000.0,Wed,18625.0,0
2024-12-20,>30 years,Oil,128.0,6,64900.0,NW,Display,5,303000.0,Tue,18017.0,0
2024-01-15,10-30 years,Gas,99.0,4,103200.0,Other,Display,2,265000.0,Wed,16644.0,0
2024-01-10,>30 years,Electric,125.0,4,67000.0,NW,Organic,5,332000.0,Thu,21943.0,1
2023-07-14,>30 years,Electric,180.0,6,50200.0,Other,Referral,5,438000.0,Thu,,0
2024-12-01,10-30 years,Gas,70.0,2,43800.0,BE,Referral,4,168000.0,Thu,12448.0,0
2024-02-10,<10 years,Gas,191.0,8,30800.0,BY,Organic,3,430000.0,Fri,12082.0,0
2024-12-26,<10 years,Oil,129.0,3,52500.0,NW,Organic,5,383000.0,Thu,21687.0,0
2024-08-16,10-30 years,Gas,163.0,5,65600.0,Other,Display,3,468000.0,Thu,8794.0,0
2024-11-20,>30 years,Gas,190.0,8,30000.0,NW,Referral,2,520000.0,Sat,5927.0,0
2024-02-26,10-30 years,District,112.0,3,82700.0,BW,Paid Social,8,265000.0,Sat,,0
2023-12-11,10-30 years,Gas,168.0,5,61900.0,NW,Comparison Site,3,374000.0,Tue,,0
2023-02-08,10-30 years,Gas,98.0,5,51800.0,Other,Comparison Site,3,308000.0,Tue,14067.0,0
2023-08-21,10-30 years,Oil,94.0,2,38600.0,Other,Organic,5,284000.0,Tue,7461.0,0
2024-10-13,10-30 years,Gas,140.0,5,37400.0,BW,Display,2,293000.0,Sat,15614.0,0
2024-12-25,>30 years,Electric,144.0,6,56000.0,NW,Paid Social,2,396000.0,Mon,,0
2024-11-16,10-30 years,Gas,189.0,8,56200.0,BY,Organic,5,428000.0,Fri,,0
2024-05-05,10-30 years,Oil,91.0,4,30000.0,Other,Display,4,184000.0,Thu,23561.0,0
2023-11-18,10-30 years,Gas,174.0,7,149000.0,NW,Display,2,450000.0,Wed,15488.0,0
2024-08-20,>30 years,Oil,133.0,4,39700.0,Other,Organic,3,345000.0,Mon,,0
2024-03-27,10-30 years,Oil,144.0,4,95600.0,HE,Organic,4,317000.0,Sat,16036.0,0
2024-03-26,10-30 years,District,64.0,3,49400.0,Other,Organic,5,153000.0,Wed,5000.0,0
2024-01-23,10-30 years,Gas,141.0,5,73500.0,Other,Display,4,300000.0,Tue,19548.0,0
2023-03-06,>30 years,Electric,179.0,6,53400.0,BW,Organic,1,506000.0,Thu,9245.0,0
2023-01-07,<10 years,Oil,137.0,5,50200.0,BY,Display,5,344000.0,Mon,,0
2024-10-05,10-30 years,District,135.0,4,62500.0,BY,Display,2,281000.0,Wed,,0
2024-10-01,<10 years,Gas,223.0,8,48900.0,HE,Paid Social,1,496000.0,Tue,19161.0,0
2023-05-20,>30 years,Oil,147.0,6,93600.0,BY,Paid Social,2,379000.0,Wed,,0
2024-12-08,<10 years,Gas,78.0,3,33600.0,Other,Display,3,97000.0,Mon,,0
2023-05-01,>30 years,Gas,86.0,3,55400.0,BY,Paid Social,4,223000.0,Mon,12185.0,0
2024-11-06,10-30 years,Oil,208.0,8,44000.0,BY,Paid Social,4,566000.0,Thu,14454.0,0
2024-09-21,10-30 years,Electric,129.0,4,77200.0,BY,Display,4,287000.0,Sun,14356.0,0
2023-12-08,>30 years,Oil,181.0,5,30000.0,NW,Organic,5,468000.0,Wed,9962.0,1
2024-04-22,10-30 years,Gas,134.0,6,94800.0,BW,Paid Social,4,376000.0,Thu,21021.0,0
2023-04-12,10-30 years,Gas,165.0,8,38900.0,BE,Organic,3,412000.0,Wed,,0
2024-05-27,10-30 years,Gas,131.0,6,74700.0,BY,Referral,2,325000.0,Mon,14582.0,0
2024-08-22,10-30 years,District,143.0,5,30000.0,Other,Paid Social,2,349000.0,Wed,23712.0,0
2024-02-13,>30 years,Gas,167.0,4,46900.0,BY,Paid Social,7,495000.0,Sun,,0
2024-10-09,>30 years,Gas,99.0,5,48800.0,BW,Organic,3,274000.0,Tue,15673.0,0
2023-03-15,>30 years,Gas,161.0,6,60800.0,NW,Paid Social,2,397000.0,Thu,10527.0,0
2024-01-28,>30 years,Gas,157.0,7,71900.0,BY,Display,2,406000.0,Mon,12764.0,1
2024-10-17,>30 years,Gas,88.0,2,140500.0,Other,Organic,6,258000.0,Sun,6789.0,0
2024-11-24,>30 years,Oil,257.0,8,47300.0,HE,Paid Social,4,597000.0,Tue,14633.0,0
2023-08-04,10-30 years,Electric,135.0,4,76500.0,NW,Display,2,280000.0,Sat,17861.0,0
2024-09-02,10-30 years,Electric,107.0,2,48500.0,Other,Comparison Site,10,200000.0,Thu,15613.0,0
2024-09-08,>30 years,Electric,209.0,8,66800.0,BE,Referral,1,576000.0,Wed,,0
2023-04-26,10-30 years,District,99.0,4,31400.0,BW,Display,4,306000.0,Fri,11827.0,0
2024-11-15,>30 years,Gas,125.0,5,65000.0,BE,Organic,2,377000.0,Sat,13862.0,0
2024-02-27,<10 years,Gas,156.0,7,39700.0,BE,Comparison Site,4,477000.0,Thu,22643.0,0
2024-04-28,<10 years,Gas,126.0,5,30000.0,BY,Organic,3,339000.0,Sat,16265.0,0
2024-09-23,10-30 years,Oil,171.0,5,56600.0,BE,Organic,1,395000.0,Mon,13847.0,0
2023-03-20,<10 years,Oil,172.0,7,61700.0,Other,Paid Social,3,372000.0,Tue,17477.0,0
2023-11-03,>30 years,Oil,119.0,5,51800.0,BY,Display,5,262000.0,Wed,11817.0,0
2023-02-02,10-30 years,Gas,209.0,8,69600.0,BW,Organic,4,458000.0,Wed,18333.0,1
2024-02-16,10-30 years,Gas,138.0,4,120800.0,Other,Organic,4,361000.0,Mon,5000.0,0
2024-01-13,<10 years,Oil,158.0,6,40600.0,BY,Display,3,459000.0,Sat,19097.0,1
2024-05-20,<10 years,Gas,134.0,3,82100.0,Other,Organic,1,377000.0,Tue,7408.0,0
2024-11-17,10-30 years,Electric,132.0,3,44500.0,NW,Display,4,277000.0,Tue,18109.0,0
2023-08-01,>30 years,District,147.0,6,68200.0,Other,Organic,5,466000.0,Tue,17170.0,0
2023-01-19,>30 years,Gas,224.0,8,57400.0,Other,Paid Social,4,582000.0,Tue,9668.0,0
2023-12-17,10-30 years,Oil,167.0,6,109900.0,NW,Paid Social,6,365000.0,Fri,12559.0,0
2023-01-26,>30 years,Oil,108.0,3,58000.0,Other,Display,5,287000.0,Fri,6447.0,0
2024-01-01,>30 years,Gas,153.0,5,59500.0,BW,Paid Social,6,322000.0,Wed,7639.0,0
2023-10-04,10-30 years,Gas,128.0,6,90300.0,HE,Organic,3,379000.0,Mon,15814.0,0
2024-02-10,10-30 years,Gas,189.0,8,72500.0,BE,Organic,3,408000.0,Thu,13945.0,0
2023-10-23,10-30 years,Oil,146.0,4,76700.0,NW,Paid Social,2,355000.0,Sun,14101.0,0
2024-02-03,<10 years,Gas,93.0,3,98800.0,BE,Display,2,283000.0,Wed,17178.0,0
2023-12-15,10-30 years,Electric,166.0,7,65100.0,NW,Comparison Site,3,293000.0,Fri,6583.0,0
2024-04-20,10-30 years,District,117.0,3,109600.0,BW,Display,3,273000.0,Tue,6828.0,0
2023-11-24,<10 years,Gas,166.0,4,33000.0,Other,Display,3,381000.0,Mon,11415.0,0
2024-12-21,>30 years,Gas,188.0,6,55100.0,BY,Organic,4,595000.0,Wed,20583.0,0
2024-04-08,>30 years,Oil,139.0,5,58600.0,BY,Comparison Site,3,332000.0,Thu,6866.0,1
2023-01-05,10-30 years,Electric,144.0,6,43100.0,BY,Organic,4,371000.0,Thu,15091.0,0
2024-10-04,>30 years,Gas,157.0,5,79000.0,Other,Display,5,398000.0,Sun,20016.0,0
2024-04-19,>30 years,Oil,124.0,5,65800.0,BW,Comparison Site,8,329000.0,Tue,15165.0,0
2023-03-08,10-30 years,Electric,154.0,3,30000.0,NW,Paid Social,4,364000.0,Tue,6651.0,0
2023-06-06,10-30 years,Gas,158.0,4,97000.0,BY,Comparison Site,5,380000.0,Mon,17002.0,0
2023-12-27,10-30 years,Gas,115.0,6,89800.0,BE,Display,1,245000.0,Mon,23406.0,0
2024-08-02,<10 years,District,198.0,8,64700.0,Other,Referral,5,545000.0,Wed,,0
2024-02-23,10-30 years,Gas,81.0,3,68900.0,HE,Display,6,126000.0,Tue,19290.0,0
2023-10-15,10-30 years,Gas,182.0,7,36700.0,HE,Display,4,479000.0,Mon,19557.0,0
2023-01-05,<10 years,Gas,205.0,8,41100.0,HE,Organic,6,505000.0,Tue,14344.0,0
2024-04-10,10-30 years,Gas,182.0,6,30000.0,HE,Organic,8,417000.0,Wed,25480.0,0
2024-01-10,>30 years,District,108.0,4,45000.0,BY,Organic,5,314000.0,Sat,,0
2023-02-20,>30 years,Gas,185.0,8,57100.0,BE,Paid Social,4,509000.0,Sun,16175.0,0
2024-02-16,>30 years,Electric,234.0,8,73900.0,Other,Paid Social,2,556000.0,Tue,,0
2023-09-07,>30 years,Gas,143.0,7,36300.0,Other,Paid Social,6,319000.0,Fri,19874.0,0
2024-01-21,>30 years,Gas,150.0,6,87600.0,BW,Organic,3,444000.0,Tue,22462.0,0
2024-01-26,<10 years,Oil,181.0,6,62000.0,NW,Referral,1,435000.0,Sat,5000.0,0
2024-02-28,>30 years,District,115.0,5,90200.0,NW,Paid Social,1,343000.0,Sun,19581.0,0
2023-10-23,>30 years,Gas,89.0,2,83700.0,Other,Organic,4,268000.0,Thu,17628.0,0
2023-11-24,10-30 years,Oil,167.0,6,63200.0,BE,Organic,2,466000.0,Sat,14420.0,0
2024-02-24,10-30 years,Gas,151.0,5,69500.0,NW,Paid Social,4,360000.0,Fri,8346.0,0
2023-10-19,10-30 years,Electric,109.0,4,46300.0,Other,Referral,2,252000.0,Fri,,0
2024-03-12,<10 years,District,165.0,5,58300.0,BY,Paid Social,2,433000.0,Tue,8145.0,0
2023-01-22,10-30 years,Oil,136.0,5,64500.0,NW,Organic,1,408000.0,Wed,9836.0,0
2023-01-26,<10 years,Oil,165.0,6,83700.0,HE,Referral,5,378000.0,Thu,16409.0,0
2024-07-22,>30 years,Gas,158.0,8,61300.0,HE,Referral,4,463000.0,Sat,15546.0,0
2024-05-28,<10 years,Gas,155.0,7,133700.0,HE,Display,1,420000.0,Tue,15650.0,0
2023-12-14,10-30 years,Gas,149.0,5,62100.0,Other,Referral,3,307000.0,Sun,15360.0,1
2024-03-06,<10 years,Gas,80.0,2,30000.0,BE,Referral,5,272000.0,Thu,22098.0,0
2023-05-06,>30 years,Electric,90.0,2,49800.0,BE,Display,3,226000.0,Mon,,0
2023-11-20,>30 years,Gas,222.0,7,41100.0,BE,Paid Social,8,487000.0,Thu,18159.0,0
2023-07-03,10-30 years,Gas,205.0,8,52000.0,Other,Comparison Site,8,463000.0,Sun,12416.0,0
2023-02-23,<10 years,Electric,139.0,5,37700.0,BY,Paid Social,5,328000.0,Thu,12895.0,0
2023-07-06,10-30 years,District,167.0,6,30000.0,BE,Referral,3,495000.0,Tue,10905.0,0
2023-11-26,>30 years,Gas,83.0,3,43500.0,BE,Organic,2,120000.0,Sat,13666.0,0
2024-12-20,>30 years,Oil,91.0,4,69900.0,BE,Display,5,181000.0,Sat,,0
2024-11-23,>30 years,Gas,60.0,2,73500.0,BY,Referral,4,185000.0,Sat,,0
2023-11-26,10-30 years,Gas,107.0,5,42900.0,BY,Display,4,238000.0,Wed,20665.0,0
2024-02-09,<10 years,Gas,124.0,5,80400.0,Other,Display,4,361000.0,Sun,14331.0,0
2024-12-06,<10 years,District,178.0,5,47200.0,NW,Paid Social,7,405000.0,Sun,17002.0,0
2023-06-20,>30 years,Oil,141.0,7,44700.0,Other,Referral,4,293000.0,Tue,12712.0,0
2023-10-02,10-30 years,Electric,161.0,8,50100.0,BW,Paid Social,2,440000.0,Sat,13081.0,0
2023-04-28,>30 years,Gas,135.0,7,30000.0,BY,Comparison Site,3,402000.0,Thu,,0
2024-12-10,>30 years,Gas,145.0,5,53600.0,BY,Organic,2,243000.0,Fri,8749.0,0
2024-12-28,>30 years,Gas,135.0,5,31200.0,BY,Display,6,351000.0,Sun,15343.0,0
2024-03-04,10-30 years,Electric,160.0,6,47400.0,Other,Display,5,460000.0,Sun,5000.0,0
2024-10-12,<10 years,Gas,60.0,3,43500.0,NW,Organic,3,117000.0,Tue,19424.0,0
2023-03-06,>30 years,Gas,150.0,5,85400.0,NW,Referral,3,425000.0,Sun,,0
2024-05-02,>30 years,Gas,144.0,8,41200.0,NW,Organic,6,301000.0,Thu,12295.0,0
2024-01-10,10-30 years,Oil,217.0,8,146200.0,Other,Paid Social,3,488000.0,Thu,10099.0,0
2023-12-17,>30 years,Gas,159.0,6,43400.0,NW,Referral,2,364000.0,Wed,5039.0,0
2024-10-18,10-30 years,Gas,214.0,8,48800.0,Other,Paid Social,6,531000.0,Fri,10212.0,0
2023-12-09,<10 years,Gas,119.0,5,64900.0,NW,Referral,1,289000.0,Thu,14606.0,0
2024-01-14,10-30 years,Oil,120.0,5,46000.0,BY,Organic,4,282000.0,Thu,12223.0,0
2023-10-08,>30 years,Oil,217.0,8,85900.0,NW,Organic,7,531000.0,Tue,6876.0,0
2023-10-22,10-30 years,District,141.0,5,30000.0,NW,Organic,2,389000.0,Wed,5257.0,0
2024-02-17,10-30 years,Gas,118.0,5,63000.0,BY,Organic,2,387000.0,Thu,8915.0,0
2024-07-20,<10 years,District,151.0,5,44900.0,BW,Comparison Site,4,431000.0,Fri,14072.0,0
2023-06-11,10-30 years,Gas,158.0,7,80000.0,Other,Organic,5,335000.0,Mon,20561.0,0
2024-11-22,>30 years,Gas,199.0,7,57600.0,HE,Organic,2,552000.0,Thu,21976.0,0
2024-11-23,<10 years,Oil,118.0,5,71600.0,BY,Organic,4,423000.0,Thu,17271.0,0
2023-12-20,>30 years,Oil,180.0,6,86300.0,NW,Display,4,450000.0,Thu,21591.0,0
2023-10-19,>30 years,Gas,220.0,7,103400.0,HE,Paid Social,3,580000.0,Sun,17634.0,0
2024-10-25,>30 years,Oil,195.0,8,68700.0,BE,Display,1,492000.0,Mon,21057.0,0
2023-08-03,>30 years,Gas,222.0,7,115300.0,HE,Paid Social,3,622000.0,Tue,13008.0,0
2024-01-10,10-30 years,Oil,150.0,6,37600.0,BY,Organic,4,355000.0,Wed,11433.0,0
2024-12-28,10-30 years,Oil,174.0,6,50600.0,BW,Paid Social,5,465000.0,Mon,14958.0,0
2023-04-09,<10 years,Gas,119.0,5,44900.0,BW,Referral,2,258000.0,Mon,12457.0,0
2023-09-26,10-30 years,Gas,248.0,8,60600.0,BW,Referral,3,644000.0,Wed,14776.0,1
2024-04-10,10-30 years,Gas,186.0,6,63600.0,NW,Display,1,506000.0,Tue,17176.0,0
2024-10-13,10-30 years,Gas,159.0,6,47300.0,NW,Paid Social,5,403000.0,Fri,22187.0,0
2023-11-27,>30 years,Gas,148.0,8,91800.0,Other,Display,2,342000.0,Sun,,0
2024-01-26,>30 years,Gas,65.0,2,30000.0,BW,Organic,5,108000.0,Sat,18258.0,0
2023-03-14,10-30 years,Gas,63.0,2,90900.0,HE,Organic,7,195000.0,Mon,13082.0,0
2023-12-16,<10 years,Gas,106.0,3,46100.0,HE,Organic,2,207000.0,Sat,18482.0,0
2023-05-19,10-30 years,Oil,128.0,5,69800.0,BW,Organic,6,412000.0,Mon,9101.0,0
2023-03-18,10-30 years,Oil,176.0,7,35300.0,Other,Comparison Site,3,469000.0,Fri,11864.0,0
2024-01-23,>30 years,Electric,182.0,7,64300.0,Other,Paid Social,4,483000.0,Tue,14059.0,1
2023-01-09,10-30 years,Gas,150.0,6,64700.0,BY,Referral,2,377000.0,Tue,,1
2023-12-23,<10 years,Gas,163.0,6,88900.0,BY,Organic,2,303000.0,Tue,5000.0,0
2023-11-10,10-30 years,Oil,143.0,5,85200.0,BY,Referral,5,383000.0,Sat,21163.0,1
2024-08-25,10-30 years,District,194.0,6,33700.0,NW,Referral,2,358000.0,Wed,12615.0,0
2023-10-17,10-30 years,District,121.0,6,57900.0,BY,Organic,1,344000.0,Wed,,0
2024-03-22,10-30 years,Oil,137.0,5,84800.0,BY,Organic,4,309000.0,Sat,19893.0,0
2023-10-02,10-30 years,Oil,158.0,4,46400.0,HE,Comparison Site,7,481000.0,Thu,11054.0,0
2023-12-04,10-30 years,Oil,119.0,5,30000.0,NW,Display,10,293000.0,Sat,,0
2024-03-21,10-30 years,Gas,90.0,4,60100.0,NW,Organic,5,207000.0,Tue,,0
2024-01-01,10-30 years,Oil,164.0,6,33600.0,BW,Organic,1,415000.0,Thu,15958.0,0
2024-01-19,>30 years,Gas,240.0,8,46100.0,BE,Referral,1,590000.0,Tue,16603.0,0
2023-02-25,10-30 years,Gas,155.0,4,40700.0,Other,Organic,1,441000.0,Thu,14169.0,0
2023-10-16,10-30 years,Oil,180.0,4,53000.0,Other,Referral,3,458000.0,Sun,12026.0,0
2023-03-11,<10 years,Electric,136.0,4,92000.0,BY,Display,2,366000.0,Sat,14329.0,0
2024-12-26,<10 years,Gas,166.0,6,74700.0,NW,Display,6,471000.0,Tue,17339.0,0
2023-04-06,10-30 years,Oil,93.0,4,94600.0,Other,Paid Social,8,196000.0,Thu,,0
2024-03-03,<10 years,Gas,107.0,4,71900.0,BY,Organic,4,206000.0,Sun,18357.0,0
2023-11-08,10-30 years,Gas,174.0,6,62900.0,HE,Display,3,370000.0,Mon,12818.0,0
2024-10-19,<10 years,Oil,141.0,5,98900.0,Other,Display,1,347000.0,Wed,15868.0,0
2023-01-01,<10 years,District,83.0,3,33100.0,BW,Organic,6,184000.0,Fri,,0
2024-12-13,<10 years,Gas,133.0,5,103800.0,BW,Organic,9,357000.0,Mon,,0
2024-11-09,>30 years,Electric,187.0,6,73800.0,BY,Comparison Site,1,542000.0,Fri,17716.0,1
2023-03-02,10-30 years,Gas,125.0,5,85000.0,NW,Display,1,413000.0,Sat,18884.0,0
2023-05-08,<10 years,Electric,60.0,2,47300.0,BW,Referral,3,184000.0,Mon,7182.0,0
2024-11-12,10-30 years,Electric,220.0,8,42800.0,NW,Organic,2,551000.0,Mon,8127.0,0
2023-11-13,10-30 years,Electric,155.0,6,60300.0,BY,Paid Social,4,517000.0,Tue,7110.0,0
2024-03-17,>30 years,District,215.0,8,37000.0,Other,Display,4,517000.0,Sat,22618.0,0
2024-04-14,<10 years,Gas,164.0,7,49500.0,NW,Organic,4,476000.0,Wed,25010.0,0
2023-06-27,>30 years,Gas,124.0,5,50700.0,BW,Organic,1,385000.0,Fri,15900.0,0
2023-11-17,10-30 years,Oil,164.0,4,49100.0,NW,Paid Social,3,458000.0,Sat,,0
2023-02-20,10-30 years,Oil,163.0,6,44800.0,NW,Referral,2,447000.0,Wed,11875.0,0
2023-12-24,10-30 years,Electric,223.0,8,31200.0,BY,Paid Social,3,546000.0,Wed,,0
2024-03-27,>30 years,Gas,201.0,8,72500.0,NW,Referral,5,580000.0,Thu,,0
2024-05-28,10-30 years,Oil,177.0,6,64300.0,Other,Organic,4,404000.0,Sat,18833.0,0
2024-04-04,<10 years,Oil,165.0,5,37300.0,BY,Organic,5,395000.0,Mon,15290.0,0
2024-09-16,10-30 years,Gas,153.0,6,69000.0,BE,Organic,3,431000.0,Thu,,0
2023-01-16,<10 years,Oil,127.0,4,52900.0,BE,Display,3,312000.0,Wed,21033.0,0
2024-08-26,>30 years,Gas,193.0,7,41600.0,NW,Display,2,514000.0,Sun,14553.0,0
2024-11-09,10-30 years,Electric,133.0,6,75400.0,Other,Organic,5,295000.0,Wed,16049.0,0
2023-11-26,10-30 years,Gas,140.0,5,59700.0,Other,Display,4,302000.0,Wed,13876.0,0
2024-11-23,<10 years,Gas,153.0,5,102500.0,BW,Referral,6,436000.0,Fri,9490.0,0
2023-11-27,<10 years,Gas,125.0,5,44600.0,NW,Paid Social,2,311000.0,Fri,13136.0,0
2024-04-02,10-30 years,Gas,132.0,3,71100.0,BW,Display,3,228000.0,Sun,13485.0,0
2024-09-10,10-30 years,Oil,150.0,7,110600.0,BY,Paid Social,6,414000.0,Wed,5000.0,0
2023-07-17,10-30 years,Electric,147.0,4,62300.0,BY,Display,5,329000.0,Sat,13285.0,0
2024-11-28,<10 years,Oil,208.0,8,39000.0,Other,Referral,2,530000.0,Mon,10433.0,0
2024-10-21,>30 years,Gas,89.0,6,48400.0,BY,Display,3,243000.0,Sun,8398.0,0
2023-01-23,<10 years,Gas,172.0,6,103700.0,Other,Paid Social,4,431000.0,Mon,5000.0,0
2024-03-01,10-30 years,Gas,131.0,5,101900.0,BW,Referral,6,281000.0,Tue,10840.0,0
2023-01-19,10-30 years,Gas,136.0,6,48600.0,NW,Comparison Site,3,273000.0,Fri,,0
2024-08-18,10-30 years,Gas,60.0,2,43900.0,NW,Organic,2,120000.0,Fri,13518.0,0
2024-01-10,<10 years,Oil,120.0,5,81100.0,NW,Paid Social,3,314000.0,Mon,8186.0,1
2024-12-15,>30 years,Gas,171.0,6,42500.0,BW,Organic,1,422000.0,Sat,7786.0,0
2023-04-23,10-30 years,Oil,122.0,5,61400.0,BY,Organic,5,306000.0,Fri,13745.0,0
2024-03-25,<10 years,Oil,131.0,5,30000.0,HE,Display,3,416000.0,Wed,,0
2024-09-07,10-30 years,Gas,138.0,3,110500.0,Other,Comparison Site,3,372000.0,Wed,13923.0,0
2024-02-01,<10 years,District,158.0,5,65100.0,BE,Referral,4,438000.0,Tue,11664.0,0
2024-01-14,10-30 years,Gas,217.0,8,50000.0,HE,Organic,1,626000.0,Sun,,0
2023-01-01,>30 years,Gas,147.0,5,69200.0,Other,Organic,1,368000.0,Sat,21678.0,0
2023-12-02,>30 years,District,266.0,8,77600.0,Other,Display,4,714000.0,Fri,15418.0,0
2023-01-27,10-30 years,Gas,253.0,8,30000.0,Other,Paid Social,2,654000.0,Sat,17212.0,0
2023-12-19,10-30 years,Gas,216.0,8,42900.0,BW,Paid Social,2,541000.0,Sun,10033.0,0
2023-12-12,10-30 years,Gas,191.0,7,51300.0,BY,Paid Social,4,510000.0,Sat,8506.0,0
2023-11-04,10-30 years,Gas,164.0,4,34500.0,BE,Display,5,399000.0,Sat,6531.0,0
2024-11-21,10-30 years,Oil,211.0,6,50100.0,BY,Paid Social,4,581000.0,Wed,16657.0,1
2024-04-02,<10 years,Electric,234.0,7,50300.0,NW,Organic,5,508000.0,Sat,15424.0,0
2024-03-25,>30 years,Oil,154.0,5,43500.0,HE,Organic,4,464000.0,Wed,,0
2023-01-25,10-30 years,Oil,161.0,7,47400.0,HE,Organic,5,440000.0,Fri,21187.0,0
2023-03-21,10-30 years,Oil,181.0,5,53300.0,BY,Organic,4,512000.0,Mon,11300.0,0
2023-05-01,<10 years,Electric,146.0,5,30000.0,Other,Referral,2,404000.0,Sun,,0
2024-04-18,>30 years,Oil,209.0,8,81900.0,HE,Organic,3,569000.0,Thu,13354.0,0
2023-11-09,10-30 years,District,101.0,3,70900.0,BE,Organic,3,195000.0,Tue,14480.0,0
2023-05-10,10-30 years,Gas,164.0,5,50400.0,Other,Referral,1,428000.0,Thu,,0
2024-12-06,10-30 years,Gas,102.0,4,59700.0,BW,Comparison Site,6,347000.0,Thu,,0
2023-02-24,>30 years,Gas,148.0,4,58400.0,NW,Organic,7,365000.0,Thu,11680.0,0
2023-05-14,10-30 years,Electric,121.0,5,126700.0,BW,Referral,1,275000.0,Sun,9167.0,0
2024-11-21,<10 years,Gas,148.0,5,45000.0,BW,Organic,5,319000.0,Sat,11069.0,0
2024-11-28,>30 years,Oil,83.0,3,67000.0,BE,Display,4,192000.0,Wed,5000.0,0
2023-12-13,10-30 years,Oil,174.0,8,30000.0,Other,Display,4,476000.0,Sat,,0
2023-01-06,10-30 years,District,135.0,3,67100.0,BW,Paid Social,1,322000.0,Fri,5748.0,0
2024-08-08,10-30 years,Oil,192.0,7,49900.0,Other,Referral,2,494000.0,Sat,23810.0,0
2023-03-08,10-30 years,Oil,148.0,5,67600.0,BY,Organic,4,383000.0,Tue,11650.0,1
2023-01-03,<10 years,Electric,184.0,7,64200.0,BE,Paid Social,3,442000.0,Sun,12874.0,0
2024-10-15,>30 years,District,131.0,5,59000.0,BE,Display,6,276000.0,Mon,18813.0,0
2024-08-02,10-30 years,Gas,182.0,7,63700.0,BE,Referral,4,450000.0,Tue,14739.0,0
2024-11-25,>30 years,District,234.0,8,81900.0,HE,Organic,5,573000.0,Thu,10016.0,0
2023-06-14,>30 years,Gas,119.0,6,54400.0,BW,Paid Social,2,262000.0,Sun,15032.0,0
2023-09-28,>30 years,Electric,182.0,8,52300.0,BW,Paid Social,6,392000.0,Tue,6602.0,0
2023-04-24,10-30 years,Gas,100.0,4,88700.0,BW,Paid Social,2,214000.0,Fri,13075.0,0
2024-01-25,<10 years,Gas,145.0,5,63400.0,Other,Paid Social,3,373000.0,Wed,20379.0,0
2024-10-06,>30 years,Electric,76.0,3,44300.0,BY,Comparison Site,3,144000.0,Mon,10590.0,0
2023-11-08,>30 years,Oil,177.0,6,71300.0,BY,Organic,4,467000.0,Mon,23764.0,0
2024-01-18,>30 years,Gas,126.0,7,54200.0,Other,Referral,5,296000.0,Sun,12099.0,0
2023-01-16,10-30 years,Gas,180.0,8,34700.0,BW,Paid Social,5,465000.0,Sat,20287.0,0
2023-12-14,10-30 years,District,162.0,7,71500.0,Other,Display,3,455000.0,Wed,12386.0,0
2023-03-19,>30 years,Gas,140.0,5,50900.0,Other,Comparison Site,3,411000.0,Tue,,0
2024-11-05,>30 years,Gas,181.0,7,30000.0,BE,Paid Social,2,449000.0,Fri,16549.0,0
2023-03-21,<10 years,Oil,192.0,5,35500.0,Other,Referral,2,509000.0,Sat,,0
2023-10-25,10-30 years,Gas,133.0,6,76800.0,NW,Organic,4,334000.0,Fri,10935.0,0
2024-12-18,10-30 years,Oil,194.0,7,65700.0,BW,Display,2,484000.0,Wed,14319.0,1
2024-04-03,<10 years,Gas,141.0,6,55800.0,BY,Paid Social,2,302000.0,Sat,17312.0,0
2024-03-09,>30 years,Gas,60.0,3,71700.0,BW,Display,3,185000.0,Sun,,0
2024-01-02,10-30 years,District,159.0,5,75600.0,NW,Organic,3,438000.0,Wed,10485.0,0
2024-12-02,10-30 years,District,124.0,4,81600.0,Other,Paid Social,2,259000.0,Sun,,0
2023-11-22,>30 years,Electric,135.0,5,81100.0,HE,Paid Social,4,360000.0,Tue,,0
2024-09-18,<10 years,Electric,69.0,2,47000.0,NW,Referral,1,186000.0,Tue,,0
2024-12-13,>30 years,Gas,162.0,5,30000.0,Other,Paid Social,4,379000.0,Fri,,0
2023-10-25,>30 years,Gas,122.0,5,47800.0,HE,Paid Social,3,320000.0,Fri,17358.0,0
2023-02-08,>30 years,Oil,129.0,4,157400.0,Other,Paid Social,4,295000.0,Thu,19535.0,0
2024-12-28,10-30 years,Gas,192.0,8,81000.0,Other,Paid Social,5,436000.0,Thu,12036.0,0
2023-01-16,<10 years,Gas,66.0,2,50500.0,Other,Organic,3,214000.0,Mon,12877.0,0
2024-12-16,10-30 years,Gas,165.0,6,50000.0,BE,Organic,3,417000.0,Fri,11521.0,0
2024-10-07,10-30 years,Gas,166.0,3,98500.0,HE,Comparison Site,2,427000.0,Sun,22051.0,0
2023-01-04,10-30 years,Gas,159.0,4,37700.0,BY,Referral,5,372000.0,Thu,21156.0,0
2024-01-19,10-30 years,Gas,194.0,7,77700.0,Other,Comparison Site,3,584000.0,Mon,9101.0,0
2024-12-25,10-30 years,District,185.0,7,33800.0,HE,Display,4,452000.0,Tue,13319.0,0
2023-02-10,10-30 years,Gas,155.0,5,93900.0,Other,Referral,2,319000.0,Sat,19742.0,0
2023-06-05,>30 years,Oil,120.0,5,58100.0,Other,Paid Social,1,373000.0,Thu,12970.0,0
2023-04-15,>30 years,Gas,132.0,3,88000.0,NW,Paid Social,3,301000.0,Sat,,0
2024-11-18,10-30 years,Electric,149.0,6,50000.0,Other,Comparison Site,5,392000.0,Fri,,0
2024-06-18,>30 years,Oil,60.0,2,132600.0,HE,Organic,6,182000.0,Sun,24449.0,0
2023-01-01,<10 years,Gas,130.0,7,66400.0,BE,Organic,3,356000.0,Tue,7548.0,0
2024-02-11,>30 years,Gas,198.0,7,75200.0,NW,Display,5,526000.0,Sat,17458.0,0
2023-08-23,10-30 years,Oil,134.0,7,94200.0,Other,Organic,7,381000.0,Fri,5807.0,0
2024-11-03,10-30 years,Gas,182.0,7,120300.0,NW,Paid Social,6,422000.0,Tue,12718.0,0
2024-04-17,10-30 years,Gas,185.0,7,54200.0,BW,Comparison Site,1,453000.0,Tue,,0
2024-11-15,10-30 years,Gas,198.0,7,63600.0,Other,Organic,2,443000.0,Sat,,0
2023-11-23,10-30 years,Gas,137.0,6,69700.0,Other,Paid Social,3,272000.0,Fri,20225.0,0
2023-02-13,<10 years,Gas,140.0,6,98200.0,BW,Display,2,397000.0,Thu,,0
2024-01-24,<10 years,Gas,162.0,7,85700.0,HE,Organic,3,395000.0,Sat,,0
2024-01-21,10-30 years,Gas,118.0,5,30000.0,BE,Organic,4,306000.0,Tue,26778.0,0
2024-09-26,<10 years,Electric,122.0,4,34400.0,NW,Display,5,291000.0,Sun,16473.0,0
2023-05-07,10-30 years,District,190.0,8,80100.0,Other,Comparison Site,5,511000.0,Mon,11941.0,0
2024-02-24,<10 years,Gas,122.0,4,117900.0,Other,Display,6,187000.0,Sat,,0
2024-12-11,<10 years,Gas,170.0,5,49400.0,Other,Organic,10,371000.0,Tue,,0
2023-02-19,>30 years,District,166.0,7,75600.0,HE,Paid Social,3,407000.0,Sat,,0
2024-12-11,10-30 years,Oil,150.0,6,49500.0,NW,Display,6,318000.0,Thu,23488.0,0
2024-08-27,>30 years,Electric,161.0,5,63500.0,HE,Display,6,430000.0,Tue,18612.0,0
2024-04-03,10-30 years,Gas,177.0,8,44200.0,HE,Organic,6,410000.0,Sun,16626.0,0
2024-12-16,>30 years,Gas,208.0,8,48300.0,BW,Organic,5,583000.0,Fri,16681.0,0
2024-02-15,10-30 years,District,112.0,3,56500.0,Other,Referral,6,197000.0,Thu,15420.0,0
2024-02-18,10-30 years,Gas,111.0,6,66300.0,Other,Organic,2,288000.0,Tue,,0
2024-03-01,10-30 years,Oil,146.0,7,109500.0,NW,Comparison Site,4,395000.0,Sun,21410.0,0
2024-12-09,10-30 years,Oil,164.0,7,43200.0,BW,Organic,3,428000.0,Thu,13903.0,1
2024-01-23,10-30 years,Electric,161.0,7,107800.0,NW,Organic,4,405000.0,Sun,12689.0,1
2024-03-12,>30 years,District,219.0,7,79600.0,BW,Display,1,542000.0,Thu,12195.0,0
2023-01-01,>30 years,Gas,112.0,4,46300.0,Other,Organic,7,225000.0,Fri,23928.0,0
2023-01-06,10-30 years,Gas,84.0,3,45600.0,BW,Comparison Site,4,147000.0,Wed,12498.0,0
2024-09-27,>30 years,Gas,171.0,7,36900.0,BW,Organic,1,385000.0,Fri,13656.0,0
2023-12-06,>30 years,Electric,159.0,6,43200.0,HE,Display,3,409000.0,Sun,6032.0,0
2024-02-25,10-30 years,Gas,145.0,6,32700.0,BW,Paid Social,5,451000.0,Fri,17247.0,0
2023-07-01,>30 years,Gas,182.0,6,60000.0,HE,Organic,5,497000.0,Mon,14457.0,0
2023-12-21,<10 years,Electric,85.0,2,50400.0,Other,Display,3,157000.0,Thu,17437.0,0
2023-03-03,<10 years,Oil,81.0,3,44800.0,BY,Referral,3,265000.0,Thu,21644.0,0
2023-12-24,<10 years,Electric,70.0,2,97100.0,Other,Referral,7,211000.0,Fri,26304.0,0
2023-10-18,>30 years,Oil,122.0,5,63500.0,HE,Paid Social,3,335000.0,Tue,8037.0,0
2023-12-12,<10 years,Gas,199.0,7,67500.0,BY,Comparison Site,3,499000.0,Mon,12182.0,0
2023-01-17,<10 years,Gas,91.0,4,90300.0,HE,Referral,2,236000.0,Tue,10266.0,0
2023-01-22,<10 years,Gas,152.0,6,37600.0,BW,Paid Social,2,439000.0,Fri,,0
2024-06-27,10-30 years,Gas,162.0,7,55500.0,NW,Organic,2,405000.0,Sat,13723.0,0
2024-11-22,10-30 years,Oil,212.0,7,92100.0,BW,Organic,4,565000.0,Sun,8685.0,0
2024-06-08,<10 years,Gas,116.0,5,33600.0,NW,Referral,3,292000.0,Fri,18355.0,0
2024-07-24,10-30 years,Gas,114.0,4,67900.0,Other,Referral,3,264000.0,Sun,15188.0,0
2024-12-15,10-30 years,Oil,191.0,8,108100.0,BE,Display,3,443000.0,Thu,9832.0,0
2024-02-03,10-30 years,Electric,107.0,4,30000.0,BY,Paid Social,7,345000.0,Wed,,0
2023-02-16,>30 years,District,198.0,8,108300.0,BY,Paid Social,1,557000.0,Tue,24628.0,0
2023-09-20,>30 years,Oil,164.0,4,81700.0,BE,Paid Social,4,415000.0,Sun,17103.0,0
2023-10-10,10-30 years,Gas,79.0,3,64500.0,BE,Paid Social,1,338000.0,Tue,14790.0,0
2023-09-05,10-30 years,Electric,176.0,6,94800.0,BW,Display,5,515000.0,Fri,8180.0,0
2024-07-15,>30 years,Oil,168.0,6,69500.0,BE,Organic,9,409000.0,Sat,13029.0,0
2024-09-11,10-30 years,District,140.0,4,40500.0,Other,Organic,1,413000.0,Tue,17385.0,0
2024-09-28,>30 years,Oil,125.0,5,50600.0,Other,Organic,3,341000.0,Mon,18816.0,0
2023-10-16,10-30 years,Gas,215.0,8,57900.0,NW,Display,1,453000.0,Sat,15136.0,0
2024-07-14,10-30 years,District,60.0,3,76400.0,Other,Referral,1,108000.0,Sat,,0
2024-06-05,10-30 years,Oil,89.0,2,44900.0,NW,Paid Social,2,228000.0,Fri,8535.0,0
2023-03-16,10-30 years,Gas,129.0,4,64100.0,HE,Paid Social,3,285000.0,Fri,16656.0,0
2023-08-24,10-30 years,Gas,169.0,6,61000.0,Other,Organic,3,437000.0,Sun,13694.0,0
2024-10-26,10-30 years,Gas,150.0,5,63900.0,Other,Organic,4,363000.0,Tue,,0
2023-04-11,>30 years,Oil,122.0,5,80400.0,NW,Referral,3,313000.0,Fri,22300.0,0
2024-03-13,10-30 years,Oil,171.0,6,50100.0,HE,Organic,5,388000.0,Sun,13816.0,0
2024-10-10,10-30 years,Gas,80.0,3,41100.0,HE,Referral,6,151000.0,Thu,8197.0,0
2024-11-02,10-30 years,Electric,165.0,4,55900.0,BY,Referral,3,354000.0,Mon,16060.0,0
2024-03-05,10-30 years,Oil,138.0,4,32000.0,BW,Referral,1,277000.0,Thu,,0
2023-10-07,10-30 years,Gas,177.0,6,73700.0,BW,Display,2,427000.0,Fri,,0
2023-12-14,10-30 years,Gas,170.0,7,72700.0,BW,Organic,2,489000.0,Mon,11802.0,0
2024-11-22,10-30 years,Electric,180.0,8,64800.0,BY,Paid Social,6,449000.0,Tue,11173.0,0
2023-02-28,10-30 years,Gas,126.0,4,35700.0,NW,Organic,3,276000.0,Sun,16373.0,0
2024-01-19,10-30 years,Electric,121.0,5,40900.0,Other,Paid Social,3,300000.0,Sat,,0
2024-06-17,>30 years,Gas,158.0,7,115000.0,BW,Display,3,368000.0,Sat,16396.0,0
2024-01-07,>30 years,Gas,92.0,3,54000.0,BY,Display,4,172000.0,Thu,23008.0,0
2023-03-18,>30 years,Electric,239.0,8,80400.0,HE,Organic,5,496000.0,Wed,18743.0,0
2023-05-24,>30 years,Oil,214.0,8,171100.0,NW,Paid Social,1,498000.0,Sat,,0
2024-06-08,<10 years,Gas,88.0,3,53100.0,Other,Organic,5,206000.0,Wed,21120.0,0
2024-11-01,>30 years,District,159.0,7,73100.0,Other,Comparison Site,1,398000.0,Sat,5000.0,0
2024-04-15,<10 years,Gas,197.0,6,58000.0,BY,Comparison Site,2,528000.0,Sat,10836.0,0
2023-08-02,10-30 years,Electric,134.0,7,77800.0,BE,Display,4,337000.0,Fri,19866.0,0
2023-07-17,10-30 years,Oil,120.0,3,73700.0,BY,Referral,3,433000.0,Mon,18899.0,0
2023-02-15,>30 years,Gas,197.0,7,73700.0,BE,Display,2,507000.0,Sun,,0
2024-12-05,10-30 years,Oil,204.0,7,108800.0,BW,Referral,4,503000.0,Sun,11603.0,1
2024-10-11,10-30 years,District,86.0,2,44800.0,BY,Comparison Site,2,223000.0,Mon,10304.0,0
2023-06-02,>30 years,Oil,155.0,7,64700.0,BW,Comparison Site,2,443000.0,Sat,,1
2023-12-22,10-30 years,Oil,145.0,5,58700.0,NW,Display,6,270000.0,Mon,,0
2023-07-16,10-30 years,Gas,80.0,2,39500.0,HE,Comparison Site,1,226000.0,Sun,12448.0,0
2024-02-20,<10 years,Electric,86.0,3,64200.0,BY,Paid Social,3,251000.0,Mon,13192.0,0
2023-01-01,>30 years,District,113.0,3,94800.0,Other,Organic,1,309000.0,Sun,15668.0,0
2023-02-08,>30 years,Electric,151.0,8,33500.0,NW,Organic,1,424000.0,Sat,8052.0,0
2023-11-18,>30 years,Oil,202.0,5,89900.0,HE,Paid Social,3,454000.0,Thu,10306.0,0
2023-01-26,10-30 years,Gas,60.0,2,70700.0,NW,Organic,3,185000.0,Tue,20350.0,0
2023-10-16,10-30 years,Electric,155.0,7,86600.0,Other,Organic,1,462000.0,Sun,14576.0,0
2023-02-04,10-30 years,Gas,112.0,4,60700.0,NW,Paid Social,4,225000.0,Fri,14702.0,0
2024-12-05,10-30 years,Electric,171.0,6,198700.0,Other,Display,1,530000.0,Mon,17687.0,0
2024-10-14,10-30 years,Gas,191.0,6,71000.0,Other,Comparison Site,3,375000.0,Thu,13647.0,0
2023-01-25,10-30 years,Gas,192.0,8,65400.0,BW,Display,2,463000.0,Thu,19878.0,0
2023-08-03,>30 years,Oil,146.0,7,62200.0,Other,Referral,3,405000.0,Thu,6585.0,1
2024-10-13,>30 years,Electric,137.0,4,44100.0,BY,Display,7,289000.0,Thu,15568.0,0
2023-12-15,<10 years,Electric,203.0,8,53700.0,BW,Paid Social,4,510000.0,Mon,18946.0,0
2023-02-02,10-30 years,Gas,137.0,6,50400.0,BY,Organic,1,328000.0,Tue,12367.0,0
2023-03-05,10-30 years,Gas,152.0,5,76200.0,BW,Organic,3,392000.0,Sat,16618.0,0
2024-09-07,10-30 years,District,132.0,5,88600.0,HE,Referral,2,399000.0,Wed,13380.0,0
2024-04-12,10-30 years,Gas,163.0,6,93400.0,NW,Organic,4,475000.0,Sat,,0
2024-11-28,10-30 years,Oil,95.0,3,51700.0,NW,Organic,2,234000.0,Wed,,0
2024-04-02,>30 years,District,138.0,6,35000.0,HE,Referral,5,333000.0,Tue,16564.0,0
2023-10-06,10-30 years,Electric,154.0,5,81100.0,NW,Paid Social,4,297000.0,Sun,18741.0,0
2023-04-10,10-30 years,Gas,191.0,8,42900.0,Other,Display,3,520000.0,Wed,13903.0,0
2023-12-28,>30 years,Oil,143.0,5,96900.0,HE,Referral,3,388000.0,Tue,14936.0,1
2023-01-26,>30 years,Oil,60.0,3,74400.0,HE,Paid Social,8,200000.0,Thu,20040.0,0
2023-11-01,10-30 years,Gas,126.0,4,76400.0,NW,Referral,1,335000.0,Sat,18150.0,0
2023-12-02,>30 years,Gas,208.0,8,46300.0,NW,Display,3,445000.0,Fri,15537.0,0
2024-04-10,10-30 years,Electric,156.0,6,52900.0,Other,Organic,2,335000.0,Tue,17120.0,0
2024-11-08,>30 years,Gas,121.0,4,49600.0,BW,Display,5,279000.0,Sun,12766.0,0
2023-01-12,10-30 years,Oil,110.0,5,93300.0,BY,Paid Social,2,305000.0,Wed,11365.0,0
2024-05-17,<10 years,Oil,165.0,8,41000.0,NW,Organic,3,308000.0,Wed,6567.0,0
2024-12-03,>30 years,Gas,123.0,4,87400.0,Other,Comparison Site,4,336000.0,Thu,,0
2024-03-11,10-30 years,Gas,151.0,6,86100.0,Other,Referral,3,341000.0,Tue,6893.0,0
2024-04-08,10-30 years,Electric,119.0,3,56500.0,BW,Organic,1,286000.0,Wed,16279.0,0
2024-10-17,>30 years,Gas,114.0,4,122500.0,BW,Referral,1,346000.0,Tue,,0
2024-12-06,10-30 years,Oil,135.0,6,74400.0,Other,Referral,2,302000.0,Tue,14037.0,0
2024-03-18,10-30 years,Gas,145.0,5,30000.0,BY,Paid Social,4,260000.0,Sun,12177.0,0
2023-11-07,>30 years,Gas,148.0,6,69300.0,NW,Paid Social,5,337000.0,Tue,,0
2023-11-25,>30 years,Gas,139.0,4,40300.0,BW,Paid Social,3,397000.0,Thu,10889.0,0
2023-12-21,>30 years,Gas,194.0,8,51200.0,NW,Paid Social,3,529000.0,Sun,14609.0,0
2023-01-12,>30 years,Gas,134.0,4,92200.0,Other,Paid Social,3,383000.0,Thu,22258.0,0
2023-09-02,>30 years,Oil,208.0,8,43700.0,NW,Paid Social,4,621000.0,Mon,,0
2023-11-28,>30 years,Gas,144.0,4,89100.0,Other,Comparison Site,3,333000.0,Sat,18792.0,0
2024-12-20,10-30 years,Gas,124.0,5,59800.0,NW,Organic,3,248000.0,Fri,,0
2024-12-02,<10 years,Gas,162.0,6,54900.0,BE,Comparison Site,3,394000.0,Wed,22979.0,1
2024-12-25,10-30 years,Oil,180.0,7,36500.0,BY,Referral,2,442000.0,Sat,13172.0,0
2024-12-15,<10 years,Oil,117.0,6,39200.0,HE,Referral,4,275000.0,Tue,20334.0,0
2023-11-26,<10 years,Gas,93.0,3,87000.0,Other,Paid Social,1,343000.0,Fri,21420.0,0
2024-05-21,>30 years,Oil,190.0,7,48800.0,Other,Organic,5,456000.0,Sat,21582.0,0
2024-03-10,10-30 years,Oil,204.0,8,53100.0,BW,Display,5,553000.0,Thu,11575.0,0
2024-11-03,>30 years,Gas,172.0,6,58700.0,Other,Referral,2,377000.0,Sat,5788.0,0
2024-04-09,10-30 years,Electric,120.0,4,72200.0,HE,Paid Social,2,287000.0,Wed,7286.0,0
2024-04-26,10-30 years,Gas,144.0,6,122800.0,BY,Organic,4,408000.0,Sun,19511.0,0
2023-01-19,<10 years,Gas,102.0,4,77100.0,Other,Organic,5,303000.0,Fri,5454.0,0
2023-12-04,>30 years,Electric,191.0,7,177100.0,HE,Organic,5,519000.0,Sat,15143.0,0
2024-09-16,<10 years,Gas,159.0,7,77100.0,HE,Display,3,420000.0,Sat,12865.0,0
2024-02-15,10-30 years,Gas,168.0,6,37400.0,Other,Comparison Site,5,318000.0,Wed,5000.0,0
2024-08-27,<10 years,District,155.0,5,63000.0,BY,Display,3,418000.0,Wed,16034.0,0
2023-02-28,10-30 years,Oil,150.0,5,155400.0,HE,Organic,2,406000.0,Mon,13523.0,0
2023-01-01,<10 years,Gas,158.0,7,124200.0,Other,Referral,2,462000.0,Sun,5000.0,0
2024-10-17,10-30 years,Electric,150.0,5,97000.0,HE,Display,1,512000.0,Tue,,0
2023-05-10,>30 years,Gas,197.0,8,31300.0,HE,Paid Social,1,447000.0,Fri,16594.0,0
2024-12-25,10-30 years,Gas,94.0,5,108400.0,BW,Paid Social,1,220000.0,Tue,9436.0,0
2023-06-25,10-30 years,Gas,115.0,4,48800.0,BY,Paid Social,4,381000.0,Sun,10571.0,0
2023-02-03,>30 years,Oil,135.0,4,67100.0,HE,Referral,1,410000.0,Tue,22044.0,1
2023-03-07,>30 years,Gas,143.0,6,60200.0,BE,Comparison Site,2,414000.0,Wed,13073.0,0
2024-10-05,>30 years,Electric,190.0,6,53800.0,Other,Organic,3,465000.0,Sun,19460.0,0
2024-02-16,10-30 years,Gas,95.0,3,59200.0,Other,Organic,1,218000.0,Wed,18470.0,0
2023-11-15,>30 years,Oil,172.0,8,52000.0,NW,Organic,2,354000.0,Sun,18601.0,0
2024-11-11,10-30 years,Gas,144.0,5,30000.0,BE,Paid Social,3,357000.0,Fri,18819.0,0
2023-05-23,<10 years,Gas,184.0,8,36500.0,NW,Comparison Site,2,506000.0,Thu,9040.0,0
2023-02-20,<10 years,Electric,166.0,6,77100.0,NW,Comparison Site,5,445000.0,Wed,19384.0,0
2024-03-02,10-30 years,Gas,145.0,5,102000.0,Other,Display,4,317000.0,Fri,21431.0,0
2023-07-19,10-30 years,Oil,110.0,4,63700.0,BE,Paid Social,4,187000.0,Wed,11279.0,0
2024-10-24,>30 years,Gas,164.0,8,80400.0,Other,Paid Social,4,370000.0,Mon,,0
2024-12-23,>30 years,Electric,134.0,4,54000.0,Other,Organic,4,309000.0,Fri,15456.0,0
2024-10-05,>30 years,Gas,146.0,4,54000.0,BE,Organic,2,446000.0,Sat,19152.0,0
2024-03-12,10-30 years,Oil,181.0,7,48000.0,NW,Organic,3,375000.0,Sun,25794.0,0
2024-06-22,>30 years,Electric,209.0,8,33400.0,BW,Organic,3,559000.0,Mon,26265.0,0
2024-03-01,10-30 years,Gas,85.0,4,73300.0,HE,Referral,4,265000.0,Wed,,0
2023-12-11,10-30 years,Gas,181.0,6,54900.0,NW,Organic,3,447000.0,Mon,10849.0,0
2023-01-01,>30 years,Oil,202.0,8,93100.0,HE,Display,5,511000.0,Sat,17216.0,0
2024-04-08,>30 years,Gas,143.0,6,75400.0,BY,Comparison Site,2,300000.0,Sat,24097.0,0
2024-05-19,10-30 years,Electric,104.0,2,74400.0,BY,Organic,3,247000.0,Sun,22920.0,0
2024-07-23,10-30 years,Gas,164.0,7,60000.0,BY,Organic,5,296000.0,Thu,13493.0,1
2024-03-22,10-30 years,Gas,143.0,4,35400.0,BE,Organic,6,356000.0,Fri,14139.0,0
2023-10-06,>30 years,Gas,290.0,8,39100.0,Other,Organic,2,758000.0,Thu,,0
2024-02-14,>30 years,Gas,163.0,7,51900.0,Other,Comparison Site,5,382000.0,Sun,,0
2024-11-17,10-30 years,Gas,131.0,4,88700.0,Other,Referral,3,352000.0,Wed,,0
2024-03-16,<10 years,Gas,91.0,2,79300.0,Other,Paid Social,2,246000.0,Tue,8475.0,0
2023-08-01,10-30 years,Gas,111.0,3,166700.0,BY,Referral,5,293000.0,Thu,,0
2024-09-16,10-30 years,Gas,185.0,7,37900.0,BW,Paid Social,3,487000.0,Sat,20390.0,0
2023-12-15,10-30 years,Gas,81.0,4,85600.0,BY,Display,5,222000.0,Mon,12609.0,0
2024-03-27,10-30 years,Gas,82.0,3,40300.0,HE,Display,1,225000.0,Fri,14821.0,0
2024-09-28,>30 years,Gas,190.0,6,88100.0,Other,Referral,5,480000.0,Tue,28717.0,0
2023-04-02,10-30 years,Gas,135.0,6,65200.0,Other,Referral,2,375000.0,Wed,19834.0,1
2024-01-08,<10 years,Oil,139.0,5,32200.0,Other,Referral,4,399000.0,Mon,,0
2024-03-27,>30 years,Oil,173.0,4,57300.0,Other,Display,5,485000.0,Thu,8623.0,0
2023-02-20,10-30 years,District,140.0,4,104800.0,NW,Display,1,332000.0,Wed,11943.0,0
2024-06-05,>30 years,Gas,86.0,4,60300.0,BW,Organic,4,197000.0,Mon,17757.0,0
2023-11-21,10-30 years,Gas,124.0,5,69800.0,HE,Organic,3,254000.0,Sat,16061.0,0
2024-12-16,<10 years,Gas,169.0,7,81700.0,NW,Organic,5,342000.0,Thu,16397.0,0
2023-01-17,<10 years,Gas,153.0,6,49700.0,BW,Organic,4,356000.0,Wed,14037.0,1
2024-02-10,<10 years,District,210.0,6,111800.0,NW,Paid Social,1,542000.0,Mon,21041.0,0
2023-02-16,>30 years,Gas,166.0,6,69000.0,HE,Comparison Site,2,418000.0,Sat,14575.0,0
2023-01-28,10-30 years,Gas,116.0,6,99100.0,Other,Organic,2,216000.0,Wed,18291.0,0
2023-09-26,>30 years,Gas,206.0,7,69400.0,Other,Paid Social,3,486000.0,Fri,5000.0,0
2024-12-07,>30 years,Electric,209.0,8,61800.0,NW,Referral,7,515000.0,Fri,16393.0,0
2024-12-07,10-30 years,Oil,122.0,3,46400.0,Other,Referral,2,328000.0,Tue,14606.0,0
2024-02-11,>30 years,Gas,173.0,8,82700.0,Other,Organic,2,432000.0,Sat,13194.0,0
2023-11-16,10-30 years,Electric,177.0,5,51000.0,NW,Organic,4,452000.0,Fri,5000.0,0
2023-11-27,<10 years,District,164.0,7,51000.0,NW,Display,6,428000.0,Fri,16181.0,0
2023-03-11,>30 years,Gas,95.0,4,30000.0,NW,Comparison Site,1,254000.0,Sat,13209.0,0
2024-02-05,10-30 years,Gas,270.0,8,41700.0,NW,Referral,3,717000.0,Sat,12502.0,0
2024-12-07,>30 years,Gas,133.0,5,45000.0,NW,Paid Social,3,341000.0,Wed,18757.0,0
2023-04-20,>30 years,Oil,164.0,6,58100.0,NW,Display,3,404000.0,Mon,17705.0,0
2023-11-19,>30 years,Gas,187.0,8,75700.0,HE,Organic,6,425000.0,Fri,,0
2023-12-21,>30 years,Electric,133.0,4,47300.0,BY,Paid Social,3,275000.0,Fri,7220.0,0
2024-12-01,10-30 years,Gas,200.0,8,47400.0,Other,Paid Social,1,497000.0,Wed,8597.0,0
2023-01-21,10-30 years,Electric,150.0,4,105300.0,BW,Display,4,399000.0,Sat,19629.0,0
2024-09-10,<10 years,Oil,125.0,5,86300.0,NW,Paid Social,3,329000.0,Fri,15531.0,0
2024-03-01,>30 years,Electric,93.0,3,53900.0,BY,Organic,3,213000.0,Sat,14317.0,0
2024-12-08,10-30 years,Gas,135.0,4,49200.0,NW,Comparison Site,3,247000.0,Wed,16932.0,0
2024-11-01,>30 years,District,165.0,5,38600.0,NW,Comparison Site,4,456000.0,Thu,13818.0,0
2024-12-19,>30 years,Oil,137.0,4,70900.0,BE,Display,2,464000.0,Wed,16296.0,0
2024-10-05,10-30 years,Oil,176.0,7,108800.0,HE,Organic,4,477000.0,Wed,,0
2024-02-27,<10 years,Gas,216.0,7,49700.0,NW,Display,2,488000.0,Fri,9954.0,0
2024-11-04,10-30 years,District,138.0,6,63000.0,HE,Organic,6,309000.0,Mon,14117.0,0
2024-11-26,>30 years,Gas,196.0,8,70300.0,BY,Display,8,472000.0,Tue,23366.0,0
2023-09-01,>30 years,Electric,157.0,7,45900.0,Other,Paid Social,4,455000.0,Sun,15744.0,0
2023-01-10,10-30 years,Gas,162.0,6,38600.0,NW,Display,1,377000.0,Thu,14012.0,0
2024-11-16,>30 years,Electric,150.0,5,36200.0,BE,Organic,3,378000.0,Sat,13118.0,0
2023-03-02,<10 years,District,166.0,4,97500.0,NW,Comparison Site,5,393000.0,Sun,12469.0,0
2023-05-19,10-30 years,Gas,117.0,4,53100.0,BE,Display,3,265000.0,Mon,15097.0,0
2023-03-14,10-30 years,Oil,121.0,5,93800.0,Other,Comparison Site,1,287000.0,Thu,9508.0,0
2023-01-03,<10 years,Gas,126.0,4,64300.0,BW,Display,7,345000.0,Sat,24519.0,0
2023-09-19,10-30 years,Gas,80.0,2,129300.0,HE,Display,3,195000.0,Fri,,0
2024-04-03,>30 years,Oil,102.0,3,35700.0,HE,Display,6,316000.0,Sat,,0
2024-01-18,>30 years,Gas,146.0,6,89200.0,HE,Paid Social,4,380000.0,Mon,,0
2024-02-08,10-30 years,Gas,127.0,5,52700.0,BY,Comparison Site,6,291000.0,Tue,17495.0,0
2023-12-26,>30 years,Gas,148.0,6,32700.0,BW,Referral,5,385000.0,Fri,12705.0,0
2023-03-18,<10 years,Gas,175.0,6,48100.0,BW,Organic,3,433000.0,Sun,16885.0,0
2024-02-01,>30 years,Oil,160.0,7,30000.0,BY,Comparison Site,3,485000.0,Wed,10511.0,0
2023-01-23,<10 years,Gas,146.0,6,30000.0,Other,Display,2,392000.0,Wed,18186.0,0
2023-10-12,10-30 years,Electric,76.0,5,78000.0,Other,Paid Social,3,135000.0,Fri,13335.0,0
2023-12-13,10-30 years,Gas,152.0,3,58100.0,Other,Referral,4,315000.0,Fri,14353.0,1
2023-10-06,>30 years,Gas,123.0,6,75200.0,BE,Organic,4,288000.0,Sat,9190.0,1
2023-03-09,10-30 years,Gas,178.0,8,68600.0,NW,Comparison Site,9,396000.0,Wed,8757.0,0
2023-12-07,<10 years,Gas,118.0,4,59300.0,Other,Organic,2,370000.0,Sun,,0
2024-12-02,10-30 years,Gas,104.0,3,87900.0,Other,Organic,3,301000.0,Wed,6394.0,0
2023-08-05,<10 years,Gas,207.0,8,34100.0,BE,Referral,1,496000.0,Tue,,0
2024-09-06,10-30 years,Gas,78.0,2,88100.0,HE,Display,5,296000.0,Thu,,0
2023-07-10,10-30 years,Gas,218.0,8,55400.0,BE,Referral,6,499000.0,Wed,15345.0,0
2024-02-03,10-30 years,Gas,154.0,5,61300.0,Other,Organic,3,310000.0,Sat,13565.0,1
2023-01-03,10-30 years,Oil,137.0,3,105700.0,Other,Referral,3,289000.0,Fri,11920.0,0
2024-11-10,<10 years,Electric,133.0,5,33900.0,BY,Organic,3,308000.0,Mon,16926.0,1
2023-03-16,<10 years,Gas,185.0,6,75900.0,BW,Display,1,561000.0,Tue,17453.0,0
2023-11-28,10-30 years,Gas,159.0,5,39500.0,BW,Organic,4,486000.0,Wed,11224.0,0
2024-05-10,10-30 years,Gas,157.0,7,105500.0,BE,Paid Social,3,336000.0,Sun,15759.0,0
2024-02-25,10-30 years,Electric,147.0,6,124300.0,BY,Paid Social,1,297000.0,Thu,9660.0,0
2024-02-25,<10 years,Oil,132.0,3,79200.0,BE,Comparison Site,1,266000.0,Fri,,0
2023-01-03,10-30 years,Gas,200.0,8,89300.0,BY,Display,1,525000.0,Sun,,0
2024-12-06,10-30 years,Gas,131.0,5,30000.0,NW,Organic,1,364000.0,Sat,14590.0,0
2024-09-05,10-30 years,District,99.0,3,46200.0,BW,Paid Social,5,258000.0,Sun,8273.0,0
2023-10-25,10-30 years,Gas,162.0,5,59900.0,BW,Paid Social,7,389000.0,Thu,18893.0,0
2023-04-01,<10 years,Gas,93.0,2,68600.0,BW,Comparison Site,3,214000.0,Sat,14491.0,0
2023-02-22,<10 years,Gas,209.0,8,49700.0,Other,Organic,4,494000.0,Tue,,0
2024-08-21,10-30 years,Gas,166.0,6,49500.0,Other,Comparison Site,2,460000.0,Sat,,0
2024-09-24,<10 years,Gas,65.0,2,44200.0,BY,Referral,4,64000.0,Sat,17847.0,0
2024-11-26,10-30 years,Gas,165.0,8,60700.0,HE,Organic,3,382000.0,Tue,12184.0,0
2024-12-19,10-30 years,Oil,135.0,7,41800.0,BY,Organic,2,268000.0,Tue,14440.0,1
2023-08-13,>30 years,Gas,201.0,7,30000.0,Other,Display,2,629000.0,Wed,14403.0,0
2023-03-11,10-30 years,District,144.0,6,30000.0,Other,Display,3,400000.0,Sun,,0
2024-06-01,10-30 years,Gas,145.0,5,73300.0,Other,Organic,5,308000.0,Sun,,0
2024-07-21,10-30 years,Oil,134.0,6,62400.0,BY,Display,2,316000.0,Tue,,0
2023-11-15,<10 years,Gas,138.0,6,59600.0,NW,Display,3,385000.0,Mon,19244.0,0
2023-01-17,10-30 years,Gas,67.0,2,88300.0,BY,Organic,4,290000.0,Mon,16178.0,0
2023-04-09,10-30 years,District,127.0,3,31900.0,BW,Paid Social,6,381000.0,Wed,21642.0,0
2024-05-18,>30 years,Gas,110.0,5,56600.0,BW,Comparison Site,4,295000.0,Thu,10684.0,0
2024-06-01,>30 years,Electric,133.0,4,105900.0,Other,Comparison Site,2,286000.0,Wed,17311.0,0
2024-02-19,10-30 years,Oil,194.0,7,51300.0,Other,Display,3,480000.0,Sun,,0
2024-10-12,10-30 years,Oil,215.0,8,55100.0,BW,Display,5,522000.0,Mon,15688.0,0
2024-10-13,10-30 years,Gas,158.0,6,88600.0,NW,Referral,1,366000.0,Mon,18947.0,0
2023-01-01,10-30 years,Electric,126.0,4,54100.0,Other,Paid Social,2,308000.0,Sun,12191.0,0
2023-12-24,10-30 years,Gas,93.0,3,30000.0,BW,Organic,3,281000.0,Tue,13904.0,0
2024-05-16,10-30 years,District,130.0,4,56500.0,BE,Referral,4,288000.0,Wed,14092.0,0
2023-10-19,10-30 years,Electric,100.0,2,45800.0,BW,Paid Social,3,203000.0,Tue,16328.0,0
2023-08-08,10-30 years,Gas,141.0,4,36500.0,NW,Display,1,367000.0,Sat,,0
2024-06-02,10-30 years,District,148.0,4,103100.0,BW,Paid Social,3,407000.0,Tue,17741.0,0
2024-04-02,10-30 years,Gas,157.0,5,65000.0,HE,Organic,2,475000.0,Thu,15505.0,0
2023-02-10,>30 years,District,154.0,4,88300.0,BE,Paid Social,3,435000.0,Fri,,0
2023-10-23,>30 years,Oil,73.0,2,32200.0,BW,Organic,3,209000.0,Tue,18960.0,0
2023-03-10,>30 years,Gas,112.0,4,52600.0,HE,Organic,2,268000.0,Tue,18043.0,0
2024-02-21,10-30 years,Oil,112.0,2,86200.0,BY,Paid Social,2,293000.0,Mon,12418.0,0
2024-07-21,10-30 years,Oil,132.0,5,72300.0,BE,Display,2,302000.0,Mon,18054.0,0
2023-01-06,10-30 years,Oil,154.0,6,98400.0,HE,Paid Social,2,343000.0,Thu,18411.0,0
2024-01-13,<10 years,Gas,119.0,4,49900.0,BW,Organic,2,294000.0,Sun,,0
2023-01-11,<10 years,Gas,276.0,8,62700.0,BY,Paid Social,1,683000.0,Sat,18868.0,0
2023-02-01,<10 years,Gas,199.0,6,64700.0,NW,Display,5,492000.0,Wed,12040.0,0
2023-02-03,10-30 years,District,109.0,5,67000.0,BW,Comparison Site,3,313000.0,Fri,22823.0,0
2023-07-04,10-30 years,Gas,203.0,7,62400.0,Other,Paid Social,4,542000.0,Thu,15655.0,0
2024-12-07,<10 years,District,217.0,7,50500.0,Other,Comparison Site,5,473000.0,Sat,20912.0,0
2023-06-15,10-30 years,Gas,100.0,4,82100.0,BW,Comparison Site,4,231000.0,Sun,12701.0,0
2023-07-22,10-30 years,Gas,103.0,3,77900.0,Other,Display,8,258000.0,Fri,21421.0,0
2024-07-14,>30 years,Gas,155.0,6,65900.0,HE,Display,3,353000.0,Wed,17428.0,0
2024-03-02,10-30 years,District,192.0,6,45100.0,Other,Organic,1,451000.0,Sat,15942.0,0
2024-01-22,<10 years,Gas,163.0,5,53500.0,HE,Organic,1,325000.0,Sat,11368.0,0
2024-02-06,<10 years,Gas,81.0,2,32400.0,Other,Comparison Site,7,232000.0,Sat,12336.0,0
2024-02-03,>30 years,Electric,118.0,5,49700.0,NW,Display,6,252000.0,Sat,19837.0,0
2024-10-06,10-30 years,Electric,126.0,4,60500.0,Other,Display,1,349000.0,Wed,,0
2023-02-09,10-30 years,Electric,184.0,5,87800.0,Other,Display,5,503000.0,Wed,9041.0,0
2023-07-16,10-30 years,District,93.0,2,46300.0,HE,Display,6,239000.0,Sat,12672.0,0
2024-01-15,>30 years,District,100.0,2,49800.0,NW,Display,2,257000.0,Sat,9365.0,0
2023-06-24,10-30 years,Electric,152.0,7,86800.0,HE,Organic,4,418000.0,Thu,19373.0,0
2024-01-19,10-30 years,Oil,150.0,4,98300.0,BE,Referral,5,438000.0,Fri,13201.0,0
2024-01-23,10-30 years,Oil,186.0,5,54900.0,NW,Paid Social,1,442000.0,Thu,15766.0,0
2023-04-09,>30 years,Gas,125.0,5,77500.0,HE,Display,3,261000.0,Sat,18649.0,0
2024-11-02,10-30 years,Oil,193.0,7,42800.0,Other,Paid Social,3,455000.0,Tue,,0
2023-10-17,<10 years,Gas,187.0,6,64300.0,Other,Display,4,363000.0,Sat,11855.0,0
2024-10-21,10-30 years,Electric,146.0,7,59100.0,HE,Display,3,359000.0,Tue,20208.0,0
2023-10-18,10-30 years,Oil,128.0,5,39000.0,BY,Display,3,361000.0,Mon,23824.0,0
2023-04-01,<10 years,District,217.0,8,67800.0,Other,Display,7,560000.0,Tue,5000.0,0
2024-01-05,10-30 years,Gas,169.0,5,49800.0,BY,Organic,4,463000.0,Thu,20597.0,0
2023-02-24,>30 years,Oil,138.0,6,120200.0,BW,Paid Social,2,330000.0,Sun,6456.0,0
2024-11-23,10-30 years,Oil,111.0,3,47000.0,NW,Organic,1,340000.0,Tue,5000.0,0
2024-11-12,10-30 years,District,202.0,6,30500.0,BY,Paid Social,1,590000.0,Mon,17366.0,0
2023-11-13,10-30 years,Gas,124.0,5,61500.0,HE,Referral,2,281000.0,Thu,,0
2023-08-24,10-30 years,Gas,128.0,6,79500.0,BW,Organic,4,397000.0,Wed,19128.0,0
2024-03-20,10-30 years,Oil,120.0,5,53500.0,BE,Organic,2,240000.0,Wed,17893.0,0
2023-04-06,10-30 years,Oil,135.0,5,71500.0,NW,Referral,3,356000.0,Mon,,0
2023-04-07,<10 years,Gas,166.0,6,81900.0,BY,Referral,1,388000.0,Sun,12318.0,0
2023-11-24,<10 years,District,129.0,3,52100.0,BY,Organic,4,349000.0,Tue,,0
2023-12-20,>30 years,Gas,146.0,5,169500.0,BW,Organic,2,412000.0,Mon,6909.0,1
2023-01-07,>30 years,Oil,122.0,6,54200.0,BY,Referral,2,357000.0,Sun,13484.0,1
2023-07-04,10-30 years,Gas,170.0,7,127300.0,BW,Display,5,437000.0,Sat,19384.0,0
2023-10-11,10-30 years,Gas,146.0,4,88000.0,NW,Display,6,466000.0,Fri,,0
2024-09-04,>30 years,District,101.0,3,117100.0,NW,Paid Social,2,281000.0,Fri,11180.0,0
2023-03-13,10-30 years,Gas,145.0,6,81400.0,Other,Referral,6,270000.0,Thu,,1
2024-02-17,10-30 years,Electric,159.0,7,71800.0,HE,Organic,2,437000.0,Mon,17482.0,0
2023-11-23,<10 years,Electric,133.0,5,44200.0,HE,Display,3,318000.0,Fri,12695.0,0
2024-11-12,10-30 years,Electric,67.0,3,50500.0,BW,Comparison Site,6,187000.0,Mon,23091.0,0
2023-06-14,>30 years,Gas,200.0,8,41200.0,NW,Organic,2,435000.0,Wed,21203.0,0
2024-12-25,>30 years,Electric,110.0,4,69500.0,Other,Organic,3,238000.0,Mon,18723.0,1
2024-01-11,10-30 years,Gas,175.0,6,94600.0,HE,Organic,6,445000.0,Mon,18842.0,0
2023-03-12,10-30 years,Gas,135.0,4,65400.0,NW,Organic,1,346000.0,Sat,,0
2024-05-11,10-30 years,Gas,146.0,6,77700.0,NW,Display,8,344000.0,Mon,19500.0,0
2024-01-19,<10 years,Gas,142.0,4,98200.0,BW,Paid Social,2,364000.0,Sat,19663.0,0
2023-03-24,<10 years,District,190.0,8,47800.0,BW,Display,4,476000.0,Sat,17164.0,0
2023-05-27,>30 years,Oil,159.0,7,80100.0,BW,Paid Social,3,415000.0,Thu,,0
2023-12-14,10-30 years,Electric,156.0,5,100800.0,BY,Paid Social,2,389000.0,Thu,5000.0,0
2023-11-19,10-30 years,Gas,101.0,4,86800.0,BY,Comparison Site,4,163000.0,Mon,22077.0,0
2023-10-17,10-30 years,District,210.0,7,109400.0,BE,Organic,4,614000.0,Wed,24288.0,0
2023-10-24,>30 years,Gas,89.0,2,100700.0,BY,Display,4,218000.0,Sun,,0
2023-08-27,10-30 years,District,202.0,8,41800.0,Other,Paid Social,2,538000.0,Tue,,0
2023-12-15,10-30 years,Electric,77.0,2,51600.0,BE,Display,4,121000.0,Mon,23881.0,0
2024-12-04,10-30 years,Gas,222.0,8,73700.0,BY,Display,2,523000.0,Sun,19616.0,0
2023-11-22,>30 years,Oil,166.0,7,62600.0,BE,Referral,2,413000.0,Sun,,0
2023-06-04,10-30 years,Electric,129.0,5,30000.0,NW,Paid Social,1,389000.0,Fri,23062.0,0
2024-12-06,>30 years,Gas,95.0,2,30000.0,BW,Display,1,229000.0,Tue,23524.0,0
2023-03-08,10-30 years,Gas,149.0,5,30000.0,HE,Display,4,369000.0,Sat,15993.0,0
2023-06-13,10-30 years,Electric,168.0,6,88000.0,Other,Organic,3,373000.0,Fri,16871.0,0
2023-02-10,>30 years,Gas,152.0,5,69700.0,Other,Comparison Site,5,379000.0,Thu,11222.0,0
2023-05-03,>30 years,Gas,134.0,3,53800.0,HE,Display,4,340000.0,Tue,,0
2024-05-24,<10 years,Gas,121.0,3,47400.0,HE,Organic,4,311000.0,Sun,24500.0,0
2024-11-08,10-30 years,Oil,197.0,8,83300.0,NW,Referral,4,527000.0,Tue,11573.0,0
2024-03-28,>30 years,Gas,137.0,5,78200.0,NW,Organic,2,308000.0,Wed,16500.0,0
2023-02-13,10-30 years,Electric,165.0,6,32400.0,BW,Display,1,449000.0,Sat,16836.0,0
2024-05-23,10-30 years,Electric,172.0,7,41100.0,NW,Paid Social,6,399000.0,Fri,5000.0,0
2023-06-04,10-30 years,Gas,100.0,3,51800.0,NW,Display,4,245000.0,Fri,10420.0,0
2023-10-23,10-30 years,Gas,146.0,5,48800.0,BE,Referral,5,348000.0,Sat,21452.0,0
2023-12-27,>30 years,Oil,203.0,8,53100.0,BW,Referral,1,490000.0,Sat,10571.0,0
2023-12-26,10-30 years,District,162.0,6,46800.0,BY,Referral,5,399000.0,Sat,11777.0,0
2023-05-13,10-30 years,Oil,168.0,7,43500.0,Other,Referral,2,352000.0,Wed,17815.0,0
2023-11-01,<10 years,District,133.0,5,69700.0,BW,Paid Social,2,384000.0,Thu,14141.0,0
2023-10-14,>30 years,Gas,194.0,8,68000.0,Other,Referral,4,448000.0,Fri,30240.0,0
2024-08-11,>30 years,Oil,228.0,8,30000.0,BW,Paid Social,6,628000.0,Wed,10567.0,0
2024-03-17,>30 years,Gas,119.0,3,46000.0,HE,Organic,5,314000.0,Sun,12283.0,0
2023-12-07,10-30 years,Oil,181.0,6,30000.0,NW,Referral,6,447000.0,Mon,,0
2024-02-24,10-30 years,Oil,95.0,2,111100.0,NW,Paid Social,3,324000.0,Fri,16768.0,0
2024-10-27,>30 years,Electric,174.0,4,59500.0,BE,Display,4,449000.0,Sat,,0
2023-04-13,>30 years,District,168.0,7,51400.0,BE,Display,3,451000.0,Tue,20880.0,0
2023-10-03,>30 years,District,104.0,4,71000.0,Other,Organic,8,142000.0,Tue,15019.0,0
2023-01-07,10-30 years,Gas,187.0,8,92700.0,BE,Paid Social,3,530000.0,Fri,5000.0,0
2024-01-14,10-30 years,Gas,110.0,6,30000.0,HE,Paid Social,2,289000.0,Sun,18333.0,0
2023-10-10,>30 years,Gas,227.0,8,42800.0,BY,Display,2,632000.0,Sat,10497.0,0
2024-01-17,10-30 years,Gas,156.0,5,59800.0,NW,Display,4,362000.0,Thu,29813.0,0
2023-10-27,10-30 years,Gas,144.0,4,37200.0,NW,Comparison Site,5,327000.0,Tue,,0
2024-09-22,10-30 years,Oil,123.0,4,45700.0,HE,Display,2,330000.0,Sun,15623.0,0
2023-02-15,10-30 years,Electric,174.0,6,30000.0,NW,Organic,9,504000.0,Tue,,0
2023-09-08,>30 years,Oil,164.0,8,41500.0,BW,Paid Social,6,425000.0,Wed,,0
2023-02-10,<10 years,Electric,156.0,5,43200.0,Other,Organic,3,419000.0,Sat,25181.0,0
2023-03-12,>30 years,District,120.0,4,114600.0,BW,Referral,4,304000.0,Sat,13284.0,0
2024-05-16,<10 years,Gas,139.0,5,77000.0,BW,Referral,4,320000.0,Tue,9585.0,0
2023-06-08,>30 years,Electric,120.0,5,34700.0,NW,Comparison Site,2,303000.0,Thu,17145.0,0
2023-10-20,10-30 years,Gas,81.0,2,48100.0,Other,Display,4,137000.0,Mon,,0
2024-01-26,>30 years,Gas,144.0,6,67900.0,BW,Organic,2,332000.0,Sun,,0
2024-01-20,10-30 years,Gas,105.0,3,43700.0,BE,Referral,2,205000.0,Wed,,0
2023-12-04,<10 years,Gas,231.0,8,45800.0,BY,Organic,2,545000.0,Tue,8201.0,1
2024-12-17,10-30 years,Gas,225.0,6,115000.0,BW,Paid Social,3,605000.0,Wed,,0
2024-11-24,>30 years,Gas,164.0,4,36600.0,Other,Organic,3,348000.0,Sun,11570.0,0
2023-09-26,<10 years,Electric,77.0,3,137600.0,Other,Display,3,199000.0,Fri,14159.0,0
2023-09-12,10-30 years,Electric,168.0,8,36400.0,BW,Paid Social,4,453000.0,Sat,,0
2023-06-01,10-30 years,Oil,141.0,6,30000.0,Other,Display,5,368000.0,Wed,13115.0,0
2023-11-14,10-30 years,Oil,195.0,8,114800.0,HE,Comparison Site,5,530000.0,Sat,19797.0,0
2024-06-20,>30 years,Gas,191.0,8,67500.0,BY,Organic,4,456000.0,Thu,13897.0,0
2024-07-15,10-30 years,Oil,120.0,7,56300.0,BE,Organic,1,283000.0,Sat,,0
2024-02-23,10-30 years,Gas,135.0,4,69900.0,Other,Display,4,411000.0,Sun,13693.0,0
2023-11-24,10-30 years,Gas,132.0,4,33600.0,NW,Comparison Site,5,391000.0,Thu,,0
2024-10-10,10-30 years,Gas,133.0,6,47900.0,Other,Organic,3,380000.0,Fri,11101.0,0
2023-10-04,<10 years,Oil,87.0,3,87700.0,HE,Paid Social,3,182000.0,Tue,17210.0,0
2023-11-16,10-30 years,Oil,165.0,8,45500.0,BY,Organic,2,432000.0,Sat,19042.0,0
2024-11-15,10-30 years,Gas,153.0,5,45200.0,BE,Paid Social,3,307000.0,Tue,9192.0,0
2024-01-19,<10 years,Gas,137.0,5,94900.0,BE,Organic,2,280000.0,Sun,16475.0,0
2023-11-03,>30 years,Electric,161.0,6,58600.0,HE,Organic,5,384000.0,Tue,22175.0,0
2023-08-12,10-30 years,Electric,163.0,6,68900.0,Other,Paid Social,4,464000.0,Fri,11588.0,0
2023-01-19,<10 years,Gas,197.0,6,33900.0,HE,Comparison Site,7,409000.0,Mon,11319.0,0
2024-11-17,<10 years,Gas,186.0,7,59900.0,BE,Display,2,435000.0,Fri,13292.0,0
2024-07-10,<10 years,Gas,191.0,7,104300.0,Other,Paid Social,1,480000.0,Sun,15377.0,0
2024-02-19,10-30 years,Gas,114.0,5,30000.0,BW,Display,3,271000.0,Mon,,0
2023-10-28,10-30 years,Oil,105.0,3,40500.0,NW,Organic,4,264000.0,Sun,20893.0,0
2024-11-05,>30 years,Oil,188.0,5,97300.0,BY,Display,4,428000.0,Tue,,1
2023-01-05,>30 years,Oil,218.0,8,69800.0,NW,Comparison Site,3,510000.0,Thu,14799.0,0
2024-11-26,>30 years,Gas,184.0,7,43300.0,HE,Comparison Site,4,396000.0,Wed,17480.0,0
2023-01-19,10-30 years,Electric,163.0,6,57700.0,Other,Display,4,341000.0,Thu,,0
2023-06-05,10-30 years,Gas,150.0,5,53100.0,NW,Referral,6,449000.0,Wed,13630.0,0
2023-02-19,>30 years,Gas,264.0,8,30000.0,HE,Paid Social,3,555000.0,Tue,,0
2023-08-05,10-30 years,Gas,183.0,6,61400.0,Other,Referral,4,469000.0,Fri,9059.0,0
2023-04-16,10-30 years,Electric,142.0,5,32100.0,Other,Paid Social,6,360000.0,Sat,5000.0,0
2023-12-09,10-30 years,Oil,229.0,8,66800.0,NW,Display,1,618000.0,Wed,9049.0,0
2024-03-03,10-30 years,Gas,219.0,8,31700.0,BY,Comparison Site,4,521000.0,Wed,8386.0,0
2024-11-20,10-30 years,Electric,93.0,2,84500.0,HE,Display,4,271000.0,Sat,17394.0,0
2023-08-28,>30 years,Gas,101.0,4,57500.0,Other,Organic,4,202000.0,Mon,15536.0,0
2023-10-13,<10 years,Oil,142.0,4,37100.0,BY,Display,2,360000.0,Thu,,0
2023-01-08,<10 years,District,201.0,8,37400.0,NW,Organic,3,470000.0,Wed,6366.0,0
2024-12-07,10-30 years,Gas,127.0,3,45300.0,NW,Paid Social,6,274000.0,Sat,9325.0,0
2023-09-17,10-30 years,Gas,109.0,5,57500.0,Other,Referral,5,279000.0,Wed,10640.0,0
2024-12-02,10-30 years,Gas,183.0,8,52900.0,NW,Display,4,512000.0,Mon,17618.0,0
2023-02-11,10-30 years,Oil,73.0,2,66300.0,HE,Organic,5,111000.0,Wed,17284.0,0
2023-05-08,10-30 years,Gas,136.0,4,64300.0,BW,Display,5,290000.0,Tue,9405.0,1
2024-01-14,10-30 years,Gas,107.0,4,86600.0,NW,Organic,1,289000.0,Tue,19554.0,0
2023-05-12,10-30 years,Gas,150.0,5,139300.0,NW,Organic,5,370000.0,Tue,16058.0,0
2023-09-23,10-30 years,Gas,112.0,4,54300.0,BY,Organic,3,222000.0,Sat,17928.0,0
2024-09-19,10-30 years,Oil,144.0,4,55800.0,HE,Referral,8,396000.0,Tue,14614.0,0
2023-10-26,10-30 years,Oil,167.0,6,69700.0,Other,Paid Social,3,401000.0,Sat,16477.0,0
2023-12-10,10-30 years,Oil,155.0,6,43700.0,BY,Organic,4,359000.0,Sun,12466.0,1
2023-12-14,10-30 years,Gas,129.0,5,34300.0,BW,Comparison Site,6,269000.0,Sat,17919.0,0
2024-10-14,10-30 years,Electric,136.0,4,43300.0,BW,Display,4,299000.0,Thu,16192.0,0
2024-05-12,10-30 years,Gas,240.0,8,59300.0,Other,Organic,3,541000.0,Mon,16639.0,0
2024-04-06,10-30 years,Gas,185.0,8,65700.0,Other,Organic,5,511000.0,Sat,15994.0,0
2024-02-08,>30 years,Gas,141.0,5,133300.0,Other,Organic,5,364000.0,Fri,16399.0,0
2024-04-07,10-30 years,Electric,157.0,7,31200.0,Other,Display,5,388000.0,Wed,,0
2024-04-14,10-30 years,Oil,168.0,5,66400.0,NW,Referral,1,393000.0,Fri,11152.0,0
2024-01-11,>30 years,Oil,120.0,4,52400.0,NW,Referral,5,261000.0,Mon,15092.0,0
2024-05-11,10-30 years,Electric,150.0,6,93700.0,Other,Comparison Site,3,535000.0,Sun,10553.0,0
2024-05-04,<10 years,Electric,107.0,4,36600.0,BW,Organic,4,320000.0,Tue,7445.0,0
2023-12-04,<10 years,Gas,110.0,2,79800.0,BW,Display,4,235000.0,Sat,14090.0,0
2023-11-10,<10 years,Gas,185.0,6,47600.0,NW,Comparison Site,4,397000.0,Thu,8352.0,0
2024-03-03,<10 years,Gas,190.0,7,86100.0,BW,Comparison Site,3,461000.0,Wed,,0
2023-11-24,>30 years,Gas,196.0,8,57800.0,NW,Organic,2,564000.0,Fri,9490.0,0
2024-02-15,10-30 years,Electric,147.0,4,82700.0,NW,Paid Social,4,306000.0,Fri,,0
2024-07-01,10-30 years,District,130.0,5,68200.0,HE,Organic,2,464000.0,Thu,,0
2023-02-15,<10 years,Gas,150.0,6,39500.0,BE,Organic,5,424000.0,Fri,,0
2024-07-20,10-30 years,Gas,78.0,2,30000.0,HE,Comparison Site,1,172000.0,Sun,,0
2024-09-20,10-30 years,Gas,206.0,8,109000.0,BE,Display,1,507000.0,Sun,20342.0,0
2024-01-22,10-30 years,Gas,60.0,2,52900.0,NW,Comparison Site,4,160000.0,Thu,22168.0,0
2024-11-07,<10 years,Oil,189.0,6,98900.0,NW,Organic,4,467000.0,Thu,21796.0,0
2024-01-27,10-30 years,Gas,110.0,3,57900.0,BE,Comparison Site,5,294000.0,Mon,12956.0,0
2023-04-23,10-30 years,Gas,150.0,6,88400.0,BW,Paid Social,3,424000.0,Sun,9392.0,0
2024-12-11,<10 years,Gas,116.0,4,40400.0,BE,Organic,2,275000.0,Sat,14307.0,0
2023-02-25,>30 years,Electric,117.0,3,63800.0,Other,Organic,5,333000.0,Wed,16500.0,0
2024-12-10,10-30 years,Gas,60.0,2,200000.0,BY,Paid Social,4,79000.0,Sat,23881.0,0
2023-11-26,10-30 years,Gas,99.0,4,40400.0,NW,Paid Social,4,238000.0,Wed,22012.0,0
2024-07-18,>30 years,Oil,186.0,6,76400.0,HE,Organic,3,427000.0,Sat,10951.0,0
2024-12-15,>30 years,Gas,101.0,5,58800.0,BE,Referral,4,186000.0,Sun,18440.0,0
2024-02-17,>30 years,Oil,99.0,2,70300.0,BY,Paid Social,4,248000.0,Thu,5000.0,0
2024-05-15,<10 years,Gas,146.0,4,61300.0,HE,Paid Social,6,430000.0,Wed,20860.0,0
2023-10-05,>30 years,District,60.0,2,30000.0,Other,Paid Social,4,127000.0,Thu,13226.0,0
2023-12-25,10-30 years,Gas,136.0,4,72200.0,NW,Paid Social,7,327000.0,Wed,7383.0,0
2024-01-05,10-30 years,Gas,160.0,6,69400.0,HE,Organic,3,451000.0,Sat,20782.0,1
2024-02-28,>30 years,Gas,165.0,6,114200.0,HE,Organic,4,421000.0,Sat,12785.0,0
2023-03-02,>30 years,Electric,109.0,4,36700.0,Other,Display,1,228000.0,Fri,17396.0,0
2023-09-05,10-30 years,Oil,198.0,8,67000.0,NW,Paid Social,1,458000.0,Sat,22741.0,0
2024-10-19,>30 years,Gas,191.0,7,37500.0,Other,Organic,3,454000.0,Thu,18578.0,0
2024-09-16,10-30 years,Gas,81.0,4,90100.0,BE,Display,5,112000.0,Sat,,0
2024-10-18,10-30 years,Oil,179.0,7,80000.0,BE,Display,5,516000.0,Mon,,0
2023-01-01,<10 years,Oil,156.0,5,54000.0,BW,Comparison Site,1,407000.0,Mon,,0
2024-03-21,>30 years,Oil,170.0,5,35200.0,NW,Display,6,385000.0,Tue,19676.0,0
2023-12-07,10-30 years,Gas,125.0,5,59900.0,BW,Organic,5,340000.0,Tue,5850.0,1
2023-01-17,>30 years,Electric,98.0,3,74100.0,HE,Organic,4,256000.0,Fri,24455.0,0
2023-04-17,10-30 years,Gas,144.0,6,92500.0,Other,Paid Social,5,379000.0,Sun,14520.0,0
2024-02-18,>30 years,District,165.0,6,35400.0,NW,Organic,4,457000.0,Sat,,0
2024-05-18,10-30 years,District,166.0,6,40000.0,BY,Paid Social,7,435000.0,Sat,,0
2024-07-03,10-30 years,Oil,164.0,7,39200.0,NW,Paid Social,2,439000.0,Tue,7196.0,0
2023-12-20,>30 years,Electric,107.0,4,54600.0,HE,Referral,5,159000.0,Thu,20379.0,0
2024-11-05,<10 years,Gas,205.0,6,46900.0,Other,Display,3,538000.0,Sun,18863.0,0
2023-11-22,10-30 years,Oil,198.0,8,84100.0,BE,Organic,2,346000.0,Sun,10844.0,0
2024-07-22,10-30 years,Gas,160.0,5,74400.0,Other,Paid Social,5,436000.0,Thu,17602.0,0
2024-05-13,10-30 years,Electric,112.0,4,81400.0,Other,Display,6,293000.0,Fri,11685.0,0
2023-11-11,10-30 years,Gas,161.0,7,98000.0,BW,Organic,5,415000.0,Thu,16886.0,0
2023-07-07,10-30 years,Oil,133.0,5,32900.0,BE,Comparison Site,2,354000.0,Fri,14758.0,0
2023-01-01,10-30 years,Electric,136.0,5,57400.0,NW,Organic,6,311000.0,Fri,5000.0,0
2023-02-02,>30 years,Electric,177.0,8,62500.0,NW,Comparison Site,6,501000.0,Sun,21957.0,0
2024-03-05,>30 years,Gas,133.0,5,42500.0,NW,Organic,1,345000.0,Tue,,0
2023-04-05,>30 years,Gas,207.0,8,58600.0,Other,Paid Social,4,568000.0,Sun,,0
2024-09-14,<10 years,Gas,175.0,7,70900.0,NW,Organic,2,449000.0,Mon,13681.0,0
2024-03-06,>30 years,Gas,190.0,8,48300.0,Other,Comparison Site,3,466000.0,Fri,12048.0,0
2024-04-05,10-30 years,Gas,114.0,3,60900.0,NW,Referral,7,215000.0,Thu,22609.0,0
2024-09-06,>30 years,Gas,125.0,5,52000.0,BW,Comparison Site,8,255000.0,Sat,22115.0,0
2024-09-04,10-30 years,Gas,100.0,5,76300.0,HE,Paid Social,3,279000.0,Sun,15138.0,0
2023-02-13,<10 years,Gas,203.0,8,86600.0,Other,Organic,1,537000.0,Wed,,0
2024-11-10,10-30 years,Gas,265.0,8,73800.0,NW,Organic,2,692000.0,Wed,18585.0,0
2024-05-22,10-30 years,Electric,171.0,5,107900.0,BY,Paid Social,4,476000.0,Sun,,0
2024-08-06,>30 years,Gas,160.0,6,30000.0,HE,Paid Social,4,426000.0,Fri,12792.0,0
2024-01-21,>30 years,Gas,131.0,3,50700.0,NW,Paid Social,1,327000.0,Tue,,0
2024-01-15,10-30 years,Gas,215.0,8,38100.0,Other,Paid Social,4,588000.0,Thu,22119.0,0
2024-11-24,>30 years,Electric,148.0,7,111400.0,Other,Organic,6,377000.0,Tue,12178.0,0
2023-04-03,10-30 years,District,124.0,7,36100.0,NW,Paid Social,3,284000.0,Wed,23750.0,0
2024-03-25,<10 years,Oil,91.0,5,105600.0,Other,Display,3,245000.0,Mon,16969.0,0
2024-05-16,10-30 years,District,108.0,4,52700.0,NW,Display,4,313000.0,Sat,19430.0,0
2023-12-06,10-30 years,Gas,153.0,5,44800.0,NW,Organic,1,388000.0,Thu,16932.0,0
2023-04-22,<10 years,Gas,77.0,2,67400.0,HE,Organic,3,248000.0,Sun,14297.0,0
2023-12-01,10-30 years,Gas,101.0,4,130600.0,HE,Organic,1,197000.0,Fri,,0
2023-02-18,10-30 years,Gas,217.0,6,42000.0,NW,Organic,3,621000.0,Tue,26175.0,0
2023-02-14,<10 years,Oil,183.0,7,66200.0,NW,Paid Social,5,438000.0,Mon,6113.0,0
2024-09-21,>30 years,Gas,137.0,4,69100.0,Other,Organic,3,310000.0,Fri,13402.0,0
2024-12-19,<10 years,Oil,188.0,5,40100.0,BY,Paid Social,4,462000.0,Wed,13698.0,0
2023-05-25,10-30 years,Oil,119.0,4,46200.0,NW,Paid Social,2,290000.0,Thu,10044.0,0
2024-02-25,10-30 years,Gas,181.0,6,48000.0,BY,Organic,6,439000.0,Sat,,0
2024-09-08,<10 years,Gas,135.0,4,62400.0,HE,Organic,6,327000.0,Wed,,0
2023-11-11,>30 years,Gas,229.0,8,33600.0,BY,Referral,1,510000.0,Fri,,0
2024-09-20,10-30 years,Electric,104.0,4,60700.0,BY,Display,1,245000.0,Tue,18882.0,0
2023-01-01,>30 years,Electric,211.0,8,37600.0,Other,Organic,4,556000.0,Sun,15400.0,0
2023-02-08,10-30 years,Oil,145.0,6,55200.0,BE,Organic,3,385000.0,Sat,,0
2024-03-25,>30 years,Gas,75.0,3,37700.0,BY,Paid Social,2,184000.0,Sun,16144.0,0
2023-01-17,>30 years,Gas,162.0,4,101500.0,NW,Paid Social,6,490000.0,Sat,22051.0,0
2023-05-16,10-30 years,District,178.0,8,66600.0,Other,Paid Social,1,419000.0,Thu,16174.0,0
2023-09-23,10-30 years,Gas,210.0,6,43500.0,Other,Organic,2,566000.0,Mon,18884.0,0
2024-10-08,10-30 years,Gas,180.0,6,117500.0,BE,Display,5,400000.0,Tue,13773.0,0
2024-11-02,>30 years,Oil,113.0,3,32500.0,BY,Display,5,290000.0,Thu,,0
2024-10-20,10-30 years,Gas,192.0,5,59200.0,NW,Display,2,383000.0,Thu,19772.0,0
2024-12-27,10-30 years,District,152.0,5,71200.0,BE,Display,3,350000.0,Wed,17123.0,0
2024-05-08,<10 years,Oil,87.0,3,53000.0,HE,Comparison Site,4,208000.0,Tue,20172.0,0
2024-07-03,>30 years,District,147.0,6,56400.0,HE,Display,2,379000.0,Mon,15525.0,0
2024-10-13,10-30 years,Electric,103.0,5,45300.0,NW,Paid Social,6,288000.0,Sun,,0
2023-06-02,>30 years,Oil,144.0,8,42300.0,BW,Referral,3,353000.0,Sat,12103.0,0
2023-01-09,>30 years,Electric,179.0,7,84600.0,BW,Paid Social,1,500000.0,Sat,17442.0,0
2023-01-21,10-30 years,Oil,105.0,4,62100.0,Other,Organic,3,213000.0,Tue,,0
2024-04-06,10-30 years,Gas,162.0,6,67700.0,Other,Display,1,454000.0,Tue,14956.0,0
2023-10-24,10-30 years,Gas,193.0,7,77700.0,Other,Paid Social,1,616000.0,Fri,,0
2024-04-12,10-30 years,Gas,125.0,5,46600.0,NW,Comparison Site,5,321000.0,Wed,23359.0,0
2024-03-23,10-30 years,Gas,139.0,5,45200.0,Other,Paid Social,5,368000.0,Sat,9393.0,0
2024-04-28,<10 years,Gas,193.0,6,44500.0,Other,Organic,3,452000.0,Fri,17049.0,0
2024-10-21,10-30 years,Gas,195.0,6,61000.0,NW,Comparison Site,2,483000.0,Sat,18738.0,0
2024-03-19,>30 years,Gas,104.0,4,130000.0,BY,Referral,4,250000.0,Thu,21942.0,0
2024-12-22,10-30 years,Gas,108.0,4,60800.0,BE,Comparison Site,2,320000.0,Sun,20847.0,0
2024-10-07,>30 years,Electric,182.0,7,30000.0,BE,Organic,3,483000.0,Mon,17126.0,0
2024-09-05,<10 years,Electric,141.0,7,66900.0,Other,Organic,1,349000.0,Sun,9079.0,0
2024-12-09,10-30 years,Electric,144.0,3,69400.0,BW,Comparison Site,5,463000.0,Tue,,0
2024-04-12,<10 years,Gas,80.0,3,88800.0,NW,Display,2,260000.0,Fri,12207.0,0
2024-10-14,10-30 years,Gas,132.0,4,100100.0,BW,Referral,2,398000.0,Wed,6295.0,0
2023-01-12,<10 years,Gas,143.0,5,188600.0,BY,Organic,3,435000.0,Wed,18823.0,0
2023-12-26,10-30 years,Gas,179.0,8,58400.0,NW,Display,3,514000.0,Fri,6056.0,0
2024-11-12,10-30 years,Gas,135.0,5,65900.0,BW,Display,7,293000.0,Sat,7397.0,0
2024-08-06,>30 years,Electric,179.0,6,68500.0,Other,Paid Social,3,536000.0,Wed,15267.0,0
2023-08-27,10-30 years,Oil,143.0,5,52100.0,BY,Paid Social,3,352000.0,Thu,6251.0,0
2023-08-06,>30 years,Gas,200.0,7,54500.0,NW,Organic,5,511000.0,Sat,5478.0,0
2024-05-18,>30 years,District,149.0,5,44900.0,Other,Organic,4,404000.0,Thu,30224.0,0
2023-11-04,<10 years,Electric,129.0,6,50900.0,BW,Referral,4,393000.0,Tue,16050.0,1
2024-11-10,10-30 years,Oil,121.0,4,56900.0,HE,Referral,3,256000.0,Mon,10384.0,1
2023-01-26,<10 years,Gas,109.0,3,72800.0,Other,Organic,1,346000.0,Sun,15957.0,0
2023-11-04,10-30 years,District,163.0,5,70800.0,NW,Referral,3,378000.0,Tue,,0
2023-11-26,10-30 years,Gas,228.0,8,38200.0,BY,Paid Social,3,594000.0,Mon,8887.0,0
2023-01-01,>30 years,Gas,181.0,7,35000.0,Other,Organic,3,344000.0,Thu,,0
2024-01-14,10-30 years,Oil,167.0,7,49300.0,BW,Referral,4,391000.0,Wed,12769.0,0
2024-02-11,>30 years,Gas,101.0,3,112500.0,NW,Display,4,335000.0,Fri,7539.0,0
2024-10-27,10-30 years,District,103.0,2,70200.0,Other,Display,3,341000.0,Fri,,0
2024-04-19,<10 years,Electric,188.0,7,63500.0,BY,Referral,2,397000.0,Thu,,0
2024-02-07,>30 years,Gas,168.0,7,80400.0,BW,Referral,3,394000.0,Sun,21252.0,1
2023-09-15,10-30 years,Gas,125.0,4,36600.0,NW,Comparison Site,5,284000.0,Sat,20625.0,0
2023-03-04,>30 years,Gas,81.0,3,80100.0,NW,Display,2,129000.0,Thu,14294.0,0
2024-02-14,<10 years,Gas,142.0,6,47300.0,Other,Organic,6,394000.0,Sat,13499.0,0
2024-02-12,>30 years,Gas,114.0,4,31500.0,NW,Paid Social,1,334000.0,Sat,20295.0,0
2024-08-09,>30 years,Gas,129.0,4,55600.0,BE,Organic,3,264000.0,Mon,16809.0,0
2023-04-01,10-30 years,Gas,99.0,3,91500.0,HE,Organic,1,265000.0,Sun,12781.0,0
2023-05-20,>30 years,Electric,182.0,6,64600.0,HE,Comparison Site,3,363000.0,Thu,5000.0,0
2023-05-12,10-30 years,Gas,126.0,4,57100.0,HE,Organic,5,311000.0,Mon,,0
2023-12-11,<10 years,Electric,170.0,6,44100.0,BW,Display,1,424000.0,Wed,11811.0,0
2023-11-08,<10 years,Gas,165.0,6,56200.0,BW,Referral,6,447000.0,Mon,18826.0,0
2024-09-24,10-30 years,Oil,127.0,5,141900.0,HE,Paid Social,4,291000.0,Tue,13178.0,0
2024-06-17,10-30 years,Electric,143.0,6,81700.0,HE,Organic,6,377000.0,Mon,17588.0,0
2023-12-24,>30 years,Gas,220.0,8,60600.0,BE,Display,2,545000.0,Wed,20820.0,0
2024-05-16,<10 years,Oil,109.0,3,41000.0,BE,Comparison Site,6,275000.0,Thu,5142.0,0
2023-04-16,>30 years,Oil,116.0,4,30000.0,BE,Referral,1,291000.0,Mon,14156.0,0
2024-12-20,>30 years,Oil,66.0,3,36500.0,BW,Paid Social,2,214000.0,Sat,9917.0,0
2024-02-23,>30 years,Gas,144.0,7,52200.0,BY,Display,1,340000.0,Mon,16413.0,0
2023-08-18,>30 years,Electric,66.0,2,40400.0,BE,Organic,5,205000.0,Wed,,0
2023-01-21,>30 years,Oil,130.0,4,32800.0,BW,Referral,4,232000.0,Wed,15515.0,0
2023-08-25,10-30 years,Oil,78.0,4,56200.0,BY,Display,5,259000.0,Fri,,0
2024-03-05,10-30 years,Electric,179.0,8,33800.0,BE,Organic,2,452000.0,Wed,15406.0,0
2024-07-22,10-30 years,Gas,143.0,4,70000.0,Other,Organic,1,376000.0,Fri,22557.0,0
2023-01-18,<10 years,Gas,60.0,3,83600.0,BY,Organic,3,133000.0,Thu,21319.0,0
2023-04-16,<10 years,Gas,111.0,3,116300.0,HE,Referral,1,267000.0,Fri,15313.0,0
2024-12-04,10-30 years,Gas,131.0,7,39000.0,BY,Comparison Site,4,330000.0,Mon,13474.0,0
2023-11-15,<10 years,Gas,171.0,5,46400.0,BY,Organic,3,467000.0,Sun,11678.0,0
2023-12-19,>30 years,Gas,185.0,8,39100.0,NW,Paid Social,4,336000.0,Wed,,0
2023-11-08,10-30 years,Gas,166.0,5,87600.0,BE,Referral,4,396000.0,Tue,10103.0,0
2023-05-24,10-30 years,Gas,162.0,5,41700.0,HE,Display,5,394000.0,Mon,,0
2023-11-27,<10 years,District,167.0,7,49300.0,BW,Organic,5,440000.0,Fri,12089.0,0
2024-02-16,10-30 years,Gas,176.0,6,59600.0,BY,Comparison Site,6,497000.0,Sun,18401.0,0
2023-10-23,10-30 years,Electric,150.0,4,39600.0,Other,Organic,4,356000.0,Wed,18495.0,0
2024-08-25,<10 years,Gas,141.0,4,99200.0,HE,Referral,3,283000.0,Fri,12278.0,0
2024-01-20,>30 years,Oil,157.0,6,36500.0,BE,Display,3,366000.0,Sun,20183.0,0
2023-12-07,10-30 years,Gas,197.0,8,63400.0,BY,Paid Social,2,472000.0,Sun,,0
2023-06-16,10-30 years,Oil,60.0,2,40200.0,Other,Organic,3,114000.0,Sun,14991.0,0
2024-02-14,<10 years,District,60.0,2,48800.0,BY,Referral,7,91000.0,Tue,16824.0,0
2023-11-14,>30 years,Oil,172.0,6,60300.0,BY,Paid Social,3,405000.0,Wed,,0
2024-06-07,10-30 years,Electric,114.0,5,41000.0,HE,Organic,3,190000.0,Mon,,0
2023-11-14,10-30 years,Gas,153.0,6,30000.0,NW,Paid Social,3,299000.0,Mon,8883.0,0
2023-03-17,>30 years,Electric,149.0,5,93000.0,BW,Organic,2,379000.0,Mon,15509.0,1
2024-12-13,10-30 years,Gas,237.0,8,30000.0,BE,Paid Social,5,505000.0,Thu,13116.0,0
2023-12-05,<10 years,Gas,177.0,7,48800.0,BW,Organic,4,462000.0,Thu,9731.0,0
2023-05-08,10-30 years,Gas,190.0,8,60400.0,BW,Organic,4,467000.0,Fri,7669.0,0
2024-05-12,10-30 years,Gas,138.0,7,59200.0,HE,Referral,1,293000.0,Fri,,0
2024-12-17,10-30 years,Oil,118.0,6,62900.0,BW,Organic,2,298000.0,Thu,23006.0,0
2023-08-25,10-30 years,Oil,116.0,6,54500.0,BY,Display,1,385000.0,Sat,,0
2023-06-28,>30 years,Electric,199.0,5,63100.0,NW,Organic,2,576000.0,Thu,,0
2023-05-11,10-30 years,Gas,171.0,6,69600.0,HE,Display,4,414000.0,Sat,,0
2023-11-11,10-30 years,District,153.0,6,103000.0,Other,Display,4,340000.0,Thu,15282.0,0
2024-02-23,>30 years,Electric,218.0,8,47600.0,BY,Organic,5,544000.0,Tue,15810.0,0
2023-10-25,>30 years,Gas,144.0,6,99100.0,NW,Referral,3,372000.0,Mon,9865.0,0
2023-11-01,>30 years,Gas,119.0,5,53500.0,Other,Comparison Site,3,364000.0,Sat,16121.0,0
2024-02-18,10-30 years,Gas,136.0,2,75500.0,NW,Paid Social,3,322000.0,Wed,16346.0,0
2023-08-10,<10 years,Gas,193.0,6,65900.0,BE,Referral,1,509000.0,Sun,7602.0,0
2024-11-13,>30 years,Electric,95.0,4,40500.0,BY,Organic,5,327000.0,Fri,,0
2024-12-20,<10 years,Gas,148.0,5,32900.0,HE,Paid Social,6,339000.0,Sun,11149.0,0
2023-07-19,<10 years,Gas,214.0,8,70800.0,Other,Organic,3,520000.0,Sun,,0
2023-03-08,<10 years,Gas,166.0,6,37800.0,Other,Comparison Site,1,442000.0,Sat,22022.0,0
2024-06-28,10-30 years,Gas,142.0,3,40300.0,Other,Referral,4,297000.0,Thu,11232.0,0
2024-04-19,<10 years,Gas,227.0,7,52200.0,NW,Display,6,561000.0,Sun,8982.0,0
2023-07-28,>30 years,Gas,164.0,5,92100.0,BY,Organic,4,363000.0,Sat,,0
2023-01-16,<10 years,District,86.0,3,102500.0,Other,Organic,1,233000.0,Tue,,0
2024-03-04,<10 years,Gas,143.0,4,34400.0,HE,Paid Social,3,324000.0,Sat,,0
2024-02-24,10-30 years,Gas,199.0,8,30000.0,NW,Organic,7,483000.0,Thu,,0
2023-10-24,10-30 years,District,157.0,6,56000.0,BW,Paid Social,3,330000.0,Mon,15865.0,0
2024-11-17,>30 years,Oil,212.0,5,45500.0,NW,Comparison Site,3,513000.0,Thu,,0
2023-07-23,>30 years,Gas,107.0,4,115400.0,BW,Referral,4,277000.0,Thu,17557.0,0
2024-05-13,<10 years,Gas,147.0,5,80000.0,NW,Organic,3,399000.0,Tue,7908.0,0
2023-06-11,>30 years,Gas,164.0,6,42900.0,Other,Organic,3,468000.0,Thu,17043.0,0
2024-10-27,10-30 years,Oil,100.0,2,34800.0,NW,Organic,5,200000.0,Sat,21456.0,0
2023-04-24,10-30 years,Gas,150.0,5,72000.0,NW,Display,4,369000.0,Sat,9572.0,0
2023-04-20,>30 years,Oil,167.0,6,46400.0,Other,Paid Social,6,460000.0,Mon,13703.0,0
2023-08-02,>30 years,Oil,99.0,5,42600.0,NW,Organic,2,225000.0,Sun,18411.0,1
2024-11-13,<10 years,Gas,91.0,4,67500.0,BE,Comparison Site,4,217000.0,Wed,12176.0,0
2023-12-27,<10 years,Gas,198.0,8,39200.0,BY,Organic,5,528000.0,Fri,18753.0,0
2023-05-11,10-30 years,District,155.0,5,65800.0,BY,Display,4,332000.0,Tue,20035.0,0
2023-10-18,<10 years,Electric,60.0,3,70700.0,HE,Comparison Site,4,207000.0,Thu,5000.0,0
2023-02-22,10-30 years,Oil,123.0,5,34900.0,BW,Comparison Site,4,277000.0,Thu,13519.0,0
2023-11-17,10-30 years,Oil,153.0,6,70400.0,BY,Display,3,352000.0,Sun,19038.0,0
2024-10-09,>30 years,Gas,60.0,2,59200.0,NW,Organic,3,205000.0,Sat,,0
2024-11-03,10-30 years,Gas,113.0,3,30000.0,BY,Comparison Site,3,273000.0,Sat,,0
2023-08-16,10-30 years,Electric,137.0,7,65300.0,Other,Display,1,404000.0,Wed,18541.0,0
2023-10-18,>30 years,Oil,137.0,6,45400.0,BY,Referral,3,384000.0,Wed,18768.0,1
2023-01-18,10-30 years,Electric,108.0,3,51800.0,Other,Comparison Site,3,269000.0,Thu,14121.0,0
2023-05-19,>30 years,District,144.0,3,76900.0,Other,Organic,3,368000.0,Sat,23634.0,1
2023-05-08,>30 years,Oil,134.0,3,50900.0,NW,Paid Social,1,421000.0,Wed,16922.0,0
2024-05-25,>30 years,Oil,142.0,4,114300.0,HE,Organic,2,307000.0,Thu,19262.0,0
2024-10-01,10-30 years,Gas,162.0,6,30000.0,NW,Comparison Site,2,475000.0,Sun,11844.0,0
2024-09-20,10-30 years,Gas,76.0,3,63300.0,BE,Display,3,182000.0,Sat,15471.0,0
2024-12-12,<10 years,Gas,179.0,8,43100.0,NW,Paid Social,2,540000.0,Sat,,0
2023-09-25,>30 years,Oil,171.0,7,45700.0,NW,Paid Social,3,415000.0,Sun,9598.0,0
2023-03-04,>30 years,Gas,169.0,7,39500.0,BE,Paid Social,6,450000.0,Thu,11755.0,0
2023-12-26,<10 years,Gas,143.0,4,76600.0,NW,Paid Social,2,307000.0,Thu,,0
2024-01-07,<10 years,Electric,142.0,6,35300.0,BE,Organic,4,450000.0,Fri,13226.0,0
2023-03-20,>30 years,District,145.0,5,112900.0,NW,Referral,1,405000.0,Thu,5000.0,0
2023-03-14,<10 years,Electric,153.0,5,81300.0,NW,Referral,7,442000.0,Wed,14521.0,0
2023-01-12,<10 years,Gas,182.0,5,45400.0,NW,Comparison Site,2,519000.0,Sat,14888.0,0
2024-12-16,>30 years,Gas,180.0,7,50000.0,Other,Paid Social,2,436000.0,Sat,9465.0,0
2023-08-18,<10 years,Gas,139.0,7,84100.0,HE,Display,3,281000.0,Mon,,0
2024-01-06,<10 years,Gas,174.0,6,64500.0,BY,Referral,1,453000.0,Sun,5000.0,0
2024-02-22,10-30 years,Oil,170.0,6,100600.0,HE,Display,3,436000.0,Tue,22308.0,0
2024-02-23,>30 years,Gas,178.0,8,55100.0,NW,Display,5,406000.0,Tue,14590.0,0
2024-01-02,10-30 years,Gas,135.0,5,88400.0,Other,Paid Social,3,243000.0,Tue,12754.0,0
2024-08-06,10-30 years,Gas,201.0,8,78900.0,Other,Paid Social,2,546000.0,Tue,23380.0,0
2024-08-14,10-30 years,Oil,182.0,4,78800.0,BW,Comparison Site,5,406000.0,Sat,11027.0,0
2023-12-07,10-30 years,Electric,106.0,3,56500.0,Other,Paid Social,3,280000.0,Thu,15556.0,0
2024-12-23,<10 years,District,118.0,4,72700.0,BY,Referral,2,410000.0,Mon,,0
2023-11-01,<10 years,District,211.0,8,49900.0,BY,Display,5,509000.0,Sun,17949.0,0
2023-10-20,10-30 years,Gas,76.0,2,44500.0,Other,Organic,2,107000.0,Sun,11338.0,0
2024-07-12,>30 years,Electric,149.0,7,64100.0,BY,Organic,4,406000.0,Fri,5000.0,1
2023-08-24,>30 years,Oil,234.0,8,78400.0,Other,Comparison Site,3,528000.0,Thu,,0
2024-01-23,>30 years,Oil,193.0,8,60600.0,BE,Paid Social,5,459000.0,Mon,25603.0,0
2024-08-14,>30 years,Electric,191.0,7,34700.0,Other,Organic,4,499000.0,Wed,16475.0,0
2024-06-28,<10 years,Gas,102.0,5,53200.0,HE,Display,5,210000.0,Wed,19372.0,0
2024-08-25,>30 years,District,182.0,6,66500.0,Other,Display,3,448000.0,Fri,8588.0,0
2024-08-02,>30 years,Oil,211.0,8,112300.0,HE,Display,5,460000.0,Mon,19978.0,0
2024-01-18,10-30 years,Gas,138.0,5,85200.0,NW,Organic,3,354000.0,Mon,11876.0,0
2023-11-21,10-30 years,Gas,150.0,5,93100.0,Other,Organic,3,391000.0,Wed,16659.0,0
2023-04-04,10-30 years,Electric,190.0,8,30000.0,BW,Paid Social,3,427000.0,Mon,18193.0,0
2024-02-01,10-30 years,Oil,141.0,6,123000.0,HE,Referral,1,272000.0,Tue,10276.0,0
2024-04-22,10-30 years,Oil,89.0,3,72600.0,HE,Paid Social,2,259000.0,Sat,11481.0,0
2023-12-17,10-30 years,Gas,60.0,2,37600.0,NW,Organic,4,167000.0,Fri,9724.0,0
2023-06-26,>30 years,Gas,163.0,5,36400.0,BW,Paid Social,2,438000.0,Mon,5560.0,0
2024-03-04,>30 years,Oil,130.0,5,45900.0,NW,Organic,4,374000.0,Sat,16548.0,0
2023-02-23,<10 years,Gas,60.0,2,42600.0,Other,Comparison Site,2,164000.0,Tue,12873.0,0
2024-04-21,<10 years,Gas,118.0,5,66900.0,HE,Paid Social,5,310000.0,Fri,,0
2023-10-21,10-30 years,Gas,134.0,5,45800.0,Other,Display,5,333000.0,Tue,19513.0,0
2024-11-12,>30 years,Gas,131.0,4,66600.0,BE,Display,3,357000.0,Sat,19575.0,0
2024-03-12,10-30 years,Gas,195.0,7,56200.0,BY,Organic,2,504000.0,Fri,15301.0,0
2024-05-19,>30 years,Gas,176.0,8,89600.0,BY,Organic,1,382000.0,Fri,14604.0,0
2023-09-05,<10 years,Electric,144.0,4,57800.0,Other,Organic,5,395000.0,Fri,6974.0,0
2023-07-03,10-30 years,Oil,99.0,5,31000.0,BY,Organic,3,269000.0,Tue,17674.0,0
2023-10-26,>30 years,Oil,178.0,8,38700.0,HE,Display,2,432000.0,Sun,20002.0,0
2023-03-07,10-30 years,Gas,209.0,8,75000.0,Other,Display,4,527000.0,Mon,,0
2024-10-08,>30 years,Oil,219.0,8,108400.0,HE,Organic,5,552000.0,Sat,16811.0,0
2024-04-28,10-30 years,Oil,139.0,5,70900.0,Other,Organic,2,295000.0,Tue,,0
2023-09-12,>30 years,Gas,174.0,4,137500.0,BY,Organic,7,375000.0,Sun,11776.0,0
2023-04-25,<10 years,Gas,124.0,4,30000.0,BW,Organic,4,272000.0,Tue,17998.0,0
2023-04-22,<10 years,Oil,117.0,5,63600.0,NW,Paid Social,3,263000.0,Sun,8327.0,0
2024-08-11,<10 years,Gas,179.0,6,32400.0,HE,Referral,3,484000.0,Thu,10800.0,0
2023-10-12,10-30 years,Gas,100.0,4,77100.0,HE,Organic,4,204000.0,Thu,22061.0,0
2024-11-05,10-30 years,Gas,131.0,5,100800.0,HE,Organic,3,374000.0,Mon,13534.0,0
2023-10-01,>30 years,Oil,196.0,7,33700.0,NW,Comparison Site,3,591000.0,Wed,15713.0,0
2024-12-08,>30 years,Electric,130.0,3,91400.0,Other,Referral,8,377000.0,Tue,22477.0,0
2023-03-14,10-30 years,Electric,109.0,4,126800.0,BE,Referral,1,321000.0,Tue,12195.0,0
2024-10-27,10-30 years,Gas,230.0,8,42200.0,Other,Organic,3,672000.0,Thu,24246.0,0
2024-02-12,>30 years,District,173.0,5,119600.0,BY,Paid Social,1,512000.0,Thu,,0
2023-10-24,10-30 years,Electric,84.0,2,42800.0,Other,Paid Social,5,213000.0,Wed,,0
2024-07-13,>30 years,Gas,163.0,7,64700.0,BE,Organic,3,481000.0,Wed,18654.0,0
2024-08-04,>30 years,Electric,145.0,6,169000.0,Other,Organic,1,375000.0,Thu,13889.0,0
2024-02-14,>30 years,Gas,182.0,6,49200.0,HE,Paid Social,7,448000.0,Sun,6104.0,0
2024-03-19,10-30 years,Gas,170.0,5,53300.0,BY,Comparison Site,7,503000.0,Sun,,0
2023-07-05,>30 years,Gas,148.0,6,58800.0,NW,Paid Social,1,359000.0,Wed,6122.0,0
2024-01-19,10-30 years,Gas,161.0,7,50900.0,BW,Referral,1,399000.0,Wed,9674.0,0
2023-12-28,10-30 years,Oil,163.0,6,125000.0,BY,Display,3,397000.0,Sat,,0
2024-11-01,10-30 years,District,166.0,6,63800.0,Other,Referral,8,363000.0,Tue,10342.0,0
2023-07-11,10-30 years,Gas,135.0,4,126300.0,Other,Paid Social,2,315000.0,Mon,18227.0,0
2024-02-09,10-30 years,Gas,92.0,3,89400.0,Other,Organic,2,253000.0,Wed,15351.0,0
2024-03-01,>30 years,Gas,141.0,3,37900.0,BW,Organic,3,345000.0,Fri,17030.0,0
2024-11-06,10-30 years,Oil,132.0,5,86700.0,NW,Organic,3,330000.0,Sat,17726.0,0
2024-12-15,10-30 years,District,148.0,7,57000.0,Other,Referral,1,255000.0,Mon,9753.0,0
2023-09-10,>30 years,Oil,194.0,8,61600.0,BY,Display,4,468000.0,Sun,6272.0,0
2023-12-05,>30 years,Oil,208.0,8,127700.0,NW,Paid Social,4,632000.0,Thu,16030.0,0
2024-10-27,10-30 years,Electric,179.0,6,49300.0,BY,Organic,3,512000.0,Sat,16509.0,0
2023-10-01,>30 years,Gas,182.0,7,58700.0,BE,Organic,1,441000.0,Sat,12838.0,0
2024-03-17,>30 years,District,146.0,5,116200.0,BE,Organic,4,347000.0,Thu,,0
2023-01-09,10-30 years,Oil,135.0,6,56600.0,BY,Referral,2,278000.0,Mon,,0
2023-12-23,>30 years,Oil,179.0,7,67900.0,NW,Display,7,526000.0,Sat,14514.0,0
2023-10-10,10-30 years,Electric,189.0,6,52900.0,NW,Display,3,512000.0,Mon,,0
2023-02-03,>30 years,Oil,188.0,6,53600.0,Other,Organic,2,432000.0,Sun,15999.0,0
2023-01-02,10-30 years,Oil,144.0,6,46400.0,BE,Organic,5,296000.0,Sat,6507.0,0
2023-09-11,10-30 years,Oil,153.0,5,35500.0,BW,Organic,4,331000.0,Tue,16627.0,0
2023-06-04,10-30 years,Gas,228.0,6,46300.0,BY,Referral,5,554000.0,Fri,,0
2024-08-19,10-30 years,Gas,60.0,2,68600.0,Other,Display,3,120000.0,Wed,13424.0,0
2024-10-08,10-30 years,District,189.0,8,40700.0,Other,Comparison Site,4,493000.0,Mon,24089.0,0
2023-01-16,>30 years,Gas,136.0,4,54400.0,HE,Organic,2,281000.0,Tue,15362.0,0
2023-11-02,10-30 years,Oil,136.0,6,90400.0,NW,Referral,8,276000.0,Thu,,0
2023-01-06,10-30 years,Gas,139.0,3,61700.0,BY,Organic,5,274000.0,Wed,14225.0,0
2023-04-05,10-30 years,Gas,76.0,2,146000.0,BE,Display,1,143000.0,Sun,8183.0,0
2024-02-24,>30 years,Oil,142.0,4,77100.0,HE,Display,2,342000.0,Fri,16301.0,0
2024-10-01,>30 years,Oil,201.0,8,30000.0,Other,Organic,7,469000.0,Fri,,0
2023-07-01,>30 years,Gas,138.0,4,40400.0,Other,Display,1,383000.0,Thu,16543.0,0
2023-04-28,>30 years,District,144.0,7,30000.0,NW,Paid Social,3,389000.0,Tue,12017.0,0
2024-01-12,10-30 years,Electric,114.0,5,55000.0,Other,Display,2,304000.0,Tue,16774.0,0
2024-04-10,>30 years,Gas,151.0,8,104200.0,BY,Display,1,384000.0,Thu,18976.0,0
2024-03-02,10-30 years,Gas,60.0,2,65700.0,Other,Referral,2,89000.0,Fri,11390.0,0
2023-12-09,>30 years,Electric,118.0,3,44700.0,BY,Display,2,316000.0,Sat,17612.0,0
2024-12-25,10-30 years,Gas,165.0,8,115600.0,NW,Display,5,475000.0,Sun,,0
2024-11-20,>30 years,Oil,97.0,5,42400.0,BW,Display,4,246000.0,Wed,17884.0,0
2024-12-18,10-30 years,Gas,100.0,4,79400.0,BY,Organic,3,266000.0,Fri,13932.0,0
2023-11-06,<10 years,Gas,131.0,5,44500.0,NW,Paid Social,3,281000.0,Thu,18757.0,0
2024-09-08,<10 years,District,170.0,6,71300.0,BE,Paid Social,4,387000.0,Wed,6203.0,0
2024-02-03,<10 years,Electric,190.0,8,49700.0,BE,Organic,6,644000.0,Wed,13006.0,0
2023-06-21,10-30 years,Gas,150.0,5,37800.0,HE,Organic,2,325000.0,Sat,22808.0,0
2024-02-27,10-30 years,Electric,137.0,6,31500.0,Other,Paid Social,6,440000.0,Sat,15732.0,0
2024-12-05,>30 years,Gas,166.0,6,73000.0,NW,Referral,5,466000.0,Wed,9256.0,0
2023-11-22,10-30 years,Gas,141.0,5,84900.0,HE,Display,4,316000.0,Sat,9750.0,0
2023-12-13,10-30 years,Oil,179.0,6,75100.0,NW,Display,3,438000.0,Wed,14372.0,0
2023-02-23,>30 years,Oil,209.0,7,60700.0,HE,Organic,1,384000.0,Tue,19695.0,0
2024-02-02,<10 years,Electric,144.0,4,31200.0,BW,Referral,2,315000.0,Mon,,0
2023-05-04,>30 years,Oil,104.0,4,62400.0,HE,Organic,5,215000.0,Sat,,0
2024-02-06,10-30 years,Gas,148.0,5,63200.0,BY,Organic,4,318000.0,Sun,18075.0,1
2024-10-03,10-30 years,District,231.0,8,134100.0,NW,Referral,8,630000.0,Sat,,0
2023-01-22,<10 years,Gas,163.0,7,49800.0,BE,Comparison Site,4,475000.0,Mon,11840.0,0
2024-11-05,<10 years,Gas,111.0,4,51200.0,NW,Organic,3,296000.0,Thu,,0
2024-01-09,>30 years,Oil,151.0,5,65800.0,BY,Organic,3,341000.0,Thu,12413.0,1
2024-02-10,10-30 years,Electric,147.0,5,58200.0,BE,Paid Social,3,375000.0,Wed,24129.0,0
2024-01-26,>30 years,Oil,117.0,5,57700.0,Other,Display,3,249000.0,Fri,,0
2024-04-17,10-30 years,Electric,200.0,8,37600.0,HE,Organic,4,511000.0,Thu,15234.0,0
2023-09-03,>30 years,Gas,175.0,6,70700.0,HE,Organic,4,517000.0,Mon,16313.0,0
2024-11-08,>30 years,Gas,196.0,6,56100.0,NW,Paid Social,3,478000.0,Sun,,0
2024-03-08,10-30 years,District,60.0,2,35500.0,HE,Display,2,206000.0,Fri,16453.0,0
2023-12-08,>30 years,Oil,161.0,7,47400.0,NW,Organic,4,398000.0,Sat,,0
2024-11-13,<10 years,Gas,153.0,7,37000.0,BE,Paid Social,8,441000.0,Sun,17987.0,0
2024-01-11,10-30 years,Electric,111.0,4,58100.0,BY,Display,1,226000.0,Sun,17554.0,0
2024-12-02,>30 years,Oil,168.0,6,106000.0,NW,Paid Social,6,344000.0,Thu,22550.0,0
2023-01-15,10-30 years,Oil,111.0,5,44500.0,NW,Organic,6,344000.0,Sun,10408.0,0
2023-12-16,<10 years,Oil,86.0,2,57900.0,BW,Organic,2,206000.0,Sun,11822.0,1
2023-10-17,10-30 years,Oil,179.0,8,60300.0,NW,Paid Social,5,406000.0,Tue,8815.0,0
2024-01-18,>30 years,Gas,144.0,2,103500.0,Other,Comparison Site,2,436000.0,Sat,14274.0,0
2023-01-06,>30 years,Gas,84.0,4,59700.0,NW,Display,1,201000.0,Sun,,0
2023-11-17,>30 years,District,207.0,6,37100.0,HE,Organic,3,623000.0,Thu,,0
2023-02-12,10-30 years,Gas,152.0,2,165500.0,BE,Organic,2,301000.0,Sat,21703.0,0
2023-10-01,>30 years,Gas,118.0,4,90400.0,Other,Display,4,285000.0,Sun,9276.0,0
2024-09-21,>30 years,Oil,85.0,4,30000.0,NW,Referral,3,175000.0,Sat,20438.0,0
2024-10-08,10-30 years,Gas,106.0,2,66900.0,HE,Paid Social,3,337000.0,Tue,15754.0,0
2023-06-02,<10 years,Oil,85.0,2,91900.0,Other,Organic,6,225000.0,Sat,19866.0,0
2023-03-13,>30 years,Gas,219.0,8,60900.0,NW,Paid Social,2,569000.0,Fri,13155.0,0
2023-01-04,>30 years,Gas,230.0,8,69700.0,Other,Display,3,527000.0,Sat,,0
2023-08-06,<10 years,District,199.0,7,59000.0,NW,Paid Social,6,527000.0,Thu,5000.0,0
2024-02-04,>30 years,Electric,84.0,4,49800.0,BY,Referral,4,202000.0,Sat,,0
2024-10-07,10-30 years,Gas,172.0,6,36100.0,Other,Paid Social,2,413000.0,Sun,,0
2023-10-16,>30 years,Gas,243.0,8,50800.0,BE,Organic,6,611000.0,Mon,10762.0,0
2023-03-15,10-30 years,Electric,118.0,3,30000.0,Other,Referral,1,176000.0,Wed,5000.0,0
2023-01-24,10-30 years,District,146.0,4,122400.0,BW,Organic,5,295000.0,Tue,13543.0,0
2023-02-19,10-30 years,Oil,222.0,8,60500.0,BE,Organic,5,549000.0,Mon,11113.0,0
2023-07-09,>30 years,Oil,164.0,7,35700.0,HE,Referral,6,431000.0,Fri,20196.0,0
2023-10-07,10-30 years,Gas,177.0,5,60700.0,NW,Paid Social,3,304000.0,Tue,,0
2023-07-07,>30 years,Oil,123.0,5,99400.0,BW,Organic,2,368000.0,Sun,16828.0,0
2024-08-21,<10 years,Gas,91.0,3,78800.0,NW,Display,8,220000.0,Mon,11261.0,0
2024-08-11,>30 years,Electric,169.0,5,39400.0,HE,Display,5,328000.0,Thu,10226.0,0
2023-11-25,10-30 years,Gas,130.0,4,51800.0,BE,Display,4,386000.0,Mon,21093.0,0
2024-12-24,<10 years,Oil,124.0,4,84700.0,BW,Paid Social,2,353000.0,Sat,13877.0,0
2024-04-23,10-30 years,Gas,118.0,3,44800.0,NW,Paid Social,4,304000.0,Mon,11889.0,0
2024-01-22,<10 years,Gas,183.0,8,69600.0,NW,Referral,3,420000.0,Tue,24756.0,0
2023-01-11,>30 years,Gas,169.0,6,47900.0,Other,Comparison Site,4,539000.0,Sun,,0
2023-02-04,10-30 years,Gas,227.0,8,58000.0,BW,Display,2,554000.0,Mon,,0
2023-09-23,<10 years,Gas,196.0,5,94500.0,Other,Comparison Site,1,504000.0,Mon,,0
2023-02-25,10-30 years,District,156.0,7,46500.0,Other,Organic,6,359000.0,Sat,10062.0,0
2024-01-11,10-30 years,Electric,154.0,6,30700.0,BE,Organic,2,347000.0,Tue,17710.0,0
2023-03-17,<10 years,Oil,192.0,7,148100.0,Other,Referral,3,508000.0,Mon,,0
2024-03-14,10-30 years,Electric,156.0,6,52900.0,NW,Comparison Site,5,293000.0,Sun,10825.0,0
2023-02-10,10-30 years,Gas,200.0,7,68400.0,BW,Referral,3,510000.0,Mon,5000.0,0
2024-02-10,10-30 years,Electric,157.0,7,139200.0,NW,Paid Social,2,294000.0,Mon,,0
2024-11-12,10-30 years,District,177.0,7,74700.0,HE,Referral,4,401000.0,Fri,6118.0,0
2023-05-09,10-30 years,Gas,210.0,8,58000.0,NW,Organic,3,526000.0,Tue,18228.0,0
2024-06-12,<10 years,District,88.0,2,60800.0,HE,Paid Social,1,196000.0,Mon,15608.0,0
2024-02-14,>30 years,Gas,206.0,7,130000.0,BW,Comparison Site,2,521000.0,Wed,,0
2023-01-19,>30 years,Gas,209.0,8,85800.0,BW,Organic,6,494000.0,Fri,6952.0,0
2023-02-23,10-30 years,Gas,141.0,5,49500.0,BW,Organic,1,258000.0,Tue,13786.0,0
2024-05-08,10-30 years,District,155.0,6,86400.0,Other,Display,2,417000.0,Sat,14006.0,0
2024-12-03,10-30 years,Oil,138.0,5,47700.0,BY,Display,2,382000.0,Wed,,0
2023-12-06,>30 years,Oil,128.0,4,66800.0,Other,Display,2,201000.0,Sun,12398.0,0
2023-12-21,10-30 years,Gas,201.0,6,79300.0,Other,Comparison Site,4,427000.0,Mon,20406.0,0
2023-05-06,>30 years,Gas,94.0,2,45000.0,BY,Organic,1,120000.0,Mon,,0
2024-12-15,10-30 years,Electric,156.0,5,49800.0,BY,Display,2,439000.0,Thu,18496.0,0
2024-05-05,>30 years,Gas,99.0,3,48400.0,NW,Organic,2,253000.0,Thu,10222.0,0
2023-11-16,10-30 years,Gas,130.0,6,36900.0,HE,Paid Social,2,241000.0,Fri,20354.0,0
2024-04-20,10-30 years,Gas,106.0,4,61500.0,HE,Paid Social,3,242000.0,Sat,8914.0,0
2023-04-21,10-30 years,Gas,154.0,6,58300.0,NW,Comparison Site,4,452000.0,Thu,9098.0,0
2024-04-21,10-30 years,Oil,172.0,6,67200.0,HE,Comparison Site,4,511000.0,Wed,15285.0,1
2023-12-27,>30 years,Electric,198.0,8,70100.0,BE,Paid Social,2,564000.0,Tue,24000.0,0
2024-02-09,>30 years,Gas,150.0,4,48800.0,BE,Display,2,401000.0,Wed,,0
2023-09-15,<10 years,Gas,229.0,8,83600.0,BW,Organic,2,596000.0,Sat,16253.0,0
2023-11-20,10-30 years,Gas,133.0,6,62900.0,HE,Paid Social,3,370000.0,Sat,15223.0,0
2024-06-25,>30 years,Gas,182.0,6,33400.0,BE,Display,3,487000.0,Sat,25236.0,0
2024-02-14,<10 years,Electric,206.0,7,68600.0,BY,Display,4,447000.0,Sun,18820.0,0
2024-10-19,10-30 years,Gas,137.0,4,46000.0,HE,Comparison Site,5,462000.0,Wed,20989.0,0
2024-01-03,<10 years,Gas,174.0,6,30000.0,BW,Referral,1,372000.0,Sat,19975.0,0
2024-04-22,<10 years,Gas,60.0,2,123400.0,BE,Referral,3,140000.0,Mon,16579.0,0
2023-04-06,>30 years,Gas,196.0,7,30000.0,HE,Referral,2,483000.0,Sun,14805.0,0
2023-05-04,10-30 years,Oil,118.0,5,41200.0,BY,Organic,1,257000.0,Wed,8453.0,0
2024-02-21,10-30 years,Gas,213.0,8,53800.0,Other,Referral,5,400000.0,Sat,,0
2023-09-11,<10 years,Oil,149.0,4,63400.0,Other,Organic,4,376000.0,Wed,10628.0,0
2024-06-26,<10 years,Gas,189.0,7,64500.0,BE,Organic,1,493000.0,Mon,23880.0,0
2023-10-01,>30 years,Oil,127.0,4,52000.0,NW,Display,8,315000.0,Wed,13885.0,0
2023-12-23,10-30 years,Electric,277.0,8,31200.0,BY,Paid Social,4,738000.0,Thu,13694.0,0
2023-12-01,<10 years,Gas,158.0,6,71400.0,Other,Display,1,358000.0,Sat,14369.0,0
2023-11-04,>30 years,District,244.0,8,39200.0,BY,Organic,2,641000.0,Sat,21000.0,0
2024-10-15,10-30 years,Oil,151.0,6,74600.0,NW,Organic,6,455000.0,Wed,17443.0,0
2024-10-20,10-30 years,Gas,137.0,5,75800.0,NW,Referral,5,384000.0,Sun,8028.0,0
2023-12-15,10-30 years,Electric,178.0,6,61200.0,BY,Display,1,482000.0,Thu,15928.0,0
2024-11-16,<10 years,Gas,199.0,8,39100.0,HE,Organic,3,405000.0,Fri,15864.0,0
2023-09-09,10-30 years,District,187.0,6,49700.0,Other,Paid Social,3,481000.0,Sun,21258.0,0
2023-11-20,10-30 years,Gas,173.0,6,124100.0,NW,Display,3,552000.0,Tue,17270.0,0
2024-08-16,10-30 years,Oil,152.0,6,56500.0,NW,Display,6,387000.0,Tue,9373.0,0
2024-05-18,>30 years,District,185.0,8,32000.0,NW,Paid Social,4,482000.0,Fri,,0
2024-04-01,10-30 years,Gas,167.0,5,78600.0,BY,Organic,4,380000.0,Sun,15509.0,0
2024-02-11,>30 years,Gas,145.0,6,45200.0,BY,Display,7,293000.0,Sun,23386.0,0
2024-02-17,<10 years,Electric,144.0,5,96100.0,Other,Organic,4,403000.0,Wed,17785.0,0
2024-01-01,>30 years,Oil,208.0,7,30000.0,Other,Referral,7,565000.0,Mon,15444.0,0
2024-10-25,>30 years,Electric,98.0,6,67200.0,Other,Referral,2,228000.0,Sat,14651.0,0
2024-11-04,<10 years,Oil,186.0,6,132400.0,BW,Organic,8,466000.0,Tue,,0
2024-01-19,>30 years,Gas,181.0,8,81400.0,HE,Organic,5,486000.0,Tue,,0
2023-12-28,10-30 years,Oil,240.0,8,78800.0,HE,Organic,4,564000.0,Sat,5000.0,0
2023-08-12,>30 years,Gas,60.0,3,43400.0,Other,Paid Social,2,200000.0,Mon,12232.0,0
2023-03-02,>30 years,Gas,89.0,3,39700.0,Other,Organic,4,174000.0,Sat,18314.0,0
2023-12-01,<10 years,Oil,115.0,6,49300.0,NW,Paid Social,2,385000.0,Thu,9291.0,0
2024-10-02,<10 years,Gas,125.0,5,74800.0,BY,Organic,6,314000.0,Sun,10589.0,0
2023-11-16,10-30 years,Gas,188.0,8,54300.0,BW,Paid Social,5,486000.0,Wed,16235.0,0
2023-05-12,10-30 years,Gas,97.0,2,31600.0,HE,Comparison Site,4,249000.0,Fri,6648.0,0
2023-10-06,10-30 years,Oil,139.0,4,78700.0,BY,Display,6,300000.0,Fri,,0
2024-03-27,10-30 years,Gas,123.0,4,61300.0,Other,Organic,1,298000.0,Tue,18073.0,0
2023-10-24,<10 years,Gas,139.0,5,70000.0,BW,Organic,3,352000.0,Sun,21435.0,0
2024-05-08,10-30 years,Gas,206.0,7,51600.0,Other,Paid Social,6,502000.0,Tue,18973.0,0
2023-02-02,<10 years,Gas,173.0,5,61500.0,NW,Organic,2,397000.0,Mon,8919.0,0
2024-01-06,10-30 years,Gas,126.0,4,75100.0,HE,Paid Social,2,333000.0,Mon,,0
2024-09-12,<10 years,Gas,95.0,4,50200.0,HE,Referral,2,182000.0,Sat,,0
2024-05-06,>30 years,Oil,172.0,6,41400.0,Other,Paid Social,5,421000.0,Sat,13769.0,0
2023-09-23,>30 years,Gas,124.0,3,34500.0,BW,Paid Social,4,277000.0,Tue,,0
2023-05-14,<10 years,Oil,139.0,4,58600.0,Other,Referral,5,403000.0,Tue,8058.0,0
2024-12-24,>30 years,Gas,140.0,6,64600.0,Other,Display,1,380000.0,Fri,12389.0,0
2024-02-01,>30 years,Gas,194.0,7,84000.0,Other,Display,4,521000.0,Thu,12230.0,0
2024-11-17,>30 years,Gas,136.0,5,80200.0,NW,Organic,5,322000.0,Thu,21324.0,0
2024-10-05,10-30 years,Oil,134.0,2,59400.0,BE,Paid Social,5,375000.0,Sat,19349.0,0
2023-11-08,10-30 years,Oil,114.0,3,64700.0,NW,Referral,2,283000.0,Tue,15643.0,0
2024-06-08,10-30 years,Electric,120.0,5,119300.0,BW,Referral,2,317000.0,Tue,20096.0,0
2023-03-21,10-30 years,Gas,187.0,8,77400.0,NW,Organic,3,471000.0,Tue,19466.0,0
2024-09-01,10-30 years,Electric,150.0,5,66300.0,BY,Referral,2,316000.0,Sat,13833.0,0
2023-05-18,10-30 years,Gas,142.0,5,40400.0,BY,Referral,4,358000.0,Sat,13689.0,0
2023-02-11,10-30 years,Gas,97.0,3,49400.0,BY,Organic,7,193000.0,Fri,10679.0,0
2023-10-25,<10 years,Gas,109.0,4,32000.0,NW,Paid Social,2,330000.0,Tue,15335.0,0
2024-11-11,<10 years,Gas,171.0,6,67000.0,NW,Referral,2,329000.0,Thu,21682.0,0
2023-09-27,>30 years,Oil,141.0,6,44300.0,NW,Referral,3,376000.0,Wed,5000.0,0
2024-03-08,>30 years,Gas,141.0,6,39500.0,Other,Paid Social,2,422000.0,Sat,20508.0,0
2023-12-01,>30 years,Oil,164.0,7,68600.0,Other,Paid Social,3,426000.0,Fri,5000.0,1
2024-11-21,10-30 years,Gas,176.0,8,91400.0,BW,Organic,4,523000.0,Sun,13442.0,0
2024-11-15,>30 years,Gas,178.0,8,45700.0,HE,Paid Social,4,325000.0,Thu,21395.0,0
2024-05-10,10-30 years,Electric,139.0,4,52200.0,BE,Referral,2,296000.0,Thu,16592.0,0
2024-11-03,>30 years,Oil,145.0,4,52900.0,BW,Organic,4,323000.0,Wed,6895.0,1
2023-02-03,<10 years,Oil,171.0,5,105300.0,BW,Paid Social,2,393000.0,Thu,,0
2024-07-14,10-30 years,Gas,61.0,2,37500.0,BY,Display,2,149000.0,Thu,15795.0,0
2023-09-28,>30 years,Gas,157.0,5,30000.0,HE,Organic,5,446000.0,Thu,12586.0,0
2024-06-15,>30 years,Gas,178.0,5,70400.0,Other,Organic,3,569000.0,Sat,17225.0,0
2023-02-06,>30 years,Electric,122.0,5,30000.0,NW,Referral,3,234000.0,Sat,14171.0,0
2023-04-07,>30 years,Gas,99.0,3,39600.0,Other,Comparison Site,5,309000.0,Wed,13253.0,0
2024-01-15,10-30 years,Oil,207.0,8,130800.0,Other,Referral,5,479000.0,Wed,18483.0,0
2023-01-24,10-30 years,Electric,118.0,3,58100.0,HE,Comparison Site,2,245000.0,Fri,18509.0,0
2024-04-15,10-30 years,District,148.0,5,69000.0,NW,Organic,3,293000.0,Sat,20655.0,0
2024-05-10,<10 years,District,162.0,6,85200.0,BE,Referral,3,404000.0,Mon,11090.0,0
2023-04-06,>30 years,Electric,114.0,3,33000.0,Other,Comparison Site,3,269000.0,Sun,19831.0,0
2023-09-13,>30 years,Gas,87.0,3,66500.0,Other,Organic,1,141000.0,Mon,15743.0,0
2023-12-02,<10 years,Electric,161.0,5,30000.0,Other,Display,2,361000.0,Sun,18613.0,0
2024-09-24,<10 years,Electric,94.0,5,43900.0,NW,Paid Social,3,265000.0,Sat,28671.0,0
2024-11-16,<10 years,Oil,177.0,8,58000.0,NW,Organic,4,489000.0,Mon,13319.0,0
2024-09-03,>30 years,Gas,144.0,6,41000.0,BW,Referral,3,318000.0,Fri,11540.0,0
2023-09-09,10-30 years,Gas,236.0,8,56900.0,BW,Comparison Site,4,511000.0,Sun,27661.0,0
2024-06-17,10-30 years,Gas,156.0,6,83500.0,BY,Organic,3,377000.0,Wed,7146.0,0
2023-11-28,<10 years,Gas,121.0,6,42800.0,Other,Display,6,299000.0,Thu,21827.0,0
2024-10-25,10-30 years,Oil,182.0,6,73700.0,NW,Comparison Site,4,460000.0,Sat,17108.0,0
2024-11-14,>30 years,Oil,193.0,6,39900.0,BW,Organic,1,465000.0,Thu,15992.0,0
2023-07-20,>30 years,Electric,96.0,2,95000.0,NW,Referral,4,255000.0,Sat,,1
2024-06-09,10-30 years,Gas,167.0,6,79400.0,NW,Paid Social,1,434000.0,Mon,22074.0,0
2024-06-03,10-30 years,Oil,164.0,7,78500.0,Other,Organic,2,408000.0,Sat,15109.0,0
2024-01-27,>30 years,District,189.0,7,84400.0,Other,Display,4,456000.0,Sat,5000.0,0
2023-12-08,>30 years,Oil,109.0,4,138300.0,BE,Organic,1,224000.0,Mon,15035.0,0
2024-08-01,10-30 years,Oil,179.0,6,65800.0,Other,Display,8,480000.0,Thu,,0
2023-12-18,<10 years,Oil,167.0,7,41700.0,BY,Organic,3,458000.0,Sun,12302.0,0
2023-02-10,>30 years,Oil,140.0,7,76400.0,HE,Organic,6,331000.0,Sat,11118.0,0
2024-08-28,10-30 years,District,257.0,8,64400.0,Other,Organic,3,635000.0,Mon,15192.0,0
2024-11-23,>30 years,Gas,102.0,3,65300.0,NW,Organic,4,192000.0,Fri,16100.0,0
2023-03-15,10-30 years,Gas,140.0,8,67900.0,Other,Organic,5,354000.0,Fri,15425.0,0
2023-09-23,10-30 years,Gas,114.0,2,30500.0,BY,Organic,6,374000.0,Mon,8112.0,0
2024-09-17,10-30 years,Electric,164.0,5,41400.0,HE,Organic,6,422000.0,Fri,19201.0,0
2023-11-20,>30 years,Electric,218.0,8,34000.0,Other,Organic,5,587000.0,Fri,20474.0,0
2024-11-06,>30 years,Gas,207.0,8,149900.0,HE,Organic,2,542000.0,Fri,5000.0,0
2023-01-22,<10 years,Gas,60.0,2,130600.0,NW,Organic,5,163000.0,Sun,,0
2024-01-20,10-30 years,Gas,213.0,7,157000.0,Other,Organic,3,482000.0,Fri,20725.0,0
2023-08-27,10-30 years,District,130.0,4,120400.0,BY,Paid Social,1,335000.0,Wed,17320.0,0
2024-02-18,>30 years,Gas,122.0,3,57700.0,NW,Organic,7,375000.0,Sat,10847.0,0
2023-02-25,>30 years,Gas,156.0,7,38000.0,BY,Organic,3,383000.0,Wed,16109.0,0
2024-10-02,>30 years,Gas,139.0,7,61900.0,NW,Display,7,371000.0,Tue,,0
2024-11-09,10-30 years,District,137.0,5,126400.0,NW,Paid Social,6,393000.0,Mon,22474.0,0
2023-01-08,<10 years,Oil,121.0,5,67500.0,BY,Display,3,338000.0,Thu,12475.0,1
2023-08-13,<10 years,Oil,163.0,7,61900.0,BE,Paid Social,2,364000.0,Thu,15341.0,0
2024-04-20,10-30 years,Gas,199.0,8,63600.0,BY,Paid Social,1,483000.0,Mon,5000.0,0
2024-09-13,10-30 years,Oil,156.0,5,61800.0,HE,Paid Social,2,394000.0,Mon,11028.0,0
2023-02-13,>30 years,Gas,146.0,4,58900.0,Other,Referral,2,473000.0,Sat,,0
2023-05-17,10-30 years,Oil,175.0,7,51800.0,NW,Paid Social,3,369000.0,Wed,23811.0,0
2023-10-19,10-30 years,Oil,201.0,6,102800.0,Other,Display,1,538000.0,Sun,19392.0,0
2023-12-10,>30 years,Oil,155.0,5,40800.0,NW,Paid Social,5,483000.0,Fri,10301.0,0
2024-11-18,>30 years,Electric,144.0,4,63900.0,Other,Display,2,412000.0,Sat,15612.0,0
2023-05-11,10-30 years,Gas,175.0,7,50600.0,BW,Organic,5,426000.0,Tue,,0
2023-11-24,<10 years,Gas,123.0,5,38200.0,Other,Organic,3,351000.0,Mon,11694.0,0
2023-04-15,10-30 years,Electric,68.0,3,47400.0,BE,Display,4,170000.0,Sun,,0
2024-01-17,10-30 years,Oil,174.0,8,41700.0,HE,Comparison Site,2,459000.0,Sun,11203.0,0
2023-07-10,>30 years,Gas,133.0,2,36800.0,BY,Organic,4,387000.0,Fri,12998.0,0
2023-11-18,>30 years,Gas,129.0,4,67900.0,HE,Organic,6,377000.0,Mon,12936.0,0
2024-01-28,10-30 years,Oil,74.0,3,106700.0,HE,Comparison Site,4,173000.0,Mon,13833.0,0
2024-04-18,>30 years,Gas,120.0,4,40700.0,BW,Organic,1,352000.0,Mon,20596.0,0
2023-08-04,>30 years,District,136.0,5,49000.0,Other,Referral,5,329000.0,Fri,6721.0,0
2023-11-15,>30 years,Oil,208.0,6,53800.0,HE,Paid Social,6,518000.0,Wed,20704.0,0
2023-12-06,>30 years,Electric,220.0,8,65900.0,BW,Organic,2,484000.0,Mon,19380.0,0
2023-12-16,<10 years,Electric,143.0,6,66900.0,NW,Organic,2,381000.0,Sat,19069.0,0
2024-06-11,<10 years,Oil,172.0,7,77200.0,BY,Paid Social,5,400000.0,Mon,15780.0,0
2024-02-16,10-30 years,Gas,104.0,3,37400.0,BY,Referral,8,166000.0,Sun,11956.0,0
2024-08-07,10-30 years,Gas,155.0,6,31300.0,Other,Referral,5,407000.0,Tue,10590.0,0
2024-12-10,10-30 years,Electric,134.0,5,41500.0,BE,Organic,6,371000.0,Sat,11090.0,0
2024-10-14,10-30 years,Oil,87.0,2,45500.0,NW,Display,4,140000.0,Tue,,0
2023-07-23,>30 years,Gas,195.0,7,49700.0,BE,Paid Social,8,454000.0,Thu,22378.0,0
2023-04-09,10-30 years,Oil,158.0,4,38800.0,Other,Display,5,425000.0,Sat,14237.0,0
2024-10-02,>30 years,Gas,178.0,6,59300.0,NW,Organic,7,408000.0,Sat,,0
2023-11-06,10-30 years,Gas,134.0,5,68600.0,Other,Paid Social,10,297000.0,Fri,17922.0,0
2023-03-19,<10 years,Gas,60.0,2,83300.0,Other,Organic,3,150000.0,Thu,14513.0,0
2024-01-01,<10 years,Gas,93.0,4,43200.0,Other,Paid Social,7,251000.0,Sat,9669.0,0
2024-11-17,<10 years,Electric,187.0,7,61700.0,BE,Organic,2,466000.0,Wed,16484.0,0
2024-10-07,<10 years,Gas,140.0,5,88800.0,BW,Organic,1,351000.0,Sun,24475.0,0
2024-02-28,>30 years,Gas,174.0,6,30200.0,BW,Paid Social,8,454000.0,Sat,21589.0,0
2024-07-07,<10 years,Oil,133.0,5,46400.0,BY,Paid Social,3,320000.0,Fri,20184.0,1
2024-12-28,>30 years,Electric,154.0,5,35200.0,Other,Organic,2,419000.0,Tue,,0
2023-01-03,10-30 years,Gas,150.0,6,67200.0,BY,Referral,2,387000.0,Mon,18103.0,0
2023-12-14,<10 years,Oil,113.0,3,123900.0,BE,Organic,4,273000.0,Sat,12752.0,0
2023-10-23,>30 years,Gas,160.0,6,45600.0,Other,Display,4,341000.0,Mon,8855.0,0
2023-12-03,10-30 years,Gas,212.0,8,101500.0,Other,Organic,3,474000.0,Wed,19033.0,0
2023-09-24,10-30 years,Gas,130.0,4,89500.0,NW,Display,4,358000.0,Tue,6789.0,0
2023-01-19,10-30 years,Oil,84.0,4,61500.0,BE,Paid Social,3,216000.0,Wed,14198.0,0
2023-01-28,<10 years,Oil,179.0,6,51100.0,Other,Comparison Site,7,487000.0,Fri,15967.0,0
2024-03-09,10-30 years,Gas,95.0,3,48600.0,HE,Display,3,237000.0,Sun,25645.0,0
2023-05-10,10-30 years,Gas,111.0,4,118000.0,HE,Comparison Site,6,247000.0,Fri,,0
2024-11-23,<10 years,Gas,139.0,5,44500.0,BY,Referral,3,373000.0,Wed,10221.0,0
2024-07-02,10-30 years,Electric,175.0,6,71500.0,BE,Paid Social,3,426000.0,Fri,24449.0,0
2023-01-10,>30 years,Oil,169.0,7,43700.0,BY,Organic,3,487000.0,Sat,10211.0,1
2023-09-02,10-30 years,Oil,137.0,5,31500.0,NW,Paid Social,2,341000.0,Fri,13045.0,0
2023-05-15,>30 years,Gas,97.0,4,42900.0,BY,Paid Social,4,171000.0,Mon,11171.0,0
2024-09-19,<10 years,Gas,257.0,8,110300.0,BW,Comparison Site,3,739000.0,Tue,11001.0,0
2023-02-25,>30 years,Gas,157.0,5,99400.0,Other,Organic,1,477000.0,Tue,11382.0,0
2024-08-27,>30 years,Gas,183.0,7,49200.0,Other,Display,2,524000.0,Sun,23465.0,0
2024-06-19,10-30 years,Gas,169.0,6,178300.0,BE,Display,4,483000.0,Fri,17122.0,0
2023-01-16,>30 years,District,210.0,6,105600.0,Other,Organic,2,490000.0,Thu,20648.0,0
2024-01-18,10-30 years,Electric,108.0,4,45400.0,HE,Organic,2,201000.0,Wed,21907.0,0
2023-10-18,<10 years,Oil,165.0,6,53900.0,HE,Organic,2,497000.0,Wed,13264.0,0
2023-09-27,10-30 years,Gas,137.0,5,53900.0,Other,Organic,1,265000.0,Fri,17055.0,0
2024-12-23,>30 years,Gas,107.0,3,45800.0,BY,Referral,4,277000.0,Sat,16576.0,0
2023-09-06,>30 years,Gas,202.0,8,75200.0,NW,Paid Social,7,447000.0,Wed,10378.0,0
2023-12-18,10-30 years,Gas,112.0,5,68100.0,BE,Paid Social,4,256000.0,Wed,10723.0,0
2023-08-27,10-30 years,Gas,169.0,8,74000.0,BY,Display,3,447000.0,Mon,15220.0,0
2023-06-10,<10 years,District,217.0,8,74800.0,BY,Comparison Site,2,626000.0,Sun,16217.0,0
2024-07-28,10-30 years,Oil,217.0,8,68300.0,Other,Comparison Site,3,571000.0,Sat,16169.0,0
2023-12-03,10-30 years,Gas,113.0,5,41800.0,Other,Organic,1,290000.0,Fri,,0
2024-11-16,10-30 years,Gas,189.0,8,56200.0,NW,Referral,5,409000.0,Sat,,0
2023-10-26,10-30 years,Gas,174.0,5,59400.0,BY,Referral,4,429000.0,Thu,17394.0,0
2024-09-06,>30 years,Gas,103.0,3,55400.0,NW,Organic,3,255000.0,Sun,13256.0,0
2023-04-04,10-30 years,District,76.0,2,79600.0,NW,Referral,1,306000.0,Sun,19579.0,0
2023-01-19,>30 years,Oil,150.0,6,59600.0,Other,Paid Social,1,364000.0,Fri,7972.0,0
2024-02-28,10-30 years,Gas,198.0,8,108500.0,Other,Organic,2,452000.0,Sun,13875.0,0
2023-08-06,>30 years,Gas,266.0,8,56100.0,NW,Comparison Site,6,691000.0,Sat,,0
2023-11-23,<10 years,Gas,126.0,5,110800.0,HE,Paid Social,1,247000.0,Tue,15603.0,0
2024-06-16,10-30 years,Oil,157.0,6,55700.0,BW,Organic,3,350000.0,Fri,18308.0,0
2023-12-18,>30 years,Gas,108.0,4,66500.0,NW,Organic,1,268000.0,Sat,16369.0,0
2023-03-15,>30 years,Gas,213.0,8,67300.0,BW,Paid Social,6,588000.0,Tue,,0
2024-11-18,<10 years,Oil,163.0,7,33700.0,BE,Organic,3,351000.0,Tue,10023.0,0
2023-02-12,10-30 years,Gas,168.0,5,33400.0,BY,Paid Social,3,500000.0,Thu,19331.0,0
2023-01-05,10-30 years,Oil,155.0,6,65700.0,Other,Display,3,356000.0,Fri,11190.0,0
2023-11-15,10-30 years,Gas,117.0,3,37300.0,HE,Comparison Site,2,351000.0,Sun,,0
2023-10-27,10-30 years,Gas,186.0,7,73500.0,Other,Paid Social,5,448000.0,Thu,,0
2024-05-04,10-30 years,Gas,191.0,4,111500.0,Other,Comparison Site,3,496000.0,Thu,17567.0,0
2023-03-24,10-30 years,Gas,201.0,7,42600.0,BY,Comparison Site,3,495000.0,Wed,10398.0,0
2024-03-22,<10 years,Gas,192.0,7,52800.0,HE,Display,9,393000.0,Mon,14710.0,0
2024-10-25,<10 years,Electric,112.0,3,30000.0,BY,Paid Social,2,225000.0,Thu,,0
2024-11-16,>30 years,Gas,142.0,6,30000.0,NW,Referral,2,357000.0,Sun,18343.0,0
2023-09-07,10-30 years,Gas,167.0,7,75200.0,NW,Organic,3,449000.0,Fri,,0
2023-12-20,10-30 years,Oil,125.0,5,60400.0,BE,Paid Social,6,307000.0,Tue,,0
2023-05-17,10-30 years,Gas,104.0,4,43300.0,Other,Display,1,280000.0,Thu,,0
2023-12-24,<10 years,Gas,139.0,6,30000.0,HE,Comparison Site,2,313000.0,Sat,15143.0,0
2024-03-25,10-30 years,Electric,156.0,7,50000.0,Other,Display,7,345000.0,Sat,20877.0,0
2024-12-21,10-30 years,Gas,284.0,8,63000.0,NW,Organic,1,754000.0,Tue,20396.0,0
2023-11-19,>30 years,District,202.0,8,100400.0,BW,Referral,7,414000.0,Mon,18933.0,0
2024-01-06,>30 years,Electric,121.0,4,52500.0,HE,Display,3,361000.0,Sat,19614.0,0
2023-10-16,>30 years,Electric,121.0,5,175000.0,Other,Referral,2,352000.0,Sun,22377.0,0
2024-12-24,10-30 years,Gas,107.0,4,50000.0,BY,Display,3,290000.0,Fri,16989.0,0
2024-03-03,10-30 years,Gas,180.0,7,37400.0,BY,Paid Social,3,443000.0,Mon,18949.0,0
2024-02-03,>30 years,Oil,135.0,4,115900.0,BW,Organic,2,408000.0,Sun,14486.0,0
2024-07-06,10-30 years,Gas,145.0,5,105300.0,Other,Display,8,279000.0,Sat,12959.0,0
2024-03-27,10-30 years,Oil,131.0,4,103400.0,NW,Organic,3,387000.0,Thu,21362.0,0
2024-11-27,10-30 years,Electric,242.0,7,122500.0,BY,Organic,2,643000.0,Sat,15274.0,0
2023-09-09,>30 years,District,202.0,8,77200.0,Other,Organic,2,570000.0,Fri,,0
2024-03-02,10-30 years,Gas,110.0,3,45600.0,Other,Paid Social,3,332000.0,Tue,13932.0,0
2024-05-16,10-30 years,Gas,104.0,3,30000.0,Other,Comparison Site,5,251000.0,Mon,5881.0,0
2023-12-24,>30 years,Gas,198.0,4,56800.0,Other,Display,2,548000.0,Sat,,0
2023-12-22,>30 years,Gas,112.0,5,40600.0,Other,Comparison Site,1,247000.0,Wed,15427.0,0
2023-06-08,10-30 years,Gas,203.0,7,56200.0,Other,Referral,5,467000.0,Wed,19444.0,0
2023-03-15,>30 years,Electric,179.0,8,30000.0,HE,Paid Social,3,409000.0,Tue,12340.0,0
2024-11-04,<10 years,Oil,113.0,5,30400.0,BY,Organic,4,268000.0,Sat,,0
2023-07-20,>30 years,District,176.0,8,70800.0,BY,Organic,5,401000.0,Fri,14951.0,0
2024-09-20,10-30 years,Gas,166.0,6,68400.0,HE,Organic,1,420000.0,Thu,,0
2024-12-11,10-30 years,Oil,87.0,3,49600.0,NW,Referral,3,181000.0,Mon,,0
2023-10-19,>30 years,Electric,150.0,6,31900.0,BW,Paid Social,3,371000.0,Mon,9064.0,0
2023-12-14,10-30 years,Electric,136.0,6,63800.0,Other,Paid Social,4,278000.0,Tue,8703.0,0
2023-11-07,10-30 years,Electric,165.0,6,49400.0,NW,Display,1,450000.0,Sat,22154.0,0
2023-10-03,10-30 years,Gas,143.0,6,48100.0,NW,Organic,1,381000.0,Mon,11538.0,0
2024-01-04,>30 years,District,165.0,7,95500.0,HE,Paid Social,1,418000.0,Sat,5000.0,0
2024-02-14,<10 years,Gas,125.0,4,105400.0,NW,Organic,6,338000.0,Sat,25772.0,0
2023-05-10,<10 years,District,145.0,6,72500.0,Other,Display,1,419000.0,Thu,,0
2024-09-05,10-30 years,Electric,97.0,3,69500.0,Other,Organic,2,192000.0,Sun,23504.0,0
2023-01-02,10-30 years,Gas,134.0,4,103100.0,NW,Display,1,341000.0,Fri,15638.0,0
2024-04-14,>30 years,District,133.0,6,57300.0,BY,Organic,6,315000.0,Tue,,0
2024-08-15,>30 years,Gas,92.0,4,47000.0,BY,Referral,4,148000.0,Wed,14889.0,0
2023-10-27,>30 years,District,152.0,3,60500.0,BE,Paid Social,3,358000.0,Wed,15812.0,0
2024-11-03,>30 years,Oil,215.0,8,83700.0,BW,Comparison Site,8,515000.0,Fri,11605.0,1
2023-02-17,>30 years,Oil,122.0,5,66300.0,BE,Display,3,220000.0,Thu,13673.0,0
2023-05-11,10-30 years,Gas,197.0,5,30000.0,HE,Organic,2,444000.0,Thu,15752.0,0
2024-10-19,10-30 years,Gas,161.0,6,92100.0,BW,Referral,4,400000.0,Sat,,0
2023-02-04,10-30 years,District,72.0,3,71000.0,NW,Organic,4,93000.0,Mon,,0
2023-09-11,10-30 years,Gas,249.0,8,68900.0,BY,Display,4,622000.0,Wed,16685.0,0
2024-12-23,<10 years,Electric,113.0,3,84400.0,BW,Referral,5,213000.0,Sun,16362.0,1
2024-04-10,10-30 years,Oil,151.0,6,55400.0,Other,Organic,4,326000.0,Tue,17824.0,0
2024-10-20,>30 years,Oil,165.0,7,66800.0,BY,Organic,5,375000.0,Tue,5675.0,1
2023-12-14,10-30 years,Oil,149.0,5,83800.0,NW,Referral,6,349000.0,Mon,7455.0,0
2023-09-05,10-30 years,Gas,183.0,6,75500.0,HE,Organic,6,498000.0,Wed,10748.0,0
2023-06-22,10-30 years,Gas,199.0,8,41800.0,HE,Display,4,483000.0,Sun,18050.0,0
2023-11-26,10-30 years,Oil,114.0,2,54100.0,NW,Referral,10,288000.0,Wed,18518.0,0
2023-10-24,10-30 years,Electric,141.0,4,48000.0,BY,Organic,3,400000.0,Tue,13859.0,0
2024-09-26,10-30 years,Oil,123.0,3,55800.0,HE,Paid Social,4,362000.0,Sat,,0
2024-09-22,10-30 years,Gas,123.0,6,100000.0,Other,Display,5,218000.0,Wed,12244.0,0
2024-12-18,>30 years,District,154.0,6,90600.0,Other,Organic,5,268000.0,Sat,16709.0,0
2023-10-10,>30 years,Oil,190.0,8,83800.0,HE,Display,4,515000.0,Thu,16350.0,0
2024-05-15,10-30 years,Oil,85.0,2,35800.0,HE,Referral,4,133000.0,Thu,,0
2023-06-07,<10 years,Electric,144.0,6,50400.0,Other,Referral,6,307000.0,Sat,6946.0,0
2023-04-26,>30 years,Oil,116.0,3,30000.0,BY,Organic,4,326000.0,Wed,14608.0,0
2024-12-08,10-30 years,Oil,175.0,8,61200.0,BW,Referral,4,474000.0,Sat,11856.0,0
2024-06-20,<10 years,Oil,171.0,5,53500.0,NW,Display,7,467000.0,Thu,20644.0,0
2024-11-03,10-30 years,Gas,189.0,6,52700.0,BW,Display,4,504000.0,Mon,,0
2023-04-19,>30 years,Oil,100.0,3,95900.0,BW,Display,1,276000.0,Tue,21225.0,0
2024-01-17,>30 years,Gas,164.0,7,46200.0,BW,Paid Social,2,472000.0,Sat,15897.0,0
2024-11-06,>30 years,Oil,147.0,5,71900.0,HE,Comparison Site,2,405000.0,Sun,,0
2024-10-23,<10 years,Gas,84.0,4,107600.0,HE,Organic,2,247000.0,Mon,27627.0,0
2023-12-16,10-30 years,Gas,89.0,4,63600.0,BY,Comparison Site,1,166000.0,Sat,20692.0,0
2024-03-24,10-30 years,Electric,132.0,6,91700.0,NW,Organic,2,222000.0,Sat,,0
2023-10-13,>30 years,Gas,150.0,6,79000.0,NW,Referral,4,454000.0,Fri,16122.0,0
2023-10-12,10-30 years,Oil,198.0,7,46600.0,NW,Organic,4,487000.0,Sun,10399.0,0
2024-10-18,10-30 years,Gas,138.0,5,69300.0,BY,Organic,3,299000.0,Fri,18367.0,0
2024-12-27,10-30 years,Gas,165.0,6,120200.0,Other,Paid Social,2,323000.0,Sun,15811.0,0
2023-02-14,>30 years,Gas,153.0,6,56800.0,BY,Paid Social,1,376000.0,Sun,17757.0,0
2024-11-06,10-30 years,Electric,113.0,4,54000.0,NW,Display,3,334000.0,Thu,20545.0,0
2024-08-05,>30 years,Gas,131.0,5,62400.0,BE,Display,1,395000.0,Wed,,0
2024-03-22,10-30 years,Gas,151.0,6,200000.0,Other,Organic,1,411000.0,Sat,16510.0,0
2024-08-07,10-30 years,Gas,100.0,5,48100.0,BY,Organic,3,281000.0,Sat,13177.0,0
2024-01-13,10-30 years,Gas,173.0,7,53700.0,NW,Display,4,441000.0,Mon,14246.0,0
2023-03-01,<10 years,Electric,208.0,8,56900.0,NW,Comparison Site,3,557000.0,Tue,13888.0,0
2023-02-05,10-30 years,Electric,214.0,8,49200.0,HE,Referral,3,553000.0,Thu,,0
2023-08-27,>30 years,Gas,178.0,6,59300.0,Other,Comparison Site,3,458000.0,Thu,15620.0,0
2023-07-13,<10 years,Gas,164.0,6,33300.0,BE,Organic,4,400000.0,Sun,8094.0,0
2024-12-20,10-30 years,Gas,76.0,3,44500.0,BY,Comparison Site,7,176000.0,Wed,25391.0,0
2024-12-12,>30 years,Electric,109.0,4,43200.0,BE,Paid Social,5,253000.0,Thu,6579.0,0
2023-04-09,10-30 years,Gas,95.0,3,38100.0,BW,Display,3,210000.0,Thu,13985.0,0
2024-01-11,10-30 years,Oil,131.0,6,81500.0,BY,Comparison Site,5,406000.0,Mon,25607.0,0
2024-03-28,10-30 years,Oil,181.0,8,86400.0,NW,Paid Social,4,487000.0,Thu,20208.0,0
2024-08-01,10-30 years,Gas,161.0,4,77400.0,NW,Paid Social,5,456000.0,Thu,20946.0,0
2024-05-09,10-30 years,Oil,165.0,7,53600.0,Other,Referral,1,461000.0,Thu,14836.0,0
2023-05-02,<10 years,Gas,169.0,5,45000.0,Other,Display,6,439000.0,Wed,14043.0,0
2024-01-09,10-30 years,Gas,120.0,3,66800.0,BY,Organic,3,369000.0,Mon,15665.0,1
2023-12-19,>30 years,Gas,141.0,5,50300.0,BE,Paid Social,7,354000.0,Sat,,0
2024-01-10,<10 years,Gas,158.0,8,35600.0,HE,Comparison Site,3,407000.0,Sun,8188.0,0
2023-08-16,<10 years,Electric,195.0,7,116700.0,Other,Paid Social,4,429000.0,Mon,15050.0,0
2024-08-06,>30 years,Oil,145.0,3,30000.0,BE,Display,3,302000.0,Mon,8098.0,0
2023-11-07,<10 years,District,141.0,8,103200.0,BY,Paid Social,1,345000.0,Thu,15042.0,0
2023-11-06,10-30 years,Oil,95.0,3,40500.0,Other,Display,7,201000.0,Mon,8088.0,0
2024-04-14,10-30 years,Gas,117.0,4,49400.0,NW,Organic,2,312000.0,Tue,20565.0,0
2024-02-22,>30 years,Gas,159.0,7,64300.0,Other,Organic,4,450000.0,Fri,7278.0,1
2024-04-10,<10 years,Electric,143.0,4,106100.0,HE,Paid Social,2,329000.0,Wed,22230.0,0
2023-10-08,>30 years,Gas,91.0,5,51800.0,BY,Organic,4,256000.0,Fri,,0
2023-09-20,>30 years,Gas,91.0,3,46900.0,Other,Comparison Site,1,180000.0,Fri,9566.0,0
2024-11-07,10-30 years,Gas,107.0,4,140800.0,Other,Organic,3,241000.0,Sun,10036.0,0
2023-03-20,>30 years,Gas,139.0,6,85500.0,Other,Organic,5,299000.0,Sat,12250.0,0
2023-04-13,<10 years,Gas,189.0,6,96800.0,Other,Referral,10,485000.0,Tue,17144.0,0
2023-05-14,<10 years,Gas,160.0,6,136600.0,BY,Organic,4,439000.0,Mon,,0
2023-12-07,10-30 years,Gas,112.0,3,71800.0,Other,Referral,2,304000.0,Sat,13822.0,0
2023-07-14,<10 years,Gas,122.0,3,74600.0,HE,Display,3,336000.0,Sat,8444.0,0
2024-08-21,>30 years,Oil,169.0,7,65600.0,NW,Paid Social,4,393000.0,Tue,15702.0,0
2024-05-28,10-30 years,Oil,164.0,7,102100.0,BW,Referral,1,366000.0,Sat,8888.0,0
2024-05-27,10-30 years,Oil,123.0,5,51000.0,BE,Paid Social,4,279000.0,Thu,17590.0,0
2024-12-18,>30 years,Gas,60.0,2,45300.0,Other,Organic,10,78000.0,Fri,19439.0,0
2024-09-20,>30 years,Oil,162.0,4,84500.0,HE,Paid Social,5,313000.0,Thu,18702.0,0
2024-02-17,>30 years,Gas,136.0,5,60700.0,NW,Display,4,417000.0,Thu,22547.0,0
2024-02-01,>30 years,Electric,219.0,8,59400.0,BW,Organic,2,540000.0,Sun,8966.0,0
2023-03-04,10-30 years,Oil,136.0,5,42600.0,BE,Referral,4,388000.0,Fri,17159.0,0
2024-10-20,<10 years,Gas,149.0,5,30000.0,NW,Paid Social,6,253000.0,Wed,23648.0,0
2024-01-06,<10 years,Gas,141.0,5,31400.0,NW,Organic,4,352000.0,Sun,,0
2023-05-13,<10 years,Oil,167.0,5,86400.0,HE,Organic,3,400000.0,Mon,17802.0,0
2023-08-04,<10 years,Gas,166.0,6,36100.0,Other,Display,4,452000.0,Sun,,0
2023-09-05,>30 years,Gas,105.0,4,88200.0,HE,Paid Social,2,305000.0,Wed,11971.0,0
2024-03-24,>30 years,Gas,97.0,5,168800.0,HE,Paid Social,4,204000.0,Thu,,0
2023-08-05,10-30 years,Gas,194.0,8,96300.0,NW,Paid Social,4,534000.0,Sat,,0
2023-02-10,>30 years,Gas,131.0,3,69900.0,NW,Referral,3,352000.0,Fri,14813.0,0
2023-04-27,10-30 years,Gas,172.0,5,68200.0,HE,Organic,1,461000.0,Thu,,0
2024-01-12,10-30 years,Electric,136.0,5,37800.0,BW,Organic,4,310000.0,Fri,20327.0,0
2023-12-03,>30 years,Gas,75.0,4,86000.0,BE,Referral,4,260000.0,Tue,12333.0,0
2024-05-01,10-30 years,Electric,206.0,8,157000.0,NW,Referral,4,478000.0,Fri,15576.0,0
2023-04-20,>30 years,Oil,182.0,8,34400.0,NW,Organic,6,359000.0,Sun,,0
2024-03-19,10-30 years,Gas,172.0,6,68200.0,HE,Display,4,393000.0,Mon,14222.0,0
2023-06-16,>30 years,District,112.0,6,56400.0,BY,Paid Social,6,215000.0,Wed,6668.0,0
2024-08-10,10-30 years,Oil,179.0,7,77000.0,BE,Referral,5,493000.0,Sat,,0
2024-03-06,10-30 years,Gas,161.0,8,57400.0,BW,Paid Social,4,433000.0,Fri,16815.0,0
2024-03-06,<10 years,Oil,121.0,4,119900.0,HE,Organic,4,270000.0,Fri,24624.0,0
2023-07-14,10-30 years,Electric,139.0,2,66100.0,BE,Organic,5,289000.0,Sun,,0
2024-12-15,10-30 years,District,147.0,6,85900.0,BE,Organic,3,461000.0,Mon,15049.0,0
2024-04-01,10-30 years,Oil,126.0,5,91800.0,Other,Paid Social,1,320000.0,Sun,,0
2024-02-18,>30 years,Oil,163.0,7,63200.0,HE,Paid Social,1,441000.0,Sat,9938.0,0
2024-10-02,>30 years,Gas,185.0,7,48900.0,Other,Organic,2,478000.0,Tue,14233.0,0
2023-08-28,10-30 years,District,132.0,5,57300.0,BY,Paid Social,2,329000.0,Tue,12551.0,0
2024-08-15,10-30 years,Gas,146.0,5,83600.0,NW,Referral,5,470000.0,Mon,15568.0,0
2024-08-21,>30 years,Gas,146.0,6,103200.0,Other,Organic,2,341000.0,Sun,14837.0,0
2023-04-23,<10 years,District,183.0,5,55300.0,Other,Display,4,421000.0,Mon,10332.0,0
2024-07-27,<10 years,Gas,157.0,6,90600.0,BE,Comparison Site,2,330000.0,Thu,11063.0,0
2024-10-02,<10 years,Oil,191.0,8,44000.0,BE,Referral,6,518000.0,Thu,,0
2024-01-16,<10 years,Gas,124.0,5,30000.0,BW,Comparison Site,8,278000.0,Tue,20807.0,0
2024-07-23,10-30 years,Electric,150.0,5,60700.0,Other,Organic,5,406000.0,Wed,15757.0,0
2023-11-06,10-30 years,Gas,173.0,8,34700.0,BY,Paid Social,5,389000.0,Sun,18803.0,0
2024-11-06,10-30 years,Oil,178.0,8,87900.0,BW,Paid Social,3,411000.0,Fri,15499.0,0
2023-02-06,10-30 years,Gas,135.0,6,80700.0,BW,Organic,3,343000.0,Tue,15227.0,0
2023-11-17,10-30 years,Gas,149.0,5,125400.0,NW,Organic,3,402000.0,Wed,10483.0,0
2024-09-13,10-30 years,Electric,117.0,5,78900.0,BE,Referral,1,318000.0,Wed,18970.0,0
2024-04-07,>30 years,Gas,73.0,2,111300.0,NW,Display,4,74000.0,Sat,11080.0,0
2024-10-14,>30 years,Gas,137.0,7,155500.0,Other,Display,5,328000.0,Mon,8853.0,0
2023-09-15,10-30 years,Gas,138.0,5,43800.0,BY,Comparison Site,3,332000.0,Tue,15492.0,1
2024-12-28,10-30 years,Gas,133.0,5,42200.0,BY,Referral,3,358000.0,Thu,,0
2023-01-23,<10 years,Oil,107.0,6,65200.0,BY,Display,2,260000.0,Fri,25650.0,0
2023-08-25,10-30 years,Gas,173.0,6,44300.0,BW,Comparison Site,2,449000.0,Wed,21804.0,0
2023-10-04,>30 years,Gas,178.0,6,55700.0,Other,Display,6,390000.0,Wed,,0
2023-12-04,10-30 years,Gas,147.0,6,30000.0,BW,Referral,2,386000.0,Fri,15720.0,0
2024-10-05,10-30 years,District,118.0,3,59300.0,NW,Paid Social,2,295000.0,Thu,13538.0,0
2023-02-02,10-30 years,Oil,127.0,5,48200.0,NW,Referral,1,321000.0,Tue,,0
2024-01-22,>30 years,Oil,149.0,5,55200.0,BY,Paid Social,2,356000.0,Sun,19803.0,0
2023-05-01,10-30 years,Gas,184.0,7,76500.0,Other,Display,6,434000.0,Sat,14388.0,0
2023-04-26,10-30 years,Oil,97.0,3,72300.0,BE,Organic,6,211000.0,Fri,9148.0,0
2023-12-14,10-30 years,District,128.0,5,70700.0,BW,Display,5,320000.0,Mon,,0
2023-08-09,10-30 years,Oil,156.0,4,47200.0,NW,Referral,4,437000.0,Sat,18702.0,0
2023-09-13,10-30 years,Gas,180.0,5,72600.0,BW,Referral,5,437000.0,Mon,,0
2024-11-02,10-30 years,District,97.0,4,56800.0,HE,Referral,5,212000.0,Wed,12823.0,0
2024-05-08,10-30 years,Gas,121.0,4,53200.0,NW,Organic,5,317000.0,Tue,15199.0,0
2024-01-03,10-30 years,Gas,60.0,2,79200.0,Other,Comparison Site,4,242000.0,Sun,,0
2024-09-23,10-30 years,Oil,202.0,8,74200.0,BE,Organic,4,349000.0,Sat,8317.0,0
2023-02-16,10-30 years,Gas,106.0,2,72800.0,Other,Display,3,297000.0,Tue,9566.0,0
2023-03-02,10-30 years,Gas,170.0,7,50300.0,Other,Referral,3,384000.0,Sat,6378.0,0
2024-01-16,>30 years,Electric,207.0,7,47800.0,BY,Referral,4,547000.0,Tue,11088.0,0
2023-11-16,>30 years,Gas,206.0,8,38600.0,HE,Referral,1,458000.0,Thu,,0
2023-11-04,>30 years,Electric,78.0,3,85400.0,BY,Organic,5,98000.0,Thu,,0
2024-05-18,<10 years,District,191.0,6,77200.0,BY,Organic,3,409000.0,Mon,7812.0,0
2023-01-19,10-30 years,Oil,183.0,7,80300.0,BY,Paid Social,1,430000.0,Fri,,0
2024-08-04,10-30 years,Oil,188.0,7,30000.0,NW,Display,5,477000.0,Sat,,0
2024-10-07,10-30 years,District,62.0,4,60500.0,Other,Referral,6,164000.0,Tue,13089.0,0
2023-03-19,10-30 years,Oil,126.0,5,32700.0,NW,Paid Social,4,358000.0,Mon,12975.0,0
2024-03-23,10-30 years,Gas,82.0,4,37700.0,BE,Referral,2,257000.0,Sat,5000.0,0
2024-12-26,<10 years,District,131.0,5,106500.0,BW,Paid Social,6,346000.0,Mon,16841.0,0
2023-04-18,10-30 years,Gas,182.0,7,40200.0,HE,Referral,2,380000.0,Tue,20215.0,0
2023-01-01,10-30 years,Gas,228.0,8,48800.0,BY,Organic,5,607000.0,Fri,16116.0,1
2023-01-28,10-30 years,Gas,184.0,8,50100.0,BE,Referral,2,487000.0,Fri,16956.0,0
2024-12-18,<10 years,Electric,166.0,7,41900.0,Other,Organic,7,413000.0,Fri,6976.0,0
2024-11-01,<10 years,District,130.0,5,40400.0,HE,Organic,2,303000.0,Sun,19894.0,0
2024-01-10,<10 years,Gas,128.0,5,30000.0,HE,Referral,4,413000.0,Sun,20789.0,0
2024-01-25,>30 years,Gas,167.0,6,37900.0,Other,Referral,1,402000.0,Thu,9425.0,0
2023-01-06,>30 years,Gas,145.0,5,64500.0,NW,Organic,4,373000.0,Fri,12778.0,1
2023-01-22,10-30 years,Oil,173.0,4,45700.0,NW,Paid Social,2,475000.0,Sun,10290.0,0
2024-03-19,>30 years,Gas,145.0,5,45700.0,BE,Organic,4,303000.0,Sun,17328.0,0
2023-12-02,10-30 years,Oil,208.0,8,30000.0,NW,Display,2,525000.0,Wed,15739.0,0
2024-11-27,10-30 years,Oil,190.0,7,45700.0,Other,Referral,4,427000.0,Tue,12172.0,0
2023-03-06,<10 years,Oil,116.0,4,140700.0,NW,Display,4,244000.0,Sat,24305.0,0
2024-11-10,>30 years,Oil,181.0,4,44200.0,BE,Paid Social,6,431000.0,Sat,18081.0,0
2023-08-10,<10 years,Gas,160.0,6,82700.0,Other,Organic,5,496000.0,Tue,5659.0,0
2023-03-01,<10 years,Oil,121.0,4,43600.0,HE,Comparison Site,2,307000.0,Mon,9964.0,0
2023-10-05,10-30 years,Gas,233.0,8,69900.0,BY,Organic,1,634000.0,Mon,12880.0,0
2023-08-06,>30 years,Gas,162.0,4,112000.0,HE,Referral,6,420000.0,Sat,17822.0,0
2024-09-28,<10 years,Gas,164.0,7,58900.0,Other,Organic,3,396000.0,Sun,16024.0,0
2024-11-24,10-30 years,Gas,182.0,6,49200.0,BW,Organic,1,432000.0,Tue,,0
2023-05-28,10-30 years,Gas,173.0,7,61900.0,BE,Display,4,404000.0,Sat,6815.0,0
2023-12-13,>30 years,Gas,189.0,7,40300.0,Other,Organic,4,446000.0,Fri,14245.0,0
2023-05-20,10-30 years,Gas,101.0,4,63100.0,BE,Organic,2,213000.0,Fri,15554.0,0
2023-11-12,10-30 years,Gas,206.0,7,57700.0,BW,Display,2,539000.0,Mon,18924.0,0
2023-01-08,10-30 years,Gas,166.0,7,67400.0,BW,Display,3,412000.0,Wed,19099.0,0
2023-01-21,10-30 years,Gas,160.0,5,30000.0,HE,Display,2,476000.0,Wed,20096.0,0
2024-05-14,<10 years,Oil,120.0,4,61000.0,NW,Referral,1,267000.0,Mon,21507.0,0
2024-11-19,10-30 years,Oil,114.0,5,75500.0,NW,Paid Social,4,281000.0,Wed,22298.0,0
2023-10-10,>30 years,Gas,113.0,5,58900.0,BY,Organic,2,299000.0,Sun,14235.0,0
2024-01-16,10-30 years,Oil,131.0,4,85400.0,Other,Paid Social,2,245000.0,Wed,6855.0,0
2023-06-20,>30 years,Oil,152.0,5,40500.0,Other,Organic,7,364000.0,Sun,15665.0,0
2023-05-13,>30 years,Electric,96.0,4,44800.0,BW,Comparison Site,5,252000.0,Mon,5000.0,0
2024-03-25,10-30 years,Gas,221.0,8,76000.0,Other,Organic,10,450000.0,Sun,14631.0,0
2023-12-25,10-30 years,Gas,170.0,7,83900.0,BE,Display,4,480000.0,Tue,,0
2024-01-03,>30 years,Oil,108.0,3,101000.0,NW,Comparison Site,2,307000.0,Sun,,0
2024-02-04,10-30 years,Oil,189.0,7,64900.0,BW,Display,6,452000.0,Mon,5287.0,0
2023-12-22,<10 years,Gas,130.0,4,30000.0,BE,Organic,2,248000.0,Fri,13779.0,0
2023-12-02,10-30 years,District,119.0,4,95300.0,BY,Comparison Site,2,351000.0,Thu,19164.0,0
2023-10-19,<10 years,District,202.0,7,67800.0,HE,Organic,3,461000.0,Wed,16899.0,0
2024-12-26,10-30 years,Oil,124.0,3,64900.0,BY,Organic,3,278000.0,Mon,17394.0,1
2024-01-11,>30 years,Gas,152.0,5,111300.0,Other,Display,3,370000.0,Mon,15944.0,0
2024-03-10,>30 years,Electric,186.0,6,80300.0,NW,Paid Social,5,464000.0,Mon,10649.0,0
2023-05-03,10-30 years,Oil,197.0,8,84800.0,BE,Referral,3,427000.0,Thu,,0
2024-05-21,10-30 years,District,160.0,7,30000.0,NW,Organic,2,283000.0,Wed,17777.0,0
2024-06-15,10-30 years,Oil,81.0,3,49200.0,Other,Referral,2,221000.0,Fri,12685.0,0
2024-02-26,10-30 years,Gas,107.0,2,88900.0,BY,Paid Social,4,310000.0,Sun,7262.0,0
2024-12-25,10-30 years,Gas,208.0,7,58500.0,Other,Paid Social,7,597000.0,Sat,,0
2023-08-02,>30 years,Oil,185.0,6,73000.0,Other,Organic,5,452000.0,Tue,15254.0,0
2024-02-22,>30 years,Electric,176.0,6,65200.0,BE,Paid Social,2,504000.0,Fri,8169.0,0
2024-12-12,10-30 years,Electric,121.0,6,89100.0,Other,Paid Social,9,296000.0,Mon,16320.0,0
2023-02-27,10-30 years,District,110.0,3,35900.0,BE,Comparison Site,3,382000.0,Mon,16740.0,0
2023-01-13,10-30 years,Gas,93.0,3,30800.0,BW,Referral,4,230000.0,Fri,15022.0,1
2024-11-25,10-30 years,Gas,129.0,5,54900.0,BE,Organic,4,301000.0,Tue,14194.0,1
2024-09-23,<10 years,Oil,165.0,5,69500.0,NW,Organic,1,374000.0,Mon,18781.0,0
2024-02-26,>30 years,Gas,208.0,7,48800.0,HE,Organic,5,533000.0,Fri,27290.0,0
2024-11-11,>30 years,District,146.0,4,58600.0,NW,Paid Social,7,328000.0,Sat,16908.0,0
2024-02-22,>30 years,Electric,149.0,6,34500.0,BY,Organic,2,363000.0,Sat,18500.0,0
2023-11-21,>30 years,District,187.0,7,35700.0,NW,Referral,4,450000.0,Mon,16000.0,0
2024-03-06,>30 years,Gas,131.0,5,45200.0,BW,Organic,3,347000.0,Fri,17664.0,0
2024-11-28,>30 years,Gas,144.0,5,84600.0,BW,Organic,7,449000.0,Tue,12886.0,0
2024-10-16,10-30 years,Oil,153.0,6,71000.0,HE,Display,3,318000.0,Wed,17550.0,0
2023-12-17,<10 years,Gas,129.0,4,79700.0,BY,Display,7,346000.0,Sat,6751.0,0
2024-02-19,<10 years,Oil,170.0,6,86000.0,HE,Referral,1,379000.0,Thu,11445.0,0
2024-01-22,<10 years,Gas,155.0,6,156900.0,BY,Organic,1,344000.0,Sat,25862.0,0
2023-12-20,10-30 years,Electric,158.0,5,32600.0,Other,Organic,2,479000.0,Fri,17232.0,0
2024-03-02,>30 years,Gas,110.0,4,42400.0,BW,Referral,3,261000.0,Wed,,0
2024-05-09,10-30 years,Electric,183.0,7,102200.0,NW,Display,4,473000.0,Sat,24679.0,0
2024-04-09,10-30 years,Oil,217.0,7,55600.0,NW,Organic,5,466000.0,Sun,5000.0,0
2024-12-09,<10 years,District,180.0,7,72600.0,HE,Organic,1,392000.0,Sun,19009.0,0
2023-12-19,<10 years,Gas,120.0,2,37100.0,NW,Paid Social,2,375000.0,Tue,13819.0,0
2023-10-12,10-30 years,Gas,87.0,3,67600.0,BE,Referral,4,279000.0,Wed,11256.0,0
2023-09-27,<10 years,Electric,145.0,6,91000.0,Other,Display,1,388000.0,Fri,18805.0,0
2024-11-07,<10 years,Gas,174.0,6,56900.0,BW,Display,3,453000.0,Thu,11700.0,0
2024-02-22,10-30 years,Gas,123.0,5,71100.0,BW,Display,3,310000.0,Wed,19321.0,0
2024-12-26,10-30 years,District,137.0,5,67300.0,BE,Referral,3,309000.0,Wed,19947.0,0
2023-12-19,<10 years,Gas,195.0,8,83100.0,Other,Referral,4,454000.0,Wed,17662.0,0
2023-10-09,10-30 years,Gas,86.0,3,42000.0,NW,Display,2,276000.0,Sat,14322.0,0
2024-12-25,10-30 years,Gas,163.0,6,31100.0,HE,Display,6,378000.0,Thu,15417.0,0
2024-07-08,<10 years,Gas,108.0,3,70300.0,BY,Paid Social,3,232000.0,Tue,17284.0,0
2024-01-23,10-30 years,Oil,184.0,8,85400.0,Other,Organic,3,416000.0,Tue,18236.0,0
2024-02-06,10-30 years,Gas,181.0,8,128300.0,Other,Display,3,470000.0,Sun,17175.0,0
2023-12-05,<10 years,Oil,148.0,4,62500.0,HE,Referral,2,315000.0,Fri,30260.0,1
2023-09-17,>30 years,Gas,162.0,7,44600.0,NW,Organic,2,413000.0,Wed,5000.0,0
2024-02-24,10-30 years,Electric,114.0,4,56500.0,NW,Display,3,252000.0,Sun,16721.0,0
2024-04-14,10-30 years,Gas,184.0,8,59100.0,BY,Display,5,439000.0,Mon,16089.0,0
2024-03-26,>30 years,Electric,166.0,7,54700.0,NW,Comparison Site,4,457000.0,Wed,,0
2024-12-28,>30 years,District,148.0,5,69900.0,BW,Referral,1,385000.0,Sat,10297.0,0
2023-12-04,10-30 years,Oil,119.0,4,141500.0,BW,Referral,5,293000.0,Thu,15108.0,0
2024-04-20,>30 years,Gas,154.0,7,100200.0,BY,Display,3,347000.0,Tue,15453.0,0
2023-03-28,>30 years,Gas,135.0,5,31400.0,Other,Display,4,273000.0,Tue,17638.0,0
2024-10-04,<10 years,Gas,182.0,7,59700.0,NW,Organic,3,505000.0,Tue,15357.0,0
2024-12-19,>30 years,Oil,216.0,8,31400.0,NW,Display,2,577000.0,Sat,18576.0,0
2023-11-25,<10 years,Gas,176.0,6,45000.0,HE,Display,2,437000.0,Mon,23268.0,0
2024-10-05,10-30 years,Electric,136.0,7,43300.0,HE,Referral,1,410000.0,Sun,19140.0,0
2024-12-22,10-30 years,District,208.0,8,56900.0,BW,Organic,3,551000.0,Wed,26230.0,0
2023-02-19,10-30 years,Gas,134.0,4,55800.0,NW,Paid Social,4,299000.0,Sat,11904.0,0
2024-04-26,>30 years,Gas,161.0,6,56100.0,BW,Referral,2,482000.0,Fri,20388.0,0
2024-05-21,>30 years,District,133.0,6,118900.0,BW,Paid Social,1,393000.0,Tue,19158.0,0
2023-10-18,>30 years,Gas,151.0,5,90900.0,BW,Paid Social,4,382000.0,Tue,16686.0,1
2023-10-07,10-30 years,Oil,81.0,2,55000.0,Other,Display,3,148000.0,Sat,11627.0,0
2023-04-08,<10 years,Oil,102.0,2,69500.0,BY,Display,2,220000.0,Wed,5201.0,0
2023-10-19,>30 years,Gas,147.0,5,113600.0,BW,Organic,5,298000.0,Fri,17250.0,0
2023-09-20,10-30 years,District,162.0,5,34300.0,BW,Referral,8,310000.0,Fri,11776.0,0
2024-09-07,10-30 years,Electric,144.0,5,58000.0,HE,Paid Social,3,327000.0,Tue,10278.0,0
2023-11-21,>30 years,Gas,185.0,5,68900.0,HE,Organic,3,571000.0,Sat,6596.0,0
2024-10-26,10-30 years,Gas,65.0,3,43300.0,BY,Display,3,119000.0,Sat,11633.0,0
2024-05-24,10-30 years,District,169.0,5,32600.0,BY,Paid Social,4,370000.0,Wed,19343.0,0
2023-12-13,10-30 years,Oil,203.0,8,48100.0,NW,Paid Social,1,526000.0,Mon,,0
2024-11-02,10-30 years,Gas,181.0,6,54100.0,NW,Paid Social,3,527000.0,Tue,13705.0,0
2023-02-11,10-30 years,Gas,177.0,7,89000.0,Other,Referral,4,547000.0,Tue,12488.0,0
2024-02-13,<10 years,Gas,190.0,7,30000.0,Other,Paid Social,3,413000.0,Sun,18986.0,0
2023-03-12,10-30 years,District,102.0,2,70700.0,HE,Organic,4,249000.0,Thu,,0
2024-11-05,>30 years,Gas,101.0,3,51100.0,NW,Organic,3,340000.0,Mon,7276.0,0
2024-02-05,10-30 years,Gas,137.0,4,70600.0,BY,Paid Social,6,336000.0,Fri,14673.0,1
2023-12-02,10-30 years,District,146.0,5,115900.0,Other,Paid Social,4,313000.0,Sun,,0
2024-01-09,10-30 years,Oil,157.0,5,42200.0,BW,Organic,1,441000.0,Sat,19732.0,0
2023-04-26,10-30 years,Oil,102.0,4,94100.0,NW,Referral,3,278000.0,Thu,18862.0,0
2024-11-28,>30 years,District,140.0,7,72000.0,BE,Paid Social,3,348000.0,Wed,8418.0,0
2024-03-17,10-30 years,Gas,189.0,7,50900.0,BY,Paid Social,4,528000.0,Tue,5000.0,0
2024-03-11,10-30 years,District,136.0,5,75300.0,BW,Display,2,342000.0,Mon,17139.0,0
2023-07-02,<10 years,Gas,86.0,3,81600.0,BE,Organic,3,294000.0,Fri,14589.0,0
2023-05-18,10-30 years,Gas,87.0,3,43500.0,HE,Paid Social,5,259000.0,Sun,20079.0,0
2023-05-23,>30 years,Gas,190.0,8,36400.0,HE,Organic,1,441000.0,Thu,16256.0,0
2023-09-03,>30 years,District,209.0,7,37500.0,Other,Paid Social,1,533000.0,Thu,16820.0,0
2023-03-16,10-30 years,Gas,119.0,5,50100.0,NW,Display,3,220000.0,Sun,,0
2023-04-05,>30 years,Gas,184.0,6,45400.0,Other,Organic,7,416000.0,Sun,23263.0,0
2024-09-28,<10 years,Gas,175.0,7,75200.0,BW,Referral,3,405000.0,Sat,,0
2024-01-17,10-30 years,Gas,93.0,3,74500.0,BW,Organic,5,256000.0,Fri,20036.0,0
2024-02-21,10-30 years,Oil,170.0,6,65100.0,Other,Paid Social,4,363000.0,Sat,12068.0,0
2023-05-19,10-30 years,Oil,178.0,6,87700.0,NW,Comparison Site,3,472000.0,Tue,8200.0,0
2024-03-19,<10 years,Electric,138.0,5,58900.0,NW,Paid Social,3,334000.0,Sat,,0
2023-12-01,>30 years,Electric,134.0,5,70900.0,BW,Organic,7,402000.0,Mon,14981.0,1
2024-12-09,>30 years,Oil,159.0,6,72800.0,BW,Paid Social,7,431000.0,Mon,15829.0,1
2024-12-23,10-30 years,Oil,119.0,2,50900.0,HE,Paid Social,6,365000.0,Thu,14556.0,0
2024-02-04,10-30 years,Gas,197.0,7,38500.0,HE,Paid Social,5,408000.0,Fri,17469.0,0
2023-10-22,>30 years,District,149.0,6,36600.0,BE,Display,9,414000.0,Fri,18470.0,0
2024-02-25,10-30 years,Gas,133.0,4,100400.0,BY,Paid Social,4,283000.0,Sat,17726.0,0
2023-10-12,<10 years,Gas,144.0,4,39900.0,Other,Display,7,328000.0,Fri,17347.0,0
2024-09-22,10-30 years,Oil,190.0,8,89600.0,BY,Paid Social,3,487000.0,Wed,14902.0,0
2024-04-16,<10 years,District,144.0,5,108600.0,NW,Referral,1,455000.0,Tue,15761.0,0
2024-08-24,10-30 years,Oil,132.0,4,45400.0,NW,Comparison Site,2,343000.0,Wed,22620.0,0
2023-01-01,10-30 years,Electric,87.0,3,66300.0,Other,Organic,1,245000.0,Tue,18307.0,0
2023-10-04,10-30 years,Gas,157.0,6,52200.0,Other,Organic,1,319000.0,Thu,17921.0,0
2023-04-17,10-30 years,Oil,139.0,5,50600.0,NW,Paid Social,1,412000.0,Sat,5000.0,0
2024-04-20,>30 years,Gas,102.0,4,121600.0,NW,Display,4,179000.0,Sat,18271.0,0
2024-08-01,>30 years,Electric,167.0,6,84900.0,Other,Comparison Site,4,431000.0,Mon,17023.0,0
2023-10-03,10-30 years,Gas,106.0,2,56700.0,BY,Display,3,256000.0,Sun,5774.0,0
2024-05-12,10-30 years,Gas,124.0,5,82900.0,Other,Referral,2,232000.0,Tue,,0
2024-01-07,<10 years,Gas,169.0,8,107600.0,NW,Paid Social,5,462000.0,Sat,12502.0,0
2024-04-22,<10 years,Gas,169.0,5,51100.0,NW,Display,4,489000.0,Sun,25536.0,0
2024-04-17,>30 years,Gas,153.0,6,84200.0,Other,Comparison Site,2,440000.0,Tue,11893.0,0
2024-11-18,10-30 years,Gas,139.0,6,41400.0,Other,Display,1,312000.0,Wed,13764.0,0
2023-12-21,10-30 years,Gas,131.0,4,45600.0,BE,Paid Social,3,360000.0,Wed,10968.0,0
2024-11-16,>30 years,Gas,115.0,5,67600.0,BW,Display,1,306000.0,Tue,25093.0,0
2023-02-01,10-30 years,Gas,139.0,6,60200.0,BY,Paid Social,5,376000.0,Thu,6791.0,0
2024-04-19,>30 years,Gas,192.0,8,58000.0,BE,Organic,6,490000.0,Sun,9809.0,0
2023-12-26,>30 years,Gas,106.0,4,81400.0,Other,Referral,3,262000.0,Mon,13285.0,0
2023-02-01,<10 years,Gas,60.0,3,56600.0,BY,Paid Social,3,189000.0,Sun,16716.0,0
2024-06-05,>30 years,Gas,120.0,4,89400.0,Other,Organic,6,185000.0,Thu,5000.0,0
2024-12-18,<10 years,Electric,211.0,7,78300.0,HE,Display,3,498000.0,Wed,,0
2023-09-14,>30 years,Oil,134.0,5,61900.0,Other,Referral,5,314000.0,Tue,,1
2024-07-10,10-30 years,Gas,151.0,6,54500.0,Other,Organic,4,386000.0,Tue,7628.0,0
2023-02-12,>30 years,Oil,153.0,6,60000.0,BW,Paid Social,3,414000.0,Mon,20255.0,0
2024-10-09,>30 years,Gas,123.0,4,38300.0,NW,Paid Social,5,267000.0,Wed,,0
2024-01-15,10-30 years,Electric,204.0,8,53700.0,NW,Organic,7,473000.0,Tue,10939.0,0
2024-03-21,10-30 years,Gas,141.0,6,38600.0,BY,Referral,6,373000.0,Wed,24441.0,0
2024-02-21,>30 years,Oil,193.0,8,71500.0,BE,Paid Social,6,474000.0,Fri,13894.0,0
2024-06-20,>30 years,Oil,152.0,5,34700.0,HE,Display,4,333000.0,Fri,,0
2023-12-04,10-30 years,District,154.0,6,32700.0,Other,Paid Social,6,390000.0,Fri,9408.0,0
2024-12-22,10-30 years,Gas,109.0,3,58300.0,BY,Organic,4,226000.0,Wed,13229.0,0
2024-11-20,10-30 years,District,191.0,6,77000.0,HE,Referral,6,619000.0,Fri,17155.0,1
2023-03-15,>30 years,Oil,143.0,4,58700.0,Other,Paid Social,4,355000.0,Sun,21982.0,0
2024-07-13,10-30 years,District,156.0,5,96300.0,BW,Organic,3,349000.0,Thu,11236.0,0
2024-03-17,>30 years,Oil,218.0,7,63000.0,NW,Paid Social,6,451000.0,Mon,6117.0,0
2023-02-15,10-30 years,Oil,161.0,5,150100.0,BY,Display,6,404000.0,Sat,9677.0,0
2023-03-18,10-30 years,Oil,157.0,5,65300.0,Other,Display,5,390000.0,Mon,,0
2023-04-18,<10 years,Electric,189.0,8,160300.0,BE,Display,5,395000.0,Fri,,0
2023-09-07,<10 years,Gas,177.0,6,60200.0,BY,Organic,5,442000.0,Thu,11257.0,0
2023-11-09,10-30 years,Oil,132.0,7,79500.0,Other,Display,3,236000.0,Fri,,1
2023-10-06,10-30 years,Oil,127.0,2,63800.0,BY,Paid Social,2,274000.0,Fri,6184.0,1
2024-03-18,10-30 years,Gas,168.0,6,69700.0,NW,Display,1,385000.0,Fri,16357.0,0
2024-07-09,<10 years,Electric,128.0,5,46200.0,BE,Display,1,326000.0,Thu,15462.0,0
2023-03-27,10-30 years,Gas,152.0,6,74200.0,HE,Organic,2,504000.0,Wed,21801.0,0
2023-06-12,10-30 years,Gas,100.0,3,36300.0,Other,Organic,3,321000.0,Thu,5896.0,0
2024-03-15,10-30 years,Oil,217.0,7,57800.0,BE,Display,3,557000.0,Tue,8664.0,0
2023-11-28,<10 years,Oil,125.0,3,48000.0,HE,Display,4,316000.0,Wed,15168.0,0
2024-03-27,>30 years,Gas,174.0,6,51100.0,NW,Referral,4,407000.0,Tue,,0
2024-10-07,<10 years,Oil,175.0,5,88900.0,BY,Organic,3,468000.0,Fri,17896.0,0
2024-10-05,<10 years,Electric,220.0,8,70200.0,BW,Organic,5,480000.0,Sat,16583.0,0
2024-01-10,>30 years,Gas,163.0,5,30000.0,NW,Comparison Site,4,328000.0,Fri,17780.0,0
2024-11-21,<10 years,Oil,134.0,4,85300.0,Other,Organic,3,414000.0,Sat,,0
2024-02-15,>30 years,Electric,148.0,6,60100.0,BY,Paid Social,6,396000.0,Mon,21755.0,0
2024-06-20,>30 years,Gas,115.0,4,85100.0,Other,Paid Social,8,293000.0,Sun,14462.0,0
2024-04-11,10-30 years,Oil,203.0,7,63100.0,Other,Display,7,431000.0,Mon,11134.0,0
2023-05-23,10-30 years,Gas,137.0,8,35600.0,Other,Referral,4,385000.0,Sat,,0
2023-07-05,10-30 years,Electric,220.0,8,105500.0,BE,Display,6,516000.0,Sat,23561.0,0
2024-02-17,10-30 years,Electric,124.0,4,82800.0,BW,Organic,4,339000.0,Sun,17117.0,0
2024-09-10,10-30 years,Gas,253.0,8,62400.0,HE,Comparison Site,4,645000.0,Fri,16718.0,0
2024-02-19,<10 years,Gas,123.0,4,38200.0,NW,Display,4,331000.0,Sat,11082.0,0
2023-11-08,10-30 years,Oil,121.0,4,70500.0,Other,Referral,1,302000.0,Tue,22941.0,0
2024-05-12,>30 years,Oil,124.0,4,67300.0,BE,Paid Social,2,320000.0,Sun,,0
2023-11-08,<10 years,District,123.0,3,39300.0,Other,Organic,4,258000.0,Fri,18903.0,0
2023-08-15,>30 years,Gas,165.0,6,58200.0,HE,Organic,4,478000.0,Mon,16134.0,0
2024-11-14,10-30 years,Gas,117.0,4,30000.0,Other,Referral,7,315000.0,Sun,14582.0,0
2024-05-07,<10 years,Gas,104.0,4,30000.0,BY,Organic,3,220000.0,Sun,15970.0,0
2024-11-06,<10 years,Gas,114.0,5,38200.0,NW,Referral,5,257000.0,Thu,19209.0,0
2023-01-23,10-30 years,Gas,231.0,8,61300.0,HE,Organic,4,590000.0,Wed,21310.0,0
2023-08-19,10-30 years,District,105.0,4,42300.0,HE,Organic,1,254000.0,Sat,8177.0,0
2024-07-06,10-30 years,Gas,158.0,5,91200.0,Other,Organic,4,478000.0,Sat,16793.0,0
2023-04-06,10-30 years,Oil,113.0,3,44200.0,BE,Organic,4,289000.0,Sun,,0
2024-03-20,10-30 years,Gas,168.0,5,51500.0,BW,Organic,3,449000.0,Thu,8795.0,0
2024-05-27,>30 years,Oil,156.0,6,92700.0,BE,Organic,5,401000.0,Fri,,0
2024-02-27,<10 years,District,217.0,8,49900.0,BY,Organic,4,500000.0,Thu,6927.0,0
2023-02-23,10-30 years,Oil,132.0,2,60200.0,NW,Organic,5,326000.0,Thu,8876.0,0
2023-09-26,<10 years,Gas,167.0,6,88700.0,NW,Display,7,433000.0,Thu,12412.0,0
2023-03-25,<10 years,Gas,192.0,6,129500.0,BE,Display,5,432000.0,Thu,13781.0,0
2023-12-28,10-30 years,Electric,135.0,6,85600.0,BE,Organic,2,378000.0,Wed,13852.0,0
2024-10-08,>30 years,District,158.0,7,71700.0,NW,Referral,5,362000.0,Mon,,0
2024-07-16,>30 years,Gas,90.0,2,142100.0,Other,Organic,1,152000.0,Fri,15792.0,0
2024-06-06,10-30 years,Oil,168.0,5,35600.0,BW,Paid Social,4,451000.0,Wed,15882.0,0
2023-06-21,10-30 years,Oil,157.0,5,137600.0,BY,Referral,3,345000.0,Fri,14127.0,0
2023-12-20,10-30 years,Oil,120.0,4,65600.0,NW,Paid Social,6,199000.0,Thu,7488.0,0
2024-04-12,10-30 years,District,101.0,3,71100.0,BY,Organic,3,285000.0,Wed,23029.0,0
2024-01-01,10-30 years,Gas,139.0,7,38300.0,Other,Referral,1,372000.0,Mon,11203.0,0
2023-06-18,10-30 years,Oil,102.0,5,36300.0,Other,Organic,1,219000.0,Tue,20700.0,0
2023-07-03,10-30 years,Gas,154.0,5,49200.0,BY,Display,5,345000.0,Fri,19627.0,0
2024-08-15,10-30 years,Oil,175.0,5,58800.0,NW,Referral,4,597000.0,Mon,13988.0,1
2023-12-22,<10 years,Gas,80.0,5,59500.0,Other,Display,4,233000.0,Wed,12458.0,0
2024-01-23,10-30 years,Oil,116.0,6,66100.0,BW,Paid Social,7,322000.0,Fri,9558.0,0
2024-11-11,10-30 years,Gas,214.0,7,47800.0,BW,Comparison Site,2,636000.0,Mon,,0
2023-08-12,<10 years,Gas,174.0,8,71800.0,Other,Organic,4,510000.0,Tue,15942.0,0
2024-09-12,10-30 years,Oil,93.0,5,32000.0,NW,Display,1,109000.0,Sun,8999.0,0
2024-10-19,>30 years,Gas,130.0,6,106700.0,BE,Display,4,261000.0,Fri,20413.0,0
2023-12-04,>30 years,Gas,78.0,2,47500.0,HE,Display,4,122000.0,Fri,17626.0,0
2024-09-03,<10 years,Oil,196.0,6,64000.0,BE,Paid Social,3,479000.0,Sun,16601.0,0
2024-11-19,10-30 years,Gas,149.0,5,51900.0,BY,Comparison Site,6,330000.0,Sun,,0
2023-01-23,10-30 years,Oil,155.0,6,59300.0,HE,Paid Social,6,389000.0,Wed,15357.0,0
2023-06-15,>30 years,Electric,198.0,8,67100.0,HE,Paid Social,5,515000.0,Wed,9990.0,0
2024-05-07,>30 years,Gas,141.0,5,200000.0,HE,Paid Social,4,297000.0,Tue,,0
2024-10-22,10-30 years,Oil,161.0,5,30000.0,Other,Referral,1,338000.0,Wed,,0
2023-09-10,<10 years,Oil,194.0,8,41600.0,BW,Organic,3,451000.0,Tue,17717.0,0
2023-07-18,10-30 years,Gas,117.0,3,36500.0,BY,Paid Social,3,330000.0,Fri,16518.0,0
2023-07-07,>30 years,Gas,100.0,3,67600.0,BW,Display,2,230000.0,Sun,10510.0,0
2023-02-10,>30 years,District,222.0,8,69900.0,Other,Referral,3,602000.0,Thu,14046.0,0
2023-12-15,10-30 years,Gas,120.0,4,104500.0,BY,Paid Social,4,306000.0,Thu,24972.0,0
2023-01-24,>30 years,Gas,60.0,2,61100.0,BE,Display,5,82000.0,Thu,25584.0,0
2024-01-28,10-30 years,Oil,121.0,5,100200.0,BW,Organic,4,289000.0,Wed,,1
2023-02-13,<10 years,Oil,123.0,5,93600.0,BW,Organic,6,232000.0,Thu,8823.0,0
2023-01-10,10-30 years,Electric,231.0,8,57000.0,BY,Organic,2,610000.0,Sun,13489.0,0
2024-06-01,<10 years,District,172.0,5,45500.0,BY,Display,2,479000.0,Sat,13552.0,0
2024-10-11,10-30 years,Gas,142.0,6,56600.0,NW,Organic,3,422000.0,Fri,11349.0,0
2024-01-14,10-30 years,Oil,122.0,4,45900.0,BW,Referral,3,285000.0,Thu,7695.0,1
2024-12-16,>30 years,District,177.0,8,61700.0,HE,Referral,1,412000.0,Mon,18243.0,0
2024-12-10,>30 years,Oil,192.0,7,43600.0,BE,Organic,3,559000.0,Sat,14821.0,1
2024-02-25,<10 years,Oil,170.0,7,68700.0,BY,Organic,7,401000.0,Tue,13777.0,0
2023-03-05,<10 years,Gas,187.0,7,31200.0,BY,Paid Social,8,467000.0,Fri,11780.0,0
2023-02-14,>30 years,Gas,212.0,8,69700.0,BY,Referral,1,521000.0,Mon,,0
2023-03-16,10-30 years,Oil,154.0,8,79000.0,BY,Organic,4,440000.0,Fri,16051.0,1
2024-01-21,>30 years,District,130.0,4,75300.0,BE,Organic,2,430000.0,Sat,9881.0,0
2023-09-02,10-30 years,Gas,133.0,4,30000.0,HE,Organic,6,372000.0,Sun,10165.0,0
2023-06-27,>30 years,Gas,200.0,8,65300.0,Other,Display,3,423000.0,Thu,,0
2023-11-17,10-30 years,District,179.0,7,70900.0,Other,Paid Social,6,436000.0,Sat,21749.0,0
2023-05-04,10-30 years,Gas,156.0,8,188400.0,HE,Display,2,431000.0,Mon,,0
2024-09-28,<10 years,Oil,128.0,4,63900.0,BY,Paid Social,1,222000.0,Tue,13534.0,1
2023-09-24,>30 years,Gas,118.0,3,33200.0,NW,Organic,1,292000.0,Fri,10110.0,0
2023-12-25,10-30 years,Gas,150.0,6,30400.0,NW,Comparison Site,3,365000.0,Sat,21169.0,0
2023-11-23,>30 years,Gas,110.0,3,54600.0,NW,Display,9,247000.0,Sun,,0
2023-10-22,>30 years,Gas,141.0,7,42500.0,BW,Display,4,313000.0,Fri,,0
2023-05-10,<10 years,Oil,198.0,8,83100.0,NW,Paid Social,3,453000.0,Sat,25852.0,0
2023-09-07,10-30 years,Gas,145.0,7,115700.0,BY,Organic,4,341000.0,Sun,,0
2023-02-10,<10 years,Gas,140.0,5,30000.0,HE,Comparison Site,3,339000.0,Fri,16480.0,0
2023-12-24,10-30 years,Gas,156.0,5,52500.0,Other,Paid Social,2,382000.0,Thu,17557.0,0
2024-05-12,10-30 years,Gas,189.0,8,100300.0,BW,Organic,2,488000.0,Wed,20954.0,0
2024-03-26,10-30 years,District,222.0,8,83800.0,Other,Paid Social,2,630000.0,Wed,6608.0,0
2023-02-28,10-30 years,Gas,104.0,2,42900.0,BY,Organic,1,347000.0,Sat,16455.0,0
2024-10-11,10-30 years,Gas,198.0,8,69600.0,BE,Paid Social,3,566000.0,Sun,13233.0,0
2023-03-21,<10 years,Gas,182.0,7,96900.0,HE,Referral,3,401000.0,Sun,9915.0,0
2024-03-03,10-30 years,Gas,101.0,4,60700.0,BY,Comparison Site,4,320000.0,Sat,8724.0,0
2024-04-14,>30 years,Electric,111.0,5,77800.0,NW,Referral,3,278000.0,Wed,,0
2023-02-24,10-30 years,Oil,188.0,8,99500.0,HE,Organic,3,400000.0,Sat,10477.0,0
2023-11-04,>30 years,Oil,172.0,7,58000.0,Other,Paid Social,1,372000.0,Tue,20607.0,0
2023-06-02,<10 years,Oil,81.0,3,62100.0,BY,Paid Social,8,105000.0,Sat,10249.0,0
2023-04-10,10-30 years,Gas,117.0,2,90300.0,NW,Display,5,301000.0,Fri,11217.0,0
2024-12-20,10-30 years,Gas,171.0,5,79700.0,Other,Display,3,398000.0,Wed,11693.0,0
2024-11-01,>30 years,Oil,187.0,8,103200.0,Other,Referral,2,448000.0,Sat,,0
2023-11-22,10-30 years,Oil,166.0,7,87100.0,NW,Organic,3,439000.0,Wed,,0
2024-10-23,10-30 years,Oil,66.0,2,120900.0,BW,Organic,5,234000.0,Fri,18558.0,0
2023-11-10,>30 years,Gas,121.0,3,47500.0,HE,Organic,3,327000.0,Fri,11108.0,0
2024-07-25,10-30 years,Gas,111.0,5,68500.0,HE,Comparison Site,4,263000.0,Tue,24460.0,0
2024-12-12,<10 years,Electric,178.0,6,56600.0,BY,Organic,2,330000.0,Tue,,0
2023-02-16,10-30 years,Gas,131.0,5,30800.0,BE,Paid Social,1,336000.0,Tue,14721.0,0
2023-01-15,<10 years,Oil,171.0,6,40400.0,HE,Organic,3,448000.0,Wed,12531.0,0
2024-07-21,>30 years,Gas,157.0,4,93300.0,NW,Organic,1,381000.0,Fri,14052.0,0
2024-09-07,10-30 years,District,103.0,2,78200.0,BY,Paid Social,3,257000.0,Wed,22570.0,0
2023-10-11,10-30 years,District,185.0,7,88500.0,BY,Paid Social,7,388000.0,Wed,14522.0,0
2023-07-11,>30 years,Oil,197.0,7,55500.0,Other,Display,5,461000.0,Tue,17985.0,0
2023-02-26,>30 years,Oil,187.0,7,64300.0,NW,Paid Social,2,478000.0,Sat,26725.0,0
2024-09-11,10-30 years,Electric,159.0,7,71500.0,BY,Display,1,366000.0,Thu,,0
2024-02-27,>30 years,Oil,146.0,7,53600.0,Other,Referral,4,422000.0,Fri,17379.0,1
2023-12-23,<10 years,Electric,126.0,5,70400.0,BW,Paid Social,3,303000.0,Fri,19996.0,0
2023-04-11,>30 years,Gas,201.0,5,30000.0,Other,Paid Social,1,431000.0,Fri,12532.0,0
2023-10-17,10-30 years,Gas,215.0,7,61500.0,Other,Organic,3,554000.0,Sun,21768.0,0
2024-07-16,10-30 years,District,124.0,5,49900.0,BE,Display,10,372000.0,Sun,12393.0,0
2024-07-02,10-30 years,Oil,106.0,5,73800.0,BY,Organic,7,324000.0,Sun,13195.0,0
2024-10-08,>30 years,Oil,108.0,3,119000.0,Other,Organic,5,301000.0,Wed,,0
2023-11-04,<10 years,District,111.0,5,75500.0,Other,Paid Social,3,243000.0,Wed,,0
2024-12-07,10-30 years,Electric,163.0,6,77500.0,Other,Paid Social,3,403000.0,Mon,,0
2023-01-11,10-30 years,Gas,97.0,2,143900.0,BY,Display,4,248000.0,Wed,19478.0,0
2024-08-15,10-30 years,Oil,128.0,5,52800.0,HE,Paid Social,4,307000.0,Wed,7622.0,0
2024-07-02,>30 years,Oil,129.0,4,42500.0,Other,Display,3,252000.0,Sat,15220.0,0
2024-04-10,>30 years,Electric,157.0,5,34900.0,HE,Comparison Site,4,349000.0,Fri,11442.0,0
2023-02-08,>30 years,Gas,142.0,6,109900.0,HE,Comparison Site,6,293000.0,Tue,,0
2024-09-25,10-30 years,Gas,168.0,5,95000.0,NW,Organic,2,403000.0,Thu,24461.0,0
2024-06-22,10-30 years,Gas,145.0,5,34000.0,BE,Paid Social,3,328000.0,Mon,,0
2023-01-14,10-30 years,Gas,158.0,5,93900.0,Other,Paid Social,3,344000.0,Sat,,0
2023-01-09,>30 years,Gas,227.0,8,73600.0,HE,Paid Social,2,516000.0,Fri,26010.0,0
2023-08-22,10-30 years,Gas,155.0,5,34600.0,Other,Comparison Site,1,350000.0,Tue,21261.0,0
2024-01-22,10-30 years,Oil,161.0,5,71500.0,NW,Organic,6,351000.0,Sat,10966.0,0
2024-12-02,10-30 years,Gas,247.0,8,64900.0,BW,Paid Social,2,689000.0,Tue,,0
2024-06-15,10-30 years,Gas,144.0,6,60200.0,BW,Organic,3,270000.0,Wed,14506.0,0
2024-11-02,10-30 years,Gas,209.0,8,34800.0,HE,Display,2,505000.0,Wed,15443.0,0
2024-04-09,>30 years,Oil,199.0,8,177600.0,Other,Paid Social,6,439000.0,Sat,21011.0,0
2024-06-04,<10 years,Gas,112.0,4,37700.0,Other,Referral,8,302000.0,Thu,17468.0,0
2023-05-16,10-30 years,Gas,156.0,5,41300.0,Other,Organic,4,392000.0,Thu,18676.0,0
2023-04-18,10-30 years,Gas,176.0,7,35700.0,HE,Referral,3,519000.0,Fri,10968.0,0
2023-09-28,10-30 years,Oil,188.0,6,102900.0,BY,Paid Social,7,441000.0,Mon,21309.0,0
2024-02-22,>30 years,Gas,118.0,5,38500.0,BE,Paid Social,4,198000.0,Sun,12776.0,0
2024-06-28,10-30 years,Gas,118.0,3,51800.0,Other,Referral,5,337000.0,Tue,14599.0,0
2024-07-09,10-30 years,Electric,186.0,8,72300.0,BY,Paid Social,6,422000.0,Mon,15128.0,0
2023-10-12,>30 years,Gas,110.0,4,30000.0,NW,Referral,4,230000.0,Sat,10224.0,0
2023-04-22,<10 years,District,137.0,5,41500.0,Other,Organic,7,378000.0,Fri,,0
2023-02-20,<10 years,Electric,93.0,4,44300.0,BY,Display,5,219000.0,Wed,,0
2023-11-10,10-30 years,Gas,117.0,5,92800.0,Other,Organic,4,182000.0,Thu,,0
2024-11-18,10-30 years,Oil,140.0,6,56100.0,Other,Display,2,414000.0,Sun,7961.0,0
2023-12-13,10-30 years,Gas,144.0,4,50300.0,HE,Organic,3,283000.0,Wed,8757.0,0
2023-01-22,10-30 years,Gas,156.0,5,91900.0,Other,Display,2,370000.0,Fri,17466.0,0
2024-11-18,<10 years,Electric,145.0,5,49300.0,BY,Referral,5,296000.0,Thu,,0
2023-01-13,10-30 years,Gas,186.0,6,101500.0,Other,Organic,2,570000.0,Sat,,0
2024-11-13,10-30 years,Gas,200.0,8,175300.0,BY,Organic,7,482000.0,Wed,13399.0,0
2023-03-19,10-30 years,District,122.0,6,99700.0,BE,Display,4,294000.0,Thu,17406.0,0
2023-10-23,10-30 years,Gas,83.0,3,136000.0,Other,Organic,5,228000.0,Tue,13417.0,0
2023-02-08,10-30 years,Gas,167.0,6,77200.0,BE,Organic,2,430000.0,Thu,,0
2023-12-13,>30 years,Gas,191.0,7,67100.0,HE,Organic,3,559000.0,Sun,12639.0,0
2024-07-06,<10 years,Oil,119.0,4,59600.0,BE,Organic,2,359000.0,Sat,16821.0,0
2023-09-05,10-30 years,Gas,138.0,6,91700.0,BW,Comparison Site,4,385000.0,Thu,15297.0,0
2024-04-09,10-30 years,Oil,189.0,7,36100.0,Other,Referral,3,395000.0,Mon,19747.0,0
2024-04-13,>30 years,District,194.0,7,93000.0,HE,Display,3,439000.0,Sun,24482.0,0
2024-10-21,>30 years,Oil,169.0,6,51300.0,NW,Paid Social,3,445000.0,Wed,,0
2024-04-27,>30 years,Gas,152.0,6,78100.0,HE,Organic,1,374000.0,Mon,18614.0,0
2024-10-09,10-30 years,Electric,131.0,6,64800.0,HE,Paid Social,3,314000.0,Sun,23055.0,0
2023-12-07,10-30 years,Oil,159.0,5,80000.0,BE,Comparison Site,2,355000.0,Fri,8032.0,0
2024-02-19,10-30 years,Oil,153.0,7,82900.0,BW,Display,3,404000.0,Tue,14986.0,0
2024-05-14,10-30 years,Gas,177.0,7,67600.0,Other,Organic,3,485000.0,Sun,10541.0,1
2023-05-03,>30 years,Gas,166.0,5,66100.0,Other,Organic,3,466000.0,Fri,18099.0,0
2023-10-26,10-30 years,Gas,95.0,3,50000.0,BW,Referral,3,210000.0,Tue,,0
2024-04-14,10-30 years,Oil,144.0,6,61300.0,HE,Organic,2,421000.0,Tue,21334.0,1
2024-09-09,>30 years,Gas,202.0,8,44000.0,BE,Organic,1,514000.0,Mon,,0
2024-12-28,10-30 years,Gas,60.0,2,37900.0,BY,Display,7,129000.0,Thu,11537.0,0
2024-08-20,10-30 years,Gas,96.0,2,31500.0,HE,Referral,3,75000.0,Mon,19970.0,0
2024-12-10,<10 years,Gas,110.0,4,81600.0,BE,Organic,2,192000.0,Wed,19536.0,0
2024-04-07,<10 years,Gas,177.0,6,39700.0,BY,Referral,3,450000.0,Sat,,0
2024-03-23,<10 years,Gas,130.0,5,75600.0,BY,Referral,4,307000.0,Sat,11287.0,0
2024-03-22,<10 years,Electric,155.0,6,62100.0,Other,Paid Social,3,397000.0,Wed,12801.0,0
2023-08-01,10-30 years,Oil,170.0,6,37100.0,BE,Comparison Site,4,426000.0,Fri,14176.0,0
2024-09-14,10-30 years,Oil,170.0,6,31100.0,Other,Referral,2,477000.0,Tue,5047.0,0
2024-08-28,>30 years,Gas,124.0,3,69500.0,Other,Organic,7,334000.0,Fri,7913.0,0
2023-04-03,<10 years,Gas,137.0,4,38300.0,BY,Referral,3,425000.0,Mon,17557.0,0
2023-08-06,>30 years,Gas,142.0,5,66600.0,Other,Paid Social,3,384000.0,Tue,,0
2024-07-26,>30 years,Gas,216.0,8,74500.0,BE,Paid Social,6,595000.0,Thu,13302.0,0
2023-10-12,>30 years,District,141.0,7,38800.0,HE,Comparison Site,4,246000.0,Fri,8693.0,0
2023-09-19,10-30 years,Gas,175.0,8,34500.0,BY,Organic,2,386000.0,Sun,18558.0,0
2024-07-12,<10 years,Electric,179.0,7,55600.0,Other,Paid Social,1,428000.0,Thu,8628.0,0
2024-10-17,>30 years,Gas,194.0,7,53000.0,Other,Organic,1,499000.0,Mon,10443.0,0
2024-01-12,>30 years,Electric,185.0,8,44900.0,BY,Referral,3,575000.0,Mon,15875.0,0
2024-10-02,10-30 years,Gas,152.0,5,30000.0,BE,Organic,7,372000.0,Wed,12897.0,0
2024-05-16,>30 years,Electric,170.0,4,89700.0,NW,Organic,2,439000.0,Thu,13058.0,0
2024-01-10,<10 years,Gas,250.0,8,57700.0,BY,Organic,6,638000.0,Fri,13287.0,0
2023-01-26,>30 years,Gas,120.0,5,75300.0,BW,Display,4,347000.0,Wed,,0
2023-03-11,<10 years,District,130.0,4,58400.0,BY,Organic,7,393000.0,Thu,19544.0,0
2023-11-09,10-30 years,Gas,104.0,4,85400.0,Other,Comparison Site,6,234000.0,Mon,,0
2023-09-28,10-30 years,Electric,157.0,5,54000.0,HE,Display,3,399000.0,Fri,,0
2024-02-09,10-30 years,Gas,131.0,4,52500.0,Other,Display,8,228000.0,Thu,11214.0,0
2024-10-21,<10 years,Gas,108.0,3,42500.0,Other,Comparison Site,4,158000.0,Tue,18028.0,0
2024-12-10,>30 years,Gas,150.0,6,66500.0,BY,Organic,2,438000.0,Sun,9751.0,0
2023-04-14,10-30 years,Oil,95.0,3,51600.0,HE,Display,2,328000.0,Thu,8810.0,0
2024-11-08,10-30 years,Oil,200.0,8,48800.0,BW,Referral,6,461000.0,Tue,13324.0,0
2023-04-17,10-30 years,Gas,192.0,7,30300.0,BY,Display,1,482000.0,Mon,11200.0,0
2024-03-26,>30 years,Oil,221.0,8,50600.0,BY,Paid Social,2,570000.0,Mon,16171.0,1
2024-10-25,<10 years,Gas,256.0,8,70300.0,Other,Organic,2,700000.0,Sat,15093.0,0
2023-05-07,>30 years,District,85.0,3,56700.0,NW,Organic,6,193000.0,Tue,18831.0,0
2023-01-17,10-30 years,Gas,144.0,5,75100.0,Other,Comparison Site,3,359000.0,Tue,23366.0,0
2023-04-06,<10 years,Gas,202.0,7,39600.0,BW,Comparison Site,4,486000.0,Mon,19840.0,0
2024-05-05,10-30 years,Gas,201.0,8,47700.0,BY,Paid Social,2,496000.0,Sat,,0
2024-12-18,>30 years,District,184.0,7,69800.0,HE,Referral,2,546000.0,Mon,8514.0,0
2023-12-24,<10 years,Gas,108.0,4,59300.0,Other,Paid Social,1,310000.0,Wed,15796.0,0
2023-10-23,10-30 years,Gas,161.0,6,30000.0,BE,Organic,4,353000.0,Sun,18983.0,0
2023-08-07,10-30 years,Oil,192.0,7,47800.0,BW,Organic,6,503000.0,Wed,8602.0,0
2023-03-12,10-30 years,District,136.0,2,38700.0,NW,Referral,4,383000.0,Mon,18756.0,0
2023-11-02,>30 years,Gas,119.0,4,56100.0,Other,Comparison Site,6,304000.0,Mon,14436.0,0
2024-12-28,10-30 years,Gas,139.0,5,30000.0,BW,Paid Social,3,303000.0,Tue,23189.0,0
2024-02-15,>30 years,Oil,127.0,5,64900.0,BY,Organic,4,295000.0,Fri,11660.0,1
2023-10-12,10-30 years,Gas,161.0,5,78100.0,BW,Referral,1,346000.0,Sat,26956.0,0
2023-11-20,10-30 years,Gas,93.0,2,46800.0,Other,Paid Social,5,227000.0,Fri,,0
2024-09-03,10-30 years,Oil,216.0,7,53600.0,Other,Paid Social,6,507000.0,Sun,17446.0,0
2023-05-02,10-30 years,Oil,127.0,5,45000.0,NW,Comparison Site,1,308000.0,Sun,12293.0,0
2023-08-26,>30 years,Oil,109.0,7,112800.0,NW,Display,2,204000.0,Mon,14620.0,0
2023-03-05,10-30 years,District,134.0,5,101700.0,Other,Display,1,370000.0,Mon,13630.0,0
2023-07-10,10-30 years,Gas,161.0,7,94800.0,BY,Organic,5,456000.0,Wed,9582.0,0
2024-11-20,>30 years,Oil,88.0,3,127900.0,Other,Organic,4,243000.0,Sat,9661.0,0
2024-09-15,>30 years,Gas,127.0,4,101000.0,BW,Organic,4,336000.0,Sat,18394.0,0
2023-04-06,<10 years,Electric,147.0,6,48500.0,BY,Display,3,446000.0,Sat,,0
2023-11-08,>30 years,Gas,123.0,4,62500.0,HE,Comparison Site,6,251000.0,Thu,9348.0,0
2024-06-18,10-30 years,District,112.0,4,74700.0,BW,Display,3,254000.0,Tue,16986.0,0
2023-10-22,10-30 years,Gas,188.0,6,68100.0,BW,Organic,5,351000.0,Thu,6259.0,0
2024-04-21,10-30 years,Gas,187.0,7,33500.0,BY,Display,1,494000.0,Fri,13098.0,0
2024-01-12,10-30 years,Gas,186.0,7,78400.0,HE,Organic,3,535000.0,Sat,15998.0,0
2024-10-27,>30 years,District,173.0,7,73800.0,Other,Paid Social,4,431000.0,Sat,27130.0,0
2023-02-26,10-30 years,District,102.0,2,75600.0,BE,Referral,2,243000.0,Wed,,0
2023-01-07,<10 years,District,149.0,6,68200.0,HE,Organic,3,323000.0,Wed,,0
2023-12-22,10-30 years,Oil,204.0,6,59600.0,BE,Display,3,536000.0,Wed,6647.0,0
2023-09-10,<10 years,Gas,102.0,3,77200.0,HE,Organic,1,300000.0,Fri,19235.0,0
2023-10-16,>30 years,Gas,111.0,5,30000.0,HE,Organic,5,243000.0,Fri,7704.0,0
2024-05-12,<10 years,Gas,161.0,5,73500.0,BW,Organic,2,380000.0,Tue,,0
2023-02-03,10-30 years,Oil,180.0,8,90300.0,NW,Organic,5,406000.0,Wed,19392.0,0
2024-01-03,>30 years,Gas,177.0,7,118500.0,HE,Paid Social,5,496000.0,Sat,10034.0,0
2023-09-17,10-30 years,Oil,163.0,7,74700.0,HE,Comparison Site,5,434000.0,Wed,11409.0,0
2024-02-23,10-30 years,Gas,110.0,4,41500.0,HE,Paid Social,2,306000.0,Thu,,0
2024-04-09,10-30 years,Electric,170.0,6,48800.0,BE,Display,4,360000.0,Thu,,0
2023-02-02,10-30 years,District,125.0,5,72800.0,NW,Display,3,321000.0,Wed,6945.0,0
2023-09-05,<10 years,Oil,164.0,7,71200.0,BW,Organic,3,413000.0,Sun,5000.0,1
2024-12-14,10-30 years,Electric,145.0,4,39400.0,BW,Paid Social,5,412000.0,Sat,23799.0,0
2023-12-10,>30 years,Gas,137.0,4,63500.0,HE,Organic,4,336000.0,Sun,5000.0,0
2024-11-23,>30 years,Gas,243.0,8,55600.0,NW,Paid Social,4,544000.0,Sat,,0
2023-11-14,>30 years,District,103.0,4,53400.0,BY,Organic,7,193000.0,Sat,22387.0,0
2023-12-23,>30 years,Gas,121.0,3,62000.0,BY,Organic,4,379000.0,Sat,10766.0,1
2023-11-04,>30 years,Gas,193.0,7,61300.0,HE,Paid Social,2,509000.0,Mon,13550.0,0
2023-10-12,>30 years,Gas,220.0,8,112000.0,BW,Display,1,582000.0,Wed,14331.0,0
2024-03-02,>30 years,Oil,177.0,6,30000.0,BW,Organic,2,435000.0,Sat,,0
2024-06-06,10-30 years,Oil,141.0,5,58900.0,BY,Display,6,417000.0,Mon,,0
2024-01-05,<10 years,Gas,118.0,4,59900.0,Other,Organic,2,270000.0,Sun,19547.0,0
2023-10-15,<10 years,District,184.0,7,30000.0,BE,Organic,3,336000.0,Thu,,0
2023-06-10,<10 years,District,150.0,6,79300.0,HE,Comparison Site,4,370000.0,Tue,8610.0,0
2024-03-28,>30 years,Gas,129.0,3,84100.0,NW,Organic,5,295000.0,Sun,10435.0,0
2024-02-12,10-30 years,Oil,193.0,7,31800.0,NW,Referral,5,545000.0,Fri,,0
2023-08-19,>30 years,Electric,144.0,5,82200.0,BY,Display,5,386000.0,Sun,13347.0,0
2024-01-06,10-30 years,Gas,97.0,4,42500.0,Other,Organic,1,278000.0,Sun,11209.0,0
2023-07-13,10-30 years,Gas,155.0,6,69300.0,BY,Display,4,341000.0,Tue,,0
2023-01-09,<10 years,Gas,136.0,4,65400.0,Other,Organic,7,323000.0,Tue,,0
2023-07-14,>30 years,Electric,110.0,3,65900.0,BY,Referral,2,266000.0,Mon,19689.0,0
2024-04-16,>30 years,Gas,162.0,6,30000.0,Other,Organic,3,388000.0,Sat,11558.0,0
2024-02-28,>30 years,Oil,168.0,8,30600.0,NW,Organic,7,406000.0,Thu,17541.0,0
2024-02-16,<10 years,Oil,60.0,2,65300.0,Other,Organic,4,151000.0,Wed,14488.0,0
2024-11-18,<10 years,Gas,194.0,7,74000.0,Other,Display,1,600000.0,Sat,14908.0,0
2024-02-13,10-30 years,Gas,190.0,7,41400.0,Other,Comparison Site,2,444000.0,Wed,13992.0,0
2023-09-13,10-30 years,Gas,145.0,6,103700.0,BY,Display,1,333000.0,Fri,13256.0,0
2024-12-20,>30 years,Gas,118.0,3,46400.0,BW,Referral,4,333000.0,Wed,5030.0,0
2024-01-17,<10 years,Gas,172.0,6,52200.0,Other,Organic,3,370000.0,Mon,9377.0,0
2024-11-16,10-30 years,Gas,150.0,7,56100.0,NW,Paid Social,5,369000.0,Sat,9316.0,0
2024-12-16,10-30 years,Oil,129.0,5,65900.0,Other,Display,5,335000.0,Thu,17565.0,0
2023-02-23,10-30 years,Gas,130.0,4,57500.0,NW,Paid Social,3,282000.0,Sun,12549.0,0
2024-10-01,10-30 years,Oil,157.0,5,53000.0,HE,Display,5,308000.0,Fri,7951.0,0
2024-01-12,>30 years,Gas,203.0,8,57500.0,Other,Organic,2,556000.0,Sun,17466.0,0
2023-09-10,10-30 years,Oil,97.0,2,65700.0,HE,Organic,4,231000.0,Tue,15811.0,0
2024-11-10,>30 years,Electric,162.0,6,66000.0,Other,Paid Social,3,498000.0,Fri,,0
2023-11-14,<10 years,Gas,115.0,3,67000.0,BW,Display,3,257000.0,Wed,,0
2024-01-07,>30 years,Gas,163.0,5,59800.0,Other,Organic,3,395000.0,Sat,,0
2023-07-10,10-30 years,Oil,173.0,7,78800.0,BE,Paid Social,2,422000.0,Sun,9793.0,0
2024-04-04,10-30 years,Oil,101.0,4,64000.0,NW,Organic,5,205000.0,Sat,13507.0,0
2023-10-04,10-30 years,Gas,173.0,6,67200.0,NW,Paid Social,2,423000.0,Thu,23407.0,0
2023-03-17,<10 years,Electric,160.0,6,70200.0,NW,Comparison Site,8,416000.0,Sun,24552.0,0
2024-06-20,<10 years,Gas,202.0,8,76900.0,BW,Paid Social,4,582000.0,Sun,17220.0,0
2024-11-08,>30 years,Gas,151.0,5,83300.0,HE,Referral,2,288000.0,Wed,,0
2023-11-04,<10 years,Gas,161.0,7,58100.0,BW,Paid Social,5,455000.0,Tue,16018.0,0
2024-09-10,>30 years,Oil,167.0,8,74400.0,HE,Paid Social,5,344000.0,Wed,18873.0,0
2024-07-12,10-30 years,Oil,207.0,8,95200.0,BY,Organic,4,521000.0,Sun,10237.0,0
2023-04-11,10-30 years,Electric,77.0,2,41500.0,Other,Display,8,278000.0,Wed,13622.0,0
2024-06-22,<10 years,District,88.0,2,59000.0,BW,Organic,3,242000.0,Sat,13946.0,0
2024-01-08,<10 years,Gas,146.0,4,52400.0,BY,Display,5,366000.0,Fri,22266.0,0
2023-12-26,10-30 years,District,165.0,6,99200.0,NW,Paid Social,5,349000.0,Wed,18242.0,0
2024-07-07,10-30 years,Oil,84.0,3,36300.0,HE,Organic,4,201000.0,Sun,12805.0,0
2024-02-21,>30 years,Gas,147.0,5,46100.0,Other,Organic,4,319000.0,Thu,17888.0,0
2023-01-19,10-30 years,Electric,120.0,4,99400.0,BW,Referral,3,349000.0,Wed,19739.0,0
2024-08-22,>30 years,Oil,98.0,4,63800.0,NW,Organic,5,218000.0,Fri,11861.0,0
2024-07-12,<10 years,Gas,143.0,5,71500.0,BE,Organic,1,349000.0,Thu,22045.0,0
2024-08-14,10-30 years,Gas,178.0,8,54800.0,NW,Paid Social,4,440000.0,Sun,18096.0,0
2024-01-25,10-30 years,Oil,224.0,8,69900.0,BY,Organic,8,660000.0,Sun,21685.0,0
2023-08-13,10-30 years,Gas,235.0,8,57900.0,Other,Paid Social,3,538000.0,Wed,17538.0,0
2024-12-07,>30 years,Gas,200.0,7,38800.0,BY,Paid Social,1,453000.0,Fri,10877.0,0
2023-01-12,>30 years,District,163.0,6,106700.0,NW,Display,4,411000.0,Tue,12325.0,0
2024-06-12,10-30 years,Gas,146.0,7,61000.0,BY,Comparison Site,4,383000.0,Wed,15248.0,1
2023-12-25,>30 years,Gas,156.0,6,65800.0,Other,Organic,3,360000.0,Wed,8940.0,0
2023-08-25,10-30 years,District,156.0,7,53600.0,Other,Paid Social,2,359000.0,Thu,9137.0,0
2024-03-22,>30 years,Gas,195.0,8,110500.0,NW,Paid Social,1,480000.0,Thu,,0
2024-01-27,<10 years,Gas,214.0,8,75200.0,Other,Comparison Site,5,527000.0,Thu,15446.0,0
2023-01-25,<10 years,Oil,103.0,3,54300.0,BE,Display,3,302000.0,Sat,,0
2024-08-20,>30 years,Gas,138.0,5,66500.0,NW,Paid Social,1,460000.0,Tue,23990.0,0
2024-02-03,10-30 years,District,188.0,7,41800.0,BY,Organic,7,440000.0,Sat,9399.0,0
2024-03-01,10-30 years,Gas,145.0,6,57900.0,NW,Referral,1,385000.0,Wed,17683.0,0
2023-01-10,10-30 years,Electric,133.0,4,49300.0,HE,Display,3,227000.0,Fri,17659.0,0
2024-09-16,>30 years,Gas,196.0,6,34200.0,BY,Display,5,473000.0,Wed,8895.0,0
2024-10-25,10-30 years,Gas,130.0,5,63000.0,BY,Paid Social,6,328000.0,Mon,22167.0,0
2023-03-28,10-30 years,Gas,176.0,6,51500.0,HE,Organic,4,566000.0,Thu,13941.0,0
2023-12-03,>30 years,Gas,137.0,5,108300.0,BE,Display,4,335000.0,Wed,,0
2023-10-28,>30 years,Oil,239.0,8,33100.0,NW,Paid Social,3,577000.0,Thu,9386.0,0
2023-03-18,10-30 years,Oil,200.0,6,50500.0,Other,Paid Social,3,478000.0,Tue,,0
2023-12-18,10-30 years,Electric,137.0,6,66800.0,NW,Organic,5,300000.0,Wed,5000.0,0
2023-03-10,10-30 years,Gas,161.0,6,86000.0,Other,Paid Social,3,386000.0,Thu,11667.0,0
2023-01-17,<10 years,Gas,173.0,6,50100.0,BY,Comparison Site,1,418000.0,Sat,,0
2023-11-28,10-30 years,Gas,133.0,4,150000.0,BE,Organic,1,338000.0,Sat,12775.0,0
2024-03-07,<10 years,Gas,137.0,5,51400.0,Other,Organic,3,308000.0,Tue,24148.0,0
2023-06-16,<10 years,Gas,184.0,8,40000.0,Other,Display,2,494000.0,Fri,19986.0,0
2024-01-02,>30 years,Gas,150.0,5,57000.0,NW,Organic,4,294000.0,Sat,13535.0,0
2023-04-10,<10 years,Gas,94.0,3,123800.0,BW,Referral,7,162000.0,Mon,21548.0,0
2024-07-18,10-30 years,Electric,173.0,5,90500.0,Other,Referral,7,470000.0,Sat,5000.0,0
2024-08-19,10-30 years,Oil,189.0,8,119600.0,BE,Paid Social,1,478000.0,Sat,,0
2023-03-26,10-30 years,Gas,137.0,4,105700.0,Other,Display,3,318000.0,Fri,11441.0,0
2024-01-03,10-30 years,Gas,119.0,5,126500.0,HE,Referral,4,303000.0,Thu,20322.0,0
2024-10-06,10-30 years,Oil,203.0,8,60400.0,NW,Paid Social,1,450000.0,Mon,11925.0,0
2024-11-24,>30 years,District,156.0,7,126900.0,BW,Paid Social,6,380000.0,Mon,9639.0,0
2023-08-28,10-30 years,Gas,147.0,4,71300.0,BW,Organic,6,377000.0,Mon,13947.0,0
2024-04-04,10-30 years,Electric,147.0,5,78400.0,HE,Organic,1,356000.0,Tue,25119.0,0
2024-11-05,10-30 years,Oil,208.0,7,106800.0,BY,Display,1,544000.0,Mon,18488.0,0
2023-01-07,<10 years,Oil,160.0,5,153200.0,BE,Paid Social,4,420000.0,Mon,20933.0,0
2023-02-05,10-30 years,District,168.0,6,118200.0,Other,Display,1,367000.0,Sun,10773.0,0
2023-10-22,<10 years,District,144.0,6,35900.0,NW,Organic,2,318000.0,Sun,8253.0,0
2023-03-21,10-30 years,Gas,151.0,6,60900.0,BE,Display,8,370000.0,Tue,,0
2023-11-06,>30 years,Electric,137.0,5,60300.0,Other,Organic,3,311000.0,Tue,11909.0,0
2024-01-28,10-30 years,Oil,170.0,6,39900.0,Other,Display,5,537000.0,Wed,20500.0,0
2024-12-28,10-30 years,Gas,106.0,5,37900.0,BW,Organic,3,266000.0,Fri,15415.0,0
2023-03-03,<10 years,Oil,159.0,6,48600.0,BE,Organic,4,372000.0,Wed,,0
2024-01-06,>30 years,District,135.0,5,80200.0,NW,Organic,9,318000.0,Tue,15348.0,0
2023-07-20,10-30 years,Oil,129.0,4,83700.0,Other,Organic,1,380000.0,Mon,15148.0,0
2023-05-08,>30 years,District,168.0,6,52900.0,BY,Comparison Site,3,366000.0,Fri,15678.0,0
2024-04-13,<10 years,Oil,150.0,6,30000.0,BY,Organic,7,390000.0,Sat,16075.0,0
2023-01-12,>30 years,Gas,110.0,6,64100.0,NW,Paid Social,2,334000.0,Sat,,0
2024-02-17,10-30 years,Oil,115.0,2,114400.0,NW,Paid Social,3,206000.0,Fri,16615.0,0
2023-05-10,<10 years,Oil,158.0,6,45400.0,NW,Organic,1,390000.0,Fri,,0
2024-12-25,>30 years,Gas,119.0,4,113200.0,NW,Paid Social,4,363000.0,Tue,19791.0,0
2024-12-02,<10 years,Oil,84.0,3,58900.0,BW,Paid Social,3,156000.0,Tue,,0
2023-12-19,>30 years,Oil,183.0,6,90900.0,BW,Organic,6,501000.0,Tue,,0
2024-03-27,>30 years,Electric,100.0,3,95500.0,BY,Paid Social,6,290000.0,Tue,10234.0,0
2023-03-23,<10 years,Gas,136.0,5,48400.0,HE,Display,1,308000.0,Mon,5668.0,0
2024-02-13,10-30 years,Gas,113.0,3,57700.0,NW,Paid Social,2,257000.0,Fri,18913.0,0
2023-10-19,10-30 years,Oil,112.0,4,76800.0,BE,Referral,3,326000.0,Wed,,0
2023-04-18,10-30 years,Gas,164.0,6,60000.0,BE,Organic,1,360000.0,Thu,,0
2023-11-02,>30 years,Gas,124.0,4,36200.0,HE,Referral,4,277000.0,Thu,5505.0,0
2023-09-20,>30 years,Oil,141.0,6,63100.0,BY,Organic,3,388000.0,Fri,12554.0,0
2024-03-06,10-30 years,District,78.0,3,74300.0,HE,Paid Social,2,174000.0,Tue,,0
2023-02-08,>30 years,Gas,220.0,8,51300.0,HE,Organic,7,527000.0,Sat,18231.0,0
2023-12-17,>30 years,Electric,164.0,6,36000.0,HE,Display,2,426000.0,Fri,10426.0,0
2024-02-24,10-30 years,Electric,206.0,7,123000.0,BY,Paid Social,5,491000.0,Thu,22282.0,0
2024-10-27,<10 years,Gas,201.0,7,74600.0,Other,Paid Social,1,412000.0,Mon,12957.0,0
2023-06-26,10-30 years,Electric,198.0,7,95200.0,Other,Organic,2,379000.0,Fri,10727.0,0
2024-05-06,>30 years,Oil,140.0,4,64900.0,Other,Paid Social,2,350000.0,Wed,,0
2023-08-02,<10 years,District,152.0,7,61400.0,BY,Display,5,420000.0,Wed,17377.0,0
2023-11-18,>30 years,Gas,110.0,4,98000.0,Other,Comparison Site,2,201000.0,Thu,10658.0,0
2023-10-17,>30 years,Gas,154.0,7,57400.0,BW,Organic,4,363000.0,Thu,17724.0,0
2024-05-03,<10 years,Gas,100.0,4,54000.0,Other,Paid Social,1,220000.0,Sun,19407.0,0
2023-07-05,10-30 years,Gas,207.0,8,90600.0,BY,Referral,1,494000.0,Tue,20647.0,0
2023-12-26,10-30 years,Gas,186.0,6,102600.0,NW,Display,3,543000.0,Fri,,0
2023-10-15,10-30 years,Gas,175.0,7,49300.0,HE,Display,2,388000.0,Fri,10286.0,0
2023-09-07,10-30 years,Gas,128.0,5,84000.0,NW,Referral,4,366000.0,Fri,12717.0,0
2024-10-03,>30 years,Gas,197.0,7,35500.0,BY,Display,1,556000.0,Fri,13889.0,0
2024-02-04,10-30 years,Gas,87.0,3,57100.0,Other,Comparison Site,2,275000.0,Sun,12631.0,0
2023-09-12,>30 years,Oil,146.0,6,73800.0,Other,Display,2,446000.0,Fri,13803.0,0
2024-01-17,10-30 years,Gas,156.0,6,47400.0,NW,Organic,3,339000.0,Sun,22437.0,0
2024-12-02,10-30 years,Gas,215.0,7,75500.0,BY,Referral,2,600000.0,Mon,19170.0,0
2024-12-03,>30 years,Oil,98.0,5,71000.0,BE,Organic,5,189000.0,Sat,16915.0,0
2023-08-11,10-30 years,Gas,204.0,7,75100.0,Other,Paid Social,3,598000.0,Tue,16585.0,0
2023-07-05,10-30 years,Gas,196.0,4,87400.0,Other,Paid Social,7,600000.0,Thu,,0
2023-08-13,10-30 years,Gas,198.0,8,57000.0,HE,Organic,6,455000.0,Thu,18123.0,0
2023-10-01,>30 years,Electric,127.0,5,41300.0,BW,Organic,3,308000.0,Sun,19694.0,1
2023-01-13,10-30 years,Electric,168.0,6,48000.0,Other,Organic,2,456000.0,Wed,9999.0,0
2023-01-04,10-30 years,Gas,186.0,5,51300.0,Other,Display,2,442000.0,Fri,15283.0,0
2023-08-10,>30 years,Oil,162.0,8,140600.0,BY,Organic,1,426000.0,Sun,6809.0,0
2024-03-25,<10 years,Gas,164.0,4,34100.0,BE,Comparison Site,5,374000.0,Sun,,0
2023-02-10,10-30 years,Gas,169.0,5,42500.0,NW,Organic,5,523000.0,Thu,,0
2023-09-19,10-30 years,Gas,125.0,3,42700.0,BY,Display,3,243000.0,Tue,13913.0,0
2023-11-03,<10 years,Electric,124.0,4,112400.0,BW,Display,4,263000.0,Wed,16968.0,0
2024-12-26,10-30 years,Gas,181.0,8,66300.0,NW,Organic,5,445000.0,Tue,15526.0,0
2024-01-07,<10 years,Oil,126.0,3,38600.0,BY,Display,6,377000.0,Thu,16168.0,0
2023-08-11,>30 years,District,163.0,7,62000.0,BW,Display,1,449000.0,Wed,6502.0,0
2024-01-08,>30 years,Gas,99.0,4,52700.0,HE,Display,2,214000.0,Mon,21701.0,0
2023-11-18,<10 years,District,141.0,4,51100.0,BY,Referral,4,334000.0,Wed,22741.0,0
2024-10-04,<10 years,District,210.0,8,76500.0,HE,Organic,4,516000.0,Thu,7766.0,0
2024-10-11,>30 years,Oil,159.0,5,50300.0,NW,Referral,6,449000.0,Fri,11654.0,0
2023-12-15,10-30 years,Gas,198.0,8,76300.0,NW,Organic,2,487000.0,Mon,19735.0,0
2024-03-17,10-30 years,Oil,217.0,8,77700.0,NW,Organic,4,660000.0,Sun,8819.0,1
2024-04-24,10-30 years,District,186.0,8,41800.0,HE,Comparison Site,1,469000.0,Sat,26997.0,0
2024-07-03,<10 years,Oil,168.0,7,48800.0,Other,Display,4,444000.0,Mon,24513.0,0
2024-07-10,10-30 years,Gas,146.0,4,58700.0,BE,Display,4,310000.0,Tue,23245.0,0
2024-03-14,10-30 years,Electric,141.0,5,144200.0,BW,Paid Social,8,331000.0,Tue,,0
2023-07-15,10-30 years,District,137.0,5,58700.0,HE,Referral,4,368000.0,Mon,16573.0,0
2023-01-10,>30 years,Gas,194.0,6,67800.0,Other,Display,9,554000.0,Mon,7004.0,0
2023-05-24,10-30 years,Oil,159.0,5,55000.0,NW,Paid Social,6,423000.0,Fri,23997.0,0
2024-05-23,10-30 years,Oil,184.0,5,46600.0,HE,Paid Social,5,608000.0,Fri,,0
2024-04-22,10-30 years,Gas,216.0,8,44900.0,BW,Paid Social,2,550000.0,Thu,10753.0,0
2023-09-27,10-30 years,Gas,227.0,8,66400.0,Other,Paid Social,4,526000.0,Sat,11598.0,0
2024-10-08,<10 years,Gas,178.0,6,75100.0,BY,Display,3,476000.0,Fri,5000.0,0
2024-09-18,10-30 years,Oil,178.0,6,30000.0,Other,Referral,4,295000.0,Thu,22131.0,0
2023-06-20,10-30 years,Oil,142.0,5,68700.0,BY,Comparison Site,4,352000.0,Sat,16026.0,1
2024-08-05,>30 years,Gas,188.0,5,72300.0,Other,Paid Social,5,497000.0,Sun,,0
2023-01-10,10-30 years,Gas,116.0,3,106200.0,HE,Display,4,286000.0,Fri,16512.0,0
2024-02-17,10-30 years,Gas,154.0,6,90100.0,BY,Display,6,328000.0,Tue,18829.0,0
2023-06-28,10-30 years,Oil,109.0,3,49100.0,NW,Organic,4,290000.0,Sat,16607.0,0
2024-10-28,>30 years,Gas,98.0,3,40000.0,Other,Paid Social,3,225000.0,Thu,15439.0,0
2023-03-11,>30 years,Gas,163.0,7,47300.0,Other,Referral,3,382000.0,Wed,13922.0,0
2023-11-10,10-30 years,District,111.0,4,71100.0,Other,Referral,1,289000.0,Sat,8135.0,0
2024-12-06,10-30 years,Oil,129.0,5,52300.0,Other,Referral,5,327000.0,Fri,,0
2024-10-22,10-30 years,Oil,167.0,6,73400.0,BW,Organic,2,329000.0,Thu,5326.0,0
2024-09-02,10-30 years,Gas,188.0,8,124200.0,NW,Comparison Site,3,415000.0,Sun,13762.0,0
2023-08-23,>30 years,Gas,229.0,8,88200.0,Other,Display,1,565000.0,Thu,6237.0,0
2023-08-07,>30 years,Gas,74.0,2,69600.0,BW,Paid Social,4,248000.0,Thu,,0
2023-10-10,10-30 years,Oil,116.0,4,59500.0,BE,Display,6,330000.0,Thu,30010.0,0
2023-01-11,10-30 years,Gas,75.0,4,57100.0,HE,Organic,3,208000.0,Thu,13632.0,0
2024-01-08,<10 years,Gas,99.0,4,82900.0,Other,Organic,2,189000.0,Sat,10175.0,0
2023-11-06,<10 years,Oil,171.0,7,60200.0,BY,Comparison Site,4,342000.0,Sat,18066.0,0
2023-03-08,10-30 years,Gas,149.0,7,74200.0,Other,Organic,5,387000.0,Sat,17277.0,0
2024-03-10,10-30 years,Gas,86.0,2,44900.0,BY,Paid Social,5,170000.0,Sun,16932.0,0
2023-09-16,>30 years,Electric,163.0,8,60700.0,Other,Organic,2,371000.0,Fri,14830.0,0
2023-12-12,10-30 years,Gas,212.0,8,61200.0,HE,Paid Social,4,534000.0,Sun,8538.0,0
2023-12-05,>30 years,District,108.0,5,72300.0,BY,Referral,1,326000.0,Wed,9444.0,0
2023-03-25,>30 years,Electric,167.0,7,35500.0,Other,Referral,2,474000.0,Sat,11499.0,0
2023-10-21,>30 years,Gas,214.0,8,74600.0,HE,Paid Social,3,533000.0,Fri,20882.0,0
2024-10-17,10-30 years,District,115.0,4,62000.0,NW,Organic,4,194000.0,Wed,,0
2024-06-09,10-30 years,Electric,147.0,5,31600.0,NW,Organic,2,288000.0,Sun,18798.0,0
2023-06-03,10-30 years,District,91.0,4,94400.0,NW,Referral,1,250000.0,Sat,,0
2024-07-10,>30 years,Oil,204.0,8,38700.0,BE,Paid Social,1,481000.0,Thu,14763.0,0
2023-02-26,>30 years,District,167.0,6,52900.0,BY,Referral,1,456000.0,Thu,,0
2023-06-03,10-30 years,Oil,126.0,6,30000.0,HE,Organic,1,263000.0,Thu,12576.0,0
2024-06-06,10-30 years,Electric,143.0,5,79300.0,Other,Organic,2,443000.0,Tue,,0
2024-11-16,10-30 years,Oil,187.0,7,64000.0,BW,Paid Social,8,460000.0,Sun,,0
2024-10-05,10-30 years,District,86.0,2,106300.0,BY,Organic,2,217000.0,Sun,,0
2024-10-01,>30 years,Oil,117.0,6,54200.0,BY,Display,5,293000.0,Sun,11097.0,0
2023-04-17,>30 years,Oil,159.0,6,73600.0,HE,Display,3,386000.0,Sun,25177.0,0
2023-01-02,>30 years,District,186.0,8,80600.0,NW,Referral,2,396000.0,Sat,12244.0,0
2023-12-02,10-30 years,Gas,168.0,7,65700.0,NW,Referral,3,420000.0,Sun,13701.0,1
2024-02-28,10-30 years,Gas,92.0,3,50800.0,NW,Organic,4,218000.0,Fri,12888.0,1
2024-04-26,10-30 years,Gas,190.0,8,41500.0,NW,Referral,2,521000.0,Wed,15500.0,0
2024-10-14,>30 years,District,197.0,7,42400.0,NW,Organic,1,457000.0,Fri,,0
2024-11-21,>30 years,Electric,190.0,7,78600.0,BE,Organic,2,426000.0,Sun,8034.0,0
2024-06-22,<10 years,Gas,151.0,6,45000.0,BE,Paid Social,1,269000.0,Thu,6335.0,0
2023-03-28,10-30 years,District,127.0,5,45900.0,BW,Organic,7,274000.0,Wed,10944.0,0
2023-10-06,<10 years,Gas,208.0,8,43100.0,BE,Organic,1,424000.0,Tue,5000.0,0
2023-07-07,>30 years,Gas,131.0,6,57900.0,BY,Paid Social,3,316000.0,Sat,12627.0,0
2024-11-20,<10 years,Oil,155.0,7,68400.0,NW,Organic,3,321000.0,Thu,5000.0,0
2023-06-17,10-30 years,Gas,187.0,6,74900.0,BY,Comparison Site,2,477000.0,Thu,11140.0,0
2024-04-27,10-30 years,Gas,201.0,8,42500.0,BW,Organic,3,521000.0,Mon,18837.0,0
2024-01-04,>30 years,Oil,121.0,6,60500.0,HE,Display,4,326000.0,Sat,6461.0,1
2024-02-16,10-30 years,Gas,202.0,8,30000.0,Other,Paid Social,1,587000.0,Fri,12908.0,0
2023-02-17,10-30 years,Electric,128.0,5,65000.0,NW,Paid Social,5,334000.0,Fri,9661.0,0
2024-01-20,10-30 years,Gas,182.0,7,48500.0,BE,Organic,4,502000.0,Sun,11863.0,0
2024-09-23,10-30 years,District,176.0,5,30000.0,NW,Organic,2,520000.0,Wed,,0
2024-01-19,>30 years,Electric,153.0,5,38000.0,BY,Paid Social,2,336000.0,Mon,17533.0,0
2023-07-25,>30 years,Oil,95.0,4,58000.0,Other,Display,4,227000.0,Sat,,0
2024-02-25,10-30 years,Gas,110.0,4,46600.0,NW,Display,3,272000.0,Thu,5000.0,0
2024-05-16,10-30 years,District,190.0,7,60900.0,BW,Referral,2,416000.0,Wed,14070.0,0
2024-07-11,<10 years,Gas,168.0,7,63200.0,NW,Paid Social,1,451000.0,Mon,24624.0,0
2023-05-23,>30 years,Gas,172.0,7,66900.0,BW,Display,3,587000.0,Wed,18177.0,0
2024-02-19,10-30 years,Gas,139.0,5,58100.0,Other,Referral,3,285000.0,Sun,12884.0,0
2023-06-24,>30 years,District,135.0,5,37500.0,NW,Referral,2,376000.0,Mon,5000.0,0
2024-04-28,10-30 years,Electric,169.0,5,79000.0,HE,Paid Social,3,392000.0,Thu,,0
2024-02-18,10-30 years,District,137.0,4,61400.0,Other,Display,6,365000.0,Sat,,0
2024-12-01,<10 years,Oil,168.0,6,33800.0,BW,Referral,5,459000.0,Thu,16000.0,0
2024-01-14,<10 years,Gas,103.0,5,44000.0,HE,Organic,3,164000.0,Thu,12155.0,0
2023-01-12,10-30 years,District,153.0,6,85800.0,HE,Comparison Site,3,314000.0,Mon,8301.0,0
2023-03-07,10-30 years,Gas,121.0,3,34300.0,NW,Display,4,315000.0,Fri,22470.0,0
2024-12-26,<10 years,Gas,159.0,6,93100.0,NW,Organic,6,410000.0,Wed,9463.0,0
2024-12-28,>30 years,Gas,106.0,5,141100.0,NW,Paid Social,5,216000.0,Tue,20608.0,0
2024-11-19,10-30 years,Gas,202.0,8,47100.0,NW,Display,8,482000.0,Tue,,0
2024-06-24,10-30 years,Electric,85.0,2,43600.0,HE,Referral,6,210000.0,Thu,17789.0,0
2024-08-24,>30 years,Gas,192.0,7,79600.0,NW,Paid Social,7,435000.0,Mon,20086.0,0
2023-12-09,>30 years,Gas,137.0,5,50800.0,BW,Paid Social,4,358000.0,Fri,23055.0,0
2024-03-18,10-30 years,Oil,175.0,7,48700.0,BW,Referral,1,433000.0,Wed,14540.0,0
2023-02-04,>30 years,Gas,169.0,6,74700.0,BY,Referral,4,448000.0,Wed,13893.0,1
2024-04-01,10-30 years,Gas,129.0,4,46600.0,BW,Display,3,317000.0,Fri,10184.0,0
2023-12-20,>30 years,District,134.0,5,53200.0,BY,Display,2,405000.0,Wed,24556.0,0
2023-05-26,10-30 years,Gas,192.0,8,51500.0,BW,Organic,2,478000.0,Sat,17926.0,1
2023-08-01,>30 years,Electric,156.0,4,59200.0,HE,Comparison Site,4,328000.0,Sun,13271.0,0
2023-02-21,10-30 years,Gas,139.0,5,32900.0,NW,Referral,2,359000.0,Mon,16265.0,0
2024-03-10,10-30 years,Gas,134.0,5,50400.0,BY,Referral,3,387000.0,Tue,12437.0,0
2023-07-16,10-30 years,Oil,141.0,5,41700.0,BW,Organic,2,374000.0,Tue,11679.0,0
2023-01-20,10-30 years,Gas,216.0,8,40200.0,BW,Comparison Site,3,560000.0,Fri,14113.0,0
2023-09-11,10-30 years,Gas,210.0,8,109100.0,BE,Paid Social,4,547000.0,Sun,17303.0,0
2024-01-19,10-30 years,Gas,218.0,7,144300.0,BY,Display,4,508000.0,Mon,15177.0,1
2024-04-24,10-30 years,Gas,216.0,8,40200.0,NW,Referral,7,538000.0,Fri,,0
2023-04-16,<10 years,Oil,122.0,6,71400.0,BW,Organic,4,246000.0,Fri,22878.0,0
2024-07-03,10-30 years,Gas,153.0,6,47800.0,HE,Paid Social,3,333000.0,Fri,21309.0,0
2023-02-02,10-30 years,Gas,126.0,4,76900.0,Other,Paid Social,7,471000.0,Thu,15100.0,0
2024-09-21,10-30 years,District,186.0,6,30000.0,NW,Referral,7,485000.0,Tue,9883.0,0
2023-09-01,10-30 years,Gas,144.0,5,46100.0,BW,Organic,5,350000.0,Fri,,0
2024-10-02,<10 years,Gas,133.0,7,56700.0,Other,Paid Social,7,414000.0,Tue,16109.0,0
2024-11-03,10-30 years,Oil,134.0,4,30000.0,HE,Paid Social,5,311000.0,Sun,27878.0,0
2023-06-22,>30 years,Electric,121.0,5,67000.0,BW,Comparison Site,4,250000.0,Thu,20046.0,0
2024-11-08,<10 years,Gas,178.0,5,31900.0,NW,Organic,3,320000.0,Mon,10496.0,0
2024-12-16,<10 years,Gas,171.0,6,81700.0,BW,Organic,5,374000.0,Fri,22642.0,0
2023-12-04,10-30 years,Gas,122.0,4,44100.0,BW,Comparison Site,2,257000.0,Sun,17354.0,0
2024-05-01,10-30 years,Gas,186.0,7,48000.0,NW,Display,7,422000.0,Wed,19883.0,0
2024-09-03,10-30 years,Gas,163.0,6,59000.0,BE,Organic,5,451000.0,Tue,26564.0,0
2024-11-17,>30 years,Gas,112.0,5,52900.0,BE,Paid Social,1,325000.0,Wed,15490.0,0
2023-11-14,>30 years,Gas,108.0,4,66900.0,Other,Comparison Site,5,302000.0,Tue,11065.0,0
2024-09-14,10-30 years,Gas,113.0,3,123900.0,BW,Referral,6,269000.0,Sat,17222.0,0
2024-07-12,10-30 years,Gas,187.0,5,94600.0,NW,Organic,5,524000.0,Wed,23446.0,0
2024-02-09,10-30 years,Oil,209.0,8,33400.0,NW,Paid Social,4,470000.0,Wed,,0
2023-02-24,10-30 years,Gas,60.0,3,43400.0,NW,Paid Social,2,149000.0,Tue,16371.0,0
2024-01-05,>30 years,Gas,102.0,2,53300.0,Other,Referral,2,219000.0,Tue,14578.0,0
2024-10-18,>30 years,Gas,202.0,8,34200.0,Other,Referral,3,450000.0,Sun,10265.0,0
2023-10-13,10-30 years,Gas,139.0,5,63500.0,HE,Organic,3,353000.0,Mon,,0
2024-12-18,10-30 years,Electric,192.0,8,105900.0,Other,Display,7,456000.0,Thu,20575.0,0
2024-08-26,10-30 years,District,153.0,6,52100.0,BW,Comparison Site,3,340000.0,Tue,12906.0,0
2023-05-02,<10 years,Gas,163.0,5,66200.0,HE,Organic,3,426000.0,Sun,,0
2023-02-10,>30 years,Gas,194.0,7,40700.0,BW,Referral,3,483000.0,Wed,16920.0,0
2023-10-02,10-30 years,Oil,149.0,6,61900.0,Other,Display,5,432000.0,Thu,5930.0,0
2023-12-18,10-30 years,Gas,116.0,3,54900.0,HE,Paid Social,3,287000.0,Fri,18068.0,0
2024-09-27,>30 years,District,173.0,7,53800.0,BW,Referral,4,456000.0,Thu,9099.0,0
2024-06-17,<10 years,Gas,134.0,6,46800.0,HE,Paid Social,1,331000.0,Sun,11327.0,0
2024-12-25,10-30 years,Oil,241.0,8,89900.0,BE,Paid Social,6,568000.0,Tue,,0
2023-02-01,<10 years,Gas,144.0,5,74700.0,BW,Paid Social,2,397000.0,Thu,19881.0,0
2023-12-09,10-30 years,Gas,171.0,5,77500.0,BY,Paid Social,2,456000.0,Thu,8860.0,0
2024-07-13,<10 years,Gas,187.0,8,54300.0,NW,Organic,4,466000.0,Thu,9550.0,0
2024-08-11,10-30 years,Oil,198.0,8,58100.0,NW,Organic,3,532000.0,Tue,18304.0,0
2024-06-26,>30 years,Electric,197.0,8,44700.0,HE,Display,2,470000.0,Tue,,0
2023-11-17,10-30 years,District,197.0,8,47800.0,BW,Paid Social,4,511000.0,Tue,19121.0,0
2023-04-05,10-30 years,Gas,146.0,8,50200.0,BE,Paid Social,7,423000.0,Sat,9232.0,0
2024-10-06,>30 years,Oil,182.0,8,46000.0,NW,Organic,3,367000.0,Fri,,0
2023-10-10,10-30 years,Gas,75.0,2,51300.0,BE,Display,4,191000.0,Sun,17096.0,0
2023-03-26,>30 years,Oil,176.0,6,116000.0,Other,Paid Social,6,465000.0,Tue,20785.0,0
2024-02-24,10-30 years,Gas,178.0,5,74600.0,BE,Display,1,436000.0,Fri,10861.0,0
2024-12-17,10-30 years,Oil,184.0,6,65100.0,BE,Display,2,474000.0,Fri,,0
2024-09-05,<10 years,Electric,186.0,5,40600.0,HE,Organic,3,475000.0,Sat,15556.0,0
2024-01-04,<10 years,Electric,186.0,7,40000.0,BW,Paid Social,1,492000.0,Mon,18158.0,0
2024-09-15,>30 years,Gas,137.0,4,33700.0,Other,Display,2,339000.0,Thu,7021.0,0
2023-12-23,<10 years,Gas,140.0,5,102300.0,Other,Display,5,382000.0,Thu,16894.0,0
2024-11-19,10-30 years,Electric,178.0,7,65500.0,BY,Paid Social,9,415000.0,Sun,19772.0,0
2023-12-01,10-30 years,District,80.0,2,50100.0,BY,Referral,4,193000.0,Wed,13339.0,0
2024-01-03,10-30 years,Gas,92.0,4,61900.0,BW,Display,5,199000.0,Wed,,0
2024-11-14,>30 years,District,127.0,5,75300.0,NW,Comparison Site,3,247000.0,Sat,17310.0,0
2023-01-24,>30 years,District,134.0,5,35800.0,Other,Paid Social,4,316000.0,Sun,19314.0,0
2024-10-08,10-30 years,Gas,162.0,6,67900.0,BW,Paid Social,5,299000.0,Sun,13728.0,0
2024-04-09,<10 years,Oil,234.0,8,57500.0,HE,Comparison Site,1,637000.0,Mon,8167.0,0
2023-10-05,10-30 years,Oil,132.0,5,52800.0,BY,Paid Social,3,362000.0,Mon,11180.0,0
2024-11-07,10-30 years,Oil,169.0,6,64300.0,Other,Display,2,357000.0,Thu,20008.0,0
2024-12-25,10-30 years,Gas,85.0,2,89900.0,HE,Referral,2,223000.0,Tue,18133.0,0
2023-11-17,10-30 years,Gas,132.0,6,146400.0,Other,Paid Social,3,408000.0,Wed,13797.0,0
2023-11-26,>30 years,Gas,178.0,7,79600.0,Other,Paid Social,6,481000.0,Sat,6824.0,0
2024-09-01,10-30 years,Oil,135.0,5,30000.0,HE,Organic,5,363000.0,Sat,12269.0,0
2024-01-04,<10 years,District,126.0,5,68600.0,BY,Comparison Site,3,315000.0,Tue,8505.0,0
2024-11-04,10-30 years,Oil,67.0,3,58300.0,NW,Comparison Site,2,210000.0,Wed,20631.0,0
2023-11-03,>30 years,Gas,120.0,3,90800.0,HE,Paid Social,5,367000.0,Thu,16103.0,0
2024-10-18,10-30 years,District,196.0,7,67900.0,BE,Paid Social,3,546000.0,Mon,11191.0,0
2023-01-12,10-30 years,Gas,133.0,5,64700.0,BW,Organic,3,393000.0,Mon,5000.0,0
2023-01-23,10-30 years,Electric,154.0,5,59700.0,NW,Paid Social,7,443000.0,Tue,14310.0,0
2023-05-13,10-30 years,Oil,120.0,5,56100.0,HE,Referral,2,219000.0,Sat,10554.0,0
2023-01-08,10-30 years,Oil,138.0,6,61300.0,NW,Referral,5,374000.0,Sun,17185.0,0
2024-10-13,>30 years,Oil,198.0,8,162800.0,HE,Organic,5,518000.0,Thu,23512.0,0
2023-10-03,>30 years,Gas,132.0,5,50800.0,BY,Paid Social,3,312000.0,Tue,,0
2023-05-14,10-30 years,Oil,121.0,3,44200.0,BW,Referral,2,267000.0,Fri,19723.0,0
2024-12-16,>30 years,Gas,199.0,8,59300.0,NW,Referral,7,432000.0,Thu,25131.0,0
2024-01-10,10-30 years,Oil,149.0,4,30000.0,HE,Comparison Site,1,391000.0,Wed,18172.0,0
2023-12-06,>30 years,Gas,138.0,4,32400.0,BW,Organic,5,334000.0,Sun,10879.0,0
2024-03-25,10-30 years,Oil,157.0,6,35800.0,HE,Paid Social,2,417000.0,Thu,,0
2024-12-23,10-30 years,District,193.0,6,41500.0,NW,Comparison Site,1,433000.0,Wed,15903.0,0
2023-06-16,<10 years,Gas,155.0,6,200000.0,Other,Organic,1,339000.0,Mon,,0
2023-06-09,10-30 years,Oil,122.0,4,40100.0,Other,Paid Social,3,337000.0,Tue,17356.0,0
2024-07-16,10-30 years,Electric,155.0,7,57800.0,BY,Organic,5,360000.0,Fri,22656.0,0
2024-06-02,10-30 years,Gas,87.0,5,45400.0,Other,Paid Social,2,299000.0,Fri,5613.0,0
2024-01-14,10-30 years,Electric,113.0,5,61400.0,BY,Paid Social,7,265000.0,Sun,15253.0,0
2023-02-05,10-30 years,Gas,163.0,7,109700.0,BW,Referral,6,319000.0,Mon,,1
2023-02-14,>30 years,Oil,151.0,7,105900.0,BW,Paid Social,4,302000.0,Sun,8784.0,0
2024-04-02,<10 years,District,166.0,8,46800.0,Other,Organic,2,482000.0,Mon,,0
2024-01-28,10-30 years,District,167.0,5,50900.0,NW,Referral,4,395000.0,Wed,,0
2023-01-07,<10 years,Gas,183.0,7,76900.0,Other,Display,1,574000.0,Fri,15733.0,0
2023-03-16,<10 years,Gas,154.0,6,78900.0,HE,Organic,2,348000.0,Wed,6756.0,0
2023-08-18,10-30 years,District,191.0,8,58000.0,BY,Display,4,480000.0,Wed,,0
2023-02-26,>30 years,Electric,168.0,6,77600.0,NW,Paid Social,7,538000.0,Wed,,0
2024-01-06,10-30 years,Oil,171.0,7,37800.0,HE,Referral,1,446000.0,Sun,28842.0,0
2024-01-18,>30 years,Gas,117.0,4,39000.0,BE,Display,2,225000.0,Fri,16776.0,0
2024-07-08,>30 years,Electric,121.0,5,49000.0,HE,Referral,3,283000.0,Fri,,0
2024-12-01,10-30 years,Gas,129.0,5,39100.0,BY,Paid Social,3,361000.0,Sun,17649.0,0
2024-09-21,10-30 years,District,226.0,8,77000.0,NW,Comparison Site,3,579000.0,Wed,9490.0,0
2023-12-11,<10 years,Gas,205.0,8,30000.0,BY,Referral,4,520000.0,Sat,17584.0,0
2024-10-25,>30 years,Oil,115.0,4,56300.0,NW,Display,4,284000.0,Wed,14565.0,0
2023-10-21,<10 years,Gas,149.0,7,53000.0,BY,Referral,6,355000.0,Tue,,1
2024-11-16,10-30 years,Gas,118.0,6,69300.0,Other,Paid Social,3,288000.0,Mon,22114.0,1
2023-08-27,10-30 years,Electric,119.0,5,54000.0,Other,Comparison Site,6,343000.0,Mon,19776.0,0
2023-02-11,>30 years,Gas,190.0,7,73200.0,HE,Paid Social,3,575000.0,Tue,25580.0,0
2023-12-01,10-30 years,Electric,91.0,3,48100.0,BY,Paid Social,3,205000.0,Fri,,0
2024-03-18,<10 years,Oil,169.0,6,41600.0,HE,Referral,2,421000.0,Sun,6450.0,0
2024-12-15,10-30 years,Gas,148.0,8,45500.0,NW,Display,1,377000.0,Fri,,0
2023-12-20,>30 years,Oil,190.0,8,55400.0,BW,Referral,1,482000.0,Mon,10829.0,0
2024-07-08,10-30 years,Oil,158.0,5,46900.0,BE,Referral,5,484000.0,Tue,18476.0,0
2023-02-16,>30 years,Gas,210.0,8,44700.0,BY,Display,4,454000.0,Thu,,0
2023-01-14,>30 years,Gas,152.0,6,30000.0,BY,Referral,3,343000.0,Tue,21713.0,0
2024-11-22,10-30 years,Gas,188.0,6,93600.0,BE,Display,4,414000.0,Fri,19666.0,0
2023-12-06,10-30 years,Gas,159.0,8,65600.0,Other,Display,2,378000.0,Fri,16041.0,0
2023-09-24,<10 years,Gas,153.0,8,48400.0,BY,Referral,4,387000.0,Sat,11154.0,0
2023-02-26,>30 years,District,199.0,8,100800.0,Other,Paid Social,4,426000.0,Sun,17750.0,0
2023-02-06,>30 years,Oil,153.0,6,35500.0,Other,Paid Social,1,327000.0,Wed,15033.0,0
2024-12-27,10-30 years,Gas,157.0,7,46100.0,BY,Paid Social,2,313000.0,Tue,20561.0,0
2024-02-15,10-30 years,Electric,122.0,3,68400.0,Other,Referral,2,375000.0,Thu,12092.0,0
2024-09-13,>30 years,Electric,152.0,5,52200.0,BY,Organic,3,315000.0,Wed,9952.0,0
2023-02-07,10-30 years,Gas,60.0,2,59800.0,BY,Organic,1,155000.0,Mon,17153.0,0
2024-03-03,>30 years,Gas,133.0,4,44800.0,NW,Organic,4,392000.0,Sun,9611.0,0
2024-06-20,<10 years,Electric,163.0,6,34800.0,BY,Display,5,428000.0,Fri,20779.0,0
2023-03-05,>30 years,Gas,144.0,5,42700.0,HE,Organic,1,346000.0,Mon,18553.0,0
2024-12-08,10-30 years,Electric,141.0,7,72400.0,NW,Referral,2,344000.0,Wed,11949.0,0
2023-01-16,10-30 years,Gas,173.0,7,68300.0,BE,Display,5,417000.0,Sun,13238.0,0
2023-11-18,10-30 years,Oil,213.0,8,40500.0,BE,Referral,3,472000.0,Sun,9219.0,0
2023-02-07,10-30 years,Oil,134.0,6,30000.0,BW,Organic,3,334000.0,Wed,10151.0,0
2023-02-24,10-30 years,Gas,185.0,7,58800.0,BY,Organic,6,367000.0,Tue,18038.0,0
2024-08-13,>30 years,Gas,149.0,6,45900.0,Other,Organic,4,407000.0,Fri,,0
2023-06-15,10-30 years,Oil,171.0,5,56800.0,BW,Display,2,376000.0,Wed,15471.0,0
2023-02-15,10-30 years,Electric,230.0,8,73700.0,BE,Organic,4,468000.0,Sun,15896.0,0
2024-09-23,10-30 years,Oil,187.0,4,120600.0,BE,Paid Social,3,424000.0,Wed,8711.0,0
2024-10-08,>30 years,Electric,200.0,8,48300.0,BE,Referral,3,524000.0,Fri,11564.0,0
2024-04-20,<10 years,Gas,134.0,5,50800.0,BY,Paid Social,4,331000.0,Wed,15777.0,0
2024-11-18,10-30 years,Gas,146.0,6,52500.0,BY,Organic,3,392000.0,Fri,12862.0,0
2023-02-11,<10 years,Oil,107.0,4,84600.0,NW,Referral,3,283000.0,Sat,21951.0,0
2023-12-22,10-30 years,Gas,126.0,6,67200.0,BW,Display,3,316000.0,Thu,13173.0,0
2024-10-17,10-30 years,Gas,158.0,5,59500.0,Other,Organic,2,423000.0,Wed,5000.0,0
2024-03-12,>30 years,Oil,122.0,4,70900.0,BE,Paid Social,4,363000.0,Fri,8625.0,0
2023-12-05,<10 years,District,159.0,6,31200.0,Other,Paid Social,4,340000.0,Sun,,0
2023-03-07,10-30 years,Gas,132.0,6,63600.0,BW,Referral,1,298000.0,Fri,,0
2023-06-27,>30 years,Gas,156.0,5,98500.0,Other,Organic,7,447000.0,Mon,14282.0,0
2023-04-13,<10 years,Electric,177.0,7,61500.0,Other,Referral,2,430000.0,Mon,,0
2024-01-04,>30 years,Gas,174.0,7,62400.0,BW,Comparison Site,7,368000.0,Sun,19083.0,1
2024-10-19,>30 years,Gas,167.0,6,60200.0,BW,Paid Social,3,403000.0,Thu,16469.0,0
2024-11-16,>30 years,Electric,203.0,8,111200.0,Other,Organic,5,530000.0,Wed,7051.0,0
2024-11-08,10-30 years,Gas,76.0,3,129400.0,NW,Organic,3,184000.0,Fri,17456.0,0
2023-12-07,10-30 years,Gas,149.0,6,51300.0,Other,Organic,3,366000.0,Wed,22636.0,0
2023-12-13,<10 years,Gas,181.0,6,57100.0,HE,Referral,1,492000.0,Thu,,0
2024-01-03,<10 years,Gas,68.0,2,43500.0,BE,Paid Social,4,187000.0,Thu,14783.0,0
2023-02-21,<10 years,Oil,219.0,8,86800.0,NW,Referral,5,531000.0,Thu,,0
2023-10-06,>30 years,Gas,138.0,5,72400.0,NW,Comparison Site,5,281000.0,Wed,12005.0,0
2023-08-05,10-30 years,Gas,123.0,5,30000.0,Other,Paid Social,2,349000.0,Sun,23457.0,0
2023-07-27,10-30 years,Oil,181.0,7,67400.0,NW,Display,5,426000.0,Tue,31082.0,0
2024-04-03,10-30 years,District,119.0,3,49100.0,NW,Comparison Site,3,271000.0,Wed,14120.0,0
2024-08-20,10-30 years,District,204.0,8,61400.0,NW,Organic,2,492000.0,Tue,12624.0,0
2023-10-08,10-30 years,Electric,151.0,6,34400.0,BY,Referral,2,386000.0,Sun,23873.0,0
2023-02-01,>30 years,Oil,207.0,8,47300.0,Other,Organic,2,413000.0,Sun,15110.0,0
2023-07-14,10-30 years,Gas,199.0,7,42400.0,BY,Paid Social,7,523000.0,Sun,9670.0,0
2024-02-04,>30 years,Oil,155.0,5,57300.0,NW,Paid Social,4,354000.0,Mon,13218.0,0
2023-02-19,10-30 years,Gas,123.0,6,51500.0,HE,Paid Social,2,255000.0,Wed,15130.0,0
2023-02-13,>30 years,Electric,220.0,8,64200.0,NW,Referral,1,508000.0,Fri,7992.0,0
2024-12-11,<10 years,Gas,89.0,2,38700.0,NW,Organic,3,302000.0,Tue,,0
2024-08-27,<10 years,Oil,136.0,4,39800.0,BW,Paid Social,2,352000.0,Sun,16627.0,0
2024-09-14,10-30 years,Gas,185.0,7,60900.0,Other,Organic,4,473000.0,Tue,17262.0,0
2024-12-08,>30 years,Gas,91.0,3,39500.0,NW,Display,4,291000.0,Sun,16184.0,0
2023-02-10,>30 years,Oil,101.0,2,44300.0,BY,Display,3,330000.0,Fri,12494.0,0
2024-03-22,10-30 years,Oil,143.0,5,62400.0,BE,Referral,1,327000.0,Thu,25229.0,0
2024-12-17,<10 years,Gas,161.0,7,109500.0,BE,Organic,4,378000.0,Sun,20568.0,0
2023-12-19,10-30 years,District,75.0,4,40100.0,NW,Referral,3,224000.0,Sun,14342.0,0
2023-04-13,10-30 years,Gas,195.0,7,30000.0,HE,Paid Social,7,480000.0,Sat,,0
2024-06-14,10-30 years,District,144.0,5,51200.0,BE,Display,2,315000.0,Mon,,0
2023-11-09,10-30 years,Oil,178.0,6,55300.0,BW,Organic,4,542000.0,Fri,17987.0,1
2024-07-12,10-30 years,Oil,120.0,5,112600.0,NW,Paid Social,3,331000.0,Wed,22489.0,0
2023-08-23,10-30 years,District,135.0,6,70500.0,HE,Organic,5,304000.0,Tue,19213.0,0
2024-11-19,>30 years,Electric,162.0,5,61900.0,BE,Display,1,367000.0,Fri,17222.0,0
2024-12-07,10-30 years,Gas,156.0,5,68000.0,NW,Organic,1,435000.0,Thu,17101.0,0
2024-04-16,10-30 years,Gas,177.0,5,50700.0,BY,Display,3,383000.0,Sun,16372.0,0
2024-10-28,>30 years,Gas,179.0,7,37000.0,BW,Referral,4,488000.0,Fri,5786.0,0
2024-01-14,<10 years,Gas,104.0,3,99300.0,Other,Referral,4,265000.0,Thu,16681.0,0
2023-05-16,<10 years,Oil,158.0,6,49900.0,NW,Referral,4,445000.0,Sun,,0
2023-08-25,>30 years,Oil,143.0,5,92500.0,BY,Referral,2,378000.0,Thu,10076.0,0
2024-02-12,10-30 years,Gas,166.0,7,53300.0,Other,Display,1,350000.0,Fri,18621.0,0
2024-05-14,10-30 years,Oil,137.0,7,84900.0,Other,Organic,3,390000.0,Sun,,0
2023-12-03,10-30 years,Oil,152.0,6,88100.0,BE,Comparison Site,3,425000.0,Mon,17162.0,0
2024-01-11,10-30 years,Oil,228.0,8,48200.0,BW,Referral,9,563000.0,Tue,5738.0,0
2024-09-09,10-30 years,Oil,103.0,5,56500.0,NW,Display,7,283000.0,Sat,13772.0,0
2023-12-16,10-30 years,Gas,132.0,5,67800.0,Other,Paid Social,4,340000.0,Sun,11598.0,1
2024-02-26,10-30 years,Oil,60.0,3,84300.0,BW,Organic,4,53000.0,Mon,10232.0,1
2024-11-04,10-30 years,District,128.0,6,35900.0,BE,Organic,3,319000.0,Wed,20273.0,0
2024-12-14,>30 years,Gas,106.0,2,126700.0,BY,Paid Social,6,321000.0,Thu,12793.0,0
2024-10-14,>30 years,Electric,228.0,8,47200.0,BW,Comparison Site,3,499000.0,Sun,,0
2023-08-15,>30 years,Gas,137.0,5,45200.0,BE,Paid Social,3,368000.0,Mon,17237.0,0
2023-02-19,>30 years,Gas,134.0,4,105100.0,BY,Paid Social,3,384000.0,Fri,16373.0,1
2023-02-19,10-30 years,District,176.0,7,46300.0,BE,Paid Social,5,385000.0,Thu,18972.0,0
2023-01-21,>30 years,Oil,107.0,4,76900.0,NW,Organic,3,239000.0,Sat,,0
2023-05-12,10-30 years,District,181.0,7,41200.0,BY,Comparison Site,5,475000.0,Tue,17125.0,0
2023-05-02,>30 years,District,179.0,7,74500.0,Other,Organic,2,479000.0,Mon,14646.0,0
2024-01-12,10-30 years,Gas,213.0,7,45900.0,NW,Display,4,567000.0,Tue,18142.0,0
2023-01-10,>30 years,District,172.0,7,56800.0,Other,Paid Social,3,421000.0,Sat,19492.0,0
2023-03-05,<10 years,Gas,76.0,4,86200.0,Other,Organic,6,177000.0,Thu,14262.0,0
2024-05-08,10-30 years,Gas,196.0,6,35200.0,NW,Display,2,553000.0,Mon,,0
2024-11-17,>30 years,Electric,277.0,8,82600.0,BE,Display,2,626000.0,Thu,19829.0,0
2024-02-16,>30 years,Gas,149.0,5,56900.0,NW,Organic,5,337000.0,Sat,10216.0,0
2023-04-28,10-30 years,District,150.0,5,80500.0,BE,Paid Social,2,357000.0,Thu,10990.0,0
2024-11-09,10-30 years,Oil,130.0,5,30100.0,Other,Referral,6,332000.0,Thu,17785.0,0
2024-09-28,<10 years,Gas,85.0,3,59300.0,HE,Organic,3,196000.0,Tue,15587.0,0
2023-07-18,10-30 years,Gas,165.0,8,47200.0,BY,Comparison Site,3,429000.0,Sat,14396.0,0
2023-08-22,<10 years,Gas,128.0,3,45900.0,NW,Organic,2,305000.0,Sun,13457.0,0
2023-11-20,>30 years,Gas,163.0,7,38100.0,Other,Display,2,419000.0,Tue,,0
2024-05-22,10-30 years,Gas,165.0,5,58100.0,HE,Display,5,447000.0,Sun,16526.0,0
2023-05-24,>30 years,Oil,226.0,8,32400.0,Other,Organic,7,537000.0,Sat,18839.0,0
2023-01-21,10-30 years,District,134.0,7,33400.0,NW,Display,3,331000.0,Sun,16727.0,0
2024-05-25,10-30 years,Gas,100.0,3,30000.0,BY,Referral,4,306000.0,Tue,18735.0,0
2024-12-01,10-30 years,Gas,161.0,5,31100.0,HE,Organic,5,386000.0,Tue,12091.0,1
2023-01-22,10-30 years,Gas,146.0,7,43200.0,Other,Paid Social,2,408000.0,Sun,11535.0,0
2023-03-20,<10 years,Gas,225.0,8,34400.0,HE,Display,4,629000.0,Wed,9532.0,0
2024-01-20,>30 years,Gas,183.0,6,41400.0,BY,Referral,1,406000.0,Wed,19067.0,0
2024-10-18,10-30 years,Gas,145.0,5,38800.0,BY,Referral,3,376000.0,Thu,,0
2024-07-11,10-30 years,Oil,191.0,8,44500.0,NW,Organic,2,474000.0,Fri,12773.0,0
2023-01-09,<10 years,Gas,195.0,7,53300.0,Other,Display,1,455000.0,Sun,9957.0,0
2023-08-17,<10 years,Gas,112.0,2,47100.0,BY,Display,1,326000.0,Wed,8397.0,0
2023-04-17,10-30 years,District,168.0,6,72600.0,HE,Organic,1,438000.0,Mon,,0
2023-09-15,>30 years,Electric,239.0,8,40000.0,BY,Comparison Site,2,630000.0,Fri,,0
2024-11-10,10-30 years,Gas,91.0,2,81200.0,BE,Display,4,225000.0,Fri,16907.0,0
2024-07-26,<10 years,Oil,120.0,3,30000.0,NW,Comparison Site,7,334000.0,Sat,16908.0,0
2023-02-08,<10 years,Oil,142.0,7,62500.0,BY,Display,7,367000.0,Sat,,0
2024-11-25,>30 years,Oil,171.0,8,33700.0,Other,Organic,2,431000.0,Sun,,0
2024-06-24,>30 years,Electric,163.0,8,32700.0,BE,Organic,3,349000.0,Fri,12053.0,0
2023-12-17,>30 years,Gas,158.0,6,64000.0,BW,Paid Social,3,363000.0,Thu,11729.0,0
2024-02-11,<10 years,Oil,142.0,4,55400.0,NW,Paid Social,2,340000.0,Mon,12729.0,0
2023-10-19,>30 years,Electric,163.0,4,107400.0,HE,Display,3,421000.0,Wed,13623.0,0
2023-10-23,>30 years,Oil,207.0,8,43300.0,BY,Display,4,489000.0,Thu,,0
2024-12-01,>30 years,District,218.0,8,43000.0,BW,Organic,1,579000.0,Sat,,0
2023-12-13,<10 years,Gas,193.0,7,35200.0,BY,Referral,2,520000.0,Mon,,0
2024-11-04,>30 years,Electric,199.0,8,55600.0,Other,Referral,3,530000.0,Mon,13695.0,0
2023-08-09,10-30 years,District,153.0,6,87800.0,NW,Referral,3,515000.0,Tue,11114.0,0
2024-04-20,10-30 years,Oil,255.0,8,34800.0,Other,Organic,8,583000.0,Mon,23387.0,0
2023-01-03,10-30 years,Gas,92.0,4,39000.0,BE,Paid Social,3,193000.0,Sat,5329.0,0
2023-01-15,>30 years,Electric,160.0,7,55700.0,Other,Display,5,405000.0,Thu,7572.0,0
2023-02-01,>30 years,Electric,180.0,7,86700.0,Other,Paid Social,2,336000.0,Wed,,0
2024-07-04,>30 years,Gas,153.0,3,51600.0,Other,Paid Social,5,397000.0,Fri,17089.0,0
2024-01-09,10-30 years,Gas,195.0,8,79300.0,BW,Display,6,398000.0,Sun,17316.0,0
2023-12-28,10-30 years,District,144.0,3,59900.0,BY,Organic,2,275000.0,Thu,14508.0,0
2023-03-19,10-30 years,Oil,202.0,8,70900.0,Other,Organic,5,515000.0,Mon,16543.0,0
2023-02-17,10-30 years,Oil,155.0,6,53700.0,NW,Organic,3,384000.0,Thu,5000.0,0
2023-04-16,10-30 years,District,135.0,5,37100.0,BW,Organic,6,297000.0,Thu,14597.0,0
2023-02-09,>30 years,Gas,130.0,5,79600.0,Other,Comparison Site,3,307000.0,Fri,24618.0,0
2024-10-08,<10 years,Electric,162.0,6,68400.0,NW,Organic,1,403000.0,Sun,17330.0,0
2024-01-18,>30 years,Oil,126.0,4,63900.0,BW,Referral,6,276000.0,Wed,11055.0,1
2024-09-25,>30 years,District,60.0,2,39400.0,BY,Organic,3,218000.0,Tue,14706.0,0
2023-10-06,10-30 years,Gas,75.0,3,30000.0,Other,Display,2,174000.0,Tue,19961.0,0
2023-06-11,>30 years,District,130.0,4,69800.0,Other,Display,4,328000.0,Tue,,0
2023-10-19,10-30 years,Oil,136.0,6,30800.0,Other,Display,3,326000.0,Sat,,0
2023-03-16,<10 years,Gas,200.0,6,43900.0,NW,Organic,6,468000.0,Sun,,0
2024-01-10,10-30 years,Gas,164.0,5,68000.0,NW,Referral,3,408000.0,Fri,10102.0,0
2023-10-23,>30 years,Oil,155.0,6,30000.0,BW,Paid Social,5,408000.0,Mon,,0
2023-10-08,>30 years,Oil,121.0,3,59200.0,BY,Organic,3,299000.0,Sun,9493.0,0
2024-10-02,10-30 years,Electric,264.0,8,45000.0,BY,Display,2,642000.0,Fri,20372.0,0
2023-09-21,<10 years,Oil,151.0,7,51000.0,BE,Organic,5,395000.0,Fri,,0
2024-06-25,10-30 years,Electric,188.0,7,30000.0,Other,Organic,2,467000.0,Sun,10023.0,0
2024-11-08,10-30 years,Electric,151.0,6,52200.0,Other,Display,6,465000.0,Thu,14207.0,0
2023-04-22,10-30 years,Gas,174.0,5,88300.0,Other,Referral,6,387000.0,Fri,15716.0,0
2024-08-14,10-30 years,Gas,93.0,3,52500.0,NW,Referral,1,258000.0,Thu,21229.0,0
2024-09-14,>30 years,Gas,166.0,7,124900.0,NW,Paid Social,2,469000.0,Sun,13764.0,0
2024-11-21,>30 years,Gas,154.0,5,35500.0,BW,Comparison Site,3,372000.0,Thu,,0
2023-02-17,10-30 years,Gas,155.0,6,135500.0,HE,Referral,2,424000.0,Tue,13526.0,0
2024-07-17,10-30 years,Oil,194.0,6,81600.0,NW,Paid Social,6,497000.0,Mon,,0
2023-04-12,>30 years,Oil,87.0,2,112900.0,BY,Paid Social,5,318000.0,Sat,,0
2023-06-02,10-30 years,Oil,131.0,3,118000.0,Other,Paid Social,5,357000.0,Tue,12674.0,0
2023-10-05,<10 years,Gas,67.0,4,72000.0,BE,Display,2,94000.0,Mon,15156.0,0
2023-10-28,10-30 years,Gas,139.0,5,33100.0,HE,Paid Social,2,378000.0,Tue,19338.0,0
2024-11-22,>30 years,Gas,194.0,8,64100.0,BY,Organic,1,503000.0,Fri,11204.0,0
2024-10-14,<10 years,Oil,190.0,8,30000.0,HE,Display,5,531000.0,Sat,16542.0,0
2023-10-08,10-30 years,Gas,141.0,5,89100.0,BY,Display,3,409000.0,Wed,13254.0,0
2024-05-11,10-30 years,Gas,158.0,6,135700.0,BE,Comparison Site,7,385000.0,Sun,11255.0,0
2024-01-07,<10 years,Gas,135.0,4,70600.0,BY,Organic,4,306000.0,Tue,16156.0,0
2024-07-14,10-30 years,Oil,152.0,6,47100.0,BE,Paid Social,2,495000.0,Wed,13553.0,0
2024-02-24,<10 years,Oil,194.0,7,86600.0,HE,Organic,6,513000.0,Sat,7714.0,0
2024-04-19,10-30 years,Gas,219.0,8,83200.0,Other,Referral,3,588000.0,Sat,16294.0,0
2024-12-26,10-30 years,Gas,179.0,6,67000.0,NW,Paid Social,2,439000.0,Sun,15704.0,0
2023-01-04,10-30 years,Gas,147.0,6,72100.0,BY,Display,3,387000.0,Sun,15699.0,0
2024-12-20,>30 years,Gas,220.0,8,42700.0,Other,Organic,4,524000.0,Sat,,0
2024-12-21,<10 years,District,173.0,8,66200.0,HE,Display,1,398000.0,Sun,14759.0,0
2023-06-16,>30 years,Gas,139.0,5,76400.0,HE,Organic,8,347000.0,Mon,20128.0,0
2024-11-20,<10 years,Gas,145.0,4,53800.0,BW,Referral,2,328000.0,Tue,19756.0,0
2023-01-03,10-30 years,Gas,133.0,6,49000.0,NW,Display,1,307000.0,Mon,16354.0,0
2024-08-23,10-30 years,Oil,180.0,6,59300.0,BW,Organic,3,455000.0,Tue,,0
2023-02-04,10-30 years,District,163.0,6,63900.0,BY,Paid Social,3,385000.0,Wed,12678.0,0
2024-02-18,10-30 years,Gas,159.0,8,60700.0,HE,Organic,4,483000.0,Tue,,0
2023-12-12,<10 years,Oil,127.0,4,66500.0,NW,Display,1,319000.0,Tue,14964.0,0
2024-10-21,10-30 years,Gas,229.0,8,59000.0,HE,Paid Social,3,613000.0,Thu,7863.0,0
2023-04-04,<10 years,Electric,145.0,4,69400.0,Other,Comparison Site,4,325000.0,Fri,15502.0,0
2023-12-22,>30 years,Gas,196.0,8,77800.0,BY,Referral,5,508000.0,Tue,16945.0,0
2024-05-03,<10 years,Gas,110.0,5,55700.0,BE,Referral,3,229000.0,Thu,,0
2024-12-08,10-30 years,Oil,172.0,7,56800.0,HE,Organic,3,379000.0,Fri,13363.0,1
2023-03-11,10-30 years,Electric,125.0,5,52200.0,Other,Organic,7,277000.0,Wed,11952.0,0
2023-12-13,10-30 years,District,172.0,5,42700.0,BY,Paid Social,5,356000.0,Sun,22712.0,0
2024-04-21,>30 years,Oil,118.0,4,57200.0,Other,Comparison Site,5,369000.0,Thu,,0
2024-07-09,10-30 years,Gas,103.0,4,30000.0,BE,Paid Social,4,263000.0,Sat,12641.0,0
2024-02-03,<10 years,Gas,112.0,4,68000.0,BW,Organic,3,355000.0,Thu,11322.0,0
2023-05-20,>30 years,Electric,87.0,2,124500.0,BW,Organic,3,169000.0,Tue,12517.0,0
2024-04-05,<10 years,Gas,121.0,5,46700.0,Other,Organic,3,320000.0,Wed,15935.0,0
2024-12-16,10-30 years,Oil,182.0,7,98400.0,BY,Organic,4,502000.0,Fri,15641.0,0
2023-11-04,>30 years,Gas,120.0,5,61900.0,BY,Comparison Site,2,312000.0,Wed,16580.0,0
2023-12-01,10-30 years,Gas,124.0,4,37700.0,HE,Display,5,262000.0,Wed,10724.0,0
2023-07-24,10-30 years,Oil,163.0,8,38100.0,BY,Organic,1,345000.0,Sun,5000.0,0
2024-04-27,<10 years,Gas,74.0,2,67800.0,BY,Display,3,162000.0,Mon,12792.0,0
2024-08-15,>30 years,Gas,177.0,7,46600.0,HE,Comparison Site,6,400000.0,Sat,12098.0,0
2024-01-28,>30 years,Oil,147.0,4,122500.0,Other,Organic,3,430000.0,Wed,,0
2024-09-18,10-30 years,Gas,167.0,7,53500.0,BY,Display,2,400000.0,Sat,18946.0,0
2023-04-19,10-30 years,Electric,146.0,5,34100.0,BW,Organic,1,353000.0,Sat,,0
2023-02-27,10-30 years,Gas,139.0,3,52500.0,BE,Paid Social,4,351000.0,Fri,9233.0,0
2024-02-16,10-30 years,Oil,186.0,5,30000.0,HE,Organic,3,477000.0,Sun,19661.0,0
2023-03-28,<10 years,Gas,149.0,6,30000.0,NW,Organic,1,370000.0,Sun,12898.0,0
2023-05-06,10-30 years,Gas,174.0,7,57400.0,BY,Organic,3,392000.0,Sun,,0
2024-10-09,>30 years,Electric,190.0,8,55900.0,Other,Display,2,511000.0,Tue,20831.0,0
2023-11-22,10-30 years,Oil,102.0,2,72800.0,NW,Comparison Site,5,295000.0,Fri,9132.0,0
2023-11-18,<10 years,Gas,122.0,4,53100.0,HE,Organic,3,286000.0,Fri,18471.0,0
2024-04-28,>30 years,Gas,117.0,3,136700.0,NW,Organic,5,308000.0,Fri,17012.0,0
2023-10-18,10-30 years,District,136.0,5,63600.0,HE,Organic,3,292000.0,Sun,14046.0,0
2024-06-18,10-30 years,Gas,157.0,6,97400.0,Other,Comparison Site,5,487000.0,Mon,24426.0,0
2023-07-15,10-30 years,Gas,114.0,6,65600.0,NW,Organic,1,335000.0,Wed,8278.0,0
2023-05-01,10-30 years,Gas,118.0,4,77500.0,Other,Paid Social,5,332000.0,Sat,11294.0,0
2023-04-07,10-30 years,Electric,136.0,3,80500.0,HE,Organic,2,351000.0,Fri,11865.0,0
2024-11-12,10-30 years,Gas,186.0,5,83600.0,NW,Referral,8,456000.0,Sat,17365.0,0
2023-02-06,10-30 years,Gas,129.0,6,52200.0,BW,Comparison Site,4,276000.0,Thu,19408.0,0
2024-04-08,10-30 years,Gas,154.0,4,96400.0,BE,Referral,1,363000.0,Wed,,0
2023-10-21,>30 years,Electric,138.0,5,34600.0,BE,Display,1,322000.0,Thu,14909.0,0
2024-01-09,10-30 years,Gas,146.0,5,126500.0,Other,Organic,3,332000.0,Fri,14000.0,1
2024-10-12,10-30 years,Oil,123.0,4,40800.0,BE,Organic,3,342000.0,Sat,15259.0,0
2024-02-16,<10 years,Gas,60.0,2,45300.0,Other,Paid Social,3,146000.0,Tue,24188.0,0
2024-12-23,<10 years,Gas,124.0,4,33900.0,BY,Organic,4,317000.0,Mon,15785.0,0
2024-02-21,>30 years,District,159.0,5,55900.0,Other,Display,3,368000.0,Mon,,0
2023-01-17,>30 years,Electric,153.0,6,69000.0,NW,Organic,5,358000.0,Thu,6770.0,0
2024-12-13,<10 years,Gas,178.0,7,79600.0,Other,Organic,1,446000.0,Sun,15417.0,1
2023-05-21,10-30 years,Oil,91.0,3,65000.0,NW,Display,6,213000.0,Mon,9743.0,0
2023-10-07,<10 years,Electric,165.0,6,129400.0,NW,Referral,1,530000.0,Sun,20920.0,0
2023-10-04,>30 years,Oil,128.0,5,55600.0,NW,Organic,1,328000.0,Fri,12208.0,1
2024-12-13,10-30 years,Gas,119.0,3,67200.0,NW,Display,2,319000.0,Sat,,0
2024-05-03,10-30 years,Gas,171.0,6,114900.0,NW,Referral,3,434000.0,Sun,7561.0,0
2023-02-25,<10 years,Gas,182.0,6,96500.0,NW,Organic,5,428000.0,Thu,,0
2024-05-06,10-30 years,Gas,196.0,7,49600.0,HE,Organic,4,389000.0,Sun,9553.0,0
2024-08-28,10-30 years,Oil,172.0,6,40200.0,BW,Organic,1,328000.0,Fri,23539.0,0
2024-11-09,10-30 years,District,146.0,7,63300.0,HE,Organic,1,427000.0,Fri,14411.0,0
2024-10-27,10-30 years,Electric,91.0,4,51400.0,HE,Display,5,244000.0,Thu,14298.0,0
2024-11-12,10-30 years,Gas,200.0,5,79400.0,Other,Paid Social,3,485000.0,Tue,9356.0,0
2023-01-15,<10 years,Oil,159.0,5,32900.0,Other,Display,7,558000.0,Thu,22499.0,0
2024-12-27,10-30 years,Electric,113.0,3,59100.0,NW,Paid Social,5,363000.0,Fri,,0
2024-07-03,>30 years,Gas,159.0,6,38700.0,BE,Organic,4,330000.0,Sun,,0
2023-02-07,>30 years,Gas,91.0,3,59400.0,BE,Paid Social,7,231000.0,Fri,9591.0,0
2023-04-26,>30 years,Oil,204.0,8,86200.0,BY,Display,3,479000.0,Tue,17324.0,0
2024-10-15,10-30 years,Oil,134.0,4,172900.0,NW,Organic,5,397000.0,Thu,18888.0,0
2023-06-25,>30 years,Gas,106.0,5,66000.0,BW,Paid Social,2,295000.0,Wed,20962.0,0
2024-10-12,10-30 years,Gas,202.0,8,100500.0,BW,Display,3,527000.0,Sat,13799.0,0
2024-06-04,<10 years,Oil,97.0,4,42000.0,NW,Display,2,275000.0,Tue,12309.0,0
2024-09-26,10-30 years,Oil,149.0,6,30000.0,Other,Comparison Site,4,363000.0,Wed,,0
2023-11-25,<10 years,Oil,155.0,7,93600.0,BE,Organic,3,323000.0,Thu,8388.0,0
2023-04-09,<10 years,Electric,98.0,3,68700.0,Other,Paid Social,1,286000.0,Tue,12313.0,0
2023-10-20,<10 years,Gas,134.0,6,54400.0,NW,Organic,4,367000.0,Mon,12568.0,0
2023-11-25,10-30 years,Gas,74.0,3,46300.0,NW,Organic,1,190000.0,Thu,14325.0,0
2024-02-10,10-30 years,Oil,133.0,7,70200.0,BW,Organic,1,304000.0,Thu,9513.0,0
2023-08-09,10-30 years,Oil,75.0,5,30000.0,Other,Comparison Site,2,187000.0,Sun,,0
2024-04-25,10-30 years,District,186.0,8,37000.0,BY,Display,4,370000.0,Tue,24757.0,0
2023-01-28,>30 years,Oil,125.0,6,46700.0,Other,Organic,4,328000.0,Thu,5000.0,0
2023-10-17,<10 years,Oil,102.0,2,70700.0,NW,Paid Social,4,293000.0,Thu,9049.0,0
2024-10-25,10-30 years,Oil,158.0,4,71900.0,HE,Organic,1,385000.0,Sat,,0
2023-11-24,>30 years,Gas,80.0,2,78600.0,NW,Paid Social,3,143000.0,Fri,10184.0,0
2023-07-18,10-30 years,Electric,120.0,5,56900.0,BY,Display,6,325000.0,Fri,12750.0,0
2024-11-23,>30 years,Gas,179.0,7,79900.0,NW,Organic,1,438000.0,Sat,9971.0,1
2024-02-16,10-30 years,Gas,94.0,3,35800.0,NW,Organic,4,206000.0,Wed,13442.0,0
2023-12-28,10-30 years,Gas,139.0,6,49400.0,HE,Organic,4,351000.0,Thu,21733.0,1
2024-10-03,<10 years,Electric,117.0,5,40500.0,HE,Display,6,297000.0,Mon,13574.0,0
2023-01-04,>30 years,District,67.0,2,72700.0,BW,Comparison Site,4,197000.0,Thu,18206.0,0
2024-12-02,<10 years,Gas,103.0,4,48600.0,BW,Organic,2,250000.0,Sun,17765.0,0
2023-12-09,10-30 years,Oil,122.0,6,75400.0,Other,Comparison Site,6,298000.0,Thu,12585.0,0
2024-01-22,10-30 years,District,159.0,6,69800.0,NW,Paid Social,5,456000.0,Sat,19866.0,0
2024-03-07,10-30 years,Oil,205.0,8,56900.0,BW,Paid Social,3,499000.0,Mon,15299.0,0
2024-01-23,>30 years,Electric,149.0,6,43900.0,BY,Organic,4,364000.0,Sun,15960.0,1
2023-01-27,<10 years,Gas,154.0,5,66900.0,BY,Comparison Site,8,358000.0,Tue,14843.0,0
2023-12-07,10-30 years,Gas,180.0,6,57000.0,BY,Referral,5,477000.0,Sun,10571.0,1
2023-11-02,10-30 years,Gas,167.0,7,83000.0,BW,Organic,2,463000.0,Tue,22163.0,1
2023-10-22,<10 years,District,123.0,2,30000.0,BY,Referral,2,289000.0,Fri,16228.0,0
2023-06-09,>30 years,Electric,127.0,5,61400.0,Other,Display,4,300000.0,Tue,19857.0,0
2023-03-07,10-30 years,Electric,173.0,8,50200.0,HE,Organic,3,468000.0,Thu,19174.0,0
2023-03-25,10-30 years,Gas,170.0,7,46500.0,NW,Display,2,403000.0,Mon,16856.0,0
2023-12-06,>30 years,Oil,158.0,6,108100.0,Other,Display,2,432000.0,Sun,,0
2024-11-08,10-30 years,Oil,125.0,4,47900.0,Other,Display,2,339000.0,Sun,12996.0,0
2024-12-10,>30 years,Oil,215.0,8,30000.0,BW,Referral,6,613000.0,Thu,7987.0,0
2023-02-15,>30 years,Electric,118.0,5,74300.0,NW,Referral,2,400000.0,Sun,17457.0,0
2024-07-22,10-30 years,Gas,146.0,5,91300.0,Other,Comparison Site,7,300000.0,Wed,,0
2024-02-11,>30 years,Gas,206.0,7,71900.0,HE,Paid Social,1,601000.0,Mon,20356.0,0
2023-08-03,10-30 years,Gas,155.0,6,30000.0,BE,Display,3,367000.0,Sat,17491.0,0
2023-03-02,>30 years,Gas,148.0,5,58900.0,HE,Comparison Site,3,366000.0,Tue,8792.0,0
2023-12-20,10-30 years,Gas,162.0,6,41600.0,BW,Display,1,419000.0,Sat,,0
2023-07-14,>30 years,Gas,124.0,3,109800.0,Other,Paid Social,2,328000.0,Fri,17063.0,0
2023-02-01,10-30 years,Gas,146.0,6,50700.0,BY,Paid Social,3,322000.0,Sat,,0
2023-05-03,>30 years,Electric,180.0,7,68300.0,BW,Display,3,443000.0,Wed,15184.0,0
2024-08-11,>30 years,Oil,188.0,7,66600.0,NW,Paid Social,3,505000.0,Sat,18016.0,0
2023-01-05,10-30 years,Gas,214.0,8,84500.0,BE,Organic,2,624000.0,Thu,17197.0,0
2023-02-24,10-30 years,Gas,120.0,5,108300.0,Other,Comparison Site,4,297000.0,Thu,18229.0,0
2024-07-24,>30 years,Oil,203.0,8,57400.0,BE,Paid Social,3,514000.0,Thu,16443.0,0
2024-01-17,10-30 years,Gas,174.0,7,37500.0,NW,Paid Social,2,463000.0,Sat,13797.0,0
2023-01-24,<10 years,Gas,193.0,6,114500.0,BE,Paid Social,1,428000.0,Wed,,0
2024-08-02,10-30 years,Oil,97.0,4,49400.0,Other,Comparison Site,4,311000.0,Wed,12341.0,0
2024-07-27,10-30 years,Gas,120.0,4,77400.0,Other,Organic,2,290000.0,Sat,15006.0,0
2024-03-25,10-30 years,Gas,159.0,5,51200.0,BW,Paid Social,1,468000.0,Sun,9128.0,0
2023-07-26,10-30 years,Gas,178.0,8,57800.0,BW,Paid Social,4,364000.0,Sun,16580.0,0
2024-06-23,<10 years,Gas,133.0,6,32600.0,NW,Paid Social,5,373000.0,Mon,11605.0,0
2023-04-17,10-30 years,Electric,135.0,4,56100.0,NW,Comparison Site,2,231000.0,Thu,11609.0,0
2024-06-08,10-30 years,Gas,108.0,4,72000.0,Other,Organic,3,239000.0,Fri,12846.0,0
2023-12-24,10-30 years,Electric,130.0,4,42000.0,HE,Display,5,303000.0,Tue,,0
2023-01-25,10-30 years,Gas,135.0,4,98000.0,BW,Display,2,304000.0,Wed,22203.0,0
2023-10-26,10-30 years,Electric,135.0,5,110800.0,HE,Organic,2,328000.0,Sun,13544.0,0
2024-03-05,10-30 years,District,114.0,4,61800.0,BY,Paid Social,6,286000.0,Tue,11242.0,0
2023-11-13,>30 years,Gas,227.0,8,70200.0,NW,Paid Social,3,589000.0,Mon,16879.0,0
2023-03-27,10-30 years,Gas,191.0,7,69300.0,BW,Organic,6,434000.0,Fri,17857.0,1
2024-09-12,<10 years,Gas,177.0,6,50000.0,BW,Paid Social,6,477000.0,Wed,17293.0,0
2023-01-25,10-30 years,Gas,196.0,6,45200.0,Other,Organic,1,489000.0,Sat,14006.0,0
2023-11-12,>30 years,Gas,173.0,8,43600.0,BE,Organic,4,456000.0,Mon,11609.0,0
2023-04-24,<10 years,Electric,239.0,8,37000.0,BE,Referral,3,650000.0,Tue,9355.0,0
2024-05-11,>30 years,District,118.0,5,47300.0,BE,Comparison Site,3,380000.0,Mon,20409.0,0
2023-12-02,10-30 years,Gas,60.0,2,89700.0,HE,Paid Social,8,157000.0,Fri,16356.0,0
2024-01-13,10-30 years,Oil,115.0,5,49400.0,NW,Organic,1,321000.0,Thu,10906.0,0
2023-06-17,>30 years,Oil,75.0,4,74100.0,NW,Referral,2,239000.0,Tue,16894.0,0
2023-12-24,10-30 years,Gas,101.0,4,72500.0,Other,Referral,4,252000.0,Thu,14400.0,0
2023-01-13,>30 years,Oil,126.0,2,62500.0,NW,Paid Social,1,333000.0,Mon,12831.0,0
2023-11-22,>30 years,Oil,144.0,7,67100.0,BY,Display,3,348000.0,Sat,17573.0,0
2024-06-08,>30 years,Electric,193.0,7,37300.0,BW,Comparison Site,4,565000.0,Fri,,0
2023-01-07,>30 years,Gas,217.0,8,62200.0,BY,Comparison Site,4,543000.0,Thu,18376.0,0
2024-06-03,10-30 years,Gas,162.0,5,47200.0,BW,Paid Social,3,438000.0,Thu,,0
2023-09-13,10-30 years,Oil,101.0,3,97300.0,BE,Paid Social,7,274000.0,Fri,11698.0,0
2023-01-25,10-30 years,Gas,130.0,6,71800.0,BY,Referral,2,295000.0,Tue,13364.0,0
2023-06-08,>30 years,Electric,138.0,5,82300.0,NW,Display,7,274000.0,Mon,17640.0,0
2023-07-17,10-30 years,Gas,133.0,5,56200.0,BW,Referral,5,327000.0,Sat,22863.0,1
2023-09-25,<10 years,Gas,96.0,3,44400.0,NW,Display,1,201000.0,Thu,,0
2023-01-11,>30 years,Gas,201.0,6,54400.0,Other,Paid Social,3,485000.0,Mon,19230.0,0
2023-10-14,10-30 years,Gas,88.0,6,32300.0,NW,Organic,4,281000.0,Wed,18557.0,0
2024-01-17,10-30 years,Gas,129.0,6,41700.0,Other,Comparison Site,3,363000.0,Wed,14087.0,0
2024-09-15,>30 years,District,155.0,7,34400.0,HE,Organic,1,408000.0,Sun,,0
2023-06-03,10-30 years,Gas,157.0,7,54200.0,NW,Paid Social,1,384000.0,Sun,,0
2024-12-15,10-30 years,Gas,134.0,4,84400.0,Other,Paid Social,4,308000.0,Thu,16893.0,0
2023-10-11,10-30 years,Oil,162.0,6,53400.0,HE,Referral,2,339000.0,Tue,21400.0,0
2023-01-20,10-30 years,Gas,107.0,4,38300.0,Other,Display,6,273000.0,Wed,14690.0,0
2024-01-03,<10 years,Gas,146.0,5,75000.0,BW,Organic,2,383000.0,Tue,5000.0,1
2024-08-26,10-30 years,Oil,98.0,4,30000.0,BY,Organic,7,227000.0,Fri,6177.0,0
2023-02-04,<10 years,Gas,115.0,4,37000.0,NW,Comparison Site,4,255000.0,Wed,24419.0,0
2023-03-23,10-30 years,Gas,189.0,7,66900.0,Other,Organic,2,572000.0,Tue,17172.0,0
2023-04-01,10-30 years,Oil,141.0,3,93600.0,Other,Referral,2,409000.0,Wed,14253.0,0
2024-08-16,10-30 years,Gas,143.0,6,55300.0,Other,Organic,3,359000.0,Sun,,0
2023-01-22,10-30 years,District,130.0,4,30000.0,Other,Organic,2,318000.0,Thu,17119.0,0
2024-03-20,10-30 years,Gas,123.0,5,62500.0,NW,Organic,10,258000.0,Sat,15398.0,0
2024-11-14,10-30 years,Electric,151.0,6,127000.0,HE,Display,4,311000.0,Mon,14893.0,0
2023-11-03,10-30 years,Oil,240.0,8,89400.0,BW,Referral,3,667000.0,Thu,21848.0,0
2023-12-12,>30 years,Gas,93.0,4,48100.0,NW,Display,1,335000.0,Tue,,0
2024-01-20,>30 years,Gas,111.0,3,52700.0,BW,Referral,4,280000.0,Sat,14223.0,0
2023-12-16,10-30 years,Electric,112.0,4,74900.0,BW,Comparison Site,1,215000.0,Wed,14283.0,0
2023-04-16,>30 years,Oil,61.0,4,73800.0,HE,Organic,4,211000.0,Fri,10622.0,0
2023-07-04,10-30 years,Gas,145.0,5,30500.0,Other,Display,4,427000.0,Fri,13021.0,0
2024-12-04,>30 years,Gas,141.0,4,61900.0,Other,Paid Social,3,364000.0,Mon,14949.0,0
2023-11-01,10-30 years,District,125.0,3,102600.0,BE,Display,6,289000.0,Sun,18936.0,0
2024-02-22,>30 years,Gas,176.0,5,56500.0,BE,Organic,3,371000.0,Thu,,0
2023-10-06,10-30 years,Gas,132.0,3,52800.0,NW,Organic,2,262000.0,Tue,15031.0,0
2023-08-22,10-30 years,District,143.0,4,119600.0,HE,Display,3,300000.0,Sat,12713.0,0
2024-09-24,10-30 years,Gas,156.0,6,60400.0,HE,Referral,1,337000.0,Fri,5518.0,0
2023-02-19,10-30 years,Gas,135.0,6,80200.0,BW,Paid Social,7,330000.0,Thu,19736.0,0
2024-05-20,>30 years,Oil,218.0,7,82400.0,BW,Organic,1,517000.0,Thu,16470.0,0
2024-10-21,10-30 years,Electric,134.0,5,65600.0,BW,Display,4,397000.0,Sat,,0
2023-11-11,10-30 years,Gas,176.0,7,43600.0,Other,Organic,3,505000.0,Fri,,0
2024-08-21,10-30 years,Electric,147.0,5,30000.0,HE,Display,1,318000.0,Sun,,0
2023-01-16,10-30 years,District,149.0,7,45100.0,HE,Referral,5,336000.0,Fri,21295.0,0
2024-01-01,<10 years,Gas,185.0,7,49800.0,NW,Organic,1,458000.0,Fri,13906.0,0
2024-11-22,>30 years,Gas,138.0,4,91700.0,Other,Paid Social,4,290000.0,Sun,5000.0,0
2024-02-02,>30 years,Electric,148.0,5,75200.0,Other,Organic,3,442000.0,Thu,,0
2023-12-20,10-30 years,Gas,160.0,6,41400.0,BY,Referral,1,378000.0,Thu,15815.0,0
2023-12-23,>30 years,Gas,126.0,5,50700.0,NW,Referral,6,323000.0,Mon,,0
2023-04-28,>30 years,Oil,170.0,6,44700.0,NW,Comparison Site,5,442000.0,Wed,25626.0,0
2024-01-06,10-30 years,Electric,210.0,6,38200.0,Other,Organic,4,513000.0,Sat,17641.0,0
2024-09-23,>30 years,Oil,116.0,4,55900.0,HE,Display,2,282000.0,Sat,,0
2024-10-21,10-30 years,Oil,124.0,5,86100.0,HE,Referral,3,350000.0,Wed,,0
2023-12-08,>30 years,Gas,108.0,5,34700.0,NW,Paid Social,4,159000.0,Thu,16618.0,0
2024-12-18,<10 years,Oil,222.0,8,96100.0,Other,Paid Social,5,562000.0,Tue,,0
2024-10-20,>30 years,Gas,174.0,4,64800.0,BY,Display,1,472000.0,Wed,11878.0,0
2023-05-08,>30 years,Gas,99.0,4,63500.0,NW,Paid Social,5,136000.0,Tue,18413.0,0
2023-04-27,10-30 years,Gas,90.0,5,54000.0,BY,Paid Social,2,311000.0,Sun,,0
2023-08-04,10-30 years,Oil,175.0,7,62100.0,HE,Display,3,435000.0,Thu,8311.0,0
2023-04-09,>30 years,Gas,243.0,8,58300.0,HE,Paid Social,1,574000.0,Sun,22138.0,0
2023-07-11,>30 years,Oil,148.0,5,62100.0,BW,Referral,3,449000.0,Wed,9884.0,0
2024-06-16,<10 years,Electric,91.0,4,48500.0,Other,Display,5,188000.0,Sat,14756.0,0
2023-12-15,>30 years,Gas,84.0,4,77400.0,BW,Comparison Site,3,223000.0,Sat,15755.0,0
2024-08-27,10-30 years,Gas,136.0,7,30000.0,BY,Paid Social,6,365000.0,Sat,19593.0,0
2023-06-04,>30 years,Gas,94.0,3,81700.0,BY,Display,6,252000.0,Wed,21189.0,0
2023-10-13,10-30 years,District,140.0,4,75100.0,Other,Organic,5,428000.0,Wed,16916.0,0
2023-09-28,<10 years,Electric,171.0,6,73500.0,BY,Referral,3,418000.0,Thu,,0
2023-01-18,10-30 years,Gas,161.0,7,70700.0,BY,Display,4,302000.0,Mon,11402.0,0
2024-03-24,10-30 years,District,168.0,5,67100.0,BE,Paid Social,4,403000.0,Thu,9279.0,0
2023-06-21,>30 years,Gas,160.0,6,80900.0,Other,Comparison Site,2,341000.0,Thu,19973.0,0
2024-02-13,<10 years,Oil,179.0,5,69600.0,BE,Paid Social,1,399000.0,Thu,19159.0,0
2024-09-22,>30 years,Oil,140.0,6,51700.0,HE,Organic,6,421000.0,Thu,5000.0,1
2024-12-18,>30 years,Gas,154.0,5,46300.0,BE,Organic,5,434000.0,Tue,,0
2024-01-02,>30 years,Gas,202.0,8,58600.0,HE,Comparison Site,1,491000.0,Sun,,0
2023-02-07,10-30 years,Electric,182.0,7,105400.0,NW,Organic,3,444000.0,Mon,15446.0,0
2024-11-07,10-30 years,Gas,100.0,4,81900.0,BE,Comparison Site,3,252000.0,Sun,18236.0,0
2023-09-17,<10 years,Gas,118.0,6,72900.0,BE,Display,4,292000.0,Fri,9333.0,0
2024-08-14,10-30 years,Oil,99.0,3,30000.0,HE,Organic,5,230000.0,Thu,,0
2024-01-13,>30 years,Gas,142.0,5,31300.0,HE,Organic,5,299000.0,Sat,20242.0,0
2023-08-17,<10 years,Electric,60.0,2,68200.0,BY,Paid Social,4,133000.0,Fri,,0
2024-12-11,>30 years,Gas,174.0,5,96200.0,Other,Paid Social,4,383000.0,Tue,12816.0,0
2024-11-11,<10 years,Gas,112.0,3,49300.0,Other,Paid Social,1,299000.0,Tue,13017.0,0
2024-10-22,<10 years,Electric,79.0,3,61200.0,HE,Organic,3,271000.0,Wed,25058.0,0
2024-03-09,<10 years,District,236.0,8,49700.0,BY,Comparison Site,8,617000.0,Wed,,0
2024-01-15,>30 years,Electric,121.0,3,37700.0,NW,Display,3,247000.0,Mon,7850.0,0
2023-06-20,10-30 years,Gas,81.0,2,49600.0,BE,Paid Social,2,162000.0,Sun,18480.0,0
2023-04-11,<10 years,District,127.0,5,63100.0,BY,Paid Social,1,288000.0,Wed,5514.0,0
2023-02-10,10-30 years,Gas,213.0,7,119100.0,HE,Display,2,488000.0,Mon,11610.0,0
2023-07-14,>30 years,Gas,60.0,3,56500.0,BW,Paid Social,3,150000.0,Fri,14025.0,0
2023-01-22,10-30 years,Electric,190.0,8,59900.0,Other,Referral,3,458000.0,Mon,15409.0,0
2023-06-03,<10 years,Gas,79.0,3,107300.0,Other,Display,3,158000.0,Sat,15990.0,0
2024-10-23,<10 years,Oil,169.0,5,76500.0,Other,Paid Social,1,472000.0,Fri,15887.0,0
2023-02-16,>30 years,District,105.0,4,75900.0,Other,Organic,3,358000.0,Mon,29828.0,0
2024-03-14,10-30 years,Gas,151.0,5,77200.0,BW,Organic,4,453000.0,Wed,9728.0,0
2024-11-01,>30 years,Oil,130.0,6,49900.0,BW,Organic,1,333000.0,Wed,16319.0,0
2024-08-17,10-30 years,Gas,163.0,7,61600.0,HE,Organic,7,344000.0,Tue,10652.0,0
2023-03-21,<10 years,Electric,173.0,7,71300.0,Other,Display,2,435000.0,Wed,17773.0,0
2024-10-22,10-30 years,Oil,170.0,8,50400.0,Other,Organic,2,385000.0,Sun,21885.0,0
2023-02-26,10-30 years,Gas,121.0,5,56400.0,HE,Display,3,251000.0,Mon,19510.0,0
2023-03-10,10-30 years,Gas,161.0,7,55000.0,HE,Display,4,370000.0,Sat,19708.0,0
2023-01-22,>30 years,Oil,187.0,6,36700.0,BW,Organic,4,457000.0,Sun,14657.0,0
2024-12-19,10-30 years,Oil,140.0,8,104600.0,Other,Display,2,422000.0,Wed,12610.0,0
2023-03-25,10-30 years,Gas,157.0,6,50900.0,NW,Display,1,403000.0,Thu,5873.0,0
2023-03-12,10-30 years,Gas,105.0,3,46600.0,BY,Organic,6,188000.0,Wed,15570.0,1
2023-10-19,<10 years,Oil,161.0,4,69000.0,HE,Display,2,346000.0,Fri,19674.0,1
2023-11-20,10-30 years,Gas,124.0,5,112600.0,BW,Referral,5,328000.0,Fri,15763.0,0
2023-11-07,10-30 years,Electric,142.0,5,46700.0,Other,Organic,4,309000.0,Tue,,0
2024-04-13,<10 years,Gas,149.0,6,59100.0,NW,Paid Social,6,420000.0,Mon,,0
2023-12-11,10-30 years,Oil,158.0,4,30000.0,BY,Organic,9,379000.0,Fri,13533.0,0
2024-11-14,10-30 years,Gas,133.0,5,127800.0,BY,Display,4,316000.0,Fri,16323.0,0
2024-09-15,>30 years,Oil,216.0,8,46600.0,HE,Referral,4,467000.0,Sun,16450.0,0
2023-03-25,10-30 years,Electric,111.0,3,30000.0,NW,Comparison Site,3,167000.0,Sat,18491.0,0
2023-08-13,10-30 years,Oil,86.0,5,90700.0,NW,Paid Social,5,96000.0,Tue,15260.0,0
2023-10-18,10-30 years,Oil,99.0,2,35300.0,BW,Display,1,144000.0,Tue,,0
2023-11-17,10-30 years,Electric,109.0,4,34300.0,NW,Paid Social,3,229000.0,Wed,11277.0,0
2024-09-04,10-30 years,Oil,150.0,5,37900.0,Other,Paid Social,5,397000.0,Fri,,0
2024-06-24,<10 years,Gas,222.0,8,47400.0,Other,Organic,8,479000.0,Tue,9465.0,0
2024-05-12,10-30 years,Electric,165.0,7,114200.0,HE,Referral,3,361000.0,Fri,,0
2024-01-05,10-30 years,Oil,139.0,3,33300.0,Other,Display,3,311000.0,Fri,13283.0,0
2024-12-15,<10 years,Gas,122.0,6,80900.0,HE,Display,3,237000.0,Tue,17293.0,0
2023-10-15,10-30 years,Gas,196.0,6,43100.0,BW,Display,4,501000.0,Sun,18858.0,0
2023-04-08,10-30 years,Gas,106.0,4,46400.0,Other,Organic,6,292000.0,Sun,18944.0,0
2023-02-18,>30 years,Gas,86.0,2,51400.0,HE,Paid Social,3,325000.0,Sat,15949.0,0
2023-03-23,<10 years,Electric,114.0,4,55800.0,BE,Referral,2,299000.0,Mon,16367.0,0
2024-04-02,>30 years,Electric,128.0,6,67700.0,Other,Paid Social,3,327000.0,Mon,20424.0,0
2023-10-17,<10 years,Gas,173.0,7,30000.0,Other,Organic,1,464000.0,Thu,,0
2023-07-24,10-30 years,Gas,182.0,8,149800.0,Other,Paid Social,5,465000.0,Mon,13465.0,0
2023-01-23,10-30 years,Gas,171.0,7,58400.0,HE,Organic,4,433000.0,Fri,23521.0,0
2023-08-11,10-30 years,Gas,60.0,3,35800.0,HE,Referral,1,121000.0,Fri,,0
2023-10-15,>30 years,Gas,150.0,6,105900.0,BY,Paid Social,3,408000.0,Sat,15376.0,0
2023-05-21,10-30 years,Electric,151.0,6,55200.0,NW,Comparison Site,4,375000.0,Sat,12450.0,0
2023-07-27,10-30 years,Gas,166.0,6,54600.0,HE,Organic,1,405000.0,Fri,14317.0,0
2023-05-02,>30 years,Gas,89.0,4,84300.0,BY,Display,3,197000.0,Mon,13175.0,0
2024-10-16,10-30 years,Gas,133.0,4,30000.0,NW,Organic,2,296000.0,Thu,9130.0,0
2023-07-25,10-30 years,Electric,132.0,5,77500.0,BY,Organic,2,371000.0,Wed,,0
2023-02-17,10-30 years,Electric,185.0,6,64100.0,Other,Organic,5,472000.0,Sun,12181.0,0
2024-11-23,>30 years,Gas,151.0,5,46000.0,HE,Organic,5,332000.0,Sat,22284.0,0
2023-04-10,>30 years,Gas,122.0,5,52500.0,BE,Comparison Site,2,345000.0,Fri,20083.0,0
2023-11-06,10-30 years,District,76.0,2,44500.0,NW,Organic,6,148000.0,Thu,14916.0,0
2023-06-26,>30 years,Gas,95.0,2,61400.0,BE,Organic,5,204000.0,Tue,12091.0,0
2024-08-03,10-30 years,Electric,172.0,8,64800.0,NW,Comparison Site,4,403000.0,Mon,,0
2023-06-14,>30 years,Gas,61.0,3,36600.0,HE,Display,4,65000.0,Sat,,0
2024-11-08,<10 years,Electric,71.0,2,42700.0,BW,Organic,4,174000.0,Wed,30422.0,0
2023-11-08,<10 years,Gas,180.0,7,30000.0,BW,Display,4,481000.0,Sat,17940.0,0
2024-05-04,10-30 years,District,175.0,7,36800.0,BE,Referral,1,429000.0,Sat,,0
2023-07-08,>30 years,Electric,95.0,3,41900.0,Other,Organic,4,266000.0,Tue,14672.0,0
2023-02-01,>30 years,Gas,138.0,5,30000.0,NW,Organic,6,297000.0,Sat,11853.0,0
2023-04-22,10-30 years,Gas,207.0,7,69400.0,Other,Display,4,537000.0,Thu,20001.0,0
2023-12-03,<10 years,Gas,151.0,6,78500.0,BY,Paid Social,3,387000.0,Sat,,0
2024-05-19,10-30 years,District,164.0,6,148900.0,BE,Paid Social,6,304000.0,Tue,14409.0,0
2023-01-13,>30 years,Gas,209.0,8,69400.0,HE,Organic,4,493000.0,Tue,19227.0,0
2024-02-07,10-30 years,Gas,222.0,8,41900.0,BW,Comparison Site,2,542000.0,Fri,18540.0,0
2024-11-26,>30 years,Gas,150.0,6,58900.0,BY,Display,3,337000.0,Fri,18690.0,0
2023-01-25,<10 years,Oil,207.0,5,70400.0,HE,Comparison Site,5,452000.0,Mon,20185.0,0
2024-09-17,10-30 years,Gas,185.0,7,68400.0,BY,Referral,2,498000.0,Wed,8750.0,1
2024-08-03,10-30 years,Oil,130.0,7,39200.0,HE,Display,3,331000.0,Tue,20989.0,0
2023-12-21,>30 years,Electric,165.0,7,102600.0,BE,Paid Social,2,444000.0,Thu,13933.0,0
2023-12-12,10-30 years,Oil,77.0,4,78000.0,NW,Organic,4,191000.0,Sun,7728.0,0
2023-11-17,10-30 years,Gas,172.0,6,89700.0,BE,Organic,2,360000.0,Tue,13987.0,0
2023-07-13,10-30 years,Gas,128.0,5,94100.0,HE,Referral,3,265000.0,Tue,17911.0,0
2023-12-07,>30 years,Gas,117.0,5,82900.0,Other,Referral,2,354000.0,Sat,16495.0,0
2024-10-01,10-30 years,Gas,190.0,8,75300.0,HE,Referral,3,430000.0,Mon,,0
2023-12-23,10-30 years,Gas,108.0,3,71800.0,BY,Referral,4,291000.0,Sat,,0
2023-12-03,10-30 years,Oil,164.0,8,64100.0,BY,Organic,1,457000.0,Fri,21700.0,0
2023-12-04,10-30 years,Oil,186.0,8,54800.0,BE,Referral,3,443000.0,Fri,11343.0,0
2023-03-23,>30 years,Gas,131.0,3,63200.0,BW,Organic,2,373000.0,Mon,16639.0,0
2023-12-19,<10 years,Oil,156.0,6,41900.0,BY,Paid Social,7,358000.0,Fri,,0
2023-01-15,10-30 years,Gas,119.0,4,84200.0,BW,Comparison Site,3,304000.0,Tue,12450.0,1
2023-11-07,>30 years,Electric,112.0,3,48700.0,HE,Display,2,269000.0,Fri,13734.0,0
2024-04-04,>30 years,Gas,140.0,5,48000.0,Other,Display,2,367000.0,Sat,,0
2024-08-27,10-30 years,Gas,276.0,8,60800.0,HE,Organic,3,727000.0,Mon,,0
2024-10-26,<10 years,Gas,221.0,8,62600.0,BY,Display,2,492000.0,Mon,15690.0,0
2023-10-28,10-30 years,Oil,128.0,5,62300.0,Other,Paid Social,8,319000.0,Sat,13535.0,0
2023-08-03,10-30 years,Gas,144.0,5,81800.0,NW,Paid Social,5,319000.0,Tue,,0
2023-11-28,10-30 years,Gas,133.0,5,99800.0,BE,Organic,6,398000.0,Fri,11512.0,0
2023-12-22,10-30 years,Gas,97.0,5,43300.0,Other,Organic,6,187000.0,Sun,16039.0,0
2024-11-26,>30 years,Gas,119.0,2,53700.0,Other,Organic,1,340000.0,Tue,18036.0,0
2023-12-24,<10 years,Electric,130.0,6,54700.0,Other,Paid Social,7,230000.0,Thu,17986.0,0
2024-01-19,10-30 years,Gas,60.0,3,59600.0,BW,Comparison Site,3,110000.0,Sat,17323.0,0
2024-08-21,10-30 years,Electric,137.0,6,64100.0,HE,Organic,5,304000.0,Sun,22090.0,0
2023-03-07,10-30 years,Oil,178.0,4,40500.0,Other,Display,2,407000.0,Mon,20601.0,0
2023-12-08,10-30 years,Gas,227.0,8,77800.0,NW,Organic,7,567000.0,Wed,13309.0,0
2023-10-19,10-30 years,District,171.0,6,66100.0,BW,Paid Social,3,476000.0,Sat,10908.0,0
2023-11-06,>30 years,Gas,114.0,5,46100.0,BW,Organic,3,338000.0,Sun,18855.0,0
2023-02-05,>30 years,Gas,110.0,4,72000.0,Other,Paid Social,6,266000.0,Wed,21393.0,0
2023-03-25,<10 years,Gas,146.0,5,50300.0,NW,Organic,2,336000.0,Mon,14133.0,0
2024-12-27,<10 years,Oil,151.0,7,60900.0,BY,Comparison Site,4,460000.0,Wed,8834.0,0
2024-06-17,>30 years,District,145.0,4,44300.0,HE,Paid Social,5,360000.0,Tue,22102.0,0
2024-04-27,10-30 years,Oil,196.0,7,80900.0,HE,Referral,2,515000.0,Thu,17657.0,1
2023-03-23,>30 years,Electric,167.0,6,56700.0,Other,Paid Social,4,443000.0,Fri,17164.0,0
2024-05-02,10-30 years,District,169.0,6,67400.0,NW,Paid Social,3,382000.0,Thu,17692.0,0
2023-04-20,<10 years,Gas,163.0,7,74200.0,Other,Comparison Site,6,476000.0,Sun,,0
2023-12-21,10-30 years,Gas,122.0,3,83000.0,BY,Organic,1,332000.0,Sat,8702.0,0
2024-12-03,10-30 years,Gas,84.0,3,89600.0,HE,Paid Social,2,248000.0,Sat,,0
2023-04-06,10-30 years,Oil,145.0,4,82400.0,Other,Comparison Site,4,324000.0,Wed,17484.0,0
2024-10-24,>30 years,Gas,124.0,5,65500.0,NW,Referral,1,223000.0,Sat,23799.0,0
2024-08-19,10-30 years,Oil,176.0,5,65200.0,BY,Paid Social,4,389000.0,Wed,,0
2023-02-15,<10 years,Electric,127.0,3,43700.0,Other,Organic,3,297000.0,Fri,15549.0,0
2023-02-18,>30 years,Electric,196.0,8,80900.0,Other,Paid Social,6,539000.0,Wed,6641.0,0
2023-03-19,10-30 years,Oil,176.0,8,32100.0,BY,Referral,3,488000.0,Fri,14360.0,0
2023-09-24,10-30 years,Electric,217.0,8,80300.0,HE,Display,5,500000.0,Wed,12583.0,0
2024-03-01,10-30 years,Oil,213.0,7,44100.0,BY,Paid Social,1,482000.0,Fri,12445.0,0
2024-04-17,10-30 years,Oil,179.0,5,106900.0,Other,Organic,3,391000.0,Tue,5000.0,0
2024-11-25,10-30 years,Oil,104.0,4,71800.0,BW,Display,4,194000.0,Fri,12276.0,0
2023-04-17,10-30 years,Gas,132.0,5,66100.0,NW,Organic,5,318000.0,Mon,,0
2024-04-22,>30 years,Gas,122.0,3,60900.0,BE,Organic,5,298000.0,Thu,17664.0,0
2024-11-16,10-30 years,Oil,154.0,6,98300.0,Other,Paid Social,3,428000.0,Sun,,0
2023-12-13,10-30 years,Gas,168.0,8,43000.0,Other,Organic,6,488000.0,Sun,24735.0,0
2023-02-08,10-30 years,Electric,137.0,5,76000.0,BE,Referral,8,258000.0,Thu,17476.0,0
2024-11-15,<10 years,Gas,174.0,7,77400.0,Other,Organic,2,417000.0,Mon,16776.0,0
2023-06-19,>30 years,Electric,124.0,4,61100.0,BW,Paid Social,2,266000.0,Tue,7843.0,0
2024-01-27,10-30 years,Oil,60.0,2,58100.0,Other,Organic,4,190000.0,Tue,16379.0,0
2024-06-27,<10 years,District,159.0,6,107100.0,NW,Organic,3,392000.0,Wed,5000.0,0
2023-11-12,10-30 years,Gas,139.0,5,40600.0,BE,Paid Social,3,417000.0,Tue,11127.0,0
2024-02-04,<10 years,Gas,155.0,5,31400.0,BY,Comparison Site,6,400000.0,Wed,19451.0,0
2023-12-24,>30 years,Electric,181.0,6,57600.0,NW,Paid Social,4,428000.0,Sat,7401.0,0
2024-08-10,10-30 years,Oil,141.0,5,56100.0,Other,Paid Social,4,319000.0,Sat,14595.0,0
2024-08-25,10-30 years,Oil,101.0,5,60800.0,NW,Display,4,251000.0,Wed,12417.0,0
2024-12-02,>30 years,District,126.0,6,47700.0,Other,Display,4,332000.0,Fri,20060.0,0
2023-12-08,10-30 years,Gas,207.0,8,60000.0,HE,Paid Social,3,496000.0,Wed,,0
2024-11-14,10-30 years,Gas,168.0,7,33600.0,BY,Organic,6,370000.0,Tue,9240.0,0
2023-05-24,>30 years,Gas,197.0,6,149600.0,NW,Referral,4,415000.0,Tue,16994.0,0
2023-11-07,10-30 years,Electric,131.0,6,38900.0,BW,Display,4,268000.0,Wed,15054.0,0
2023-03-22,>30 years,Gas,179.0,7,73700.0,NW,Paid Social,1,467000.0,Sat,24835.0,0
2024-11-02,>30 years,Gas,189.0,8,57700.0,Other,Referral,5,509000.0,Fri,15309.0,0
2024-12-07,>30 years,Gas,89.0,3,60000.0,BW,Display,3,253000.0,Mon,10242.0,0
2024-01-11,10-30 years,Electric,162.0,7,46800.0,BY,Organic,6,387000.0,Wed,24442.0,0
2024-01-27,10-30 years,Oil,158.0,5,82500.0,NW,Paid Social,4,397000.0,Sat,27399.0,0
2023-02-28,>30 years,Gas,103.0,5,52200.0,Other,Display,1,245000.0,Fri,15414.0,0
2023-01-16,>30 years,Gas,103.0,3,55100.0,Other,Comparison Site,4,279000.0,Thu,24003.0,0
2023-03-20,>30 years,Gas,232.0,8,39600.0,Other,Display,2,544000.0,Sun,,0
2023-02-23,>30 years,Oil,157.0,4,106200.0,BW,Organic,3,466000.0,Tue,15466.0,0
2024-06-09,>30 years,Gas,201.0,8,53800.0,BY,Organic,6,503000.0,Mon,23478.0,0
2023-03-10,<10 years,Gas,180.0,6,46900.0,BE,Paid Social,4,513000.0,Mon,23063.0,0
2023-07-28,10-30 years,Oil,152.0,7,60200.0,BY,Paid Social,7,352000.0,Mon,18344.0,0
2023-10-25,<10 years,District,109.0,5,137700.0,NW,Display,5,267000.0,Thu,14117.0,0
2024-08-01,<10 years,Gas,176.0,6,31000.0,HE,Organic,6,488000.0,Tue,,0
2024-01-14,10-30 years,Gas,150.0,6,108500.0,BY,Organic,3,283000.0,Sun,16451.0,0
2024-12-15,<10 years,Gas,157.0,5,114200.0,BE,Organic,2,404000.0,Mon,11844.0,0
2024-12-24,10-30 years,Gas,161.0,6,57200.0,Other,Paid Social,4,306000.0,Tue,16724.0,0
2023-12-13,>30 years,Oil,164.0,6,30000.0,BW,Organic,4,440000.0,Tue,18959.0,0
2023-09-18,10-30 years,Gas,172.0,5,52700.0,BY,Organic,3,386000.0,Thu,17133.0,0
2023-11-12,<10 years,Electric,114.0,3,51400.0,BE,Referral,5,242000.0,Sat,16894.0,0
2023-12-20,>30 years,Oil,178.0,7,30100.0,BY,Organic,6,511000.0,Thu,17244.0,1
2023-12-11,>30 years,Gas,179.0,6,30000.0,HE,Display,2,478000.0,Sat,,0
2024-02-15,10-30 years,Electric,158.0,6,94600.0,Other,Organic,3,442000.0,Thu,16457.0,0
2024-05-11,10-30 years,Gas,174.0,7,75100.0,NW,Display,6,344000.0,Thu,19674.0,0
2024-02-19,10-30 years,Oil,208.0,7,37600.0,Other,Referral,5,570000.0,Thu,12106.0,0
2023-04-28,10-30 years,District,184.0,6,64900.0,Other,Paid Social,2,477000.0,Wed,16608.0,0
2024-03-12,<10 years,Electric,104.0,5,33800.0,Other,Organic,5,232000.0,Sat,16939.0,0
2023-01-22,10-30 years,Electric,128.0,5,33900.0,NW,Organic,3,309000.0,Wed,17538.0,0
2024-10-24,>30 years,Oil,142.0,3,47200.0,NW,Organic,1,470000.0,Fri,16586.0,0
2023-03-24,10-30 years,Gas,126.0,5,43000.0,Other,Referral,1,173000.0,Tue,,0
2024-01-19,10-30 years,District,94.0,4,52100.0,Other,Display,4,264000.0,Sat,19440.0,0
2023-01-02,10-30 years,Gas,188.0,7,57600.0,HE,Paid Social,2,494000.0,Fri,24265.0,0
2023-10-28,10-30 years,Electric,118.0,5,43300.0,BW,Paid Social,3,339000.0,Tue,,0
2023-12-15,10-30 years,District,199.0,8,75000.0,NW,Paid Social,6,481000.0,Tue,13640.0,0
2024-01-16,10-30 years,Electric,85.0,3,88400.0,BY,Paid Social,4,250000.0,Mon,22251.0,0
2023-03-18,>30 years,Gas,181.0,6,32700.0,BW,Referral,1,446000.0,Tue,19172.0,0
2023-01-23,<10 years,Electric,184.0,6,123700.0,NW,Comparison Site,3,480000.0,Thu,21240.0,0
2023-09-18,>30 years,Oil,159.0,5,50900.0,NW,Paid Social,3,387000.0,Sat,8255.0,0
2024-11-24,>30 years,Oil,140.0,6,59200.0,Other,Paid Social,5,260000.0,Thu,20919.0,0
2024-04-14,<10 years,Electric,150.0,4,56100.0,NW,Comparison Site,3,363000.0,Sat,5000.0,0
2024-12-26,<10 years,Gas,151.0,6,69700.0,Other,Display,6,384000.0,Mon,27186.0,0
2024-03-15,10-30 years,Gas,168.0,8,65900.0,BE,Display,2,455000.0,Wed,,0
2023-07-23,10-30 years,Oil,143.0,3,72000.0,BY,Organic,5,422000.0,Wed,16658.0,1
2023-03-04,<10 years,Gas,149.0,4,30000.0,BE,Paid Social,3,368000.0,Wed,31506.0,0
2024-09-03,10-30 years,Oil,163.0,5,133700.0,NW,Display,3,419000.0,Sat,,0
2024-01-23,>30 years,Gas,151.0,4,93000.0,HE,Referral,3,375000.0,Thu,22205.0,0
2023-04-18,<10 years,Oil,114.0,5,34100.0,HE,Display,2,276000.0,Mon,15244.0,0
2023-07-01,10-30 years,Gas,119.0,4,51100.0,Other,Comparison Site,3,311000.0,Sat,11959.0,0
2023-01-25,>30 years,Gas,147.0,4,30000.0,BW,Organic,2,428000.0,Wed,,0
2024-02-15,>30 years,Oil,81.0,3,30500.0,NW,Paid Social,4,247000.0,Thu,16837.0,0
2024-03-07,10-30 years,Oil,144.0,5,54800.0,BW,Organic,1,425000.0,Wed,15289.0,0
2024-09-01,<10 years,Gas,157.0,6,72100.0,BY,Referral,4,334000.0,Mon,18906.0,0
2023-10-06,>30 years,Electric,146.0,5,83700.0,BW,Display,5,406000.0,Fri,17818.0,0
2023-08-19,>30 years,Oil,168.0,7,34800.0,Other,Organic,2,474000.0,Thu,,0
2024-01-07,>30 years,Electric,158.0,4,132300.0,NW,Paid Social,3,449000.0,Fri,7290.0,0
2023-01-19,<10 years,Gas,184.0,5,78700.0,Other,Comparison Site,4,503000.0,Sun,8326.0,0
2023-12-23,>30 years,Gas,156.0,6,35900.0,BE,Referral,2,362000.0,Sat,10624.0,0
2023-10-06,10-30 years,Gas,227.0,8,64500.0,BW,Paid Social,2,611000.0,Thu,,0
2024-02-11,>30 years,Gas,151.0,6,50700.0,BW,Referral,6,333000.0,Mon,10016.0,0
2023-10-18,10-30 years,District,180.0,7,36400.0,NW,Organic,5,439000.0,Sat,21601.0,0
2023-11-05,10-30 years,District,143.0,6,48700.0,HE,Referral,1,356000.0,Tue,8937.0,0
2024-12-16,<10 years,Electric,151.0,6,59100.0,NW,Referral,2,411000.0,Sat,22001.0,1
2023-10-11,10-30 years,Gas,112.0,4,31500.0,Other,Referral,7,344000.0,Sun,,0
2024-10-06,10-30 years,Gas,146.0,6,54000.0,HE,Paid Social,4,343000.0,Sun,,0
2023-12-20,<10 years,Electric,117.0,5,71900.0,Other,Display,4,222000.0,Wed,25226.0,0
2024-06-14,10-30 years,Oil,196.0,8,90400.0,HE,Display,8,479000.0,Sun,,0
2023-01-22,10-30 years,District,157.0,5,72900.0,HE,Referral,1,415000.0,Mon,11034.0,0
2024-12-28,>30 years,Gas,173.0,7,49600.0,BE,Display,5,381000.0,Mon,15618.0,0
2023-12-04,<10 years,Gas,80.0,4,59600.0,HE,Paid Social,2,295000.0,Tue,16305.0,0
2024-10-22,>30 years,District,85.0,2,67700.0,HE,Organic,1,254000.0,Mon,19454.0,0
2024-07-10,>30 years,District,137.0,4,65900.0,NW,Comparison Site,5,395000.0,Tue,25427.0,0
2023-02-13,10-30 years,Electric,93.0,3,58300.0,BW,Paid Social,6,257000.0,Fri,16841.0,0
2024-10-22,<10 years,Gas,60.0,2,57600.0,NW,Referral,1,134000.0,Sat,16393.0,0
2023-12-15,>30 years,Electric,182.0,7,48500.0,Other,Display,7,401000.0,Mon,,0
2024-11-18,10-30 years,Gas,163.0,5,59800.0,BW,Comparison Site,5,339000.0,Mon,18809.0,0
2024-11-27,<10 years,Gas,118.0,4,52500.0,BE,Comparison Site,2,329000.0,Tue,,0
2024-02-21,10-30 years,Oil,155.0,7,37400.0,Other,Paid Social,6,337000.0,Sun,18347.0,0
2023-04-15,10-30 years,Electric,223.0,8,80300.0,NW,Referral,2,611000.0,Sat,9905.0,0
2023-05-14,10-30 years,Gas,113.0,5,65900.0,BY,Organic,2,245000.0,Thu,7440.0,0
2024-12-12,>30 years,Oil,187.0,8,46400.0,BW,Organic,3,484000.0,Fri,19585.0,0
2023-12-08,>30 years,Oil,132.0,5,55200.0,Other,Display,1,369000.0,Tue,18035.0,0
2023-01-23,>30 years,Oil,125.0,4,61700.0,BW,Organic,4,374000.0,Fri,18925.0,1
2024-03-22,10-30 years,Gas,100.0,4,79900.0,BW,Organic,3,258000.0,Wed,12617.0,0
2024-12-20,>30 years,Gas,156.0,5,52100.0,NW,Organic,6,347000.0,Tue,9202.0,0
2024-10-28,10-30 years,Electric,182.0,6,60200.0,NW,Paid Social,2,496000.0,Wed,14115.0,0
2024-07-23,>30 years,Oil,162.0,6,105600.0,Other,Comparison Site,4,403000.0,Fri,14729.0,0
2024-04-28,10-30 years,Electric,141.0,4,30000.0,NW,Organic,4,354000.0,Sun,8757.0,0
2023-09-13,<10 years,Gas,124.0,3,41100.0,Other,Organic,1,364000.0,Sat,15390.0,0
2023-02-13,>30 years,Gas,219.0,8,70300.0,Other,Organic,6,576000.0,Tue,16263.0,0
2024-01-17,10-30 years,Gas,128.0,3,86100.0,BY,Organic,6,221000.0,Fri,,0
2023-01-15,>30 years,Gas,127.0,5,38700.0,NW,Organic,2,257000.0,Sat,17351.0,0
2023-07-05,10-30 years,Gas,87.0,2,41400.0,Other,Organic,2,212000.0,Sat,12924.0,0
2023-11-12,>30 years,Gas,220.0,8,60800.0,HE,Paid Social,5,549000.0,Sat,6642.0,0
2024-05-11,10-30 years,Oil,82.0,3,30800.0,NW,Referral,5,196000.0,Mon,7666.0,0
2024-05-10,10-30 years,Electric,188.0,7,55700.0,HE,Organic,1,577000.0,Sun,20856.0,0
2023-01-17,10-30 years,Electric,174.0,6,56200.0,BE,Organic,2,499000.0,Sun,14114.0,0
2024-10-28,10-30 years,District,131.0,5,55000.0,HE,Referral,5,304000.0,Thu,10820.0,0
2023-10-13,>30 years,Oil,159.0,6,40800.0,Other,Paid Social,3,392000.0,Tue,6008.0,0
2023-02-16,10-30 years,Gas,169.0,5,47400.0,Other,Paid Social,3,382000.0,Sat,20248.0,0
2024-10-17,<10 years,Gas,241.0,8,30000.0,BE,Referral,4,645000.0,Thu,7751.0,0
2023-09-14,10-30 years,Gas,220.0,8,36100.0,BE,Paid Social,3,535000.0,Tue,10156.0,0
2024-12-24,10-30 years,Electric,180.0,6,51700.0,BW,Organic,6,417000.0,Fri,24355.0,0
2024-09-11,10-30 years,Gas,160.0,6,76300.0,Other,Paid Social,2,412000.0,Tue,13645.0,0
2023-01-16,<10 years,Gas,177.0,6,65500.0,NW,Referral,2,402000.0,Thu,15066.0,0
2024-12-14,10-30 years,Gas,159.0,7,78800.0,Other,Organic,5,467000.0,Wed,20758.0,0
2023-02-28,>30 years,District,164.0,8,68200.0,Other,Display,1,442000.0,Mon,23555.0,0
2023-02-20,<10 years,Electric,124.0,3,104100.0,NW,Paid Social,6,228000.0,Thu,,0
2024-02-04,10-30 years,Gas,147.0,7,44100.0,Other,Paid Social,8,414000.0,Fri,,0
2024-12-11,<10 years,Gas,181.0,6,72000.0,BE,Referral,3,473000.0,Tue,8233.0,0
2023-12-06,<10 years,Gas,152.0,6,66300.0,NW,Referral,4,389000.0,Wed,12076.0,0
2024-04-23,10-30 years,Gas,170.0,6,60800.0,BW,Comparison Site,6,344000.0,Sat,7429.0,0
2023-10-10,10-30 years,Gas,129.0,6,47700.0,BE,Organic,1,225000.0,Tue,,0
2024-12-24,10-30 years,Gas,148.0,5,44500.0,Other,Organic,3,467000.0,Wed,9853.0,0
2023-11-19,>30 years,Oil,101.0,2,50700.0,HE,Display,6,253000.0,Tue,10665.0,0
2023-03-12,>30 years,Gas,182.0,7,34800.0,NW,Referral,1,438000.0,Fri,15181.0,0
2024-09-17,>30 years,District,80.0,3,36500.0,NW,Referral,4,163000.0,Sat,15805.0,0
2024-12-21,10-30 years,Gas,169.0,6,58900.0,BE,Paid Social,1,406000.0,Fri,21368.0,0
2023-12-23,10-30 years,District,95.0,3,58900.0,BY,Organic,3,285000.0,Sun,24544.0,0
2024-01-27,10-30 years,Oil,112.0,4,57100.0,BY,Paid Social,2,327000.0,Thu,17139.0,0
2023-12-18,>30 years,Electric,111.0,5,33100.0,NW,Organic,5,317000.0,Thu,,0
2023-12-07,10-30 years,Oil,184.0,7,33000.0,BW,Paid Social,4,394000.0,Tue,21455.0,0
2023-01-10,<10 years,Oil,102.0,4,46900.0,BE,Organic,1,269000.0,Sat,13535.0,0
2024-12-12,<10 years,Oil,143.0,4,131600.0,NW,Display,5,278000.0,Wed,15117.0,0
2023-11-23,10-30 years,Gas,133.0,5,40500.0,Other,Comparison Site,4,315000.0,Tue,17462.0,0
2024-06-06,<10 years,Gas,140.0,6,78700.0,HE,Display,1,323000.0,Thu,6643.0,0
2023-02-11,10-30 years,Gas,180.0,6,49400.0,BE,Comparison Site,1,362000.0,Thu,6768.0,0
2024-02-06,10-30 years,Gas,145.0,6,36800.0,BE,Display,1,424000.0,Tue,10256.0,0
2024-01-07,<10 years,Gas,144.0,5,59100.0,NW,Display,2,305000.0,Sun,16038.0,0
2023-06-15,10-30 years,Gas,114.0,4,44000.0,Other,Paid Social,2,383000.0,Sun,20128.0,0
2023-06-01,>30 years,Electric,112.0,5,63500.0,Other,Comparison Site,4,144000.0,Mon,11484.0,0
2024-09-16,<10 years,Electric,94.0,4,62400.0,NW,Paid Social,1,337000.0,Thu,6519.0,0
2024-01-13,<10 years,Oil,136.0,5,30000.0,Other,Referral,4,281000.0,Tue,10985.0,1
2024-11-19,<10 years,Gas,209.0,8,73400.0,Other,Organic,4,558000.0,Wed,13086.0,0
2024-11-26,10-30 years,Gas,157.0,6,40600.0,NW,Referral,6,400000.0,Tue,,0
2023-11-26,10-30 years,Gas,152.0,5,64600.0,HE,Organic,2,457000.0,Tue,10913.0,0
2024-09-06,10-30 years,Oil,88.0,4,61800.0,HE,Organic,6,175000.0,Sat,10197.0,0
2023-11-28,10-30 years,District,195.0,6,99100.0,HE,Display,4,561000.0,Mon,14233.0,0
2023-02-11,10-30 years,Gas,214.0,7,58700.0,Other,Paid Social,2,476000.0,Wed,,0
2024-12-25,>30 years,Oil,117.0,4,65900.0,BW,Organic,8,358000.0,Fri,17862.0,1
2024-03-13,<10 years,Oil,111.0,4,35600.0,HE,Referral,5,257000.0,Fri,13390.0,0
2024-03-08,>30 years,Gas,208.0,7,98600.0,BW,Paid Social,2,506000.0,Fri,15363.0,0
2024-12-28,10-30 years,District,165.0,8,71300.0,NW,Display,3,391000.0,Thu,12720.0,0
2024-05-18,10-30 years,Gas,219.0,7,47000.0,BE,Comparison Site,6,516000.0,Mon,15250.0,0
2024-05-25,10-30 years,District,197.0,8,93000.0,Other,Organic,3,538000.0,Wed,19951.0,0
2024-07-22,<10 years,Oil,73.0,2,78500.0,Other,Referral,3,223000.0,Tue,15445.0,0
2024-12-13,10-30 years,Gas,214.0,8,53100.0,BW,Display,2,545000.0,Sun,15894.0,0
2024-03-07,<10 years,Gas,155.0,5,30000.0,BY,Paid Social,5,380000.0,Sat,5000.0,0
2023-12-07,<10 years,Gas,151.0,5,62600.0,NW,Comparison Site,5,442000.0,Thu,19349.0,1
2023-05-27,10-30 years,Gas,151.0,6,53700.0,NW,Comparison Site,4,357000.0,Mon,18346.0,0
2024-08-21,>30 years,District,147.0,5,123400.0,BY,Organic,3,405000.0,Tue,5000.0,0
2023-10-10,>30 years,Electric,89.0,2,70300.0,Other,Display,3,178000.0,Sat,11150.0,0
2024-07-24,10-30 years,Oil,205.0,8,37800.0,HE,Display,4,465000.0,Mon,6820.0,0
2024-01-14,10-30 years,Oil,128.0,6,86300.0,BE,Display,5,311000.0,Sun,17935.0,0
2024-03-17,>30 years,Gas,138.0,7,40800.0,BE,Comparison Site,1,291000.0,Sat,17541.0,0
2023-11-05,10-30 years,Gas,173.0,7,57700.0,HE,Comparison Site,4,502000.0,Sun,9666.0,0
2023-12-26,<10 years,Gas,220.0,8,58000.0,Other,Organic,6,510000.0,Wed,16246.0,0
2023-12-10,10-30 years,Gas,147.0,5,42700.0,Other,Organic,3,414000.0,Wed,19716.0,0
2023-03-08,10-30 years,Gas,158.0,5,30000.0,NW,Display,4,408000.0,Sat,12167.0,0
2023-05-20,10-30 years,Oil,206.0,8,75500.0,HE,Display,6,571000.0,Sun,11567.0,0
2023-07-12,10-30 years,Gas,173.0,7,64300.0,NW,Organic,1,393000.0,Sat,11453.0,0
2023-09-26,<10 years,District,169.0,7,49200.0,BW,Comparison Site,4,428000.0,Tue,10737.0,0
2024-05-16,10-30 years,Gas,60.0,3,37400.0,BW,Referral,6,49000.0,Sun,19129.0,0
2023-12-27,10-30 years,Gas,138.0,6,95400.0,BY,Paid Social,2,356000.0,Wed,19847.0,0
2024-04-28,>30 years,Oil,157.0,6,42900.0,BY,Display,6,413000.0,Wed,9438.0,0
2024-12-20,>30 years,Electric,156.0,6,42000.0,BE,Display,3,524000.0,Mon,,0
2024-12-11,10-30 years,District,187.0,8,45100.0,NW,Referral,2,456000.0,Sun,13212.0,0
2024-12-16,10-30 years,Oil,101.0,3,64800.0,HE,Comparison Site,5,270000.0,Sun,15112.0,0
2023-10-17,10-30 years,Gas,109.0,4,54600.0,BW,Display,3,295000.0,Wed,15708.0,0
2023-12-28,10-30 years,District,189.0,8,144700.0,BW,Display,4,491000.0,Tue,21106.0,0
2023-03-15,>30 years,District,194.0,5,94300.0,NW,Comparison Site,3,470000.0,Thu,16539.0,0
2024-02-18,>30 years,District,109.0,4,31000.0,BY,Paid Social,1,267000.0,Fri,18918.0,0
2023-09-22,10-30 years,Electric,161.0,5,62900.0,HE,Organic,4,353000.0,Sun,16542.0,0
2023-08-11,>30 years,Gas,140.0,4,91500.0,HE,Organic,3,272000.0,Fri,,0
2024-02-25,10-30 years,Electric,124.0,4,64800.0,Other,Organic,2,308000.0,Mon,8471.0,0
2023-11-24,<10 years,District,102.0,5,37300.0,Other,Display,3,233000.0,Fri,8046.0,0
2024-12-01,>30 years,Oil,114.0,4,79000.0,HE,Display,8,293000.0,Wed,19884.0,0
2024-11-23,10-30 years,Electric,117.0,4,58200.0,Other,Referral,6,354000.0,Sat,,0
2023-03-22,>30 years,Oil,212.0,8,50000.0,Other,Paid Social,3,492000.0,Thu,19022.0,0
2023-10-05,10-30 years,Gas,170.0,5,62100.0,BY,Paid Social,5,395000.0,Tue,18564.0,1
2024-10-13,>30 years,Oil,161.0,6,62000.0,Other,Referral,1,347000.0,Tue,13077.0,0
2023-04-07,10-30 years,Electric,105.0,3,39500.0,Other,Organic,3,272000.0,Sun,15970.0,0
2024-12-17,>30 years,Gas,203.0,7,31800.0,BW,Referral,6,485000.0,Fri,21093.0,0
2023-05-20,10-30 years,Oil,208.0,6,143600.0,BW,Organic,3,459000.0,Tue,,0
2024-10-27,10-30 years,Oil,160.0,7,45600.0,BW,Paid Social,4,341000.0,Fri,8421.0,0
2024-01-05,>30 years,Gas,155.0,5,54800.0,NW,Organic,4,402000.0,Wed,11382.0,0
2023-06-19,10-30 years,Oil,155.0,4,68100.0,Other,Organic,2,414000.0,Sat,10843.0,0
2024-08-14,10-30 years,Oil,180.0,7,72000.0,HE,Referral,2,400000.0,Thu,14839.0,0
2023-11-22,10-30 years,Gas,92.0,4,52400.0,BY,Referral,4,282000.0,Sat,15006.0,0
2023-12-11,>30 years,Electric,107.0,4,61100.0,BW,Paid Social,2,211000.0,Tue,10487.0,0
2024-12-02,>30 years,District,118.0,6,73300.0,NW,Comparison Site,2,307000.0,Wed,,0
2023-08-04,10-30 years,Gas,131.0,5,47800.0,BW,Display,5,420000.0,Wed,24157.0,0
2024-01-15,>30 years,Oil,162.0,7,41800.0,BY,Paid Social,2,424000.0,Thu,10937.0,0
2023-05-27,10-30 years,Gas,191.0,5,46500.0,Other,Referral,3,459000.0,Fri,15226.0,0
2023-07-03,>30 years,Oil,187.0,6,136200.0,Other,Referral,4,502000.0,Wed,10575.0,0
2024-08-19,10-30 years,Gas,87.0,4,74900.0,Other,Display,4,185000.0,Wed,18029.0,0
2023-01-08,10-30 years,Gas,226.0,8,43000.0,Other,Display,3,597000.0,Thu,21759.0,0
2023-06-26,<10 years,Gas,238.0,8,65600.0,Other,Display,2,560000.0,Tue,,0
2023-08-05,10-30 years,Gas,216.0,7,59100.0,BY,Display,3,514000.0,Tue,15314.0,0
2024-04-22,10-30 years,Gas,122.0,4,82500.0,HE,Display,4,267000.0,Sun,16123.0,0
2023-06-13,>30 years,Oil,130.0,4,129700.0,HE,Display,3,357000.0,Thu,25470.0,0
2024-01-10,>30 years,Gas,87.0,3,49300.0,Other,Paid Social,1,220000.0,Mon,17767.0,0
2024-12-12,>30 years,Gas,161.0,6,49200.0,Other,Referral,6,407000.0,Tue,,0
2023-02-19,<10 years,Gas,161.0,6,60400.0,Other,Paid Social,4,388000.0,Sun,16835.0,0
2024-07-02,10-30 years,Gas,135.0,5,50300.0,NW,Display,2,324000.0,Sun,23092.0,0
2023-10-02,10-30 years,Gas,113.0,3,44700.0,BW,Display,3,315000.0,Wed,14291.0,0
2024-02-02,<10 years,Gas,159.0,6,94200.0,NW,Display,3,475000.0,Sun,21965.0,0
2023-08-28,10-30 years,Electric,143.0,4,38800.0,BY,Organic,5,420000.0,Sun,,0
2024-06-15,10-30 years,Oil,166.0,5,51200.0,BE,Display,2,399000.0,Thu,11005.0,0
2024-02-14,<10 years,Oil,212.0,8,120000.0,NW,Referral,3,573000.0,Thu,14477.0,0
2023-12-19,<10 years,Oil,177.0,6,37900.0,BY,Organic,3,407000.0,Mon,14953.0,1
2023-01-26,>30 years,District,160.0,7,50500.0,BE,Display,1,318000.0,Thu,15709.0,0
2024-09-09,10-30 years,Oil,158.0,6,62200.0,BW,Organic,4,397000.0,Fri,,0
2023-12-12,>30 years,Gas,108.0,5,48700.0,Other,Display,4,261000.0,Tue,14675.0,0
2023-01-21,10-30 years,District,148.0,5,52500.0,HE,Organic,2,312000.0,Mon,17105.0,0
2024-09-09,<10 years,Gas,162.0,5,30000.0,NW,Referral,7,398000.0,Sat,17174.0,0
2024-05-01,<10 years,District,187.0,5,67200.0,BY,Paid Social,1,428000.0,Tue,11640.0,0
2024-06-06,10-30 years,Gas,177.0,7,78900.0,HE,Paid Social,6,519000.0,Sat,8008.0,0
2023-04-09,10-30 years,Gas,140.0,4,46900.0,BY,Referral,5,313000.0,Thu,22171.0,0
2023-01-09,>30 years,Electric,205.0,8,74100.0,NW,Comparison Site,1,378000.0,Sun,13595.0,0
2023-02-20,10-30 years,Gas,72.0,2,52700.0,Other,Organic,2,217000.0,Tue,16853.0,0
2024-12-15,10-30 years,Gas,173.0,7,109900.0,BY,Paid Social,3,510000.0,Sat,13717.0,1
2023-02-04,<10 years,Gas,112.0,5,30000.0,NW,Display,4,337000.0,Sun,14442.0,0
2024-12-22,10-30 years,Oil,211.0,8,54500.0,BE,Comparison Site,2,563000.0,Sun,17243.0,0
2023-10-28,10-30 years,Gas,190.0,8,107600.0,BE,Display,3,541000.0,Sun,21610.0,0
2023-11-11,10-30 years,Oil,91.0,3,75700.0,BW,Display,2,162000.0,Thu,,0
2023-12-15,10-30 years,Electric,110.0,3,40000.0,Other,Display,4,235000.0,Thu,16409.0,0
2024-03-14,10-30 years,Gas,81.0,3,42000.0,BW,Referral,1,126000.0,Thu,18809.0,0
2023-06-05,10-30 years,Oil,180.0,7,41300.0,BW,Paid Social,5,476000.0,Tue,9638.0,0
2024-08-16,>30 years,District,168.0,4,89800.0,Other,Organic,1,442000.0,Fri,17970.0,0
2024-05-11,<10 years,District,186.0,8,124800.0,Other,Referral,6,524000.0,Thu,12767.0,0
2023-12-07,10-30 years,Gas,60.0,2,47800.0,BE,Organic,4,112000.0,Sat,14875.0,0
2023-09-28,10-30 years,Electric,117.0,6,92900.0,HE,Comparison Site,4,350000.0,Fri,,0
2024-11-20,10-30 years,Electric,179.0,8,76600.0,BY,Paid Social,2,466000.0,Sat,,0
2024-03-27,10-30 years,Electric,201.0,6,62500.0,Other,Comparison Site,2,515000.0,Mon,11085.0,0
2024-10-09,<10 years,Gas,136.0,5,46000.0,BE,Display,3,328000.0,Wed,26577.0,0
2023-04-15,<10 years,Gas,161.0,6,53700.0,Other,Referral,2,443000.0,Tue,,0
2023-07-27,>30 years,Gas,181.0,8,83700.0,NW,Comparison Site,2,457000.0,Fri,13535.0,0
2023-01-17,10-30 years,Gas,212.0,8,45700.0,NW,Display,1,489000.0,Fri,19689.0,0
2023-11-25,<10 years,Gas,88.0,2,83600.0,Other,Referral,3,251000.0,Sat,,0
2023-10-08,<10 years,Electric,142.0,6,46600.0,Other,Organic,3,394000.0,Sat,13771.0,0
2023-12-07,>30 years,Gas,89.0,3,49600.0,Other,Paid Social,7,245000.0,Sat,20126.0,0
2023-10-04,10-30 years,Electric,168.0,6,61400.0,BY,Paid Social,3,415000.0,Sun,5000.0,0
2023-04-18,>30 years,Gas,92.0,3,34200.0,Other,Organic,1,210000.0,Mon,11707.0,0
2024-12-14,>30 years,Gas,150.0,6,52700.0,BY,Display,3,469000.0,Sat,8308.0,0
2023-11-21,>30 years,Gas,155.0,7,85800.0,NW,Display,2,440000.0,Tue,24729.0,0
2024-02-27,10-30 years,Oil,118.0,4,42700.0,Other,Organic,3,324000.0,Fri,20223.0,0
2023-05-24,>30 years,Oil,190.0,7,83200.0,NW,Display,4,523000.0,Mon,,0
2024-01-28,10-30 years,Oil,159.0,6,43100.0,NW,Referral,2,389000.0,Fri,16271.0,0
2024-12-26,>30 years,Gas,152.0,4,112100.0,Other,Organic,4,411000.0,Tue,9125.0,0
2024-06-10,>30 years,Gas,122.0,3,200000.0,NW,Referral,3,217000.0,Wed,10697.0,0
2023-05-07,10-30 years,Oil,142.0,6,32600.0,Other,Organic,2,351000.0,Tue,12770.0,0
2023-02-17,10-30 years,Gas,114.0,4,39900.0,BY,Organic,4,326000.0,Fri,21682.0,0
2023-01-09,10-30 years,Gas,137.0,4,82900.0,HE,Referral,5,248000.0,Thu,10712.0,0
2024-07-17,10-30 years,Gas,150.0,5,61200.0,NW,Referral,3,392000.0,Sun,,0
2024-03-08,10-30 years,Electric,254.0,8,43300.0,HE,Organic,6,634000.0,Thu,13595.0,0
2023-10-07,>30 years,Oil,147.0,5,44100.0,Other,Organic,2,459000.0,Sat,12233.0,0
2023-12-05,10-30 years,Gas,122.0,7,51700.0,Other,Comparison Site,1,206000.0,Mon,19081.0,0
2024-09-01,<10 years,Gas,99.0,6,51900.0,HE,Comparison Site,5,266000.0,Fri,,0
2023-07-03,10-30 years,Gas,176.0,6,50000.0,BY,Paid Social,4,490000.0,Tue,16350.0,0
2024-04-24,>30 years,Gas,108.0,4,44400.0,BW,Referral,5,274000.0,Sat,17617.0,0
2023-12-21,>30 years,Oil,165.0,5,30000.0,BY,Organic,7,438000.0,Mon,21807.0,0
2024-02-24,10-30 years,District,205.0,5,59400.0,BE,Organic,5,440000.0,Tue,,0
2024-03-10,<10 years,Gas,180.0,6,76100.0,HE,Comparison Site,4,391000.0,Wed,8636.0,0
2023-09-04,<10 years,Oil,113.0,3,62200.0,BE,Display,4,292000.0,Sun,11796.0,0
2023-01-21,<10 years,Oil,160.0,5,84200.0,Other,Organic,3,335000.0,Fri,18659.0,0
2023-11-28,10-30 years,Gas,202.0,7,66300.0,BE,Paid Social,2,503000.0,Thu,,0
2023-10-12,>30 years,Gas,164.0,4,54100.0,Other,Display,4,412000.0,Thu,17514.0,0
2024-04-23,10-30 years,Gas,142.0,7,60900.0,NW,Paid Social,3,256000.0,Mon,17212.0,1
2023-01-23,10-30 years,Gas,186.0,8,52800.0,HE,Referral,4,473000.0,Sun,15308.0,0
2024-10-18,>30 years,Oil,170.0,5,44300.0,Other,Organic,3,427000.0,Wed,,0
2023-04-28,10-30 years,Gas,155.0,5,30000.0,HE,Organic,5,331000.0,Thu,15334.0,0
2024-12-25,<10 years,Oil,177.0,6,72400.0,HE,Paid Social,1,461000.0,Sun,,0
2023-11-05,10-30 years,Electric,162.0,5,49400.0,BY,Display,6,340000.0,Tue,,0
2023-01-28,<10 years,Gas,132.0,3,30900.0,HE,Referral,3,306000.0,Sat,11656.0,0
2023-04-19,10-30 years,Gas,158.0,7,67800.0,BY,Display,5,314000.0,Sat,5863.0,0
2024-07-18,>30 years,Oil,140.0,6,30000.0,HE,Paid Social,3,323000.0,Sun,24014.0,0
2023-02-21,>30 years,District,196.0,8,58500.0,NW,Organic,3,521000.0,Mon,15593.0,0
2024-02-06,<10 years,Oil,139.0,7,80900.0,BW,Paid Social,4,385000.0,Tue,15537.0,0
2023-08-15,10-30 years,Gas,139.0,7,82100.0,Other,Paid Social,4,414000.0,Fri,15584.0,0
2023-01-18,10-30 years,Gas,183.0,6,30000.0,HE,Display,6,429000.0,Sun,15605.0,0
2023-01-22,10-30 years,District,141.0,5,53300.0,Other,Display,4,463000.0,Mon,18404.0,0
2024-10-28,10-30 years,Oil,154.0,5,59500.0,Other,Paid Social,10,407000.0,Thu,15316.0,0
2024-04-04,<10 years,Gas,136.0,5,53100.0,HE,Organic,1,463000.0,Wed,23756.0,0
2023-12-08,10-30 years,Oil,119.0,2,117900.0,BE,Paid Social,4,343000.0,Sun,20218.0,0
2024-11-08,>30 years,Gas,138.0,5,108500.0,Other,Paid Social,3,294000.0,Thu,,0
2023-08-14,>30 years,Gas,125.0,5,57600.0,BE,Organic,4,349000.0,Mon,,0
2024-01-25,>30 years,Gas,260.0,8,92800.0,BY,Organic,6,706000.0,Sun,,0
2023-05-14,<10 years,Oil,139.0,5,46100.0,BY,Paid Social,7,282000.0,Thu,13805.0,0
2023-03-26,10-30 years,Gas,131.0,6,69900.0,NW,Display,2,346000.0,Tue,15087.0,0
2023-03-01,10-30 years,Gas,185.0,7,52700.0,BW,Paid Social,3,498000.0,Sat,12088.0,0
2024-06-17,>30 years,Oil,183.0,7,110800.0,NW,Organic,4,536000.0,Wed,20038.0,0
2024-03-10,>30 years,Oil,114.0,3,84900.0,BW,Organic,3,453000.0,Tue,11328.0,1
2023-04-14,>30 years,Gas,159.0,8,73300.0,Other,Display,1,409000.0,Sun,16516.0,0
2023-01-27,>30 years,Gas,139.0,5,82800.0,Other,Paid Social,5,333000.0,Tue,,0
2023-01-02,10-30 years,Gas,161.0,6,37100.0,BY,Organic,3,335000.0,Thu,16621.0,1
2024-12-09,>30 years,Oil,139.0,6,45600.0,BY,Paid Social,3,324000.0,Sat,10461.0,0
2024-12-17,>30 years,Gas,67.0,3,51000.0,HE,Paid Social,3,250000.0,Wed,,0
2023-07-03,10-30 years,Gas,172.0,7,92400.0,BY,Organic,3,403000.0,Wed,13259.0,0
2024-02-20,>30 years,Gas,168.0,7,56600.0,BW,Paid Social,1,444000.0,Sun,15795.0,0
2023-11-19,>30 years,District,101.0,4,55200.0,Other,Display,8,159000.0,Sat,5000.0,0
2024-11-07,10-30 years,District,190.0,8,46400.0,BW,Organic,3,577000.0,Mon,20938.0,0
2024-06-03,<10 years,Gas,190.0,8,55200.0,BE,Paid Social,5,469000.0,Tue,11887.0,0
2023-12-01,<10 years,Gas,198.0,7,33700.0,BW,Organic,5,536000.0,Wed,12270.0,0
2024-09-11,<10 years,Gas,88.0,2,89000.0,BW,Organic,3,217000.0,Wed,24840.0,0
2023-11-07,10-30 years,Gas,184.0,7,69600.0,HE,Paid Social,5,437000.0,Sat,21808.0,0
2023-01-26,10-30 years,Oil,116.0,3,61200.0,BY,Comparison Site,4,264000.0,Thu,,0
2024-12-16,10-30 years,Electric,101.0,4,51300.0,BW,Display,6,366000.0,Thu,21156.0,0
2024-08-22,10-30 years,Electric,129.0,6,43800.0,BE,Comparison Site,6,362000.0,Tue,,0
2024-02-14,>30 years,District,141.0,7,70500.0,HE,Organic,2,349000.0,Tue,,0
2024-05-07,10-30 years,District,129.0,3,38400.0,NW,Comparison Site,1,279000.0,Sun,,0
2024-07-11,>30 years,Gas,197.0,8,44100.0,BW,Paid Social,2,570000.0,Wed,15418.0,0
2024-03-09,<10 years,District,109.0,5,64500.0,NW,Organic,2,274000.0,Sat,,0
2023-09-01,10-30 years,Gas,189.0,7,51000.0,BW,Referral,1,401000.0,Tue,19825.0,0
2023-05-05,10-30 years,Electric,133.0,5,30000.0,Other,Display,2,294000.0,Wed,20630.0,0
2023-03-01,>30 years,Gas,154.0,5,70900.0,BY,Organic,1,364000.0,Mon,16006.0,0
2023-01-28,10-30 years,Gas,139.0,5,53900.0,BW,Paid Social,5,337000.0,Thu,,0
2024-01-16,<10 years,Gas,118.0,4,34500.0,BY,Display,3,259000.0,Tue,,0
2023-11-19,10-30 years,Gas,117.0,4,53700.0,HE,Organic,2,305000.0,Sun,19834.0,0
2024-09-04,10-30 years,Oil,98.0,5,80800.0,Other,Paid Social,3,220000.0,Tue,18975.0,0
2023-03-17,10-30 years,District,94.0,4,81900.0,HE,Paid Social,4,209000.0,Fri,18599.0,0
2023-05-26,10-30 years,Gas,143.0,5,60300.0,NW,Paid Social,9,274000.0,Fri,19049.0,0
2023-05-23,10-30 years,Gas,205.0,8,56300.0,Other,Organic,4,511000.0,Sun,,0
2024-12-11,>30 years,Gas,105.0,5,61500.0,BY,Paid Social,1,193000.0,Sun,17603.0,0
2023-04-09,>30 years,Gas,157.0,5,64400.0,BY,Comparison Site,4,462000.0,Wed,,0
2024-01-08,10-30 years,Gas,144.0,4,75900.0,NW,Display,5,343000.0,Tue,10447.0,0
2023-01-26,<10 years,Gas,202.0,7,77400.0,BE,Comparison Site,2,565000.0,Tue,21778.0,0
2023-03-25,>30 years,Gas,169.0,7,95700.0,NW,Organic,3,404000.0,Wed,17066.0,0
2024-10-20,10-30 years,District,124.0,3,126600.0,NW,Paid Social,4,275000.0,Fri,18406.0,0
2023-02-02,10-30 years,Electric,102.0,3,174800.0,Other,Display,4,310000.0,Mon,13501.0,0
2024-12-13,10-30 years,Gas,73.0,2,58700.0,Other,Display,1,182000.0,Wed,21977.0,0
2024-07-27,10-30 years,District,120.0,3,49800.0,Other,Paid Social,5,244000.0,Wed,14084.0,0
2024-12-25,>30 years,Gas,236.0,8,65900.0,BY,Paid Social,2,643000.0,Mon,10729.0,0
2024-11-08,>30 years,Oil,127.0,4,62900.0,NW,Organic,3,257000.0,Mon,17010.0,0
2023-05-24,>30 years,Oil,75.0,2,59700.0,BE,Display,2,243000.0,Thu,16823.0,0
2024-12-14,>30 years,Gas,84.0,3,52500.0,BE,Paid Social,6,225000.0,Tue,10153.0,0
2023-05-03,>30 years,Gas,213.0,8,90600.0,HE,Organic,4,601000.0,Fri,19885.0,0
2024-02-27,<10 years,District,132.0,5,98300.0,Other,Display,2,360000.0,Sat,,0
2024-04-06,>30 years,Gas,166.0,5,77200.0,BW,Organic,1,391000.0,Fri,19663.0,0
2024-11-18,<10 years,Gas,162.0,6,72100.0,BY,Comparison Site,6,349000.0,Thu,,0
2024-04-07,>30 years,District,125.0,4,53400.0,NW,Display,4,238000.0,Tue,19188.0,0
2024-10-08,<10 years,Gas,131.0,5,80000.0,BE,Display,4,315000.0,Sat,17990.0,0
2024-03-20,10-30 years,Gas,112.0,3,69800.0,Other,Display,3,245000.0,Wed,17642.0,0
2023-08-07,<10 years,District,77.0,4,82300.0,HE,Paid Social,2,154000.0,Tue,15753.0,0
2023-10-04,10-30 years,District,191.0,7,64400.0,BE,Organic,4,397000.0,Sat,13030.0,0
2023-01-04,10-30 years,District,182.0,7,55300.0,HE,Paid Social,5,468000.0,Thu,17467.0,0
2024-05-09,<10 years,Gas,149.0,7,64700.0,Other,Comparison Site,4,320000.0,Sat,8143.0,0
2024-02-03,>30 years,Gas,153.0,6,106300.0,Other,Organic,1,266000.0,Sat,6756.0,0
2024-02-20,>30 years,Electric,189.0,6,41600.0,Other,Display,1,428000.0,Mon,21531.0,0
2023-09-13,>30 years,Oil,60.0,2,68200.0,BY,Comparison Site,3,173000.0,Sun,20333.0,0
2024-10-21,>30 years,Oil,171.0,7,47900.0,NW,Paid Social,4,363000.0,Thu,,0
2024-12-12,>30 years,Electric,191.0,8,58700.0,NW,Paid Social,1,636000.0,Thu,,0
2023-01-18,>30 years,District,226.0,8,34400.0,BW,Display,5,541000.0,Mon,13026.0,0
2023-09-16,10-30 years,Oil,187.0,6,145100.0,BY,Organic,3,493000.0,Wed,11246.0,1
2024-01-09,10-30 years,Gas,214.0,8,56000.0,BE,Organic,5,590000.0,Fri,23844.0,0
2023-02-05,>30 years,Gas,141.0,5,43500.0,HE,Paid Social,2,285000.0,Thu,23733.0,0
2024-01-12,10-30 years,Gas,151.0,7,115000.0,Other,Referral,3,355000.0,Wed,19848.0,1
2023-08-19,<10 years,Gas,118.0,7,50500.0,BW,Organic,8,252000.0,Tue,24930.0,0
2023-01-26,>30 years,Gas,126.0,4,63400.0,NW,Display,4,353000.0,Wed,12890.0,0
2024-01-23,10-30 years,Oil,188.0,7,48000.0,BE,Organic,6,525000.0,Sun,18381.0,0
2024-03-07,10-30 years,Oil,167.0,8,30000.0,BW,Paid Social,3,412000.0,Tue,11968.0,0
2024-10-03,10-30 years,Oil,171.0,5,62400.0,NW,Organic,5,418000.0,Tue,5000.0,1
2023-10-04,>30 years,Gas,89.0,2,70600.0,BW,Display,3,191000.0,Sat,11570.0,0
2023-09-06,>30 years,Gas,170.0,6,113600.0,BY,Paid Social,1,426000.0,Fri,15161.0,0
2024-06-06,<10 years,Gas,205.0,8,77000.0,Other,Paid Social,1,492000.0,Fri,11364.0,0
2023-12-04,10-30 years,Oil,168.0,5,60600.0,HE,Organic,1,364000.0,Thu,22061.0,0
2024-05-17,<10 years,Oil,112.0,4,48500.0,Other,Referral,5,238000.0,Tue,20108.0,0
2023-12-16,10-30 years,Oil,149.0,4,75100.0,BW,Display,4,325000.0,Sun,8868.0,0
2024-06-19,10-30 years,Gas,207.0,8,113000.0,BY,Display,2,585000.0,Sun,19545.0,0
2023-02-02,10-30 years,Gas,163.0,4,38700.0,BY,Display,4,346000.0,Thu,17542.0,0
2024-10-22,<10 years,Electric,201.0,8,30000.0,BY,Display,1,549000.0,Sat,15324.0,0
2023-11-18,10-30 years,Gas,227.0,7,111600.0,BY,Paid Social,2,525000.0,Mon,,0
2024-10-18,10-30 years,Oil,143.0,7,39200.0,HE,Organic,7,371000.0,Sat,5000.0,0
2024-10-20,10-30 years,Gas,108.0,4,31000.0,BE,Organic,4,272000.0,Mon,17962.0,0
2024-03-10,10-30 years,Gas,130.0,5,58500.0,HE,Referral,1,309000.0,Tue,20424.0,0
2024-04-12,10-30 years,Gas,227.0,8,44200.0,BY,Organic,4,647000.0,Tue,14993.0,0
2023-10-21,10-30 years,Electric,184.0,7,30100.0,BE,Paid Social,1,431000.0,Mon,13991.0,0
2024-10-25,10-30 years,Gas,160.0,5,64300.0,HE,Display,9,370000.0,Sun,,0
2023-01-11,10-30 years,District,193.0,6,60900.0,HE,Paid Social,5,458000.0,Tue,11358.0,0
2024-11-20,10-30 years,Electric,132.0,3,74600.0,BY,Display,7,346000.0,Fri,19768.0,0
2023-08-14,10-30 years,Oil,137.0,5,86300.0,Other,Referral,4,369000.0,Mon,,0
2023-10-08,>30 years,Gas,122.0,5,64600.0,NW,Paid Social,3,261000.0,Sun,12999.0,0
2023-02-24,10-30 years,District,237.0,8,83100.0,NW,Paid Social,2,551000.0,Tue,20997.0,0
2024-04-13,<10 years,Oil,158.0,8,34500.0,HE,Organic,2,398000.0,Thu,15823.0,0
2023-12-14,<10 years,Gas,146.0,5,30000.0,BW,Referral,1,387000.0,Tue,15445.0,0
2023-10-16,10-30 years,Oil,159.0,5,42900.0,BY,Organic,4,411000.0,Mon,10752.0,1
2023-02-12,<10 years,Gas,147.0,5,54100.0,Other,Paid Social,5,465000.0,Mon,,0
2023-09-16,<10 years,Gas,116.0,3,58300.0,Other,Referral,4,209000.0,Sat,20553.0,0
2023-04-13,10-30 years,District,193.0,6,68300.0,BW,Organic,4,361000.0,Sun,17056.0,0
2023-05-04,10-30 years,Electric,83.0,2,98100.0,HE,Organic,4,195000.0,Sun,6618.0,0
2023-09-24,>30 years,Oil,159.0,8,70300.0,BW,Organic,6,387000.0,Sun,11579.0,0
2024-01-02,10-30 years,Gas,176.0,8,63100.0,BW,Organic,2,511000.0,Mon,7178.0,0
2024-04-24,10-30 years,Electric,89.0,2,44600.0,Other,Comparison Site,7,212000.0,Tue,,0
2024-02-02,>30 years,Oil,169.0,8,92400.0,NW,Display,4,340000.0,Sat,19712.0,0
2024-03-10,10-30 years,Gas,132.0,6,68200.0,Other,Paid Social,3,468000.0,Wed,17743.0,0
2023-11-08,>30 years,Oil,85.0,2,44300.0,NW,Organic,8,216000.0,Mon,18397.0,0
2024-07-24,>30 years,Gas,158.0,5,35900.0,Other,Organic,3,442000.0,Sun,15841.0,0
2023-11-28,>30 years,Gas,187.0,6,88500.0,HE,Organic,8,568000.0,Sat,18785.0,0
2024-06-05,10-30 years,District,274.0,8,73300.0,NW,Display,4,671000.0,Sun,15862.0,0
2023-12-21,10-30 years,District,134.0,7,95600.0,HE,Paid Social,2,350000.0,Fri,19862.0,0
2023-10-06,>30 years,Gas,170.0,8,40600.0,Other,Display,4,453000.0,Wed,5000.0,0
2023-12-11,10-30 years,Oil,187.0,8,30000.0,BW,Organic,1,507000.0,Tue,,0
2023-05-25,>30 years,Electric,156.0,5,66100.0,HE,Display,5,345000.0,Tue,17743.0,0
2024-04-26,10-30 years,Oil,179.0,7,31300.0,BW,Organic,2,456000.0,Tue,15119.0,0
2024-12-27,>30 years,Gas,133.0,7,79000.0,HE,Organic,2,309000.0,Tue,,0
2023-04-14,10-30 years,Gas,143.0,5,60000.0,HE,Referral,2,339000.0,Fri,12596.0,0
2023-01-02,<10 years,Gas,100.0,4,110600.0,Other,Referral,4,240000.0,Sat,,0
2023-04-17,10-30 years,District,135.0,5,61100.0,Other,Display,4,491000.0,Mon,17059.0,0
2024-01-18,10-30 years,Oil,84.0,3,35200.0,BW,Comparison Site,4,116000.0,Thu,,0
2023-08-17,<10 years,Gas,88.0,3,74700.0,BW,Referral,5,245000.0,Fri,16510.0,0
2023-03-15,10-30 years,District,185.0,6,62100.0,BE,Organic,4,438000.0,Wed,18232.0,0
2023-10-07,<10 years,District,98.0,4,55100.0,BY,Comparison Site,6,309000.0,Wed,9998.0,1
2023-08-22,10-30 years,Gas,187.0,7,67500.0,HE,Paid Social,4,465000.0,Thu,20836.0,0
2024-06-19,10-30 years,Oil,144.0,6,66000.0,BY,Comparison Site,6,353000.0,Sat,8454.0,1
2024-11-16,<10 years,Oil,144.0,4,46100.0,Other,Display,4,386000.0,Thu,12054.0,0
2024-12-23,10-30 years,Oil,120.0,6,124300.0,BE,Organic,2,286000.0,Tue,,0
2024-05-20,10-30 years,Oil,149.0,6,114200.0,NW,Paid Social,7,315000.0,Fri,8417.0,0
2023-09-08,10-30 years,Oil,212.0,8,58800.0,BY,Display,3,510000.0,Sun,16171.0,0
2024-02-22,10-30 years,District,121.0,4,55500.0,BE,Referral,4,365000.0,Sun,,0
2024-11-19,>30 years,Oil,136.0,6,35600.0,NW,Display,4,335000.0,Fri,13164.0,0
2023-10-22,<10 years,Gas,182.0,6,76800.0,HE,Display,4,413000.0,Tue,10128.0,0
2024-09-06,10-30 years,Gas,104.0,4,35700.0,BE,Paid Social,1,207000.0,Fri,16233.0,0
2024-05-22,10-30 years,Gas,100.0,4,54900.0,BW,Organic,4,247000.0,Sun,,0
2024-08-16,<10 years,Gas,148.0,5,78400.0,BW,Display,2,376000.0,Tue,31857.0,0
2024-12-28,10-30 years,Gas,198.0,7,183400.0,NW,Referral,7,517000.0,Sat,13040.0,0
2024-03-07,10-30 years,Electric,147.0,6,60200.0,BY,Paid Social,3,347000.0,Sat,,0
2024-12-16,<10 years,Electric,139.0,7,88800.0,BW,Paid Social,1,339000.0,Fri,14545.0,0
2024-07-22,10-30 years,Electric,149.0,5,38300.0,BW,Paid Social,4,378000.0,Sun,16472.0,0
2023-05-08,10-30 years,Electric,146.0,6,47100.0,BE,Organic,2,274000.0,Sat,15590.0,1
2024-12-23,10-30 years,Gas,124.0,4,48000.0,Other,Referral,3,391000.0,Thu,11479.0,0
2023-02-05,10-30 years,Gas,187.0,6,57500.0,Other,Paid Social,1,415000.0,Sun,14637.0,0
2023-12-15,>30 years,Gas,159.0,6,33500.0,Other,Organic,2,282000.0,Tue,6472.0,0
2024-09-13,>30 years,Gas,130.0,3,50600.0,BE,Paid Social,1,384000.0,Sat,15537.0,0
2024-03-18,<10 years,District,153.0,6,32000.0,Other,Display,3,381000.0,Wed,10082.0,0
2024-08-22,<10 years,Oil,137.0,4,93200.0,BW,Paid Social,2,246000.0,Mon,14366.0,0
2023-10-06,10-30 years,Gas,93.0,4,50800.0,HE,Organic,4,179000.0,Fri,13050.0,1
2024-05-25,10-30 years,Gas,237.0,8,45200.0,Other,Organic,6,662000.0,Sun,,0
2024-09-23,<10 years,Gas,155.0,6,39900.0,Other,Comparison Site,1,337000.0,Wed,13447.0,0
2024-09-05,10-30 years,Gas,110.0,3,50800.0,NW,Paid Social,4,343000.0,Wed,18707.0,0
2024-07-12,<10 years,Gas,104.0,4,68600.0,HE,Display,4,317000.0,Mon,12566.0,0
2024-06-13,10-30 years,Oil,91.0,4,42900.0,NW,Display,4,243000.0,Tue,12609.0,0
2023-10-04,10-30 years,District,121.0,4,64300.0,HE,Organic,2,404000.0,Tue,22380.0,0
2023-06-07,<10 years,District,103.0,4,74100.0,HE,Paid Social,5,233000.0,Mon,22219.0,0
2024-09-26,10-30 years,Oil,141.0,3,57400.0,Other,Display,5,361000.0,Wed,14618.0,0
2024-10-28,10-30 years,Gas,216.0,7,37400.0,Other,Paid Social,4,503000.0,Sat,,0
2023-05-22,10-30 years,District,122.0,5,75400.0,NW,Display,3,203000.0,Sun,5000.0,0
2023-04-10,>30 years,Electric,281.0,8,74400.0,BY,Paid Social,4,662000.0,Wed,22229.0,0
2024-02-14,>30 years,Oil,176.0,6,92500.0,Other,Organic,2,425000.0,Fri,17819.0,0
2023-10-11,10-30 years,Electric,238.0,8,67900.0,Other,Organic,3,592000.0,Sun,5000.0,0
2024-06-09,>30 years,Gas,98.0,2,42100.0,BW,Paid Social,1,246000.0,Fri,16962.0,0
2023-08-16,<10 years,Gas,122.0,5,61500.0,HE,Paid Social,5,331000.0,Sun,20941.0,0
2024-05-17,10-30 years,District,124.0,4,62300.0,Other,Paid Social,2,318000.0,Sun,22095.0,0
2023-09-09,10-30 years,Oil,147.0,6,33000.0,Other,Organic,6,287000.0,Mon,,0
2023-02-13,10-30 years,Oil,177.0,7,30000.0,HE,Paid Social,1,406000.0,Mon,20575.0,0
2023-01-28,10-30 years,Gas,89.0,5,76300.0,BE,Organic,4,351000.0,Fri,6999.0,0
2024-11-08,<10 years,Gas,185.0,6,54300.0,Other,Paid Social,6,508000.0,Tue,,0
2023-01-10,10-30 years,Gas,122.0,6,47100.0,NW,Paid Social,8,313000.0,Mon,21963.0,0
2023-11-19,10-30 years,Gas,223.0,8,82600.0,Other,Organic,7,588000.0,Tue,11576.0,0
2023-12-07,>30 years,Gas,164.0,8,94700.0,BY,Organic,4,367000.0,Sat,18513.0,0
2024-04-14,10-30 years,Gas,200.0,8,42500.0,BE,Organic,5,506000.0,Thu,18433.0,0
2024-08-25,>30 years,Oil,132.0,5,127600.0,Other,Organic,3,342000.0,Thu,19959.0,1
2024-07-20,<10 years,District,172.0,5,35500.0,HE,Display,4,447000.0,Fri,12189.0,0
2023-04-21,>30 years,Electric,131.0,6,67900.0,NW,Organic,4,298000.0,Tue,20423.0,1
2023-10-21,>30 years,Gas,174.0,7,52500.0,BW,Paid Social,4,425000.0,Tue,16145.0,0
2024-12-11,<10 years,Electric,160.0,6,99400.0,BY,Referral,5,418000.0,Wed,,0
2023-04-22,10-30 years,Oil,211.0,8,65400.0,BE,Organic,3,508000.0,Sat,10371.0,0
2024-01-21,<10 years,Oil,188.0,7,47900.0,Other,Display,4,464000.0,Tue,,0
2023-04-24,>30 years,Gas,169.0,6,117800.0,Other,Comparison Site,2,427000.0,Wed,10676.0,0
2024-12-23,10-30 years,Gas,158.0,5,50800.0,Other,Referral,2,491000.0,Tue,19976.0,0
2023-12-24,10-30 years,Electric,153.0,4,64100.0,BW,Referral,1,319000.0,Wed,19659.0,0
2024-07-23,10-30 years,Gas,90.0,5,30000.0,BE,Paid Social,4,232000.0,Sat,,0
2023-07-10,>30 years,Gas,105.0,4,30000.0,Other,Organic,4,153000.0,Tue,6923.0,0
2024-01-15,10-30 years,Gas,114.0,5,40600.0,NW,Paid Social,2,316000.0,Fri,12093.0,0
2024-01-17,10-30 years,Gas,216.0,8,55200.0,Other,Organic,2,506000.0,Tue,23235.0,0
2024-08-17,10-30 years,Oil,129.0,4,113800.0,BW,Paid Social,1,340000.0,Sat,13516.0,1
2023-01-27,10-30 years,District,132.0,5,58000.0,NW,Paid Social,4,384000.0,Wed,11459.0,0
2024-11-01,<10 years,Oil,174.0,5,88700.0,BY,Referral,1,522000.0,Mon,,0
2024-02-06,10-30 years,Electric,113.0,6,48100.0,Other,Paid Social,1,262000.0,Sat,,0
2023-09-23,<10 years,Electric,206.0,8,113600.0,BE,Organic,4,519000.0,Mon,20018.0,0
2023-10-05,10-30 years,Gas,60.0,3,76400.0,NW,Paid Social,3,186000.0,Mon,,0
2024-09-05,10-30 years,Gas,199.0,8,58900.0,Other,Display,1,463000.0,Wed,11172.0,0
2023-02-28,10-30 years,Gas,224.0,8,87700.0,BW,Organic,4,477000.0,Wed,6281.0,0
2023-10-17,10-30 years,Gas,164.0,6,57900.0,BY,Paid Social,4,330000.0,Sun,7183.0,0
2024-03-21,>30 years,Oil,122.0,5,61800.0,NW,Paid Social,4,296000.0,Sun,18414.0,1
2024-04-09,<10 years,Gas,188.0,6,75400.0,BW,Comparison Site,2,476000.0,Wed,6339.0,0
2024-07-05,10-30 years,Gas,120.0,5,72500.0,Other,Referral,2,244000.0,Sat,12316.0,0
2024-12-24,10-30 years,Gas,234.0,8,34300.0,HE,Organic,2,607000.0,Mon,19040.0,0
2023-10-13,<10 years,Oil,173.0,8,60500.0,BY,Referral,3,400000.0,Thu,15751.0,0
2023-03-24,10-30 years,Oil,113.0,3,87200.0,BY,Paid Social,3,301000.0,Sat,18522.0,0
2024-02-22,<10 years,District,183.0,6,63900.0,NW,Paid Social,5,530000.0,Sun,,0
2023-04-24,<10 years,Gas,109.0,6,66700.0,BE,Paid Social,5,274000.0,Thu,15558.0,0
2024-07-08,>30 years,Oil,118.0,5,84400.0,NW,Organic,1,302000.0,Fri,13970.0,0
2024-12-21,10-30 years,Gas,181.0,5,77100.0,BY,Comparison Site,3,475000.0,Sat,17848.0,1
2023-05-14,10-30 years,Gas,122.0,6,40400.0,HE,Organic,3,360000.0,Mon,5000.0,0
2023-12-04,>30 years,Gas,155.0,7,34800.0,BW,Organic,2,350000.0,Sun,20298.0,0
2023-03-03,<10 years,Gas,173.0,5,109300.0,BE,Organic,3,422000.0,Wed,22751.0,0
2023-10-11,10-30 years,Oil,123.0,4,51900.0,HE,Organic,2,322000.0,Mon,6128.0,1
2023-03-08,>30 years,Gas,128.0,3,48500.0,NW,Paid Social,3,345000.0,Wed,18954.0,0
2023-03-27,10-30 years,Gas,219.0,8,57300.0,NW,Referral,4,482000.0,Sat,11921.0,0
2023-09-23,<10 years,Gas,177.0,5,103100.0,BY,Referral,5,345000.0,Mon,15110.0,0
2023-04-13,10-30 years,Oil,150.0,7,58700.0,BY,Paid Social,4,343000.0,Tue,12610.0,0
2024-11-04,<10 years,Oil,147.0,5,57700.0,NW,Referral,2,414000.0,Sun,5000.0,0
2024-02-27,10-30 years,Electric,102.0,4,47600.0,BY,Organic,7,271000.0,Tue,12824.0,0
2023-06-14,>30 years,Oil,169.0,7,39500.0,HE,Organic,1,425000.0,Thu,5000.0,0
2024-04-13,<10 years,Oil,154.0,7,30000.0,HE,Display,1,421000.0,Wed,17739.0,0
2023-08-23,<10 years,Gas,187.0,7,60700.0,NW,Paid Social,3,420000.0,Tue,13710.0,0
2024-07-19,10-30 years,Gas,66.0,2,39200.0,BW,Paid Social,3,99000.0,Wed,17387.0,0
2023-11-11,>30 years,Oil,142.0,6,50100.0,Other,Organic,6,448000.0,Sun,16388.0,0
2024-11-24,10-30 years,Oil,147.0,5,49300.0,Other,Referral,2,364000.0,Sun,14143.0,0
2023-10-20,<10 years,District,164.0,4,71800.0,Other,Paid Social,5,376000.0,Mon,5000.0,0
2024-12-07,10-30 years,District,159.0,7,30000.0,NW,Organic,3,390000.0,Wed,15405.0,0
2024-12-19,10-30 years,Electric,171.0,7,113700.0,BW,Organic,3,388000.0,Thu,14518.0,0
2023-10-01,10-30 years,District,142.0,7,66300.0,NW,Comparison Site,2,289000.0,Sat,12654.0,0
2024-01-11,>30 years,Oil,100.0,4,71500.0,NW,Display,3,285000.0,Mon,18128.0,0
2023-05-07,10-30 years,Gas,92.0,3,39300.0,BE,Paid Social,6,254000.0,Fri,12949.0,0
2024-11-16,10-30 years,Gas,148.0,5,55300.0,BE,Display,5,399000.0,Thu,5000.0,0
2024-02-15,<10 years,Electric,270.0,8,70200.0,NW,Organic,4,751000.0,Sat,6688.0,0
2023-01-04,10-30 years,Gas,173.0,3,78500.0,Other,Display,6,538000.0,Mon,10050.0,0
2023-07-21,10-30 years,Gas,252.0,8,77600.0,BW,Comparison Site,4,728000.0,Sat,15004.0,0
2024-10-03,>30 years,Gas,178.0,8,66900.0,Other,Referral,6,398000.0,Fri,13284.0,0
2024-10-25,>30 years,Gas,108.0,3,50600.0,Other,Referral,3,201000.0,Mon,16617.0,0
2024-09-15,<10 years,Oil,145.0,6,34600.0,HE,Display,4,416000.0,Thu,18524.0,0
2023-12-18,>30 years,Oil,251.0,8,54200.0,Other,Organic,1,640000.0,Sat,12858.0,0
2023-12-03,10-30 years,Oil,181.0,6,127800.0,Other,Paid Social,3,534000.0,Tue,13542.0,0
2024-09-27,10-30 years,Oil,180.0,6,34700.0,BY,Referral,4,455000.0,Mon,21993.0,0
2023-11-14,>30 years,Gas,122.0,4,31700.0,HE,Display,8,226000.0,Sat,11156.0,0
2024-12-07,10-30 years,Gas,150.0,6,132100.0,NW,Comparison Site,4,330000.0,Thu,14264.0,0
2023-02-21,>30 years,District,107.0,4,61100.0,NW,Organic,3,232000.0,Fri,17883.0,0
2023-04-22,10-30 years,Gas,133.0,5,32000.0,BY,Paid Social,1,347000.0,Fri,15205.0,0
2023-01-18,>30 years,Oil,156.0,6,61400.0,NW,Referral,1,415000.0,Wed,23215.0,0
2024-01-23,>30 years,Oil,125.0,5,53100.0,HE,Organic,5,411000.0,Wed,27070.0,0
2024-05-23,10-30 years,Gas,188.0,5,113600.0,BE,Paid Social,3,429000.0,Tue,,0
2024-10-19,>30 years,Gas,127.0,5,106800.0,NW,Comparison Site,1,364000.0,Sat,,0
2024-11-03,>30 years,Gas,163.0,8,69800.0,HE,Paid Social,1,435000.0,Fri,10209.0,0
2023-01-19,10-30 years,Gas,190.0,7,77900.0,HE,Paid Social,2,445000.0,Sat,5800.0,0
2023-04-17,10-30 years,Gas,233.0,8,55800.0,Other,Comparison Site,2,570000.0,Fri,22065.0,0
2024-04-11,>30 years,District,165.0,5,127600.0,NW,Paid Social,4,441000.0,Fri,20343.0,0
2024-12-20,>30 years,Oil,109.0,3,62200.0,Other,Organic,2,308000.0,Sun,,1
2023-04-26,<10 years,Gas,149.0,7,45300.0,BW,Display,1,358000.0,Fri,13158.0,0
2023-10-19,10-30 years,Oil,228.0,8,101000.0,Other,Display,2,544000.0,Fri,9880.0,0
2024-09-20,>30 years,Gas,188.0,8,66800.0,Other,Organic,4,437000.0,Tue,,1
2023-03-15,10-30 years,Gas,158.0,4,56200.0,NW,Display,3,395000.0,Sat,14898.0,0
2023-12-27,>30 years,Electric,173.0,8,45500.0,Other,Paid Social,5,345000.0,Thu,,0
2023-10-17,10-30 years,Electric,161.0,4,52500.0,Other,Organic,3,385000.0,Sat,12669.0,0
2024-10-26,10-30 years,Oil,99.0,3,101300.0,BW,Display,1,307000.0,Mon,,0
2024-03-22,<10 years,District,158.0,5,59500.0,BE,Organic,1,429000.0,Fri,12187.0,0
2024-11-14,>30 years,District,122.0,4,58600.0,Other,Organic,4,424000.0,Sun,11409.0,0
2023-02-18,10-30 years,Oil,128.0,5,30000.0,BY,Organic,3,292000.0,Mon,18732.0,0
2023-08-19,10-30 years,District,139.0,4,55500.0,Other,Paid Social,5,356000.0,Sat,6499.0,0
2024-11-03,10-30 years,Oil,67.0,3,58600.0,BY,Display,5,119000.0,Mon,17532.0,0
2023-08-20,10-30 years,Gas,143.0,6,68100.0,HE,Comparison Site,6,375000.0,Wed,10671.0,0
2023-02-07,10-30 years,Electric,83.0,2,51100.0,NW,Paid Social,1,170000.0,Thu,13191.0,0
2023-06-16,10-30 years,Gas,183.0,8,71000.0,HE,Display,4,413000.0,Mon,13926.0,0
2023-12-01,10-30 years,Gas,68.0,2,78800.0,BY,Organic,3,264000.0,Thu,17132.0,0
2023-09-17,<10 years,Gas,81.0,3,45600.0,NW,Comparison Site,7,163000.0,Sun,14976.0,0
2023-12-12,10-30 years,Electric,75.0,3,123100.0,HE,Display,5,164000.0,Sat,10539.0,0
2023-12-24,10-30 years,Gas,162.0,4,41400.0,HE,Display,1,430000.0,Thu,13292.0,0
2024-07-13,<10 years,Gas,150.0,6,30000.0,Other,Paid Social,2,383000.0,Mon,16422.0,0
2024-02-22,>30 years,Gas,218.0,8,75400.0,Other,Display,6,577000.0,Sun,20226.0,0
2023-03-10,10-30 years,Oil,167.0,6,63100.0,BW,Paid Social,1,414000.0,Fri,20598.0,0
2023-08-07,<10 years,Gas,80.0,2,75500.0,Other,Organic,5,232000.0,Sat,7014.0,0
2024-02-12,10-30 years,Oil,116.0,4,50000.0,HE,Organic,1,322000.0,Wed,17025.0,0
2024-04-28,10-30 years,District,158.0,6,97800.0,HE,Organic,5,398000.0,Sun,19548.0,0
2023-11-08,<10 years,Gas,163.0,5,82500.0,BY,Organic,4,415000.0,Fri,13103.0,0
2023-02-17,<10 years,Electric,78.0,4,200000.0,NW,Organic,3,256000.0,Tue,,0
2023-12-26,<10 years,Gas,186.0,5,51000.0,BW,Paid Social,5,397000.0,Sun,8998.0,0
2024-01-04,10-30 years,Gas,115.0,4,53100.0,Other,Paid Social,5,310000.0,Mon,,0
2024-02-09,10-30 years,Oil,116.0,6,44400.0,NW,Display,1,398000.0,Wed,15711.0,0
2024-10-15,>30 years,District,193.0,7,41400.0,BW,Referral,5,428000.0,Sun,,0
2024-10-09,10-30 years,Gas,150.0,5,66800.0,NW,Comparison Site,2,453000.0,Wed,,0
2024-05-27,>30 years,Oil,164.0,5,37000.0,NW,Comparison Site,5,353000.0,Thu,7172.0,0
2024-03-28,10-30 years,Gas,171.0,7,35300.0,BE,Referral,1,336000.0,Sun,,0
2023-08-20,10-30 years,Oil,88.0,3,63900.0,BY,Display,2,139000.0,Sat,,0
2023-01-23,>30 years,Oil,160.0,6,102700.0,Other,Display,5,377000.0,Wed,10530.0,0
2023-12-22,10-30 years,Gas,227.0,8,30000.0,Other,Organic,4,440000.0,Tue,23158.0,0
2024-01-27,10-30 years,Electric,142.0,5,71200.0,NW,Display,1,414000.0,Fri,,0
2024-06-06,10-30 years,Gas,165.0,7,49100.0,BY,Organic,3,323000.0,Sun,17988.0,0
2023-10-04,>30 years,Oil,252.0,8,30000.0,Other,Display,4,577000.0,Mon,18053.0,0
2024-04-27,10-30 years,Oil,212.0,8,47900.0,BW,Organic,5,453000.0,Mon,10390.0,0
2023-07-23,10-30 years,Oil,132.0,5,88200.0,BW,Display,1,359000.0,Thu,21566.0,0
2024-09-19,<10 years,Gas,170.0,7,79400.0,BE,Organic,3,384000.0,Mon,13856.0,0
2024-10-01,10-30 years,Gas,180.0,8,30000.0,BY,Paid Social,3,430000.0,Mon,7982.0,0
2023-09-14,10-30 years,Electric,236.0,8,60200.0,HE,Paid Social,2,609000.0,Sun,,0
2023-04-24,>30 years,District,113.0,4,98400.0,NW,Paid Social,2,257000.0,Mon,9912.0,0
2023-12-08,10-30 years,Oil,273.0,8,110700.0,BW,Paid Social,4,632000.0,Fri,,0
2023-12-02,<10 years,Oil,162.0,5,56100.0,HE,Paid Social,1,368000.0,Fri,19532.0,0
2024-03-23,<10 years,Electric,137.0,5,52800.0,HE,Referral,5,416000.0,Tue,,0
2023-04-02,10-30 years,Gas,175.0,8,74000.0,HE,Referral,5,402000.0,Thu,19214.0,1
2024-07-22,<10 years,Gas,135.0,7,79000.0,NW,Organic,1,324000.0,Sat,,0
2023-01-10,>30 years,Electric,137.0,5,45700.0,Other,Organic,3,273000.0,Mon,16250.0,0
2023-03-08,>30 years,Gas,127.0,6,61800.0,BE,Paid Social,8,402000.0,Fri,13734.0,0
2024-07-06,>30 years,Electric,128.0,3,54400.0,HE,Display,2,333000.0,Thu,,0
2023-08-09,>30 years,Gas,83.0,4,79000.0,NW,Paid Social,3,200000.0,Fri,12644.0,0
2024-10-28,10-30 years,Oil,85.0,2,49300.0,Other,Paid Social,1,191000.0,Tue,16860.0,0
2024-02-16,>30 years,Oil,118.0,5,38800.0,Other,Referral,1,349000.0,Thu,23071.0,0
2024-07-20,>30 years,Gas,161.0,6,30000.0,HE,Display,1,419000.0,Mon,19233.0,0
2024-03-22,>30 years,Oil,121.0,4,69100.0,BW,Display,1,292000.0,Fri,21825.0,0
2023-01-01,>30 years,Oil,235.0,8,40100.0,NW,Display,1,625000.0,Mon,17758.0,0
2024-11-22,10-30 years,Gas,176.0,6,54200.0,HE,Organic,4,490000.0,Mon,18299.0,1
2023-02-09,<10 years,Oil,123.0,4,59500.0,Other,Organic,3,459000.0,Thu,13188.0,1
2023-12-21,10-30 years,Gas,222.0,7,46700.0,NW,Paid Social,4,562000.0,Tue,5660.0,0
2023-11-26,10-30 years,Oil,141.0,5,69800.0,BE,Referral,6,271000.0,Sun,5000.0,0
2023-05-20,10-30 years,Gas,141.0,5,166400.0,BW,Referral,8,315000.0,Tue,17457.0,0
2023-12-03,>30 years,Oil,176.0,6,118600.0,NW,Referral,2,533000.0,Mon,,0
2024-12-16,>30 years,Gas,147.0,5,40000.0,BY,Organic,5,353000.0,Tue,9674.0,0
2023-02-16,10-30 years,Oil,154.0,4,44400.0,BW,Comparison Site,5,352000.0,Tue,13514.0,0
2024-01-15,<10 years,Electric,177.0,8,42200.0,BE,Paid Social,4,380000.0,Sat,11175.0,0
2024-01-14,10-30 years,Electric,104.0,4,31300.0,NW,Referral,4,334000.0,Mon,21318.0,0
2024-04-08,10-30 years,Electric,146.0,5,64700.0,BY,Display,1,359000.0,Sun,,0
2023-08-28,10-30 years,Gas,112.0,4,73000.0,BW,Referral,3,237000.0,Wed,16098.0,0
2024-08-11,10-30 years,District,164.0,7,64500.0,Other,Organic,5,424000.0,Thu,17751.0,0
2023-12-22,<10 years,Gas,94.0,3,64900.0,BW,Paid Social,1,53000.0,Sat,14068.0,0
2024-03-03,<10 years,Gas,213.0,6,30000.0,Other,Display,2,425000.0,Mon,15918.0,0
2024-01-08,10-30 years,Gas,126.0,4,30000.0,HE,Paid Social,2,303000.0,Wed,,0
2023-11-27,>30 years,Oil,137.0,3,77300.0,BW,Referral,3,288000.0,Sat,22787.0,1
2023-10-01,<10 years,Electric,145.0,7,57400.0,Other,Display,2,371000.0,Mon,21172.0,0
2024-03-23,>30 years,Electric,111.0,3,85600.0,HE,Paid Social,4,205000.0,Wed,13745.0,0
2024-01-08,10-30 years,Gas,159.0,6,40600.0,NW,Paid Social,4,355000.0,Sun,18089.0,0
2023-02-16,<10 years,Gas,194.0,7,52800.0,BY,Paid Social,7,475000.0,Mon,22299.0,0
2023-07-15,10-30 years,Oil,137.0,5,48800.0,NW,Paid Social,3,262000.0,Sun,,0
2024-10-10,>30 years,District,133.0,5,113400.0,BY,Organic,2,362000.0,Sat,10006.0,0
2024-10-28,10-30 years,Gas,176.0,8,113900.0,BY,Organic,5,503000.0,Wed,18018.0,0
2023-09-23,10-30 years,District,173.0,7,39600.0,NW,Organic,5,431000.0,Tue,19775.0,0
2023-05-01,>30 years,Oil,155.0,6,63500.0,HE,Organic,7,341000.0,Fri,,0
2024-12-13,>30 years,Oil,199.0,8,83100.0,BE,Paid Social,3,564000.0,Tue,,0
2023-12-03,<10 years,Gas,167.0,7,89000.0,NW,Display,3,508000.0,Tue,6762.0,0
2023-03-26,>30 years,Electric,221.0,8,43700.0,BW,Display,4,626000.0,Sat,16297.0,0
2024-09-02,>30 years,District,138.0,4,69800.0,BW,Paid Social,2,369000.0,Mon,15538.0,0
2023-12-04,>30 years,Gas,104.0,2,63200.0,NW,Display,3,265000.0,Wed,19894.0,0
2023-11-07,>30 years,Gas,206.0,6,57700.0,Other,Comparison Site,2,573000.0,Tue,11474.0,0
2023-03-08,10-30 years,Electric,79.0,4,30000.0,NW,Comparison Site,1,223000.0,Thu,22249.0,0
2023-10-20,10-30 years,Gas,116.0,3,48000.0,BY,Referral,4,285000.0,Mon,19692.0,0
2023-05-24,10-30 years,Gas,111.0,4,51300.0,Other,Comparison Site,5,243000.0,Mon,16250.0,0
2023-11-08,10-30 years,Gas,152.0,7,79400.0,BE,Organic,1,306000.0,Sat,16383.0,0
2023-07-09,>30 years,Oil,147.0,6,54700.0,Other,Organic,1,271000.0,Mon,5000.0,0
2024-12-24,>30 years,Gas,199.0,8,99200.0,HE,Comparison Site,4,401000.0,Wed,,0
2023-12-04,>30 years,Gas,153.0,6,32900.0,HE,Organic,4,407000.0,Thu,,0
2023-08-15,>30 years,Gas,127.0,4,102500.0,Other,Referral,4,380000.0,Fri,13331.0,0
2024-09-08,10-30 years,Gas,139.0,5,46300.0,HE,Paid Social,1,323000.0,Wed,12421.0,0
2023-12-19,>30 years,Oil,112.0,3,46900.0,HE,Comparison Site,5,235000.0,Wed,18905.0,0
2024-02-05,10-30 years,Gas,176.0,7,52800.0,BY,Display,2,379000.0,Tue,14844.0,0
2023-07-25,<10 years,Electric,210.0,7,30800.0,NW,Paid Social,3,570000.0,Sat,20143.0,0
2023-07-04,10-30 years,Gas,158.0,7,62100.0,HE,Organic,5,362000.0,Mon,17785.0,0
2023-12-07,10-30 years,Oil,149.0,5,186800.0,HE,Organic,3,388000.0,Sun,17385.0,0
2023-12-08,>30 years,Oil,169.0,7,40000.0,NW,Display,5,451000.0,Fri,21069.0,0
2024-11-18,10-30 years,Gas,132.0,4,49300.0,BE,Paid Social,2,270000.0,Sun,13207.0,0
2024-11-14,>30 years,Electric,144.0,5,75900.0,BY,Comparison Site,5,381000.0,Thu,11428.0,0
2023-09-23,<10 years,District,143.0,5,57900.0,Other,Paid Social,4,422000.0,Sun,,0
2024-01-19,>30 years,Oil,178.0,7,89900.0,BE,Paid Social,5,487000.0,Wed,17521.0,0
2024-09-16,>30 years,Gas,135.0,5,31900.0,Other,Referral,3,277000.0,Mon,18923.0,0
2024-05-19,>30 years,Electric,65.0,4,37100.0,BW,Referral,2,271000.0,Wed,16978.0,0
2023-11-12,10-30 years,Oil,105.0,4,65900.0,Other,Display,4,280000.0,Fri,18269.0,0
2023-12-22,>30 years,Oil,242.0,7,30000.0,BE,Comparison Site,2,567000.0,Sun,9587.0,0
2024-10-10,10-30 years,District,143.0,5,34400.0,BW,Display,3,365000.0,Sun,23133.0,0
2023-09-19,>30 years,Oil,170.0,7,30000.0,NW,Comparison Site,4,405000.0,Sat,9215.0,0
2023-11-01,10-30 years,Gas,147.0,4,61400.0,NW,Paid Social,3,400000.0,Mon,12130.0,0
2023-03-02,<10 years,Gas,147.0,6,48800.0,BY,Referral,1,325000.0,Tue,11567.0,0
2023-11-11,<10 years,Gas,105.0,4,33200.0,BY,Organic,2,214000.0,Mon,17785.0,0
2024-11-23,10-30 years,Oil,218.0,8,63000.0,BY,Referral,5,497000.0,Thu,5000.0,0
2023-01-01,>30 years,Gas,120.0,4,81700.0,Other,Paid Social,2,281000.0,Sat,18296.0,0
2023-02-18,10-30 years,Gas,119.0,4,34300.0,Other,Display,2,260000.0,Sat,23389.0,0
2024-02-03,>30 years,District,165.0,7,56500.0,NW,Paid Social,2,352000.0,Mon,16106.0,0
2023-01-08,10-30 years,Gas,197.0,6,65300.0,BY,Comparison Site,4,500000.0,Tue,12707.0,0
2024-08-22,>30 years,Gas,139.0,6,75400.0,BY,Organic,1,292000.0,Fri,18645.0,0
2024-05-20,10-30 years,Gas,75.0,3,31600.0,HE,Paid Social,3,212000.0,Thu,16376.0,0
2023-04-26,<10 years,Gas,76.0,4,39400.0,BW,Paid Social,5,200000.0,Fri,12910.0,0
2023-02-24,>30 years,Gas,212.0,8,56100.0,HE,Paid Social,2,428000.0,Fri,21919.0,0
2023-10-13,>30 years,District,153.0,5,58500.0,Other,Organic,7,353000.0,Tue,,0
2024-01-17,10-30 years,Electric,203.0,8,149500.0,NW,Paid Social,4,525000.0,Sat,19220.0,0
2024-09-05,10-30 years,Gas,159.0,5,82400.0,NW,Organic,8,481000.0,Tue,18396.0,1
2024-05-02,<10 years,Oil,116.0,4,50400.0,BW,Organic,1,430000.0,Sat,10257.0,0
2023-11-10,10-30 years,Oil,166.0,5,51800.0,HE,Display,3,378000.0,Mon,20000.0,0
2023-12-14,10-30 years,Gas,161.0,6,52900.0,BW,Paid Social,4,397000.0,Thu,19043.0,0
2024-07-19,10-30 years,Gas,170.0,6,36200.0,NW,Paid Social,4,446000.0,Mon,9221.0,0
2024-12-07,10-30 years,District,153.0,6,53000.0,NW,Comparison Site,4,445000.0,Mon,22861.0,0
2023-08-25,10-30 years,Electric,131.0,5,132500.0,BY,Organic,6,373000.0,Thu,10448.0,1
2024-03-28,<10 years,Gas,196.0,8,30000.0,Other,Display,1,493000.0,Sun,19668.0,0
2023-07-11,10-30 years,Oil,147.0,5,60300.0,Other,Paid Social,2,351000.0,Sun,13077.0,0
2023-01-02,>30 years,Oil,159.0,5,135900.0,BW,Paid Social,2,446000.0,Tue,14844.0,0
2024-05-10,<10 years,Gas,111.0,4,119500.0,NW,Referral,3,261000.0,Mon,21786.0,0
2024-11-27,10-30 years,Gas,107.0,4,85300.0,BE,Display,6,366000.0,Mon,21784.0,0
2024-02-06,<10 years,Gas,118.0,3,61000.0,Other,Referral,3,314000.0,Sat,16050.0,0
2024-09-21,>30 years,Gas,107.0,4,85700.0,HE,Referral,5,221000.0,Sat,20091.0,0
2024-01-03,10-30 years,District,64.0,2,68200.0,Other,Organic,5,277000.0,Fri,17315.0,0
2024-01-07,10-30 years,Gas,125.0,4,117600.0,NW,Comparison Site,1,299000.0,Wed,,0
2024-05-24,10-30 years,Oil,211.0,7,79800.0,BW,Referral,3,463000.0,Sun,14293.0,1
2023-02-22,>30 years,District,133.0,6,44400.0,Other,Paid Social,1,276000.0,Sun,12761.0,0
2024-02-28,10-30 years,Gas,100.0,2,131100.0,NW,Referral,1,194000.0,Sat,,0
2023-03-17,<10 years,Gas,178.0,6,54600.0,BW,Organic,1,447000.0,Thu,14235.0,0
2024-11-19,10-30 years,District,145.0,7,39100.0,BE,Referral,3,447000.0,Mon,18104.0,0
2024-01-11,>30 years,Electric,135.0,5,69100.0,BY,Display,3,359000.0,Sat,14856.0,0
2024-12-13,10-30 years,Oil,102.0,3,84300.0,BW,Paid Social,2,163000.0,Tue,19799.0,0
2024-03-25,10-30 years,Oil,150.0,8,57900.0,Other,Display,1,363000.0,Sat,13368.0,0
2023-11-22,>30 years,Gas,151.0,6,64000.0,BY,Display,3,400000.0,Wed,13660.0,0
2023-11-21,>30 years,Oil,162.0,6,117200.0,HE,Organic,3,401000.0,Tue,15639.0,0
2023-03-21,>30 years,Oil,153.0,6,55400.0,HE,Organic,3,379000.0,Mon,18606.0,0
2024-01-21,<10 years,Gas,144.0,5,81700.0,Other,Comparison Site,3,366000.0,Sun,8178.0,0
2024-12-28,10-30 years,Gas,150.0,5,96300.0,NW,Comparison Site,1,334000.0,Sun,12963.0,0
2024-02-20,10-30 years,Gas,146.0,5,44300.0,HE,Display,2,361000.0,Tue,,0
2023-11-24,>30 years,Gas,91.0,2,59100.0,NW,Paid Social,3,206000.0,Tue,14866.0,0
2023-03-06,>30 years,District,228.0,8,108200.0,NW,Organic,10,494000.0,Wed,12525.0,0
2023-07-05,>30 years,Oil,174.0,6,93700.0,BW,Paid Social,4,470000.0,Fri,10253.0,1
2024-09-18,>30 years,Gas,156.0,5,48100.0,Other,Paid Social,3,358000.0,Thu,11032.0,0
2023-09-11,>30 years,Electric,141.0,8,53800.0,BW,Paid Social,3,364000.0,Mon,,0
2024-09-24,10-30 years,Gas,143.0,6,30000.0,BY,Display,7,373000.0,Tue,12047.0,0
2023-08-14,10-30 years,District,162.0,4,92800.0,BE,Paid Social,4,364000.0,Mon,,0
2024-07-05,10-30 years,Electric,206.0,8,74500.0,HE,Referral,4,431000.0,Tue,21438.0,0
2024-03-07,10-30 years,Electric,122.0,4,30000.0,Other,Comparison Site,4,330000.0,Fri,8214.0,0
2024-09-13,10-30 years,Gas,161.0,6,79700.0,HE,Paid Social,2,347000.0,Fri,,0
2024-06-04,>30 years,Gas,85.0,4,64400.0,Other,Organic,3,252000.0,Sat,14962.0,0
2023-11-11,<10 years,Gas,183.0,7,77800.0,Other,Comparison Site,5,436000.0,Mon,17746.0,0
2023-09-03,>30 years,Gas,164.0,8,75500.0,Other,Display,3,512000.0,Sun,16451.0,0
2024-06-05,>30 years,Electric,146.0,6,55800.0,NW,Organic,4,310000.0,Sun,11877.0,1
2023-09-19,<10 years,Gas,63.0,2,35100.0,BW,Comparison Site,4,248000.0,Sun,17969.0,0
2023-02-28,<10 years,Oil,127.0,6,47600.0,HE,Organic,2,285000.0,Mon,6951.0,0
2024-02-21,10-30 years,Oil,112.0,4,48300.0,BW,Display,6,279000.0,Mon,8398.0,0
2024-11-20,10-30 years,Gas,113.0,4,30000.0,Other,Display,3,293000.0,Sat,19579.0,0
2024-10-11,10-30 years,Gas,76.0,2,61000.0,HE,Organic,6,150000.0,Sun,25839.0,0
2023-04-24,10-30 years,Electric,135.0,5,79200.0,HE,Organic,3,357000.0,Mon,,0
2023-10-22,10-30 years,Gas,223.0,8,42000.0,BW,Organic,5,549000.0,Fri,13613.0,0
2024-06-15,10-30 years,Gas,178.0,6,67600.0,HE,Comparison Site,2,468000.0,Sat,12047.0,0
2024-03-11,10-30 years,Electric,152.0,6,75800.0,BY,Display,3,371000.0,Thu,,0
2024-07-09,10-30 years,Oil,172.0,8,76600.0,NW,Organic,2,450000.0,Sun,6527.0,0
2023-01-03,<10 years,Oil,238.0,8,43400.0,NW,Display,4,598000.0,Tue,,0
2024-06-26,10-30 years,Electric,110.0,2,148400.0,BY,Organic,1,161000.0,Fri,14794.0,0
2024-08-12,>30 years,Electric,119.0,4,60700.0,NW,Paid Social,4,246000.0,Sun,,0
2023-04-15,10-30 years,Gas,131.0,5,36600.0,Other,Referral,1,378000.0,Wed,14460.0,0
2023-05-03,>30 years,Gas,93.0,3,50500.0,BY,Organic,1,262000.0,Thu,9186.0,0
2024-04-22,10-30 years,Oil,163.0,7,32600.0,HE,Display,6,414000.0,Sat,18520.0,0
2023-10-01,<10 years,Electric,138.0,4,50400.0,NW,Paid Social,6,354000.0,Sat,5000.0,0
2024-09-09,10-30 years,Oil,175.0,6,98500.0,BE,Organic,3,504000.0,Mon,13079.0,0
2024-07-26,>30 years,Oil,183.0,6,73800.0,HE,Referral,2,461000.0,Mon,11192.0,1
2023-06-13,>30 years,Oil,203.0,8,113300.0,BE,Paid Social,3,553000.0,Sat,18765.0,0
2023-07-04,10-30 years,Gas,179.0,7,64200.0,Other,Referral,2,522000.0,Mon,19615.0,0
2023-03-17,>30 years,Electric,135.0,4,98300.0,HE,Comparison Site,3,218000.0,Fri,10839.0,0
2023-06-27,10-30 years,Gas,130.0,5,35500.0,BW,Organic,3,338000.0,Mon,,0
2023-10-02,<10 years,Electric,110.0,3,37900.0,BW,Organic,2,303000.0,Sat,15268.0,0
2023-06-02,<10 years,Oil,152.0,4,70400.0,BW,Comparison Site,4,325000.0,Sun,20259.0,0
2023-04-03,10-30 years,Oil,164.0,6,84800.0,NW,Organic,3,461000.0,Fri,15389.0,0
2023-05-01,10-30 years,Gas,90.0,3,82400.0,BE,Paid Social,9,228000.0,Tue,10080.0,0
2024-02-24,<10 years,Gas,196.0,7,37400.0,Other,Referral,5,443000.0,Wed,14900.0,0
2023-12-09,>30 years,Electric,151.0,5,110300.0,HE,Organic,7,428000.0,Tue,13056.0,0
2024-10-23,>30 years,Gas,135.0,3,30000.0,NW,Display,4,347000.0,Sat,5000.0,0
2024-05-01,>30 years,Gas,109.0,4,115300.0,Other,Referral,3,308000.0,Mon,9092.0,0
2024-12-19,10-30 years,Gas,206.0,8,35200.0,BW,Paid Social,2,543000.0,Tue,21342.0,0
2023-03-20,10-30 years,Gas,170.0,5,112900.0,NW,Paid Social,4,420000.0,Tue,15450.0,0
2023-03-14,10-30 years,Gas,185.0,8,46400.0,BW,Organic,5,383000.0,Wed,21693.0,0
2023-12-10,10-30 years,Gas,146.0,5,63700.0,Other,Display,3,338000.0,Thu,21142.0,0
2024-06-27,>30 years,Oil,215.0,8,57600.0,BW,Organic,1,561000.0,Sun,10254.0,1
2024-05-13,10-30 years,Oil,183.0,6,32400.0,Other,Organic,4,508000.0,Sun,22353.0,0
2023-12-27,10-30 years,Electric,203.0,8,62000.0,BE,Display,3,603000.0,Wed,16721.0,0
2024-04-11,10-30 years,Gas,197.0,8,36800.0,NW,Organic,2,468000.0,Sun,21806.0,0
2024-02-07,>30 years,Gas,125.0,4,46700.0,NW,Paid Social,6,338000.0,Sat,11612.0,0
2024-12-06,<10 years,Gas,158.0,7,169500.0,HE,Comparison Site,2,415000.0,Mon,12915.0,0
2023-01-03,>30 years,Electric,203.0,6,64100.0,HE,Display,1,476000.0,Tue,18336.0,0
2024-01-01,10-30 years,Gas,170.0,6,50900.0,NW,Referral,2,417000.0,Wed,20774.0,0
2024-11-21,10-30 years,Oil,110.0,3,82300.0,Other,Display,1,419000.0,Thu,5000.0,0
2024-05-23,>30 years,Gas,154.0,7,75100.0,BW,Comparison Site,6,403000.0,Wed,21425.0,0
2024-11-17,<10 years,Gas,183.0,6,39300.0,BW,Organic,2,415000.0,Fri,15304.0,0
2024-11-02,10-30 years,Gas,92.0,3,38300.0,Other,Organic,3,229000.0,Thu,14092.0,0
2024-03-04,<10 years,Electric,111.0,3,99900.0,HE,Display,1,240000.0,Sun,,0
2023-04-25,10-30 years,Gas,93.0,4,66700.0,NW,Referral,4,221000.0,Mon,8042.0,0
2023-03-14,<10 years,District,169.0,7,141400.0,Other,Display,4,378000.0,Sat,7493.0,0
2023-08-17,<10 years,District,212.0,8,30000.0,Other,Organic,3,483000.0,Wed,8488.0,0
2024-01-19,>30 years,Gas,69.0,3,99200.0,HE,Display,2,242000.0,Thu,17384.0,0
2024-05-14,10-30 years,District,158.0,6,73300.0,HE,Display,3,369000.0,Sun,18408.0,0
2024-02-28,10-30 years,Gas,125.0,5,39500.0,BW,Paid Social,6,347000.0,Sat,13317.0,0
2024-11-15,10-30 years,Gas,218.0,8,72000.0,NW,Display,2,518000.0,Wed,10082.0,0
2023-02-19,10-30 years,Gas,159.0,7,35100.0,BW,Display,3,403000.0,Mon,15342.0,0
2024-07-05,10-30 years,Gas,184.0,6,72100.0,NW,Organic,7,448000.0,Fri,,0
2024-02-15,>30 years,Gas,206.0,8,92000.0,Other,Paid Social,6,492000.0,Tue,16708.0,0
2024-11-10,>30 years,Gas,157.0,6,55500.0,Other,Display,4,330000.0,Wed,17202.0,0
2023-12-16,<10 years,Gas,78.0,2,52600.0,BE,Organic,6,214000.0,Wed,,0
2023-10-03,10-30 years,Oil,145.0,5,42100.0,Other,Display,1,346000.0,Sat,9803.0,0
2024-02-28,<10 years,Gas,158.0,5,91300.0,Other,Display,1,355000.0,Wed,15998.0,0
2024-09-04,10-30 years,Gas,103.0,3,64200.0,BW,Organic,1,228000.0,Tue,21841.0,0
2024-09-11,>30 years,Electric,74.0,3,51200.0,Other,Organic,1,210000.0,Sat,10447.0,0
2023-11-14,10-30 years,Oil,95.0,4,106000.0,Other,Organic,1,200000.0,Fri,,0
2024-05-18,>30 years,Electric,203.0,7,97300.0,BE,Organic,3,526000.0,Wed,12238.0,0
2023-06-18,<10 years,District,103.0,2,59800.0,NW,Paid Social,2,228000.0,Sun,13501.0,0
2024-02-12,10-30 years,Oil,262.0,8,61800.0,NW,Referral,5,639000.0,Fri,5000.0,0
2023-08-24,10-30 years,Electric,207.0,8,91300.0,BY,Paid Social,7,527000.0,Fri,10379.0,0
2024-09-22,10-30 years,Gas,187.0,6,59700.0,NW,Paid Social,2,477000.0,Mon,11387.0,0
2023-06-25,>30 years,Gas,88.0,4,33900.0,Other,Organic,3,269000.0,Thu,12065.0,0
2024-05-26,10-30 years,Oil,206.0,8,64300.0,BW,Display,4,536000.0,Sun,12005.0,0
2024-11-25,10-30 years,Oil,130.0,5,78800.0,BE,Comparison Site,8,227000.0,Sun,9599.0,0
2024-09-26,10-30 years,Oil,77.0,2,98300.0,BW,Display,5,174000.0,Sat,5931.0,0
2023-11-02,>30 years,Electric,160.0,5,117800.0,BW,Paid Social,6,426000.0,Wed,,0
2023-01-13,>30 years,Oil,168.0,7,132800.0,BY,Paid Social,3,409000.0,Wed,17311.0,0
2024-03-16,10-30 years,Gas,118.0,4,52900.0,BE,Comparison Site,3,278000.0,Sat,9256.0,0
2024-10-04,>30 years,Gas,126.0,3,60700.0,Other,Paid Social,3,313000.0,Sun,5323.0,0
2024-10-14,10-30 years,Oil,143.0,5,30400.0,BW,Display,4,307000.0,Fri,16448.0,0
2023-07-16,>30 years,Oil,142.0,6,45300.0,BY,Display,1,289000.0,Thu,14359.0,0
2023-11-04,>30 years,Gas,180.0,7,30300.0,HE,Display,2,554000.0,Wed,12445.0,0
2023-09-24,<10 years,District,139.0,6,109000.0,NW,Organic,2,353000.0,Sun,,0
2023-09-10,10-30 years,District,216.0,6,59700.0,HE,Display,2,506000.0,Tue,9133.0,0
2023-02-28,>30 years,Electric,163.0,6,64000.0,BY,Display,3,475000.0,Wed,17462.0,1
2024-05-16,10-30 years,Gas,84.0,5,82100.0,NW,Display,5,190000.0,Fri,,0
2024-07-02,>30 years,Gas,196.0,7,60400.0,NW,Display,3,534000.0,Sun,14628.0,0
2023-04-21,<10 years,Gas,116.0,6,63800.0,NW,Referral,6,305000.0,Mon,10409.0,0
2023-12-08,10-30 years,Oil,196.0,7,51900.0,BY,Comparison Site,3,561000.0,Sat,,0
2024-03-16,>30 years,Gas,164.0,6,67500.0,BW,Organic,1,380000.0,Mon,17271.0,0
2024-06-17,10-30 years,Gas,117.0,3,99800.0,BE,Referral,2,313000.0,Wed,19047.0,0
2023-05-06,10-30 years,Electric,133.0,7,127500.0,BE,Organic,2,341000.0,Tue,23498.0,0
2024-02-04,<10 years,District,168.0,8,45300.0,BY,Organic,3,401000.0,Sun,22518.0,0
2024-10-17,<10 years,Oil,161.0,6,91000.0,HE,Organic,4,379000.0,Sun,19997.0,0
2024-11-07,10-30 years,District,188.0,6,35200.0,Other,Paid Social,2,429000.0,Wed,,0
2023-11-08,>30 years,District,167.0,4,35200.0,HE,Paid Social,4,484000.0,Tue,6381.0,0
2024-11-28,>30 years,Gas,150.0,5,49700.0,NW,Referral,3,436000.0,Mon,7256.0,0
2024-01-16,10-30 years,Oil,154.0,5,48500.0,NW,Paid Social,4,411000.0,Mon,,0
2024-03-28,>30 years,Gas,142.0,5,50900.0,Other,Referral,4,297000.0,Sat,,0
2024-01-14,>30 years,Gas,171.0,5,52100.0,NW,Comparison Site,6,358000.0,Sun,14874.0,0
2024-12-16,>30 years,Gas,167.0,6,74600.0,BY,Organic,2,466000.0,Sun,17246.0,0
2023-11-02,>30 years,Gas,160.0,6,103100.0,HE,Organic,4,427000.0,Tue,22831.0,0
2023-01-14,10-30 years,Electric,242.0,8,124600.0,Other,Paid Social,7,623000.0,Thu,14858.0,0
2023-11-07,10-30 years,Electric,165.0,6,79800.0,BE,Comparison Site,2,419000.0,Fri,19242.0,0
2023-09-17,<10 years,Gas,199.0,6,99600.0,BW,Referral,6,601000.0,Tue,7755.0,0
2024-12-20,>30 years,Gas,124.0,5,42500.0,NW,Paid Social,1,279000.0,Sun,15995.0,0
2024-12-01,<10 years,Gas,150.0,5,82800.0,Other,Organic,4,448000.0,Thu,15524.0,0
2024-01-01,10-30 years,Oil,64.0,3,47500.0,NW,Organic,5,193000.0,Sun,,0
2024-01-18,10-30 years,Gas,154.0,4,95300.0,Other,Referral,1,313000.0,Thu,12008.0,0
2024-09-13,>30 years,Electric,125.0,6,70700.0,NW,Organic,6,298000.0,Wed,14517.0,1
2023-03-05,>30 years,Gas,122.0,2,67400.0,Other,Display,7,299000.0,Tue,,0
2024-09-16,10-30 years,Gas,159.0,5,45300.0,NW,Display,5,443000.0,Thu,13908.0,0
2024-09-16,>30 years,Oil,134.0,3,47000.0,Other,Paid Social,4,309000.0,Fri,,0
2023-05-02,>30 years,Electric,88.0,3,32800.0,NW,Display,1,228000.0,Mon,21691.0,0
2023-12-25,10-30 years,District,142.0,6,47100.0,NW,Display,2,314000.0,Wed,,0
2024-07-28,10-30 years,Oil,292.0,8,44300.0,HE,Organic,1,744000.0,Tue,6537.0,0
2023-11-15,10-30 years,Gas,167.0,7,43600.0,BW,Referral,3,374000.0,Sun,19281.0,0
2024-11-15,10-30 years,Oil,161.0,8,51200.0,BW,Paid Social,1,437000.0,Tue,14106.0,1
2023-02-24,>30 years,District,105.0,3,142300.0,Other,Organic,3,233000.0,Wed,13010.0,0
2024-12-04,>30 years,Gas,100.0,4,112700.0,BY,Paid Social,6,307000.0,Fri,15163.0,0
2023-02-27,>30 years,District,113.0,5,107200.0,HE,Organic,1,271000.0,Mon,11855.0,0
2024-04-04,10-30 years,Gas,161.0,6,48600.0,BY,Referral,5,501000.0,Thu,14569.0,0
2024-02-21,>30 years,Oil,101.0,4,60700.0,NW,Comparison Site,4,187000.0,Thu,,0
2024-05-15,10-30 years,Gas,207.0,8,50800.0,HE,Display,7,542000.0,Thu,13608.0,0
2023-09-05,10-30 years,Electric,104.0,4,37100.0,NW,Paid Social,2,269000.0,Wed,20843.0,0
2024-03-19,10-30 years,Gas,182.0,6,59900.0,BE,Referral,3,465000.0,Mon,14556.0,0
2023-04-08,>30 years,Gas,161.0,6,66400.0,HE,Paid Social,3,364000.0,Wed,22751.0,0
2023-08-26,>30 years,Electric,210.0,8,93100.0,Other,Paid Social,1,595000.0,Tue,16612.0,0
2023-01-24,10-30 years,Gas,106.0,3,62800.0,BY,Comparison Site,7,269000.0,Thu,11080.0,0
2023-10-14,10-30 years,Electric,273.0,8,30000.0,HE,Display,5,757000.0,Tue,16616.0,0
2024-06-18,10-30 years,Gas,158.0,7,42600.0,NW,Paid Social,2,473000.0,Fri,16284.0,0
2023-08-21,<10 years,District,198.0,8,48100.0,NW,Paid Social,4,547000.0,Thu,,0
2024-02-12,10-30 years,Gas,166.0,7,30800.0,BY,Display,4,418000.0,Sat,16322.0,0
2023-04-10,10-30 years,Oil,108.0,4,47800.0,BW,Display,3,274000.0,Tue,7269.0,0
2024-10-15,>30 years,District,119.0,4,86300.0,Other,Paid Social,3,317000.0,Sat,16565.0,0
2024-02-24,>30 years,Oil,151.0,5,48200.0,Other,Organic,5,460000.0,Wed,8876.0,0
2023-03-12,<10 years,District,119.0,6,80700.0,NW,Paid Social,5,324000.0,Sun,,0
2023-06-12,<10 years,Oil,156.0,6,61900.0,Other,Display,1,355000.0,Tue,7639.0,0
2024-08-20,>30 years,Gas,185.0,5,86000.0,Other,Organic,1,402000.0,Thu,17230.0,0
2023-10-01,<10 years,Oil,201.0,7,33700.0,BW,Referral,1,494000.0,Sat,22106.0,0
2023-01-12,10-30 years,Electric,217.0,8,72200.0,Other,Paid Social,3,617000.0,Wed,18239.0,0
2024-12-09,<10 years,District,148.0,5,45300.0,Other,Organic,3,317000.0,Sat,21366.0,0
2023-06-22,10-30 years,Oil,133.0,6,100600.0,Other,Paid Social,4,413000.0,Wed,,0
2023-06-24,10-30 years,Gas,81.0,3,35900.0,Other,Organic,4,214000.0,Tue,6324.0,0
2024-02-03,10-30 years,Gas,60.0,2,92800.0,NW,Paid Social,4,118000.0,Sun,19472.0,0
2024-05-22,10-30 years,Gas,146.0,6,60000.0,Other,Organic,5,335000.0,Sat,17517.0,0
2024-11-27,10-30 years,Gas,200.0,8,68400.0,Other,Paid Social,5,429000.0,Fri,12458.0,0
2023-11-13,<10 years,Gas,155.0,4,63000.0,BY,Display,2,433000.0,Tue,,0
2023-06-09,>30 years,Electric,167.0,7,30000.0,BW,Organic,9,358000.0,Thu,12182.0,0
2024-02-19,>30 years,Gas,109.0,5,77500.0,BW,Comparison Site,2,288000.0,Sun,22835.0,0
2023-02-25,10-30 years,Oil,132.0,7,55500.0,NW,Organic,6,322000.0,Fri,16577.0,0
2023-06-23,<10 years,Gas,197.0,7,101900.0,Other,Paid Social,2,377000.0,Sat,11172.0,0
2024-12-15,<10 years,Electric,168.0,7,75400.0,Other,Paid Social,1,424000.0,Fri,21435.0,0
2024-03-14,10-30 years,Gas,131.0,5,85800.0,BY,Referral,9,285000.0,Wed,14375.0,0
2024-02-21,>30 years,Gas,177.0,7,55900.0,HE,Paid Social,3,475000.0,Tue,16077.0,0
2023-12-02,10-30 years,Oil,155.0,4,74900.0,NW,Display,5,520000.0,Tue,,0
2024-02-24,10-30 years,Gas,193.0,6,80900.0,Other,Organic,4,485000.0,Mon,7768.0,0
2024-03-22,<10 years,Gas,169.0,6,91200.0,Other,Organic,2,395000.0,Mon,21477.0,0
2023-02-05,10-30 years,Electric,137.0,4,84700.0,Other,Organic,6,375000.0,Sun,11116.0,0
2024-04-22,<10 years,Gas,141.0,5,97100.0,HE,Organic,1,391000.0,Thu,15285.0,0
2024-11-17,>30 years,District,95.0,2,44400.0,Other,Organic,2,212000.0,Sun,,0
2024-01-13,10-30 years,Oil,85.0,2,58100.0,BE,Display,6,193000.0,Tue,17031.0,0
2023-12-23,10-30 years,Oil,132.0,4,51400.0,HE,Referral,3,363000.0,Tue,24718.0,0
2024-07-27,>30 years,Gas,204.0,8,70300.0,Other,Display,4,485000.0,Mon,13438.0,0
2024-09-04,<10 years,Oil,167.0,7,54900.0,NW,Organic,2,444000.0,Fri,17286.0,0
2023-05-13,<10 years,Oil,138.0,5,44900.0,Other,Display,4,422000.0,Fri,,0
2023-12-23,>30 years,Electric,176.0,6,48600.0,HE,Display,2,462000.0,Sat,8467.0,0
2023-12-09,10-30 years,Gas,195.0,8,57000.0,Other,Paid Social,2,507000.0,Wed,,0
2023-11-05,>30 years,Oil,126.0,4,54200.0,Other,Organic,3,381000.0,Wed,18437.0,1
2024-11-03,10-30 years,District,126.0,5,41200.0,NW,Organic,6,254000.0,Thu,19029.0,0
2024-02-25,>30 years,Gas,278.0,8,59500.0,BY,Paid Social,4,592000.0,Tue,16705.0,0
2024-12-10,>30 years,District,114.0,5,62800.0,BY,Referral,5,247000.0,Sun,15585.0,0
2023-11-20,<10 years,Gas,128.0,4,46000.0,NW,Organic,3,290000.0,Sun,17029.0,0
2023-04-22,>30 years,Gas,136.0,6,48600.0,BW,Organic,1,321000.0,Thu,13799.0,0
2024-05-19,<10 years,Gas,110.0,4,104600.0,Other,Organic,1,196000.0,Sat,13408.0,0
2023-01-07,10-30 years,Gas,73.0,2,30800.0,BW,Paid Social,4,146000.0,Sun,11186.0,0
2024-04-19,10-30 years,Gas,154.0,6,62700.0,Other,Comparison Site,4,477000.0,Sat,,0
2023-09-14,>30 years,Gas,125.0,5,117700.0,NW,Paid Social,4,327000.0,Tue,16680.0,0
2024-04-20,>30 years,Gas,168.0,6,53300.0,Other,Referral,2,417000.0,Wed,13464.0,0
2023-10-06,>30 years,Gas,117.0,4,84400.0,Other,Organic,3,312000.0,Sat,11509.0,0
2024-02-15,>30 years,Gas,200.0,8,31600.0,Other,Comparison Site,2,521000.0,Tue,7621.0,0
2023-03-19,>30 years,Gas,148.0,4,30000.0,NW,Display,3,333000.0,Thu,16333.0,0
2024-10-28,10-30 years,District,116.0,4,59400.0,NW,Paid Social,3,253000.0,Wed,14330.0,0
2023-02-08,>30 years,District,123.0,5,42100.0,Other,Referral,6,339000.0,Sat,20559.0,0
2023-12-05,>30 years,Electric,140.0,4,76700.0,NW,Referral,4,298000.0,Sat,19292.0,0
2024-12-01,>30 years,Gas,205.0,7,69200.0,NW,Paid Social,4,477000.0,Wed,18364.0,0
2024-09-04,>30 years,Gas,127.0,5,123200.0,BY,Referral,5,279000.0,Sun,,0
2024-01-27,<10 years,Gas,86.0,4,79300.0,HE,Paid Social,4,277000.0,Fri,14413.0,0
2023-09-10,10-30 years,Gas,220.0,8,56100.0,HE,Display,5,550000.0,Wed,21909.0,0
2023-11-04,>30 years,District,78.0,2,73700.0,BE,Organic,3,198000.0,Thu,20622.0,0
2023-04-17,<10 years,Electric,244.0,8,57300.0,BY,Display,4,583000.0,Sun,24242.0,0
2024-05-07,10-30 years,Gas,76.0,3,35400.0,NW,Referral,2,253000.0,Tue,17270.0,0
2023-03-02,>30 years,Gas,134.0,5,81200.0,Other,Paid Social,3,266000.0,Fri,19197.0,0
2023-06-26,<10 years,Electric,132.0,5,74400.0,BW,Referral,3,357000.0,Thu,12032.0,0
2023-03-12,>30 years,Electric,185.0,7,45100.0,NW,Display,3,427000.0,Tue,12640.0,0
2024-07-13,>30 years,Gas,178.0,6,111500.0,BY,Referral,2,450000.0,Mon,,0
2024-11-04,10-30 years,Gas,228.0,8,45500.0,BY,Organic,2,609000.0,Mon,15985.0,0
2024-04-28,>30 years,Oil,89.0,2,124100.0,NW,Organic,1,180000.0,Fri,13056.0,0
2024-11-04,<10 years,Gas,81.0,5,57300.0,Other,Display,3,234000.0,Fri,16427.0,0
2024-10-09,>30 years,Electric,192.0,6,30800.0,Other,Referral,1,480000.0,Wed,,0
2024-03-06,10-30 years,Gas,241.0,8,127000.0,BY,Organic,3,557000.0,Thu,14866.0,0
2023-12-03,>30 years,Gas,199.0,8,91400.0,BW,Display,3,546000.0,Tue,11497.0,0
2023-12-01,10-30 years,Gas,179.0,8,88100.0,HE,Organic,2,409000.0,Mon,16685.0,0
2024-05-24,10-30 years,Gas,197.0,7,30000.0,Other,Comparison Site,6,437000.0,Mon,7021.0,0
2024-10-13,>30 years,Oil,96.0,3,30000.0,BY,Referral,4,318000.0,Sat,,0
2024-12-03,10-30 years,Gas,141.0,6,90300.0,BY,Organic,3,325000.0,Fri,11526.0,0
2023-12-13,>30 years,Gas,151.0,7,92000.0,BE,Paid Social,3,296000.0,Thu,13364.0,0
2023-03-07,>30 years,Electric,146.0,7,33800.0,BY,Referral,4,401000.0,Fri,14612.0,0
2024-12-08,10-30 years,Gas,171.0,6,71500.0,BW,Paid Social,1,478000.0,Thu,16220.0,0
2023-03-19,>30 years,Gas,149.0,5,58600.0,NW,Comparison Site,5,377000.0,Mon,,0
2024-07-04,10-30 years,Gas,132.0,5,37100.0,BY,Paid Social,1,322000.0,Thu,18442.0,0
2024-09-13,10-30 years,Gas,104.0,4,49200.0,NW,Referral,3,247000.0,Fri,15795.0,0
